ISO-10303-21;
HEADER;
FILE_DESCRIPTION (( 'STEP AP214' ),
    '1' );
FILE_NAME ('8006a.STEP',
    '2024-07-15T13:32:57',
    ( '' ),
    ( '' ),
    'SwSTEP 2.0',
    'SolidWorks 2019',
    '' );
FILE_SCHEMA (( 'AUTOMOTIVE_DESIGN' ));
ENDSEC;

DATA;
#1 = CARTESIAN_POINT ( 'NONE',  ( 0.0000000000000000000, 21.99999999999999645, 36.49999999999999289 ) ) ;
#2 = CARTESIAN_POINT ( 'NONE',  ( -4.770128154600924653, -15.84194873815964932, -13.42109691632790636 ) ) ;
#3 = CARTESIAN_POINT ( 'NONE',  ( -11.87426717804529375, -10.39440756678566302, -12.92377129467147157 ) ) ;
#4 = ORIENTED_EDGE ( 'NONE', *, *, #7752, .T. ) ;
#5 = CARTESIAN_POINT ( 'NONE',  ( 0.02782555748655321515, -16.68409726156771455, -19.62792436636791393 ) ) ;
#6 = VECTOR ( 'NONE', #304, 1000.000000000000000 ) ;
#7 = CARTESIAN_POINT ( 'NONE',  ( -11.72402412980223829, -9.106417411831353448, -16.96740028637390552 ) ) ;
#8 = CARTESIAN_POINT ( 'NONE',  ( -20.00000000000002132, 10.86989650967711540, -4.025899682458273787 ) ) ;
#9 = DIRECTION ( 'NONE',  ( -1.000000000000000000, -0.0000000000000000000, -0.0000000000000000000 ) ) ;
#10 = CARTESIAN_POINT ( 'NONE',  ( -18.14567127658022727, -2.660693428053167775, 12.79690440340024438 ) ) ;
#11 = CARTESIAN_POINT ( 'NONE',  ( -5.415063198153102775, 15.48538022064635022, -19.66397487614528927 ) ) ;
#12 = CARTESIAN_POINT ( 'NONE',  ( -13.36484831289490138, -11.46185373490412474, -1.355363502572583423 ) ) ;
#13 = LINE ( 'NONE', #1122, #8044 ) ;
#14 = EDGE_CURVE ( 'NONE', #1094, #1613, #3848, .T. ) ;
#15 = CARTESIAN_POINT ( 'NONE',  ( -4.628615677061151068, -14.81516447869772612, 20.43204878921557111 ) ) ;
#16 = CARTESIAN_POINT ( 'NONE',  ( -9.386029656664707232, -11.74271696860440350, -16.07916137540017942 ) ) ;
#17 = CARTESIAN_POINT ( 'NONE',  ( -18.96995918616882548, 9.307373881412692285, 0.9531284699468517418 ) ) ;
#18 = CARTESIAN_POINT ( 'NONE',  ( -5.869425574298910320, -4.996181086397689874, 33.41961727349286804 ) ) ;
#19 = CARTESIAN_POINT ( 'NONE',  ( -14.32251257664252009, 8.856035794052671051, -11.18463406296913654 ) ) ;
#20 = CARTESIAN_POINT ( 'NONE',  ( -5.008536665714236058, -8.266578285043516772, -33.41138764906217773 ) ) ;
#21 = CARTESIAN_POINT ( 'NONE',  ( -12.88612146276657278, 5.273286918876101126, 18.71549743378308861 ) ) ;
#22 = CARTESIAN_POINT ( 'NONE',  ( -18.15054221735096007, -3.061671927314357333, -12.62309627690646607 ) ) ;
#23 = DIRECTION ( 'NONE',  ( 0.0000000000000000000, 0.0000000000000000000, -1.000000000000000000 ) ) ;
#24 = CARTESIAN_POINT ( 'NONE',  ( -19.25248951351135673, -5.966792478776805631, 7.176784284300664396 ) ) ;
#25 = CARTESIAN_POINT ( 'NONE',  ( -15.53819835933069093, -7.970819931980247297, -10.53235729035311508 ) ) ;
#26 = ORIENTED_EDGE ( 'NONE', *, *, #2764, .T. ) ;
#27 = ORIENTED_EDGE ( 'NONE', *, *, #6804, .F. ) ;
#28 = CARTESIAN_POINT ( 'NONE',  ( -17.37905677862874754, 6.856854047827876997, 8.961017139875874449 ) ) ;
#29 = CARTESIAN_POINT ( 'NONE',  ( -16.67508758333173446, 5.923003501613962385, -11.25349519245214402 ) ) ;
#30 = CARTESIAN_POINT ( 'NONE',  ( -18.24211564595864488, -6.548250102660716720, 10.15147488342438464 ) ) ;
#31 = DIRECTION ( 'NONE',  ( 0.0000000000000000000, 0.0000000000000000000, -1.000000000000000000 ) ) ;
#32 = CARTESIAN_POINT ( 'NONE',  ( -4.850000000000000533, -15.80946413698794117, -4.730502247883374700 ) ) ;
#33 = CARTESIAN_POINT ( 'NONE',  ( -16.71485501870905566, -6.622177723852964881, 10.41314432185749261 ) ) ;
#34 = CARTESIAN_POINT ( 'NONE',  ( -20.00000000000002842, -8.770305452060256357, -8.406692963307280664 ) ) ;
#35 = ORIENTED_EDGE ( 'NONE', *, *, #3097, .F. ) ;
#36 = ADVANCED_FACE ( 'NONE', ( #3205 ), #3247, .F. ) ;
#37 = CARTESIAN_POINT ( 'NONE',  ( -4.318275241224374561, 5.357357159615788511, 33.95678650852055824 ) ) ;
#38 = CARTESIAN_POINT ( 'NONE',  ( -17.39525133152945813, 7.045384450897677731, 8.681163803249654976 ) ) ;
#39 = CARTESIAN_POINT ( 'NONE',  ( -18.46618521317050110, 0.1543240168154708380, -10.64495250247252223 ) ) ;
#40 = CARTESIAN_POINT ( 'NONE',  ( 0.0000000000000000000, -17.74999999999998934, 9.833252326675969712 ) ) ;
#41 = CARTESIAN_POINT ( 'NONE',  ( -20.00000000000002842, 4.454653593533588030, 9.062460630091985436 ) ) ;
#42 = CARTESIAN_POINT ( 'NONE',  ( -6.629095903356869712, -1.458851768212232614, 30.92161868785927226 ) ) ;
#43 = CARTESIAN_POINT ( 'NONE',  ( -4.628933689308407651, -8.883920459468237496, -31.89383740094665853 ) ) ;
#44 = CARTESIAN_POINT ( 'NONE',  ( -5.859622513335430050, -12.07557053921649803, 28.31678135348209935 ) ) ;
#45 = VERTEX_POINT ( 'NONE', #2182 ) ;
#46 = CARTESIAN_POINT ( 'NONE',  ( -15.55204126354781557, -8.117764587812812849, -10.20448670605989250 ) ) ;
#47 = CARTESIAN_POINT ( 'NONE',  ( -4.628609323645894946, -14.82152330911472937, -19.76685217300316921 ) ) ;
#48 = CARTESIAN_POINT ( 'NONE',  ( -17.27428543644419889, -5.013322934589879765, -11.01679182594237538 ) ) ;
#49 = CARTESIAN_POINT ( 'NONE',  ( -12.97713175493479731, 9.515541922851669554, 12.81337577400354810 ) ) ;
#50 = DIRECTION ( 'NONE',  ( -0.1246915649138140569, 0.04987662596552776967, 0.9909411364060123351 ) ) ;
#51 = CARTESIAN_POINT ( 'NONE',  ( -18.20266487468301975, -5.647578361403797764, 11.04326335341158760 ) ) ;
#52 = DIRECTION ( 'NONE',  ( 1.000000000000000000, 0.0000000000000000000, 0.0000000000000000000 ) ) ;
#53 = CARTESIAN_POINT ( 'NONE',  ( -19.59810411453575085, -9.081233335464686363, -0.1915846424237323542 ) ) ;
#54 = CARTESIAN_POINT ( 'NONE',  ( -5.049999999999999822, 15.73000000000000043, -16.77828324328956455 ) ) ;
#55 = CARTESIAN_POINT ( 'NONE',  ( -1.524178621380550158, -15.63313302877548239, 24.12736770197914993 ) ) ;
#56 = CARTESIAN_POINT ( 'NONE',  ( -15.52320249330584190, -7.861633695733571514, -10.77969704723948219 ) ) ;
#57 = CARTESIAN_POINT ( 'NONE',  ( -9.588997727784466463, 12.74838205981020955, 5.431435154880871252 ) ) ;
#58 = CARTESIAN_POINT ( 'NONE',  ( -3.549302978776152973, 9.939647324631261327, 32.96726087630435842 ) ) ;
#59 = CARTESIAN_POINT ( 'NONE',  ( -17.43172993680444094, 7.457761946181123314, -8.054849617298581066 ) ) ;
#60 = CARTESIAN_POINT ( 'NONE',  ( -4.526443576080694697, -15.93942325042844566, -19.99294838494525095 ) ) ;
#61 = CARTESIAN_POINT ( 'NONE',  ( -19.11461254327251780, 2.655549054779950069, 9.154340268192498797 ) ) ;
#62 = CARTESIAN_POINT ( 'NONE',  ( -18.34520165265198344, 7.926400691011579625, 8.305128501616042769 ) ) ;
#63 = CARTESIAN_POINT ( 'NONE',  ( -4.375596047083663898, -15.94633082239166733, 21.32839692334977499 ) ) ;
#64 = CARTESIAN_POINT ( 'NONE',  ( -17.39918961523163077, -7.058309813770031305, 8.656744668151846511 ) ) ;
#65 = CARTESIAN_POINT ( 'NONE',  ( -4.463060545977438842, -14.90637919716320070, -19.94177572296643319 ) ) ;
#66 = ORIENTED_EDGE ( 'NONE', *, *, #6495, .F. ) ;
#67 = CARTESIAN_POINT ( 'NONE',  ( -16.14853634478719968, 7.587080364359962914, 10.03137895717690142 ) ) ;
#68 = CARTESIAN_POINT ( 'NONE',  ( -17.35343464319461049, 6.557103569759203054, -9.383155347849019279 ) ) ;
#69 = CARTESIAN_POINT ( 'NONE',  ( -4.527465848019358141, 15.93901366079226278, -19.98894649920904243 ) ) ;
#70 = CARTESIAN_POINT ( 'NONE',  ( -38.00000000000000000, 0.0000000000000000000, 24.24999999999999645 ) ) ;
#71 = CARTESIAN_POINT ( 'NONE',  ( -4.850000000000009415, 12.53930110472404458, 30.25304579492273760 ) ) ;
#72 = CARTESIAN_POINT ( 'NONE',  ( -11.78112237992761102, -9.826433084808703811, 15.34777058490714907 ) ) ;
#73 = CARTESIAN_POINT ( 'NONE',  ( -20.00000000000003553, -6.075941244952938192, -11.47380644836198194 ) ) ;
#74 = CARTESIAN_POINT ( 'NONE',  ( -16.76160645175669117, -7.205176255731746693, -9.520665833388619603 ) ) ;
#75 = CARTESIAN_POINT ( 'NONE',  ( -6.946254333904959388, 13.37585897084763964, 16.93864079622887431 ) ) ;
#76 = CARTESIAN_POINT ( 'NONE',  ( -19.09771370462441453, 1.667022506268795112, -9.413001197048075142 ) ) ;
#77 = CARTESIAN_POINT ( 'NONE',  ( 0.02782555748663801884, 16.68409726156776429, 19.50400282595300538 ) ) ;
#78 = CARTESIAN_POINT ( 'NONE',  ( -18.28604849817399369, 7.205713408368947803, 9.335844211456183928 ) ) ;
#79 = CARTESIAN_POINT ( 'NONE',  ( -9.135448313183870184, -5.074603252457503544, 25.54523120458881280 ) ) ;
#80 = CARTESIAN_POINT ( 'NONE',  ( -1.524190129644686476, -12.39315848188161695, -30.21884069852741561 ) ) ;
#81 = CARTESIAN_POINT ( 'NONE',  ( -4.594280336043514268, -15.91228786558258612, -18.73152466144124872 ) ) ;
#82 = CARTESIAN_POINT ( 'NONE',  ( -11.87073035454779557, -10.36582555518948290, -13.06489566912977374 ) ) ;
#83 = CARTESIAN_POINT ( 'NONE',  ( -4.999999999999980460, 14.88835088137046725, 26.30226222802336977 ) ) ;
#84 = CARTESIAN_POINT ( 'NONE',  ( -4.188882742305801266, -10.94732168072298784, -30.49566526656231957 ) ) ;
#85 = CARTESIAN_POINT ( 'NONE',  ( -4.850000000000000533, -15.85065816696755725, -21.95819674138316557 ) ) ;
#86 = CARTESIAN_POINT ( 'NONE',  ( 5.000000000000000000, 22.75000000000000000, 19.99999999999999645 ) ) ;
#87 = CARTESIAN_POINT ( 'NONE',  ( -4.770124258459407685, -15.84195029661625576, 13.42121670138318024 ) ) ;
#88 = LINE ( 'NONE', #3274, #1552 ) ;
#89 = CARTESIAN_POINT ( 'NONE',  ( -4.642859929989754164, -14.81594865307094011, 1.123220169601273355 ) ) ;
#90 = CARTESIAN_POINT ( 'NONE',  ( -4.999999999999990230, 14.88835088137044060, -26.30226222802338754 ) ) ;
#91 = CARTESIAN_POINT ( 'NONE',  ( 0.02796805401827778814, -9.833412164534495403, 33.61544065352914146 ) ) ;
#92 = CARTESIAN_POINT ( 'NONE',  ( -15.52825766574892263, -7.903627005375893688, -10.68742638870830852 ) ) ;
#93 = CARTESIAN_POINT ( 'NONE',  ( -5.015641305055305921, 10.71569923557800763, 31.54653393360518265 ) ) ;
#94 = CARTESIAN_POINT ( 'NONE',  ( -6.938707280587844473, 13.35226267817654566, -17.48041298385178877 ) ) ;
#95 = CARTESIAN_POINT ( 'NONE',  ( -4.424169746429682526, -15.95828880364419788, -20.87788887572667207 ) ) ;
#96 = CARTESIAN_POINT ( 'NONE',  ( -4.163035882530173204, 8.586514397542810428, 32.54530932060522730 ) ) ;
#97 = CARTESIAN_POINT ( 'NONE',  ( -18.25494670367926986, -6.777776361031376595, -9.891014718923432980 ) ) ;
#98 = CARTESIAN_POINT ( 'NONE',  ( -4.403619779984567550, 15.95492888282890753, 21.06613940285066633 ) ) ;
#99 = CARTESIAN_POINT ( 'NONE',  ( -18.00271308747348797, -6.549762453606266632, 8.349983827988777918 ) ) ;
#100 = CARTESIAN_POINT ( 'NONE',  ( -16.76463893396751814, -7.209753411878569551, -9.508281406007094816 ) ) ;
#101 = ORIENTED_EDGE ( 'NONE', *, *, #3998, .F. ) ;
#102 = ORIENTED_EDGE ( 'NONE', *, *, #3363, .F. ) ;
#103 = CARTESIAN_POINT ( 'NONE',  ( 3.000000000000000000, -17.75000000000001776, 19.99999999999998934 ) ) ;
#104 = CARTESIAN_POINT ( 'NONE',  ( -19.22077424375850541, 5.569820986862619172, -7.535701191570624680 ) ) ;
#105 = CARTESIAN_POINT ( 'NONE',  ( -5.490277653557156690, 15.42610749128867376, -20.06890197928221653 ) ) ;
#106 = CARTESIAN_POINT ( 'NONE',  ( -3.424643106325138131, 4.229791273154172693, -35.83324336459144632 ) ) ;
#107 = CARTESIAN_POINT ( 'NONE',  ( -5.000000000000000000, -15.75000000000000711, 18.09415738323123790 ) ) ;
#108 = CARTESIAN_POINT ( 'NONE',  ( -4.849999999999989875, 15.21612629098971325, 25.78416917158466148 ) ) ;
#109 = CARTESIAN_POINT ( 'NONE',  ( -9.268771227204419816, -11.02472681511985542, 19.10462206577476252 ) ) ;
#110 = CARTESIAN_POINT ( 'NONE',  ( -20.00000000000003553, -8.537164259899276075, -8.743584886228614295 ) ) ;
#111 = CARTESIAN_POINT ( 'NONE',  ( -14.30470440566919521, -8.682384675226826332, -11.68593522557958053 ) ) ;
#112 = CARTESIAN_POINT ( 'NONE',  ( -9.405099307245905038, 11.81948204704997352, 15.36013809487116610 ) ) ;
#113 = CARTESIAN_POINT ( 'NONE',  ( -11.62928938739465679, 4.802036725144823492, -21.25124428585477077 ) ) ;
#114 = CARTESIAN_POINT ( 'NONE',  ( -3.076464363268383462, 15.44238129326575937, 18.56984493480787890 ) ) ;
#115 = CARTESIAN_POINT ( 'NONE',  ( -20.00000000000002842, 9.416394026976524501, 7.402666510609956063 ) ) ;
#116 = CARTESIAN_POINT ( 'NONE',  ( -15.36339197956047364, -2.910309478570503039, 15.46672851853056230 ) ) ;
#117 = CARTESIAN_POINT ( 'NONE',  ( 0.02781008039890906641, -3.139123147255284074, -36.38547117346376325 ) ) ;
#118 = LINE ( 'NONE', #6461, #5151 ) ;
#119 = ORIENTED_EDGE ( 'NONE', *, *, #5280, .T. ) ;
#120 = CARTESIAN_POINT ( 'NONE',  ( -15.56043216854881273, -8.203627209971147138, -10.00902458453718502 ) ) ;
#121 = ORIENTED_EDGE ( 'NONE', *, *, #589, .T. ) ;
#122 = CARTESIAN_POINT ( 'NONE',  ( -5.000000000000004441, -1.474514954580286030E-14, -36.14934116196345570 ) ) ;
#123 = CARTESIAN_POINT ( 'NONE',  ( -11.62890922595183696, -4.761369225562367191, -21.27176133753822640 ) ) ;
#124 = LINE ( 'NONE', #7809, #3110 ) ;
#125 = PLANE ( 'NONE',  #3420 ) ;
#126 = CARTESIAN_POINT ( 'NONE',  ( -5.419073952989545973, -15.48265785182891996, 19.68048788735534060 ) ) ;
#127 = DIRECTION ( 'NONE',  ( -1.000000000000000000, -0.0000000000000000000, -0.0000000000000000000 ) ) ;
#128 = CARTESIAN_POINT ( 'NONE',  ( -17.09107940823980343, -9.942901744569594413, -1.949332451525237264 ) ) ;
#129 = CARTESIAN_POINT ( 'NONE',  ( -5.000000000000000000, 15.75000000000001066, 16.77601940238228551 ) ) ;
#130 = VECTOR ( 'NONE', #1165, 1000.000000000000000 ) ;
#131 = CARTESIAN_POINT ( 'NONE',  ( -1.524319402891595399, -16.06323927741646784, 19.02149902228588374 ) ) ;
#132 = CARTESIAN_POINT ( 'NONE',  ( -16.12374546120833685, -7.345900122088749207, -10.48360496858685309 ) ) ;
#133 = CARTESIAN_POINT ( 'NONE',  ( -5.835057021610142058, 13.19531618803837425, 26.68974408121433228 ) ) ;
#134 = CARTESIAN_POINT ( 'NONE',  ( -14.38869078449359407, 9.455983600278679901, -9.382362196060935133 ) ) ;
#135 = CARTESIAN_POINT ( 'NONE',  ( -4.543777976391116802, -15.93248880944355506, -19.88151839567401069 ) ) ;
#136 = CARTESIAN_POINT ( 'NONE',  ( -15.37063945229097683, 3.701738977504659633, 15.12586592776757577 ) ) ;
#137 = PRESENTATION_LAYER_ASSIGNMENT (  '', '', ( #6209 ) ) ;
#138 = CARTESIAN_POINT ( 'NONE',  ( -20.00000000000038369, -5.900286616400799211, -8.197820804046823895 ) ) ;
#139 = CARTESIAN_POINT ( 'NONE',  ( -5.415063198154226320, -15.48538022064593100, -19.66397487614013428 ) ) ;
#140 = CARTESIAN_POINT ( 'NONE',  ( -13.08633760394840095, -9.494539727341594570, 12.55926156603650234 ) ) ;
#141 = CARTESIAN_POINT ( 'NONE',  ( -6.933232473484797431, -13.33286626049639345, -17.91795452530697474 ) ) ;
#142 = CARTESIAN_POINT ( 'NONE',  ( -3.076536463533694921, 10.66953358251419282, 31.19912530490780966 ) ) ;
#143 = CARTESIAN_POINT ( 'NONE',  ( -18.25517520777962233, 6.782435369785539514, 9.887206236222802147 ) ) ;
#144 = CARTESIAN_POINT ( 'NONE',  ( -14.22928386684755431, 7.995229688673022750, -13.30843669864132295 ) ) ;
#145 = CARTESIAN_POINT ( 'NONE',  ( -5.496506375557157931, 15.41971495105569900, -20.11994617622244164 ) ) ;
#146 = CARTESIAN_POINT ( 'NONE',  ( -4.403867980331271248, 15.95496425011040031, -21.06387386307403276 ) ) ;
#147 = FACE_OUTER_BOUND ( 'NONE', #6143, .T. ) ;
#148 = CARTESIAN_POINT ( 'NONE',  ( -5.000000000000010658, -1.084202172485504434E-13, 35.86672095836969731 ) ) ;
#149 = CARTESIAN_POINT ( 'NONE',  ( -9.248345356567865494, -10.77703416237195988, 19.75579114420355253 ) ) ;
#150 = CYLINDRICAL_SURFACE ( 'NONE', #5419, 2.000000000000008882 ) ;
#151 = CARTESIAN_POINT ( 'NONE',  ( -11.85707229564141052, 10.26542320168658762, 13.56205287730916709 ) ) ;
#152 = CARTESIAN_POINT ( 'NONE',  ( -15.36836388574899459, 3.738512851105590062, -15.12449627863442103 ) ) ;
#153 = CARTESIAN_POINT ( 'NONE',  ( 0.02782555748663800149, 16.68409726156776429, 19.62792436636792459 ) ) ;
#154 = CARTESIAN_POINT ( 'NONE',  ( -18.21412044577271772, 5.959892120654115111, 10.76055004108148871 ) ) ;
#155 = EDGE_CURVE ( 'NONE', #297, #7574, #6727, .T. ) ;
#156 = CARTESIAN_POINT ( 'NONE',  ( -17.22878513429224867, -1.940838711886824441, 12.54233546673267341 ) ) ;
#157 = CARTESIAN_POINT ( 'NONE',  ( -1.524210609583773079, -15.12138906185134957, -25.41991040411772218 ) ) ;
#158 = CARTESIAN_POINT ( 'NONE',  ( -4.525595326351283809, -15.93976186945955575, 19.99999998973653348 ) ) ;
#159 = ORIENTED_EDGE ( 'NONE', *, *, #2813, .F. ) ;
#160 = CARTESIAN_POINT ( 'NONE',  ( 0.0000000000000000000, 7.060713750807365408, -36.80004796480866247 ) ) ;
#161 = CARTESIAN_POINT ( 'NONE',  ( -12.89051369152370086, -5.744516852232439241, -18.38980471317762166 ) ) ;
#162 = CLOSED_SHELL ( 'NONE', ( #1997, #7594, #227, #1655, #7058, #2894, #277, #3836, #2390, #5821, #939, #7161, #2280, #3129, #5582, #1278, #3860, #1202, #2073, #7443, #3534 ) ) ;
#163 = CARTESIAN_POINT ( 'NONE',  ( -4.999999999999985789, -9.267497339534155998, -32.86814749681908410 ) ) ;
#164 = DIRECTION ( 'NONE',  ( 0.0000000000000000000, -1.000000000000000000, -1.734723475976807587E-16 ) ) ;
#165 = CARTESIAN_POINT ( 'NONE',  ( -5.025861443808348206, -15.73965542247660387, 19.75614238794098299 ) ) ;
#166 = CARTESIAN_POINT ( 'NONE',  ( -5.033753997311333883, 15.73706133309064903, 1.469191742030591108 ) ) ;
#167 = CARTESIAN_POINT ( 'NONE',  ( -16.98393463163493067, -9.191641550241229197, -5.221248116115122961 ) ) ;
#168 = CARTESIAN_POINT ( 'NONE',  ( -5.000000000000000000, -15.74999999999998934, -22.11634652988780658 ) ) ;
#169 = VERTEX_POINT ( 'NONE', #7276 ) ;
#170 = CARTESIAN_POINT ( 'NONE',  ( -4.628609323645897611, -14.82152330911474714, 3.181319270237871422 ) ) ;
#171 = CARTESIAN_POINT ( 'NONE',  ( -19.22558964445411078, -5.638975982540634035, -7.475444327778781428 ) ) ;
#172 = CARTESIAN_POINT ( 'NONE',  ( -3.707607532959233954, 12.94836975503737619, 29.90292571485476714 ) ) ;
#173 = CARTESIAN_POINT ( 'NONE',  ( -18.63145332304912927, 6.362510456383646762, -7.638308991489533462 ) ) ;
#174 = CARTESIAN_POINT ( 'NONE',  ( -5.047344483573253271, -15.72576381483487040, -20.44134136865018547 ) ) ;
#175 = CARTESIAN_POINT ( 'NONE',  ( -14.10833901455325901, 1.291423318277622245, 18.03617649639414822 ) ) ;
#176 = CARTESIAN_POINT ( 'NONE',  ( -20.00000000000002842, -11.17697812752908604, -2.799129945223081783 ) ) ;
#177 = B_SPLINE_CURVE_WITH_KNOTS ( 'NONE', 3,
 ( #881, #6024, #143, #2697, #4043, #5283, #259, #2814, #2065, #5984, #5404, #7946, #2184, #1356, #802, #7111 ),
 .UNSPECIFIED., .F., .F.,
 ( 4, 2, 2, 2, 2, 2, 2, 4 ),
 ( 0.06617613175666267611, 0.06740158510207519549, 0.06862703844748772875, 0.06985249179290026200, 0.07107794513831278138, 0.07230339848372530076, 0.07352885182913783402, 0.07597975851996288665 ),
 .UNSPECIFIED. ) ;
#178 = CARTESIAN_POINT ( 'NONE',  ( -3.423484952484264099, 4.208902204132809466, 35.86566265216060856 ) ) ;
#179 = CARTESIAN_POINT ( 'NONE',  ( -6.941989460354779595, -13.36069296899471404, 17.27931284678703605 ) ) ;
#180 = CARTESIAN_POINT ( 'NONE',  ( -11.85408620563032933, -10.22613703331933799, -13.74738830409149415 ) ) ;
#181 = VECTOR ( 'NONE', #5607, 1000.000000000000000 ) ;
#182 = DIRECTION ( 'NONE',  ( 0.0000000000000000000, 0.0000000000000000000, 1.000000000000000000 ) ) ;
#183 = CARTESIAN_POINT ( 'NONE',  ( 3.000000000000000000, -25.25000000000000355, 41.24999999999995737 ) ) ;
#184 = CARTESIAN_POINT ( 'NONE',  ( -16.11218491496802585, 7.214078018554427985, -10.70840236361068420 ) ) ;
#185 = EDGE_CURVE ( 'NONE', #3915, #4164, #5011, .T. ) ;
#186 = CARTESIAN_POINT ( 'NONE',  ( -5.537290637740672317, 15.36749046114525186, -20.53732600892157478 ) ) ;
#187 = PLANE ( 'NONE',  #5251 ) ;
#188 = CARTESIAN_POINT ( 'NONE',  ( 5.000000000000000000, 2.733323094352584069E-15, 19.99999999999999645 ) ) ;
#189 = CARTESIAN_POINT ( 'NONE',  ( -4.849999999999989875, -6.972997297139039929, 34.46578159907267747 ) ) ;
#190 = CARTESIAN_POINT ( 'NONE',  ( -19.18376699862029255, -4.869312967418521154, 8.066558559980803622 ) ) ;
#191 = CARTESIAN_POINT ( 'NONE',  ( 3.000000000000000000, 19.99999999999999645, -38.50000000000000711 ) ) ;
#192 = FACE_OUTER_BOUND ( 'NONE', #3679, .T. ) ;
#193 = CARTESIAN_POINT ( 'NONE',  ( -4.468858539484081405, 14.90271547098370419, 19.42059010917936490 ) ) ;
#194 = CARTESIAN_POINT ( 'NONE',  ( -6.653951925312811433, 7.568141025367290275, -28.66365286688228053 ) ) ;
#195 = CARTESIAN_POINT ( 'NONE',  ( -3.076464363268385238, 15.44238129326575582, 16.18023898765935797 ) ) ;
#196 = CARTESIAN_POINT ( 'NONE',  ( -18.28833767734193216, 7.234398270825199262, 9.296753526462703476 ) ) ;
#197 = CARTESIAN_POINT ( 'NONE',  ( -14.10999765672148598, -1.845086973910145645, 17.93739630461390533 ) ) ;
#198 = CARTESIAN_POINT ( 'NONE',  ( 0.02797424324976290760, -9.387261330638875023, -33.82570157383036502 ) ) ;
#199 = FACE_OUTER_BOUND ( 'NONE', #6382, .T. ) ;
#200 = ORIENTED_EDGE ( 'NONE', *, *, #6719, .F. ) ;
#201 = CARTESIAN_POINT ( 'NONE',  ( -4.999999999999990230, 14.88835088137044060, -26.30226222802338754 ) ) ;
#202 = CARTESIAN_POINT ( 'NONE',  ( -16.94698426765358334, 8.937784676091142799, 6.004519672445493228 ) ) ;
#203 = CARTESIAN_POINT ( 'NONE',  ( -16.60890745766758414, -2.824656706509848902, -13.34231294452198391 ) ) ;
#204 = DIRECTION ( 'NONE',  ( -1.000000000000000000, -0.0000000000000000000, -0.0000000000000000000 ) ) ;
#205 = DIRECTION ( 'NONE',  ( 0.0000000000000000000, 1.734723475976807587E-16, -1.000000000000000000 ) ) ;
#206 = CARTESIAN_POINT ( 'NONE',  ( -4.565452173915326206, -15.92381913043388408, 19.62690799444244050 ) ) ;
#207 = FACE_BOUND ( 'NONE', #7171, .T. ) ;
#208 = CARTESIAN_POINT ( 'NONE',  ( -9.590011009437885647, -12.74795848098795403, -5.431198840165039954 ) ) ;
#209 = CARTESIAN_POINT ( 'NONE',  ( -3.076464363268370583, -15.44238129326576292, 15.69475132215093005 ) ) ;
#210 = CARTESIAN_POINT ( 'NONE',  ( -18.58898275171610948, -5.797186887158647828, -8.231508450738136418 ) ) ;
#211 = CARTESIAN_POINT ( 'NONE',  ( -5.873958903334354886, 8.295939483462543507, 31.79175621033895283 ) ) ;
#212 = CARTESIAN_POINT ( 'NONE',  ( -3.496552006265746278E-15, -11.82483650696715038, 31.79406709996886704 ) ) ;
#213 = CARTESIAN_POINT ( 'NONE',  ( -9.124865647881160058, 2.773337838628749719, 26.38716920139588495 ) ) ;
#214 = CARTESIAN_POINT ( 'NONE',  ( -20.00000000000073186, -9.847964263886941794, -1.787054392642170697 ) ) ;
#215 = CARTESIAN_POINT ( 'NONE',  ( -4.403867980331395593, -15.95496425011035413, 21.06387386307401854 ) ) ;
#216 = CARTESIAN_POINT ( 'NONE',  ( -7.057490948742256798, -13.67974982729290367, 9.534875352512964142 ) ) ;
#217 = CARTESIAN_POINT ( 'NONE',  ( -14.30813214383945997, -8.689970125681538704, -11.65758544021570309 ) ) ;
#218 = CARTESIAN_POINT ( 'NONE',  ( 0.02806086985886192126, 14.13726309282360738, 29.06449061267728950 ) ) ;
#219 = CARTESIAN_POINT ( 'NONE',  ( 0.0000000000000000000, -25.25000000000000355, 41.24999999999995737 ) ) ;
#220 = CARTESIAN_POINT ( 'NONE',  ( -16.12049347115346265, 7.313363163784138088, -10.54344826696729776 ) ) ;
#221 = CARTESIAN_POINT ( 'NONE',  ( -18.29174351021106659, -7.275969417318381538, -9.239326243656538651 ) ) ;
#222 = CARTESIAN_POINT ( 'NONE',  ( 0.0000000000000000000, -20.00000000000000355, 36.49999999999999289 ) ) ;
#223 = CARTESIAN_POINT ( 'NONE',  ( -5.498069653184277428, 15.41932122216717183, -20.11837446663794182 ) ) ;
#224 = CARTESIAN_POINT ( 'NONE',  ( -4.850000000000013856, -9.336730092468798148, 33.09950458711302446 ) ) ;
#225 = CARTESIAN_POINT ( 'NONE',  ( -17.37741477013140212, -6.807888489798664899, 9.028134063240605300 ) ) ;
#226 = CARTESIAN_POINT ( 'NONE',  ( -4.961301098241991170, 15.76547956070321455, 6.983347394036561795 ) ) ;
#227 = ADVANCED_FACE ( 'NONE', ( #6643 ), #7150, .F. ) ;
#228 = CARTESIAN_POINT ( 'NONE',  ( -4.461192670502851065, -14.90755138323943996, -20.02756015606425777 ) ) ;
#229 = CARTESIAN_POINT ( 'NONE',  ( -17.38440583366533687, 6.920008751116143664, 8.868266209831238811 ) ) ;
#230 = CARTESIAN_POINT ( 'NONE',  ( -9.129939075052231345, 4.360579473053999067, -25.88635395617629342 ) ) ;
#231 = CARTESIAN_POINT ( 'NONE',  ( -4.628609323645895834, 14.82152330911475424, 19.06590649095230461 ) ) ;
#232 = CARTESIAN_POINT ( 'NONE',  ( -20.00000000000294875, 8.165301085977505480, -5.878461704199899884 ) ) ;
#233 = CARTESIAN_POINT ( 'NONE',  ( -12.86864240239585655, -3.232289387025621963, 19.72885049833842075 ) ) ;
#234 = CARTESIAN_POINT ( 'NONE',  ( 0.02780929507399559908, -2.183562493899979806, -36.56863898668685664 ) ) ;
#235 = CARTESIAN_POINT ( 'NONE',  ( -5.870581314983319920, 11.13207430823452526, 29.44646662455668107 ) ) ;
#236 = ORIENTED_EDGE ( 'NONE', *, *, #3316, .F. ) ;
#237 = CARTESIAN_POINT ( 'NONE',  ( -5.049999999999990052, 15.73000000000000043, 2.683617217336120575E-14 ) ) ;
#238 = CARTESIAN_POINT ( 'NONE',  ( -7.114067594208498768, 13.81498149079567739, 4.599064859227509849 ) ) ;
#239 = CARTESIAN_POINT ( 'NONE',  ( -9.138497324721232218, -5.741009543541432336, -25.23344150632091143 ) ) ;
#240 = CARTESIAN_POINT ( 'NONE',  ( -20.00000000000000000, 6.712578825597194765, 7.442380029370023742 ) ) ;
#241 = CARTESIAN_POINT ( 'NONE',  ( -4.999999999999993783, -15.11169356656816909, -25.61698881536343464 ) ) ;
#242 = CARTESIAN_POINT ( 'NONE',  ( -5.428022304807965881, -15.47646704162427156, 19.71866185084295964 ) ) ;
#243 = FACE_OUTER_BOUND ( 'NONE', #3489, .T. ) ;
#244 = CARTESIAN_POINT ( 'NONE',  ( -16.39784493358920869, -9.711894350245172447, -4.633028311894943130 ) ) ;
#245 = CARTESIAN_POINT ( 'NONE',  ( -1.524319402891595399, -16.06323927741646784, 19.26430375669469441 ) ) ;
#246 = CARTESIAN_POINT ( 'NONE',  ( -13.04982063093830646, -9.284593877818460683, -13.32563067432318427 ) ) ;
#247 = CARTESIAN_POINT ( 'NONE',  ( -5.583339994068118095, 15.28691219924096778, 21.06319708109507260 ) ) ;
#248 = CARTESIAN_POINT ( 'NONE',  ( -7.318364664277172679E-16, -7.139319858553454523, 35.09784392113466822 ) ) ;
#249 = CARTESIAN_POINT ( 'NONE',  ( -4.139805453556068215, 3.745943279133348014, 34.81272911798172487 ) ) ;
#250 = CARTESIAN_POINT ( 'NONE',  ( -20.00000000000003197, -8.537164259616666584, -8.743584885996558143 ) ) ;
#251 = CARTESIAN_POINT ( 'NONE',  ( 2.439454888092383990E-16, 16.67296703857312679, 0.6877653420248153182 ) ) ;
#252 = ADVANCED_FACE ( 'NONE', ( #5183 ), #1370, .T. ) ;
#253 = CARTESIAN_POINT ( 'NONE',  ( -14.45892104081904606, -9.981832417112842748, 7.540475130621561384 ) ) ;
#254 = ORIENTED_EDGE ( 'NONE', *, *, #379, .F. ) ;
#255 = DIRECTION ( 'NONE',  ( 0.0000000000000000000, 0.0000000000000000000, -1.000000000000000000 ) ) ;
#256 = CARTESIAN_POINT ( 'NONE',  ( -4.628609323645894946, 14.82152330911475424, 19.99999998980443650 ) ) ;
#257 = CARTESIAN_POINT ( 'NONE',  ( -3.076464363268381685, 15.44238129326575226, -7.027776420136361502 ) ) ;
#258 = AXIS2_PLACEMENT_3D ( 'NONE', #6289, #4356, #3041 ) ;
#259 = CARTESIAN_POINT ( 'NONE',  ( -18.18384073922770483, 5.014014642736116301, 11.54804976409974593 ) ) ;
#260 = CARTESIAN_POINT ( 'NONE',  ( -15.52974257501119837, 7.915835806200409941, -10.66043699206324114 ) ) ;
#261 = CARTESIAN_POINT ( 'NONE',  ( -5.007625438583066746, 7.844093194848094086, -33.66342705299275195 ) ) ;
#262 = CARTESIAN_POINT ( 'NONE',  ( -6.932889029447019347, 13.33176211446875925, 17.94330371494051235 ) ) ;
#263 = DIRECTION ( 'NONE',  ( 0.0000000000000000000, 0.0000000000000000000, 1.000000000000000000 ) ) ;
#264 = CARTESIAN_POINT ( 'NONE',  ( -4.850000000000010303, -1.104831829322472370E-13, 36.12528636491930456 ) ) ;
#265 = CARTESIAN_POINT ( 'NONE',  ( -11.84517469791381750, -10.18989575900169342, 13.93632091127993178 ) ) ;
#266 = CARTESIAN_POINT ( 'NONE',  ( -6.938404821762442332, -13.34937276791951888, -17.53908658742951232 ) ) ;
#267 = CARTESIAN_POINT ( 'NONE',  ( -4.610046165866571677, 15.90598153365338518, -18.24874963287515328 ) ) ;
#268 = CARTESIAN_POINT ( 'NONE',  ( -13.07754791247146642, -9.440070326509832910, -12.77016912855349773 ) ) ;
#269 = CARTESIAN_POINT ( 'NONE',  ( -9.400532189128785632, 11.79083569338120441, 15.61749692664026234 ) ) ;
#270 = CARTESIAN_POINT ( 'NONE',  ( -17.25508711662941508, 4.174456595210743970, -11.57926180815909234 ) ) ;
#271 = CARTESIAN_POINT ( 'NONE',  ( -3.076464363268172963, 15.44238129326584286, 19.97194414131866580 ) ) ;
#272 = CARTESIAN_POINT ( 'NONE',  ( -18.62676320399377872, 10.40885527418224576, -1.902837992673281242 ) ) ;
#273 = CARTESIAN_POINT ( 'NONE',  ( -15.38655859567331596, -4.872024392497593226, 14.44153560094834354 ) ) ;
#274 = CARTESIAN_POINT ( 'NONE',  ( -3.076573991124055496, 12.75688979862879613, -28.88027019727690359 ) ) ;
#275 = CYLINDRICAL_SURFACE ( 'NONE', #1342, 17.75000000000000355 ) ;
#276 = ORIENTED_EDGE ( 'NONE', *, *, #502, .T. ) ;
#277 = ADVANCED_FACE ( 'NONE', ( #6297 ), #4248, .T. ) ;
#278 = CIRCLE ( 'NONE', #7921, 2.000000000000001776 ) ;
#279 = CARTESIAN_POINT ( 'NONE',  ( 3.000000000000000000, -22.00000000000000711, -38.50000000000000711 ) ) ;
#280 = CARTESIAN_POINT ( 'NONE',  ( -16.42453215176710302, 9.910854942598682271, 3.777862644799689917 ) ) ;
#281 = CARTESIAN_POINT ( 'NONE',  ( -18.48344003353928500, -2.675158747768275447, -10.18904626366375865 ) ) ;
#282 = CARTESIAN_POINT ( 'NONE',  ( -20.00000000000003197, 8.969214178198619436, -4.617297917538484064 ) ) ;
#283 = LINE ( 'NONE', #5346, #6861 ) ;
#284 = CARTESIAN_POINT ( 'NONE',  ( -4.599529384012705613, 15.91018824639492379, -18.57079083282365062 ) ) ;
#285 = DIRECTION ( 'NONE',  ( 0.0000000000000000000, 0.0000000000000000000, 1.000000000000000000 ) ) ;
#286 = CARTESIAN_POINT ( 'NONE',  ( -14.44065349288552902, -9.847548811613478392, -8.038241449725111565 ) ) ;
#287 = CARTESIAN_POINT ( 'NONE',  ( -4.628609323645895834, -14.82152330911472937, -18.59709179535838430 ) ) ;
#288 = CARTESIAN_POINT ( 'NONE',  ( -9.364980222587254488, -11.68870166142714240, -16.52808434294307816 ) ) ;
#289 = CARTESIAN_POINT ( 'NONE',  ( -5.504748119253592087, 15.41054497137636936, 20.19600965237032852 ) ) ;
#290 = CARTESIAN_POINT ( 'NONE',  ( 4.878909776184791647E-16, 12.26164243374751806, 31.33882656315426019 ) ) ;
#291 = CARTESIAN_POINT ( 'NONE',  ( -12.86209096529517382, 1.462842980880011412, 20.15762107226758815 ) ) ;
#292 = CARTESIAN_POINT ( 'NONE',  ( -20.00000000000001776, -10.47782706869786651, 5.216689543775727245 ) ) ;
#293 = CARTESIAN_POINT ( 'NONE',  ( 4.878909776184726566E-16, 6.303304721031561364, -35.46633325007405801 ) ) ;
#294 = CARTESIAN_POINT ( 'NONE',  ( -13.15925789183548211, -10.12167812182553917, 10.15469232129822608 ) ) ;
#295 = EDGE_LOOP ( 'NONE', ( #4944, #3793, #2791, #200, #587 ) ) ;
#296 = DIRECTION ( 'NONE',  ( 0.0000000000000000000, 0.0000000000000000000, -1.000000000000000000 ) ) ;
#297 = VERTEX_POINT ( 'NONE', #2915 ) ;
#298 = DIRECTION ( 'NONE',  ( 0.0000000000000000000, 0.0000000000000000000, -1.000000000000000000 ) ) ;
#299 = EDGE_CURVE ( 'NONE', #45, #5628, #7966, .T. ) ;
#300 = CARTESIAN_POINT ( 'NONE',  ( -3.076464363268382129, 15.44238129326575404, -19.04048672887129356 ) ) ;
#301 = CARTESIAN_POINT ( 'NONE',  ( -4.509298049692405996, -15.94583603785920012, 20.13629686927672680 ) ) ;
#302 = CARTESIAN_POINT ( 'NONE',  ( -13.07860266584723341, 9.445131218190255140, -12.75005627403012376 ) ) ;
#303 = CARTESIAN_POINT ( 'NONE',  ( -3.641940530755748640, 11.92559906195512021, -31.11486611583771023 ) ) ;
#304 = DIRECTION ( 'NONE',  ( -1.000000000000000000, -0.0000000000000000000, -0.0000000000000000000 ) ) ;
#305 = CARTESIAN_POINT ( 'NONE',  ( -5.865651671864686278, -0.4604137680692381163, -34.26462575895094176 ) ) ;
#306 = CARTESIAN_POINT ( 'NONE',  ( -5.011049831674572630, 15.74558006732951654, 19.47230657083990835 ) ) ;
#307 = CARTESIAN_POINT ( 'NONE',  ( -17.37968516116223228, -6.832444915218339077, 8.992145918821455197 ) ) ;
#308 = CARTESIAN_POINT ( 'NONE',  ( -18.62106968101265636, -6.195674343194709444, -7.818385468005528693 ) ) ;
#309 = CARTESIAN_POINT ( 'NONE',  ( -4.578694425466291129, 15.91852222981350273, 19.21430766114601596 ) ) ;
#310 = CARTESIAN_POINT ( 'NONE',  ( -4.458753407982080752, -14.90890447048684386, -20.08273259155431845 ) ) ;
#311 = CARTESIAN_POINT ( 'NONE',  ( -9.399018198179486916, 11.78125232717632720, 15.70350810623467552 ) ) ;
#312 = CARTESIAN_POINT ( 'NONE',  ( -15.38427961995410520, 4.873249819642098579, -14.44481054793478236 ) ) ;
#313 = CARTESIAN_POINT ( 'NONE',  ( 0.02782555748663794598, 16.68409726156776429, 19.81388415548735438 ) ) ;
#314 = CARTESIAN_POINT ( 'NONE',  ( -20.00000000000002487, 8.746094849693566431, -8.442417865065277027 ) ) ;
#315 = CARTESIAN_POINT ( 'NONE',  ( -16.61985227292881007, -3.541902236290115358, 13.01387185130787039 ) ) ;
#316 = CARTESIAN_POINT ( 'NONE',  ( -1.524280377154325627, -1.158066445113360210, -36.04881209641716566 ) ) ;
#317 = LINE ( 'NONE', #4744, #3353 ) ;
#318 = CARTESIAN_POINT ( 'NONE',  ( -5.021497738681277134, -15.74140090452748986, 2.938319935298386198 ) ) ;
#319 = CARTESIAN_POINT ( 'NONE',  ( -9.569310375273257563, 12.66392111359018458, 6.705474279785414993 ) ) ;
#320 = CARTESIAN_POINT ( 'NONE',  ( -15.35795844336830740, -2.452913842832646907, -15.62572304110738663 ) ) ;
#321 = CARTESIAN_POINT ( 'NONE',  ( -12.01400357475188763, 11.36616347186442688, -7.592908622762586823 ) ) ;
#322 = CARTESIAN_POINT ( 'NONE',  ( -4.850000000000000533, 15.85065816696758922, 21.95819674138336453 ) ) ;
#323 = DIRECTION ( 'NONE',  ( 0.0000000000000000000, -1.000000000000000000, 0.0000000000000000000 ) ) ;
#324 = CARTESIAN_POINT ( 'NONE',  ( -5.010746018674702817, 15.74570159253233470, -19.23068967381870920 ) ) ;
#325 = CARTESIAN_POINT ( 'NONE',  ( -18.21387232411439072, -5.953813810606503054, -10.76774715499703738 ) ) ;
#326 = CARTESIAN_POINT ( 'NONE',  ( -9.570322516804189661, -12.66347904260607571, -6.705177889888802589 ) ) ;
#327 = CARTESIAN_POINT ( 'NONE',  ( -4.628609323645895834, -14.82152330911473292, -19.29972873327618288 ) ) ;
#328 = CARTESIAN_POINT ( 'NONE',  ( -16.10273291425137643, -7.099796901840150554, -10.89719802910458668 ) ) ;
#329 = ADVANCED_FACE ( 'NONE', ( #4787 ), #5502, .F. ) ;
#330 = CARTESIAN_POINT ( 'NONE',  ( -20.00000000000002487, 6.367586334894646427, 11.22647824001927752 ) ) ;
#331 = CARTESIAN_POINT ( 'NONE',  ( -2.683400376901630574E-15, 2.238989499714882481, 36.54895140506370410 ) ) ;
#332 = CARTESIAN_POINT ( 'NONE',  ( -4.150796306577002603, 6.780891277033043174, 33.67111909773820599 ) ) ;
#333 = CARTESIAN_POINT ( 'NONE',  ( -20.00000000000005329, -11.16196917110146636, 2.872152545023487047 ) ) ;
#334 = CARTESIAN_POINT ( 'NONE',  ( 2.439454888092392865E-15, 0.6896815229768309408, -36.66619335096056176 ) ) ;
#335 = CARTESIAN_POINT ( 'NONE',  ( -19.40831186592949820, -7.645104669411576737, 5.142489571341545052 ) ) ;
#336 = ORIENTED_EDGE ( 'NONE', *, *, #480, .T. ) ;
#337 = CARTESIAN_POINT ( 'NONE',  ( 0.0000000000000000000, 19.99999999999999645, -34.50000000000000000 ) ) ;
#338 = CARTESIAN_POINT ( 'NONE',  ( -3.076495096742187130, 1.990131959880063084, 35.33884824517463841 ) ) ;
#339 = CARTESIAN_POINT ( 'NONE',  ( -3.076464363268387459, 15.44238129326575226, 10.41409985894729395 ) ) ;
#340 = CARTESIAN_POINT ( 'NONE',  ( -4.526462448946658057, -15.93941562055176853, 19.99292969288611488 ) ) ;
#341 = CARTESIAN_POINT ( 'NONE',  ( -15.53363855172027108, 7.946502888086771854, -10.59091671731803075 ) ) ;
#342 = CARTESIAN_POINT ( 'NONE',  ( -5.004833326515492509, 6.477357353337980683, -34.36382212658177338 ) ) ;
#343 = CARTESIAN_POINT ( 'NONE',  ( -5.415063198154226320, -15.48538022064593100, -19.66397487614013428 ) ) ;
#344 = CARTESIAN_POINT ( 'NONE',  ( -5.865059924976512740, -11.76731134346193208, -28.73201747469057565 ) ) ;
#345 = CARTESIAN_POINT ( 'NONE',  ( -4.891455830556536100, 15.79341766777739942, 9.558788256872919220 ) ) ;
#346 = CARTESIAN_POINT ( 'NONE',  ( -6.900242174322391620, -13.30361025049840151, 18.65544717870215408 ) ) ;
#347 = CARTESIAN_POINT ( 'NONE',  ( -18.00578170331657191, -6.586967884736435686, -8.302669730650416469 ) ) ;
#348 = CARTESIAN_POINT ( 'NONE',  ( -4.610046170923007836, 15.90598153163080752, 18.24874947822398141 ) ) ;
#349 = ORIENTED_EDGE ( 'NONE', *, *, #6495, .T. ) ;
#350 = CARTESIAN_POINT ( 'NONE',  ( -18.61016623451656926, -6.094652103229023510, -7.930749299522244833 ) ) ;
#351 = CARTESIAN_POINT ( 'NONE',  ( -11.85535707975376774, 10.25084215780483632, 13.63309310509508876 ) ) ;
#352 = CARTESIAN_POINT ( 'NONE',  ( -9.188390460014346672, 9.272174229455732331, -22.23817740056991710 ) ) ;
#353 = CARTESIAN_POINT ( 'NONE',  ( -1.524319402890894848, 16.06323927741675206, 19.87842135475352379 ) ) ;
#354 = CARTESIAN_POINT ( 'NONE',  ( -19.99999999999724309, 9.700625596154939245, -2.550155790119648103 ) ) ;
#355 = B_SPLINE_SURFACE_WITH_KNOTS ( 'NONE', 3, 1, ( 
 ( #2091, #5891, #7852 ),
 ( #3276, #168, #3233 ),
 ( #4674, #7223, #6514 ),
 ( #3954, #5973, #2724 ),
 ( #1460, #1343, #5930 ),
 ( #3914, #6552, #5808 ),
 ( #749, #5190, #7732 ),
 ( #2683, #5269, #6471 ),
 ( #4593, #90, #2641 ),
 ( #1970, #4031, #7770 ),
 ( #54, #829, #4553 ),
 ( #7137, #788, #2010 ),
 ( #710, #1380, #1422 ),
 ( #5851, #7814, #3320 ),
 ( #5230, #129, #2053 ),
 ( #4633, #7181, #3991 ),
 ( #3361, #7674, #2586 ),
 ( #4494, #1193, #7586 ),
 ( #1238, #6916, #7002 ),
 ( #3261, #7543, #7042 ),
 ( #3175, #3858, #5134 ),
 ( #5663, #3133, #3818 ),
 ( #6417, #6374, #1282 ),
 ( #612, #8304, #3219 ),
 ( #1914, #1148, #7082 ),
 ( #4355, #5175, #40 ),
 ( #6959, #6288, #3731 ),
 ( #1788, #654, #5750 ),
 ( #2544, #5794, #7717 ),
 ( #4448, #3898, #2414 ) ),
 .UNSPECIFIED., .T., .F., .F.,
 ( 4, 1, 1, 1, 1, 1, 1, 1, 2, 1, 1, 1, 2, 1, 1, 1, 1, 1, 1, 1, 2, 1, 1, 1, 4 ),
 ( 2, 1, 2 ),
 ( 0.0000000000000000000, 0.03547738969190539216, 0.07095477938381078431, 0.1064321690757161903, 0.1419095587676215686, 0.1773869484595269885, 0.2128643381514323807, 0.2483417278433377451, 0.2838191175352431372, 0.3378643381514323529, 0.3919095587676216241, 0.4459547793838108953, 0.5000000000000001110, 0.5354773896919053922, 0.5709547793838108953, 0.6064321690757161765, 0.6419095587676215686, 0.6773869484595269608, 0.7128643381514322419, 0.7483417278433377451, 0.7838191175352430262, 0.8378643381514321309, 0.8919095587676215686, 0.9459547793838107843, 1.000000000000000000 ),
 ( -0.01000000000000000021, 0.0000000000000000000, 1.000000000000000000 ),
 .UNSPECIFIED. ) ;
#356 = CARTESIAN_POINT ( 'NONE',  ( -14.13681408050001842, -5.136903140295493664, 16.52695284211412385 ) ) ;
#357 = CARTESIAN_POINT ( 'NONE',  ( -3.076426424675550830, -1.104431689068894773, -35.42868433604761691 ) ) ;
#358 = FACE_OUTER_BOUND ( 'NONE', #2874, .T. ) ;
#359 = EDGE_CURVE ( 'NONE', #7976, #4309, #3248, .T. ) ;
#360 = CARTESIAN_POINT ( 'NONE',  ( -4.999999999999999112, -15.75000000000000355, 1.647987302177966740E-14 ) ) ;
#361 = CARTESIAN_POINT ( 'NONE',  ( -15.60139438823592428, 8.623155920901625748, 9.023211003093656757 ) ) ;
#362 = CARTESIAN_POINT ( 'NONE',  ( -11.61572784595916197, -2.291925742074497396, -22.17638969588096742 ) ) ;
#363 = CARTESIAN_POINT ( 'NONE',  ( -16.96671763954281431, 9.087499336501773328, -5.593452812741169566 ) ) ;
#364 = CARTESIAN_POINT ( 'NONE',  ( -5.000000000000015099, 15.11169356656657747, -25.61698881536763039 ) ) ;
#365 = LINE ( 'NONE', #7887, #7930 ) ;
#366 = CARTESIAN_POINT ( 'NONE',  ( -5.000000000000001776, 15.75000000000000711, -4.407281562876617542 ) ) ;
#367 = CARTESIAN_POINT ( 'NONE',  ( -18.27229322296452096, -7.040094285876741687, -9.566270110267588223 ) ) ;
#368 = CARTESIAN_POINT ( 'NONE',  ( -4.524692932747190532, -14.87018002306179376, -14.67729742290141992 ) ) ;
#369 = CARTESIAN_POINT ( 'NONE',  ( -1.524319402891596287, -16.06323927741646074, -4.561502075150453805 ) ) ;
#370 = CARTESIAN_POINT ( 'NONE',  ( -4.374348427775769821, -14.80758521388555948, -22.24294903500042864 ) ) ;
#371 = CARTESIAN_POINT ( 'NONE',  ( -4.509278036799489797, 15.94584289475779038, 20.13646520740138612 ) ) ;
#372 = CARTESIAN_POINT ( 'NONE',  ( 1.219727444046192488E-15, -13.07901471602545662, 30.35135460318092271 ) ) ;
#373 = CARTESIAN_POINT ( 'NONE',  ( -18.46926058980609753, 0.4209668427883483388, 10.63546931184003697 ) ) ;
#374 = CARTESIAN_POINT ( 'NONE',  ( -19.99999999999929656, -7.704262322020176690, 6.454473139748214017 ) ) ;
#375 = CARTESIAN_POINT ( 'NONE',  ( -2.439454888092387442E-16, 16.49401550200895628, -22.47766677708665028 ) ) ;
#376 = CARTESIAN_POINT ( 'NONE',  ( -15.69514638760076330, -9.388803642503056324, 6.948389951248228336 ) ) ;
#377 = EDGE_LOOP ( 'NONE', ( #5756, #6967, #35, #6043 ) ) ;
#378 = DIRECTION ( 'NONE',  ( 0.0000000000000000000, 0.0000000000000000000, -1.000000000000000000 ) ) ;
#379 = EDGE_CURVE ( 'NONE', #7899, #7296, #7139, .T. ) ;
#380 = CARTESIAN_POINT ( 'NONE',  ( 0.02787060289250346823, 5.033988214869038913, 35.93627093003702555 ) ) ;
#381 = CARTESIAN_POINT ( 'NONE',  ( -1.524319402890892849, 16.06323927741675206, -16.59704746515143725 ) ) ;
#382 = CARTESIAN_POINT ( 'NONE',  ( -3.989375600773052533, -15.16286977528241486, 25.59864782649421144 ) ) ;
#383 = CARTESIAN_POINT ( 'NONE',  ( -16.75594664279932999, 7.148945814024538770, -9.615838190115145068 ) ) ;
#384 = CARTESIAN_POINT ( 'NONE',  ( -5.873411364816676361, 7.523689062677537009, -32.26426047024884980 ) ) ;
#385 = CARTESIAN_POINT ( 'NONE',  ( -4.525595326350805969, 15.93976186945974405, -19.99999998973649795 ) ) ;
#386 = CARTESIAN_POINT ( 'NONE',  ( -18.14007427961566776, 1.698706197416476105, -13.02822556765154260 ) ) ;
#387 = CARTESIAN_POINT ( 'NONE',  ( -4.565452173899895882, 15.92381913044005692, 19.62690799495311822 ) ) ;
#388 = CARTESIAN_POINT ( 'NONE',  ( -17.37518428019636119, -6.783138497034848946, 9.063912425166954279 ) ) ;
#389 = EDGE_CURVE ( 'NONE', #1354, #2602, #2248, .T. ) ;
#390 = CARTESIAN_POINT ( 'NONE',  ( -15.54175663137733032, -8.009096945619274877, -10.44753095132871934 ) ) ;
#391 = CIRCLE ( 'NONE', #2934, 22.74999999999999645 ) ;
#392 = ORIENTED_EDGE ( 'NONE', *, *, #6411, .T. ) ;
#393 = CARTESIAN_POINT ( 'NONE',  ( -16.76013000826676347, -7.190698199108005007, -9.545344889308081449 ) ) ;
#394 = CARTESIAN_POINT ( 'NONE',  ( -11.85364941813471518, 10.23622604260460811, 13.70420008421462832 ) ) ;
#395 = CARTESIAN_POINT ( 'NONE',  ( -11.64065059808291380, 5.893169544191147580, -20.56621205987013568 ) ) ;
#396 = CARTESIAN_POINT ( 'NONE',  ( 0.0000000000000000000, 19.99999999999999645, -36.50000000000000711 ) ) ;
#397 = CARTESIAN_POINT ( 'NONE',  ( -20.00000000000002487, 8.142666104734818333, -9.276692913943067609 ) ) ;
#398 = CARTESIAN_POINT ( 'NONE',  ( -14.13135414602721696, -4.705707053432159448, 16.79281392022271646 ) ) ;
#399 = CARTESIAN_POINT ( 'NONE',  ( 0.02786550146250646107, -1.211768486665520062, -36.66893817123787613 ) ) ;
#400 = SURFACE_STYLE_USAGE ( .BOTH. , #3127 ) ;
#401 = ORIENTED_EDGE ( 'NONE', *, *, #3750, .T. ) ;
#402 = CARTESIAN_POINT ( 'NONE',  ( -5.021497738802599642, -15.74140090447896334, -2.938319935301772379 ) ) ;
#403 = EDGE_CURVE ( 'NONE', #7254, #6735, #3385, .T. ) ;
#404 = CARTESIAN_POINT ( 'NONE',  ( -18.04823494643613557, 7.099889528534149008, 7.611344869604363517 ) ) ;
#405 = CARTESIAN_POINT ( 'NONE',  ( -17.84292583074606142, -0.1486975294689509286, -11.72127764267645667 ) ) ;
#406 = CARTESIAN_POINT ( 'NONE',  ( -4.555829081660228930, 14.85376747709115897, -12.10011713126175081 ) ) ;
#407 = CARTESIAN_POINT ( 'NONE',  ( -4.850000000000000533, 15.80946413698796427, -4.730502247886125389 ) ) ;
#408 = CARTESIAN_POINT ( 'NONE',  ( -4.850000000000000533, 15.85065816696707941, -21.95819674138759936 ) ) ;
#409 = CARTESIAN_POINT ( 'NONE',  ( -4.891455830526568072, 15.79341766778937917, -9.558788256687371643 ) ) ;
#410 = CARTESIAN_POINT ( 'NONE',  ( -18.13685027104778058, -0.9014361271759688821, -13.16049415497193742 ) ) ;
#411 = CARTESIAN_POINT ( 'NONE',  ( -16.81697692885380846, -7.769977899465804860, -8.517726968878914562 ) ) ;
#412 = ORIENTED_EDGE ( 'NONE', *, *, #6980, .T. ) ;
#413 = CARTESIAN_POINT ( 'NONE',  ( 0.02782555748655273636, -16.68409726156771100, -17.53030617917576350 ) ) ;
#414 = CARTESIAN_POINT ( 'NONE',  ( -13.02281563711205514, -9.081856905783848077, -13.92293982120948570 ) ) ;
#415 = CARTESIAN_POINT ( 'NONE',  ( -5.518553396259429533, 15.39344860114319502, 20.33816628957223571 ) ) ;
#416 = CARTESIAN_POINT ( 'NONE',  ( 9.757819552369539906E-16, 16.67296703857310902, 19.99999998914173105 ) ) ;
#417 = CARTESIAN_POINT ( 'NONE',  ( -20.00000000000003197, -11.07246765957937207, 3.270285872543797989 ) ) ;
#418 = PLANE ( 'NONE',  #6812 ) ;
#419 = CARTESIAN_POINT ( 'NONE',  ( -19.59026662594045476, -9.028819271000722679, 1.240801964634018262 ) ) ;
#420 = ORIENTED_EDGE ( 'NONE', *, *, #4756, .T. ) ;
#421 = CARTESIAN_POINT ( 'NONE',  ( 0.02796461246874776263, -6.408364512571560034, 35.43582549600585452 ) ) ;
#422 = CARTESIAN_POINT ( 'NONE',  ( -1.524319402890894182, 16.06323927741674851, -15.62978596565526779 ) ) ;
#423 = CARTESIAN_POINT ( 'NONE',  ( -4.533278388006583448, -15.93668864479738367, 19.95315633408845102 ) ) ;
#424 = CARTESIAN_POINT ( 'NONE',  ( -11.84706327580278540, 10.20396129031303545, -13.87042375332249122 ) ) ;
#425 = AXIS2_PLACEMENT_3D ( 'NONE', #2287, #2202, #4874 ) ;
#426 = CARTESIAN_POINT ( 'NONE',  ( -5.871207325162038693, 10.85789539121191716, -29.69907455486771042 ) ) ;
#427 = CARTESIAN_POINT ( 'NONE',  ( -16.02008594708813405, 5.182848244412744165, 13.11080697297209241 ) ) ;
#428 = CARTESIAN_POINT ( 'NONE',  ( -5.509000704689119843, -15.40605208530999981, -20.23804162244813654 ) ) ;
#429 = CARTESIAN_POINT ( 'NONE',  ( -5.412439175663262603, 15.48780926477235909, 19.56901003715081444 ) ) ;
#430 = CARTESIAN_POINT ( 'NONE',  ( -11.85529480254484369, -10.23652245074275768, 13.69692018503454101 ) ) ;
#431 = AXIS2_PLACEMENT_3D ( 'NONE', #1612, #7336, #4143 ) ;
#432 = CARTESIAN_POINT ( 'NONE',  ( -17.38489558991861728, -6.893259256436179427, -8.903167166067420979 ) ) ;
#433 = VECTOR ( 'NONE', #2677, 1000.000000000000000 ) ;
#434 = ORIENTED_EDGE ( 'NONE', *, *, #1250, .F. ) ;
#435 = EDGE_CURVE ( 'NONE', #5493, #8021, #3481, .T. ) ;
#436 = CARTESIAN_POINT ( 'NONE',  ( -11.83837724929671253, -10.16917523879093999, -14.04413975672924586 ) ) ;
#437 = CARTESIAN_POINT ( 'NONE',  ( -9.398263799833824095, 11.77645057913390758, 15.74658240842656554 ) ) ;
#438 = CARTESIAN_POINT ( 'NONE',  ( -6.678521629619661226, 9.647039108633848059, -26.90718015974290367 ) ) ;
#439 = PLANE ( 'NONE',  #4905 ) ;
#440 = CARTESIAN_POINT ( 'NONE',  ( -20.00000000000003908, 7.730313203030761748, -9.800492370423539157 ) ) ;
#441 = CARTESIAN_POINT ( 'NONE',  ( -12.88692425267168318, -5.297655683190226839, 18.67892568671985742 ) ) ;
#442 = CARTESIAN_POINT ( 'NONE',  ( -1.524320007294459600, 16.06207973884251317, -20.22357005404458974 ) ) ;
#443 = DIRECTION ( 'NONE',  ( -1.000000000000000000, -0.0000000000000000000, -0.0000000000000000000 ) ) ;
#444 = CARTESIAN_POINT ( 'NONE',  ( -6.988951839258569443, 13.50161420885705255, 14.02171974306752134 ) ) ;
#445 = CARTESIAN_POINT ( 'NONE',  ( -9.123850280957713110, -2.773536082207330722, -26.38888533880476572 ) ) ;
#446 = CARTESIAN_POINT ( 'NONE',  ( -16.99944345815910651, 9.324873236422975609, -4.799309827018301888 ) ) ;
#447 = CARTESIAN_POINT ( 'NONE',  ( -19.99999999999998934, 7.720714011170634272, 6.477051582354468984 ) ) ;
#448 = CARTESIAN_POINT ( 'NONE',  ( -5.011258267071423411, 15.74549669317148926, -19.63841996598852546 ) ) ;
#449 = CARTESIAN_POINT ( 'NONE',  ( -5.007516896646990290, -15.74699324134578760, -16.65316346718219265 ) ) ;
#450 = CARTESIAN_POINT ( 'NONE',  ( -15.60365153370558566, -8.621922655861268936, -9.021666440982674118 ) ) ;
#451 = CARTESIAN_POINT ( 'NONE',  ( -4.628609323645899387, -14.82152330911474714, -10.49657224245021325 ) ) ;
#452 = CARTESIAN_POINT ( 'NONE',  ( -4.390268242582426872, -14.85632502550410372, -21.78877264620001952 ) ) ;
#453 = CARTESIAN_POINT ( 'NONE',  ( -20.00000000000002842, 8.746094849481561795, -8.442417864953062789 ) ) ;
#454 = CARTESIAN_POINT ( 'NONE',  ( -4.330194349639766571, 7.658954291662522174, -32.83214450765015613 ) ) ;
#455 = CARTESIAN_POINT ( 'NONE',  ( -18.30481664722324453, -7.442682419100385083, 9.007897332673270085 ) ) ;
#456 = LINE ( 'NONE', #2471, #3781 ) ;
#457 = CARTESIAN_POINT ( 'NONE',  ( -17.72143713671614762, -9.750863320063709594, 1.429514876295359338 ) ) ;
#458 = DIRECTION ( 'NONE',  ( 1.000000000000000000, 0.0000000000000000000, 0.0000000000000000000 ) ) ;
#459 = EDGE_CURVE ( 'NONE', #6463, #7296, #1551, .T. ) ;
#460 = VECTOR ( 'NONE', #7937, 1000.000000000000000 ) ;
#461 = CARTESIAN_POINT ( 'NONE',  ( -3.076414013687939430, 0.2184994888101546850, 35.44137877674765491 ) ) ;
#462 = CARTESIAN_POINT ( 'NONE',  ( -19.59505779572233308, 9.082401348555853460, 0.1916333073788135111 ) ) ;
#463 = CARTESIAN_POINT ( 'NONE',  ( -5.048963780362430320, -15.70263493849827974, 20.97500036507684840 ) ) ;
#464 = CARTESIAN_POINT ( 'NONE',  ( -19.23684698822411576, 5.798670818816693107, -7.335161556483961398 ) ) ;
#465 = CARTESIAN_POINT ( 'NONE',  ( -5.867236668750328121, -2.287385169602805579, -34.09508486990880982 ) ) ;
#466 = CARTESIAN_POINT ( 'NONE',  ( -15.43962384707896085, 6.687541919694407255, 12.69764069909069981 ) ) ;
#467 = CARTESIAN_POINT ( 'NONE',  ( -5.754953040564781297, -14.60498699503604669, -23.75003446234675764 ) ) ;
#468 = LINE ( 'NONE', #3025, #2906 ) ;
#469 = CARTESIAN_POINT ( 'NONE',  ( -13.08035271473651662, -9.444038154772657734, 12.74854731281801712 ) ) ;
#470 = CARTESIAN_POINT ( 'NONE',  ( -6.935641548227046371, -13.34058223057235182, -17.74083622914861280 ) ) ;
#471 = EDGE_LOOP ( 'NONE', ( #1136, #2275, #2339, #3806, #7569 ) ) ;
#472 = ORIENTED_EDGE ( 'NONE', *, *, #2400, .T. ) ;
#473 = CARTESIAN_POINT ( 'NONE',  ( -16.76583701866105258, 7.253612895610189959, 9.439010110383630803 ) ) ;
#474 = CARTESIAN_POINT ( 'NONE',  ( -16.06879303577591145, 6.557430998648927201, -11.66259423530437722 ) ) ;
#475 = DIRECTION ( 'NONE',  ( 0.0000000000000000000, 0.0000000000000000000, 1.000000000000000000 ) ) ;
#476 = CARTESIAN_POINT ( 'NONE',  ( -18.15888316584528894, 3.726512148591271334, -12.32769938355870920 ) ) ;
#477 = CARTESIAN_POINT ( 'NONE',  ( -9.231059105913651308, -10.46530317203305316, 20.39880180171414281 ) ) ;
#478 = CARTESIAN_POINT ( 'NONE',  ( -3.076495815741009832, 14.36062870977559314, -25.67844889083781013 ) ) ;
#479 = VERTEX_POINT ( 'NONE', #3610 ) ;
#480 = EDGE_CURVE ( 'NONE', #3396, #1246, #4467, .T. ) ;
#481 = CARTESIAN_POINT ( 'NONE',  ( -4.367691654714410454, 11.41101517546175081, 29.64312432598863367 ) ) ;
#482 = B_SPLINE_CURVE_WITH_KNOTS ( 'NONE', 3,
 ( #4403, #1956, #4538, #523, #3085, #8223, #1324, #6457, #695, #5836, #2458, #5001, #567, #1828, #3772, #5045, #6332, #5708, #8263, #2500, #5091, #7630, #1870, #3859, #7544, #5664, #5046, #8139, #2545, #3690, #3086, #485, #7004, #5002, #1106, #1747, #5092, #6375, #6418, #4495, #3732, #613, #1239, #7631, #6251, #1789, #7587, #6876 ),
 .UNSPECIFIED., .F., .F.,
 ( 4, 2, 2, 2, 2, 2, 2, 2, 2, 2, 2, 2, 2, 2, 2, 2, 2, 2, 2, 2, 2, 2, 2, 4 ),
 ( 0.03623046305597561051, 0.03809432743705544466, 0.03995819181813528576, 0.04089012400867519936, 0.04182205619921511991, 0.04368592058029496100, 0.04461785277083488155, 0.04554978496137479516, 0.04741364934245463625, 0.04834558153299455679, 0.04927751372353447734, 0.05114137810461431843, 0.05207331029515423204, 0.05300524248569415259, 0.05393717467623407313, 0.05486910686677398674, 0.05673297124785382783, 0.05859683562893367587, 0.06046070001001351696, 0.06232456439109336499, 0.06325649658163327860, 0.06418842877217320608, 0.06512036096271311969, 0.06605229315325304718 ),
 .UNSPECIFIED. ) ;
#483 = CARTESIAN_POINT ( 'NONE',  ( -15.67353194871987121, 9.240168477892240162, 7.398273057607451797 ) ) ;
#484 = CARTESIAN_POINT ( 'NONE',  ( -4.138055630982215405, -2.674251316089016228, -35.00661109485726996 ) ) ;
#485 = CARTESIAN_POINT ( 'NONE',  ( -19.00000000000001066, 4.052893579648335631, -8.808735287476091358 ) ) ;
#486 = CARTESIAN_POINT ( 'NONE',  ( -18.20538309515996289, 8.530059055517922317, -5.079234456042244439 ) ) ;
#487 = CARTESIAN_POINT ( 'NONE',  ( -5.000000000000000888, -2.758187410052688637, -35.57511223967397029 ) ) ;
#488 = CARTESIAN_POINT ( 'NONE',  ( -4.563871304685140018, 15.92445147812595430, -19.66712303158540820 ) ) ;
#489 = CARTESIAN_POINT ( 'NONE',  ( -5.000000000000001776, -15.75000000000000000, -4.407281562878575976 ) ) ;
#490 = CARTESIAN_POINT ( 'NONE',  ( -15.62162260510407208, -8.781729303112777885, -8.620088382925596093 ) ) ;
#491 = CARTESIAN_POINT ( 'NONE',  ( 0.02782555748655402700, -16.68409726156771455, -19.84489041207078941 ) ) ;
#492 = CARTESIAN_POINT ( 'NONE',  ( -11.77910257673908490, -9.799327017462085010, -15.38723618584382180 ) ) ;
#493 = CARTESIAN_POINT ( 'NONE',  ( -5.021880575461791452, -15.74124776981527063, 2.937513495672895214 ) ) ;
#494 = CARTESIAN_POINT ( 'NONE',  ( -4.331022271424622261, -7.788956800058381980, -32.75316530535796034 ) ) ;
#495 = CARTESIAN_POINT ( 'NONE',  ( -20.00000000000142109, -2.494064917183548946, 9.738902323709309528 ) ) ;
#496 = FACE_OUTER_BOUND ( 'NONE', #2883, .T. ) ;
#497 = CARTESIAN_POINT ( 'NONE',  ( -12.04076867721433253, -11.51096674735698677, 6.475066705391143707 ) ) ;
#498 = CARTESIAN_POINT ( 'NONE',  ( -18.99999999999998934, -8.045990219421362610, 4.979773556303811688 ) ) ;
#499 = CIRCLE ( 'NONE', #639, 5.000000000000000000 ) ;
#500 = CARTESIAN_POINT ( 'NONE',  ( 0.02781316852113314975, -2.666527208883767042, 36.46908902705318667 ) ) ;
#501 = CARTESIAN_POINT ( 'NONE',  ( -19.57888739507274423, 8.973589538040226188, 1.620164423852237912 ) ) ;
#502 = EDGE_CURVE ( 'NONE', #5099, #7843, #3650, .T. ) ;
#503 = CARTESIAN_POINT ( 'NONE',  ( -3.402506605803175432, -1.096582707370041598, 36.38821064025837870 ) ) ;
#504 = CARTESIAN_POINT ( 'NONE',  ( -9.397637246575216707, 11.77245847231731801, -15.78239069397701222 ) ) ;
#505 = CARTESIAN_POINT ( 'NONE',  ( -5.873958903334951742, -8.295939483831830330, -31.79175621009741448 ) ) ;
#506 = CARTESIAN_POINT ( 'NONE',  ( -19.16263055662676962, 4.374026895071188470, 8.375131622840610746 ) ) ;
#507 = CARTESIAN_POINT ( 'NONE',  ( -18.40089892168091623, 8.513340148189387335, 7.333879127030332512 ) ) ;
#508 = CARTESIAN_POINT ( 'NONE',  ( 0.0000000000000000000, -19.99999999999999645, -34.49999999999999289 ) ) ;
#509 = CARTESIAN_POINT ( 'NONE',  ( -16.76746064800915192, -7.242085430726334039, 9.453830077810380317 ) ) ;
#510 = CARTESIAN_POINT ( 'NONE',  ( -14.30969515119202917, -8.707386381159128774, -11.60823080703572607 ) ) ;
#511 = ORIENTED_EDGE ( 'NONE', *, *, #4884, .F. ) ;
#512 = CARTESIAN_POINT ( 'NONE',  ( -18.61414358216398313, 6.145930625160000105, 7.876173685532784852 ) ) ;
#513 = CARTESIAN_POINT ( 'NONE',  ( -17.26838623855073607, 4.747687960574286770, -11.19706532582036829 ) ) ;
#514 = CARTESIAN_POINT ( 'NONE',  ( -18.51017540721294452, -9.501852579841559177, -5.272424609857697675 ) ) ;
#515 = DIRECTION ( 'NONE',  ( 0.0000000000000000000, 0.0000000000000000000, 1.000000000000000000 ) ) ;
#516 = CARTESIAN_POINT ( 'NONE',  ( -17.29752316166932147, -5.533168670716693605, 10.53267970187028801 ) ) ;
#517 = CARTESIAN_POINT ( 'NONE',  ( -1.524322164220991205, 16.05676768696426393, -20.45335893344904932 ) ) ;
#518 = FILL_AREA_STYLE ('',( #3726 ) ) ;
#519 = EDGE_LOOP ( 'NONE', ( #4927, #7452, #5123, #2432, #5520, #551, #2905, #2851, #7723, #2655 ) ) ;
#520 = CARTESIAN_POINT ( 'NONE',  ( -4.314580635408875153, 4.112777902658669937, 34.37372616428778116 ) ) ;
#521 = CARTESIAN_POINT ( 'NONE',  ( -15.58393938460455352, 8.457542993183684743, 9.419755382585398351 ) ) ;
#522 = CARTESIAN_POINT ( 'NONE',  ( -6.627862500585211869, -0.4397343493009494009, -30.99490568092258158 ) ) ;
#523 = CARTESIAN_POINT ( 'NONE',  ( -19.00000000000000355, 7.593722636648166713, 5.710211722513395927 ) ) ;
#524 = CARTESIAN_POINT ( 'NONE',  ( -20.00000000000001776, 1.638509653673310140, 13.56399803671241067 ) ) ;
#525 = AXIS2_PLACEMENT_3D ( 'NONE', #4651, #687, #31 ) ;
#526 = CARTESIAN_POINT ( 'NONE',  ( -12.09937333899870460, 11.84662111861958955, -3.100838870747939957 ) ) ;
#527 = CARTESIAN_POINT ( 'NONE',  ( -12.86073852547072249, 0.8749077893865113698, 20.24810405996397833 ) ) ;
#528 = CARTESIAN_POINT ( 'NONE',  ( -5.000000000000000888, 15.75000000000001421, 4.707529648105255760 ) ) ;
#529 = CARTESIAN_POINT ( 'NONE',  ( -1.524224941993497229, -15.74319037835860513, -23.68271676293809946 ) ) ;
#530 = CARTESIAN_POINT ( 'NONE',  ( -5.022902600800676964, -15.74083895967980951, -19.73102819281987053 ) ) ;
#531 = CARTESIAN_POINT ( 'NONE',  ( -18.08902697463402731, -7.489034533752528588, -7.025978776273480442 ) ) ;
#532 = CARTESIAN_POINT ( 'NONE',  ( -5.050000000000005151, -14.86851507317535415, -26.29689931354193533 ) ) ;
#533 = CARTESIAN_POINT ( 'NONE',  ( -16.01768280453624982, -5.184266959867359859, -13.11406157447209431 ) ) ;
#534 = CARTESIAN_POINT ( 'NONE',  ( -5.000000000000000000, -15.75000000000000355, -4.407281562881768089 ) ) ;
#535 = CARTESIAN_POINT ( 'NONE',  ( -4.362020639991265547, -11.03546958610768236, -30.07438643347861884 ) ) ;
#536 = CIRCLE ( 'NONE', #5810, 2.000000000000001776 ) ;
#537 = CARTESIAN_POINT ( 'NONE',  ( -20.00000000000002842, -5.031940706384539830, 12.22740908249356551 ) ) ;
#538 = CARTESIAN_POINT ( 'NONE',  ( -8.944667923005437219E-16, -15.98087215306531483, -24.77769604678028159 ) ) ;
#539 = CARTESIAN_POINT ( 'NONE',  ( -18.30587928820360588, -9.246048615835167794, 2.906291657419141305 ) ) ;
#540 = CARTESIAN_POINT ( 'NONE',  ( -18.99999999999999645, -9.062943497304967622, -2.281865294871697980 ) ) ;
#541 = CARTESIAN_POINT ( 'NONE',  ( -5.262019551041796639, 15.61208450477574416, 14.57949508883009671 ) ) ;
#542 = ORIENTED_EDGE ( 'NONE', *, *, #1633, .F. ) ;
#543 = CARTESIAN_POINT ( 'NONE',  ( -4.628662989605537348, -14.76367440041045676, 22.18218535247462952 ) ) ;
#544 = CARTESIAN_POINT ( 'NONE',  ( -13.35290643502203167, 11.40398340230964180, 2.424210466355861016 ) ) ;
#545 = CARTESIAN_POINT ( 'NONE',  ( -5.003073325201377486, -5.531779293445425516, 34.75463468528646160 ) ) ;
#546 = CARTESIAN_POINT ( 'NONE',  ( -17.99563268684928019, 6.498642763701713676, -8.418965938615428968 ) ) ;
#547 = CARTESIAN_POINT ( 'NONE',  ( -3.472618161960253413, -7.239422913500307644, -34.68188681134596862 ) ) ;
#548 = CARTESIAN_POINT ( 'NONE',  ( -16.10991477987477438, 7.223527335077570832, 10.74417495390759925 ) ) ;
#549 = DIRECTION ( 'NONE',  ( 0.0000000000000000000, 0.0000000000000000000, -1.000000000000000000 ) ) ;
#550 = CARTESIAN_POINT ( 'NONE',  ( -4.551828447837719338, 15.92926862086492612, 19.81754027376719662 ) ) ;
#551 = ORIENTED_EDGE ( 'NONE', *, *, #5711, .T. ) ;
#552 = CARTESIAN_POINT ( 'NONE',  ( -11.85373656686145338, -10.22173281490010766, 13.76840100340502460 ) ) ;
#553 = CARTESIAN_POINT ( 'NONE',  ( -9.399267168492247748, -11.77581235549415517, -15.74574977436990508 ) ) ;
#554 = EDGE_LOOP ( 'NONE', ( #3502, #3667, #1203, #4604 ) ) ;
#555 = CARTESIAN_POINT ( 'NONE',  ( -13.08059304149654167, 9.457798290084305393, 12.70121421236054893 ) ) ;
#556 = CARTESIAN_POINT ( 'NONE',  ( -14.17696647925203912, 6.931858201589818691, -14.86173951355956646 ) ) ;
#557 = CARTESIAN_POINT ( 'NONE',  ( -18.64081808480339575, -10.51155103130570367, 0.5720687295062477640 ) ) ;
#558 = CARTESIAN_POINT ( 'NONE',  ( 3.000000000000000000, 19.99999999999999645, -34.50000000000000000 ) ) ;
#559 = CARTESIAN_POINT ( 'NONE',  ( -4.850000000000000533, -15.84037421174403626, 18.20067515676985082 ) ) ;
#560 = CARTESIAN_POINT ( 'NONE',  ( -14.16822917046562580, -6.623277459689032476, 15.22817553924082290 ) ) ;
#561 = CARTESIAN_POINT ( 'NONE',  ( -4.628662989605533795, 14.76367440041046031, -22.18218535247462952 ) ) ;
#562 = FACE_OUTER_BOUND ( 'NONE', #1902, .T. ) ;
#563 = VECTOR ( 'NONE', #6546, 1000.000000000000000 ) ;
#564 = CARTESIAN_POINT ( 'NONE',  ( -4.505818534423037036, -14.79839191794920339, 21.49466777280050422 ) ) ;
#565 = CARTESIAN_POINT ( 'NONE',  ( -18.02970599280658703, 6.899148282993041725, 7.895071203612286759 ) ) ;
#566 = CARTESIAN_POINT ( 'NONE',  ( -15.35068330873028586, -0.2118518906539820224, -16.00421562627581196 ) ) ;
#567 = CARTESIAN_POINT ( 'NONE',  ( -18.99999999999998224, 9.308166474288041670, 0.4333940334513861070 ) ) ;
#568 = CARTESIAN_POINT ( 'NONE',  ( -20.00000000000144240, 1.735925323192902159, 9.879563854029353109 ) ) ;
#569 = B_SPLINE_CURVE_WITH_KNOTS ( 'NONE', 3,
 ( #8233, #6342, #3400, #7847, #5967, #2005 ),
 .UNSPECIFIED., .F., .F.,
 ( 4, 2, 4 ),
 ( -8.338719993796133519E-05, 0.004324045080153124040, 0.008731477360244209104 ),
 .UNSPECIFIED. ) ;
#570 = CARTESIAN_POINT ( 'NONE',  ( -9.580058222717157790, 12.71058136867788946, -6.021547785196058378 ) ) ;
#571 = CARTESIAN_POINT ( 'NONE',  ( -11.61384695030190350, 0.3088281964760125065, 22.42613786584823643 ) ) ;
#572 = CARTESIAN_POINT ( 'NONE',  ( -4.849999999999994316, 6.972997297136327433, -34.46578159907402039 ) ) ;
#573 = CARTESIAN_POINT ( 'NONE',  ( -5.413677176135792912, 15.48632185420928309, -19.65776779973476707 ) ) ;
#574 = CARTESIAN_POINT ( 'NONE',  ( -4.891455830611576516, -15.79341766775537259, -9.558788256702872133 ) ) ;
#575 = CARTESIAN_POINT ( 'NONE',  ( -13.09997321177726448, -9.620323643008910963, -12.08853070409763220 ) ) ;
#576 = ADVANCED_BREP_SHAPE_REPRESENTATION ( '8006a', ( #6211, #6371, #3458, #929 ), #3497 ) ;
#577 = ORIENTED_EDGE ( 'NONE', *, *, #1952, .T. ) ;
#578 = CARTESIAN_POINT ( 'NONE',  ( -1.524319402891592734, -16.06323927741645718, -19.99999998935998491 ) ) ;
#579 = CARTESIAN_POINT ( 'NONE',  ( -19.14066241835746851, -3.894799997817521842, -8.662049814887826216 ) ) ;
#580 = CARTESIAN_POINT ( 'NONE',  ( -20.00000000000002487, 10.87084679207151083, 4.022391844015993811 ) ) ;
#581 = CARTESIAN_POINT ( 'NONE',  ( -4.335798070159147422, 8.482911620579796974, -32.30018127485491419 ) ) ;
#582 = CARTESIAN_POINT ( 'NONE',  ( -18.15876597920170710, -3.718078425784970609, 12.33175861594842004 ) ) ;
#583 = CARTESIAN_POINT ( 'NONE',  ( -4.628609323646398543, -14.82152330911453575, -4.407281562884317161 ) ) ;
#584 = CARTESIAN_POINT ( 'NONE',  ( -9.622817685106447527, -12.88601924702440726, 2.202953189965144443 ) ) ;
#585 = CARTESIAN_POINT ( 'NONE',  ( -19.00000000000000355, 3.821975203963683398, 8.918475684240563695 ) ) ;
#586 =( LENGTH_UNIT ( ) NAMED_UNIT ( * ) SI_UNIT ( .MILLI., .METRE. ) );
#587 = ORIENTED_EDGE ( 'NONE', *, *, #6196, .F. ) ;
#588 = VECTOR ( 'NONE', #8294, 1000.000000000000000 ) ;
#589 = EDGE_CURVE ( 'NONE', #1541, #4121, #7677, .T. ) ;
#590 = CARTESIAN_POINT ( 'NONE',  ( -4.628609308423813573, -14.82154402103127211, 20.04888921608280583 ) ) ;
#591 = CARTESIAN_POINT ( 'NONE',  ( -17.37236874754858462, -6.782551851099168694, -9.069228074854120081 ) ) ;
#592 = CARTESIAN_POINT ( 'NONE',  ( -9.627559057277689902, 12.91000265768764876, -0.9307946869601851914 ) ) ;
#593 = CARTESIAN_POINT ( 'NONE',  ( -3.507809991136467076, -8.655869051972844730, 33.87663350342798907 ) ) ;
#594 = CARTESIAN_POINT ( 'NONE',  ( -15.53662445807323245, 7.979508725350290099, -10.51810219934756496 ) ) ;
#595 = CARTESIAN_POINT ( 'NONE',  ( -3.816496192264283938, -14.07729563281313823, -28.08112578180415397 ) ) ;
#596 = CARTESIAN_POINT ( 'NONE',  ( -15.49392678496718467, 7.617718557827216408, 11.33478409159334888 ) ) ;
#597 = CARTESIAN_POINT ( 'NONE',  ( -18.37198212697324706, 8.218195789161379494, -7.838570717449417025 ) ) ;
#598 = CARTESIAN_POINT ( 'NONE',  ( -4.966436608665734553, -15.76342535653371613, 1.469191753867365779 ) ) ;
#599 = CARTESIAN_POINT ( 'NONE',  ( -18.00163080767952195, -6.536610303518293641, 8.366676371195762130 ) ) ;
#600 = CARTESIAN_POINT ( 'NONE',  ( -18.61784913950698339, -6.154579173272715309, -7.862621639416368602 ) ) ;
#601 = ORIENTED_EDGE ( 'NONE', *, *, #615, .F. ) ;
#602 = CARTESIAN_POINT ( 'NONE',  ( -13.08036804214319915, 9.455653754566045066, 12.70916457532633181 ) ) ;
#603 = CARTESIAN_POINT ( 'NONE',  ( -16.68692116779080337, 6.162464398214739347, -10.97868880643492950 ) ) ;
#604 = CARTESIAN_POINT ( 'NONE',  ( -5.415063198154287605, 15.48538022064591857, 19.66397487614012007 ) ) ;
#605 = CARTESIAN_POINT ( 'NONE',  ( -20.00000000000076739, 2.765559283471722196, -9.674271198462724541 ) ) ;
#606 = CARTESIAN_POINT ( 'NONE',  ( -20.00000000000001421, 1.694183542896309902, 9.861515702345798218 ) ) ;
#607 = CARTESIAN_POINT ( 'NONE',  ( -11.68535568200309882, -8.165449072877892789, 18.43534515888715575 ) ) ;
#608 = DIRECTION ( 'NONE',  ( 1.000000000000000000, 0.0000000000000000000, 0.0000000000000000000 ) ) ;
#609 = CARTESIAN_POINT ( 'NONE',  ( -4.436360375320982818, -14.09101365712180431, 25.01392683079490098 ) ) ;
#610 = CARTESIAN_POINT ( 'NONE',  ( -11.86922809470562079, 10.36673663786688060, 13.06608888168477556 ) ) ;
#611 = CARTESIAN_POINT ( 'NONE',  ( -18.46713142853628042, 0.7291948521531167460, -10.61805051192590454 ) ) ;
#612 = CARTESIAN_POINT ( 'NONE',  ( -5.049999999999999822, -15.73000000000001108, 22.11486045647536258 ) ) ;
#613 = CARTESIAN_POINT ( 'NONE',  ( -19.00000000000000000, -3.820359633717443693, -8.901574083790418257 ) ) ;
#614 = CARTESIAN_POINT ( 'NONE',  ( -17.07779548666508873, 9.870860386765288652, -2.335509463941338293 ) ) ;
#615 = EDGE_CURVE ( 'NONE', #6790, #4786, #3659, .T. ) ;
#616 = CARTESIAN_POINT ( 'NONE',  ( -12.86051219053695505, -0.3200328276784452641, 20.26425112573070919 ) ) ;
#617 = CARTESIAN_POINT ( 'NONE',  ( -5.013352589818242500, 15.74465896407272680, -19.66142092734997959 ) ) ;
#618 = CARTESIAN_POINT ( 'NONE',  ( -4.641750217482745633, -15.89329991300690281, -17.28320659807524606 ) ) ;
#619 = CARTESIAN_POINT ( 'NONE',  ( -18.65092937782386429, -6.559511610904501744, -7.408135659102740966 ) ) ;
#620 = VERTEX_POINT ( 'NONE', #4229 ) ;
#621 = ORIENTED_EDGE ( 'NONE', *, *, #6980, .F. ) ;
#622 = CARTESIAN_POINT ( 'NONE',  ( -3.076464363268366586, -15.44238129326574338, -19.85117084879478000 ) ) ;
#623 = CARTESIAN_POINT ( 'NONE',  ( -11.73979689597249276, -9.385255054430077237, -16.45127024212493083 ) ) ;
#624 = CARTESIAN_POINT ( 'NONE',  ( -40.00000000000000000, 0.0000000000000000000, 0.0000000000000000000 ) ) ;
#625 = CARTESIAN_POINT ( 'NONE',  ( -4.413219806118739541, -13.53092294545937335, -26.29181488266623035 ) ) ;
#626 = CARTESIAN_POINT ( 'NONE',  ( -20.00000000000002487, -7.223155661372071989, 10.39333948189480594 ) ) ;
#627 = CARTESIAN_POINT ( 'NONE',  ( 9.757819552369537934E-16, -13.97303575419652510, -29.10758441483174863 ) ) ;
#628 = CARTESIAN_POINT ( 'NONE',  ( -18.93598970020218175, -9.052419546351334390, -2.426769307237900630 ) ) ;
#629 = CARTESIAN_POINT ( 'NONE',  ( -19.00000000000000355, 4.644640840839426410, 8.470275795425303400 ) ) ;
#630 = CARTESIAN_POINT ( 'NONE',  ( -3.076464294015550216, -10.40450087255291578, 31.54978292478888235 ) ) ;
#631 = CARTESIAN_POINT ( 'NONE',  ( -16.75691666219782405, -7.158639161568408404, -9.599481483093500245 ) ) ;
#632 = CARTESIAN_POINT ( 'NONE',  ( -13.36614127110068750, 11.48032971718487438, -0.7820804379646429938 ) ) ;
#633 = CARTESIAN_POINT ( 'NONE',  ( -5.872067492762580443, -10.51943516770791831, 30.03130419648179483 ) ) ;
#634 = CARTESIAN_POINT ( 'NONE',  ( -13.08367956323237280, 9.487081485303479056, -12.59251642547766359 ) ) ;
#635 = CARTESIAN_POINT ( 'NONE',  ( -3.407818915251142666, -2.133524492682874030, -36.25604541535844305 ) ) ;
#636 = CARTESIAN_POINT ( 'NONE',  ( -9.159060265272689350, 7.660872103073221417, 23.90433536194192499 ) ) ;
#637 = CARTESIAN_POINT ( 'NONE',  ( 0.0000000000000000000, 2.733323094352584069E-15, 19.99999999999999645 ) ) ;
#638 = CYLINDRICAL_SURFACE ( 'NONE', #1740, 22.75000000000000000 ) ;
#639 = AXIS2_PLACEMENT_3D ( 'NONE', #1018, #3081, #2366 ) ;
#640 = CARTESIAN_POINT ( 'NONE',  ( -11.86129063339071266, -10.28760325157302802, 13.44824206326408955 ) ) ;
#641 = CARTESIAN_POINT ( 'NONE',  ( -17.38329250720656205, -6.874298900093795517, -8.930962119105814168 ) ) ;
#642 = DIRECTION ( 'NONE',  ( -0.0000000000000000000, -1.734723475976807587E-16, 1.000000000000000000 ) ) ;
#643 = CARTESIAN_POINT ( 'NONE',  ( -16.14801920443048644, 7.581302869227798169, 10.04253009841485955 ) ) ;
#644 = CARTESIAN_POINT ( 'NONE',  ( -18.54589943822975329, 5.003930450708742761, -8.914549512723063174 ) ) ;
#645 = CARTESIAN_POINT ( 'NONE',  ( -18.19127599364740888, -5.314976000101007791, 11.32968799908042712 ) ) ;
#646 = DIRECTION ( 'NONE',  ( 0.0000000000000000000, -0.0000000000000000000, 1.000000000000000000 ) ) ;
#647 = CARTESIAN_POINT ( 'NONE',  ( -4.850000000000000533, -15.80946413698795361, 4.730502247883225486 ) ) ;
#648 = CARTESIAN_POINT ( 'NONE',  ( -11.71092901731937808, -8.849003046199733546, 17.44644550811765527 ) ) ;
#649 = CARTESIAN_POINT ( 'NONE',  ( -38.00000000000000000, 0.0000000000000000000, 0.0000000000000000000 ) ) ;
#650 = VERTEX_POINT ( 'NONE', #8136 ) ;
#651 = CARTESIAN_POINT ( 'NONE',  ( -4.541520267650556164, 14.85635893151289189, 19.93414036259445155 ) ) ;
#652 = CARTESIAN_POINT ( 'NONE',  ( -18.64802718544091320, 6.561085127162243680, 7.410408610756615388 ) ) ;
#653 = CARTESIAN_POINT ( 'NONE',  ( -4.136397124275101866, 1.677320179130086464, -35.19248293325916421 ) ) ;
#654 = CARTESIAN_POINT ( 'NONE',  ( -5.000000000000001776, -15.75000000000001066, -10.17227422567049544 ) ) ;
#655 = CARTESIAN_POINT ( 'NONE',  ( -18.13922946922881962, 1.547015866060733602, 13.06277157798918331 ) ) ;
#656 = CARTESIAN_POINT ( 'NONE',  ( -19.09228748792970976, -0.1371478517019139309, 9.570554764718748331 ) ) ;
#657 = CARTESIAN_POINT ( 'NONE',  ( -3.076473431994303898, -5.421921792471367851, -34.45955655054847000 ) ) ;
#658 = CARTESIAN_POINT ( 'NONE',  ( -4.727258313916534505, -15.85909667443338655, -14.70846413705228706 ) ) ;
#659 = CARTESIAN_POINT ( 'NONE',  ( -6.943961801273327517, -13.36686145856858055, -17.13769843197309939 ) ) ;
#660 = VERTEX_POINT ( 'NONE', #279 ) ;
#661 = EDGE_CURVE ( 'NONE', #297, #2161, #5463, .T. ) ;
#662 = CARTESIAN_POINT ( 'NONE',  ( -3.076464363268367475, -15.44238129326574516, -19.91070618561291283 ) ) ;
#663 = CIRCLE ( 'NONE', #2800, 22.74999999999999289 ) ;
#664 = CARTESIAN_POINT ( 'NONE',  ( -19.11671031779819430, -2.906045756482646070, -9.069259698788135537 ) ) ;
#665 = LINE ( 'NONE', #5925, #433 ) ;
#666 = CARTESIAN_POINT ( 'NONE',  ( -4.404237881833849677, -13.24888499804772302, -26.87287921141290781 ) ) ;
#667 = CARTESIAN_POINT ( 'NONE',  ( -20.00000000000002842, -5.373257331726636110, 12.00161968981391958 ) ) ;
#668 = DIRECTION ( 'NONE',  ( -1.000000000000000000, -0.0000000000000000000, -0.0000000000000000000 ) ) ;
#669 = CARTESIAN_POINT ( 'NONE',  ( -18.34976491246223773, -9.545675612808754096, -0.9990782307267489504 ) ) ;
#670 = CARTESIAN_POINT ( 'NONE',  ( -19.00000000000001421, -7.589343980906129161, -5.715964493195840213 ) ) ;
#671 = CARTESIAN_POINT ( 'NONE',  ( 0.02804771656029664273, -16.24981227209265100, 24.23577618202684292 ) ) ;
#672 = CARTESIAN_POINT ( 'NONE',  ( -4.456325745534432947, -14.91008447766021305, -20.13795656604472484 ) ) ;
#673 = CARTESIAN_POINT ( 'NONE',  ( -17.04581723869805288, 9.654921660162509411, 3.622922125861602449 ) ) ;
#674 = CARTESIAN_POINT ( 'NONE',  ( -5.865652596578825317, 0.4437480020989939544, 34.26454496134435601 ) ) ;
#675 = CARTESIAN_POINT ( 'NONE',  ( -4.465742960312342191, 14.90467792200573349, -19.69976123008823166 ) ) ;
#676 = CARTESIAN_POINT ( 'NONE',  ( -5.050776270179315297, -15.60607349494335239, -22.03768992393148807 ) ) ;
#677 = CARTESIAN_POINT ( 'NONE',  ( -9.151691555649277277, 7.053479785981921601, 24.38720154535593210 ) ) ;
#678 = FACE_OUTER_BOUND ( 'NONE', #3311, .T. ) ;
#679 = CARTESIAN_POINT ( 'NONE',  ( -4.097257188184763699, 15.57813752045716171, 24.24284502644810857 ) ) ;
#680 = CARTESIAN_POINT ( 'NONE',  ( -15.55327309463262786, -8.130277697091093714, 10.17589395838188970 ) ) ;
#681 = CARTESIAN_POINT ( 'NONE',  ( -19.23868425028586060, -5.780318912231059869, -7.347406884140222694 ) ) ;
#682 = ORIENTED_EDGE ( 'NONE', *, *, #6010, .T. ) ;
#683 = ORIENTED_EDGE ( 'NONE', *, *, #4665, .T. ) ;
#684 = CARTESIAN_POINT ( 'NONE',  ( -17.37852498311701055, 6.850519984085166492, 8.970259332512096506 ) ) ;
#685 = CARTESIAN_POINT ( 'NONE',  ( -16.08126738521241350, 6.797144740699167187, -11.35697874953213926 ) ) ;
#686 = LINE ( 'NONE', #7198, #7712 ) ;
#687 = DIRECTION ( 'NONE',  ( 1.000000000000000000, 0.0000000000000000000, 0.0000000000000000000 ) ) ;
#688 = CARTESIAN_POINT ( 'NONE',  ( -4.849999999999989875, -6.972997297139039929, 34.46578159907267747 ) ) ;
#689 = CARTESIAN_POINT ( 'NONE',  ( -16.70127204311143032, -6.400322856449943032, 10.70121742276456622 ) ) ;
#690 = CARTESIAN_POINT ( 'NONE',  ( -20.00000000000001776, -0.4471959327207306045, -13.70183500814932742 ) ) ;
#691 = EDGE_CURVE ( 'NONE', #2231, #5611, #2133, .T. ) ;
#692 = CARTESIAN_POINT ( 'NONE',  ( -16.76071942713813101, -7.196496269465594509, -9.535478463964539131 ) ) ;
#693 = CARTESIAN_POINT ( 'NONE',  ( -16.78749862016784178, 7.492535347155659053, 9.025917085886447921 ) ) ;
#694 = CARTESIAN_POINT ( 'NONE',  ( -12.86686609277228399, 3.232823860581784281, -19.73177646057673229 ) ) ;
#695 = CARTESIAN_POINT ( 'NONE',  ( -19.00000000000000355, 8.813564178473061617, 3.187252048721191500 ) ) ;
#696 = CARTESIAN_POINT ( 'NONE',  ( -19.99999999999932143, 3.330481967169000246, 9.510292085231917270 ) ) ;
#697 = CARTESIAN_POINT ( 'NONE',  ( -15.98074491352755366, -1.897956634617808280, 14.70587814482394862 ) ) ;
#698 = CARTESIAN_POINT ( 'NONE',  ( -3.076501643865556357, -4.591590917427434526, -34.77062595484008511 ) ) ;
#699 = CARTESIAN_POINT ( 'NONE',  ( -4.525598676922560237, -15.93976052923104447, 19.99998031799386666 ) ) ;
#700 = CARTESIAN_POINT ( 'NONE',  ( -18.01899427319694524, -6.743300696006787831, -8.099553158018402144 ) ) ;
#701 = ORIENTED_EDGE ( 'NONE', *, *, #7928, .F. ) ;
#702 = CARTESIAN_POINT ( 'NONE',  ( -0.0000000000000000000, 17.75000000000001066, 16.54963531164967350 ) ) ;
#703 = CARTESIAN_POINT ( 'NONE',  ( -12.89810869375257951, -6.176150657001799438, -18.02915862114409151 ) ) ;
#704 = B_SPLINE_SURFACE_WITH_KNOTS ( 'NONE', 3, 3, ( 
 ( #4360, #7679, #6921, #3736 ),
 ( #1917, #5714, #4497, #7045 ),
 ( #7506, #6293, #529, #3090 ),
 ( #5668, #2463, #157, #5219 ),
 ( #5299, #4621, #4020, #2711 ),
 ( #7252, #3222, #7841, #4581 ),
 ( #2080, #776, #80, #737 ),
 ( #7124, #2670, #7168, #4662 ),
 ( #7210, #1448, #1411, #3981 ),
 ( #1327, #5920, #2589, #2752 ),
 ( #43, #817, #6581, #3394 ),
 ( #7759, #3902, #5960, #198 ),
 ( #3307, #5178, #5797, #2630 ),
 ( #5259, #6460, #5339, #7879 ),
 ( #2120, #4702, #1490, #7802 ),
 ( #6420, #657, #4541, #7720 ),
 ( #1959, #698, #7086, #3264 ),
 ( #5839, #2041, #1999, #1371 ),
 ( #3942, #6502, #5879, #117 ),
 ( #6541, #3350, #6123, #234 ),
 ( #7294, #357, #316, #399 ),
 ( #5500, #2871, #1656, #4915 ),
 ( #1570, #3434, #5998, #6700 ),
 ( #5460, #2159, #8053, #8007 ),
 ( #7460, #3524, #4227, #2830 ),
 ( #1530, #2284, #6623, #2913 ),
 ( #4058, #856, #6163, #4872 ),
 ( #4784, #6788, #6744, #2789 ),
 ( #3477, #7918, #5378, #7419 ),
 ( #2955, #5540, #2199, #1017 ),
 ( #4142, #2238, #977, #3607 ),
 ( #8097, #7377, #2325, #1611 ),
 ( #4743, #4100, #6040, #4827 ),
 ( #4183, #6659, #3566, #896 ),
 ( #6082, #274, #5420, #7962 ),
 ( #7335, #937, #3685, #6327 ),
 ( #6829, #478, #6869, #2365 ),
 ( #4308, #1741, #4349, #3126 ),
 ( #561, #8172, #1823, #1100 ),
 ( #5702, #8215, #517, #2409 ),
 ( #4267, #6246, #6205, #6911 ),
 ( #3768, #6952, #442, #2494 ),
 ( #3080, #4395, #1142, #1187 ),
 ( #1700, #8257, #5085, #1056 ),
 ( #7625, #1863, #3725, #3035 ),
 ( #3647, #4442, #7538, #2994 ),
 ( #2451, #5581, #4995, #8135 ),
 ( #5617, #1783, #4955, #7500 ),
 ( #6283, #5658, #5040, #7580 ),
 ( #8034, #6147, #1039, #4938 ),
 ( #7989, #6065, #8079, #7402 ),
 ( #3459, #300, #4855, #6023 ),
 ( #2308, #1638, #2937, #4124 ),
 ( #1554, #1723, #3630, #7945 ),
 ( #1683, #2221, #6188, #1000 ),
 ( #4249, #6682, #381, #5403 ),
 ( #7482, #2812, #422, #6814 ),
 ( #5444, #4768, #4208, #1593 ),
 ( #2978, #6772, #4809, #5484 ),
 ( #3591, #257, #2896, #2349 ),
 ( #2854, #2183, #5562, #4291 ),
 ( #7442, #5524, #8119, #880 ),
 ( #7319, #919, #3506, #7357 ),
 ( #4167, #3549, #6724, #960 ),
 ( #6105, #339, #2265, #4897 ),
 ( #3346, #2038, #853, #2117 ),
 ( #5216, #3303, #4698, #4659 ),
 ( #2786, #7756, #7248, #6538 ),
 ( #4618, #195, #1995, #5374 ),
 ( #6620, #2627, #1487, #2749 ),
 ( #893, #2156, #3431, #4739 ),
 ( #6499, #5916, #5876, #4054 ),
 ( #7165, #114, #5995, #1408 ),
 ( #1445, #7915, #5255, #7291 ),
 ( #231, #3978, #2667, #1527 ),
 ( #5957, #2708, #4577, #7121 ),
 ( #1367, #7207, #7799, #4097 ),
 ( #6656, #3939, #3474, #77 ),
 ( #734, #4016, #773, #153 ),
 ( #5296, #7838, #2077, #6578 ),
 ( #814, #3390, #5335, #7876 ),
 ( #2952, #5578, #2322, #313 ),
 ( #4139, #8094, #6866, #2235 ),
 ( #5416, #7959, #353, #7416 ),
 ( #6696, #7457, #4869, #3644 ),
 ( #5497, #6202, #4824, #6036 ),
 ( #4264, #271, #4912, #6160 ),
 ( #1097, #8132, #6826, #2362 ) ),
 .UNSPECIFIED., .F., .F., .F.,
 ( 4, 3, 3, 3, 3, 3, 3, 3, 3, 3, 3, 3, 3, 3, 3, 3, 3, 3, 3, 3, 3, 3, 3, 3, 3, 3, 3, 3, 3, 4 ),
 ( 4, 4 ),
 ( 0.0000000000000000000, 0.03125000000000000694, 0.06250000000000001388, 0.07812500000000002776, 0.09375000000000002776, 0.1093750000000000278, 0.1250000000000000278, 0.1406250000000000555, 0.1562500000000000555, 0.1718750000000000555, 0.1875000000000000555, 0.2187500000000000555, 0.2500000000000000555, 0.2812500000000001110, 0.2832031250000001110, 0.2841796875000001110, 0.2851562500000001110, 0.2890625000000001110, 0.2968750000000001110, 0.3125000000000001110, 0.3750000000000001110, 0.4375000000000001110, 0.4687500000000001110, 0.4843750000000001110, 0.4921875000000001110, 0.4960937500000001110, 0.4980468750000001110, 0.4990234375000001110, 0.4995117187500001110, 0.5000000000000001110 ),
 ( -1.272247358100811806E-14, 0.9312869762265069129 ),
 .UNSPECIFIED. ) ;
#705 = CARTESIAN_POINT ( 'NONE',  ( -19.00000000000000000, 5.913675711300967919, 7.556202739479930486 ) ) ;
#706 =( LENGTH_UNIT ( ) NAMED_UNIT ( * ) SI_UNIT ( .MILLI., .METRE. ) );
#707 = CARTESIAN_POINT ( 'NONE',  ( -5.412439175648855461, -15.48780926478553965, 19.56901003664262717 ) ) ;
#708 = LINE ( 'NONE', #7135, #5209 ) ;
#709 = CARTESIAN_POINT ( 'NONE',  ( -7.134649977087854644, -13.86041563940431409, -0.3766696053080413331 ) ) ;
#710 = CARTESIAN_POINT ( 'NONE',  ( -5.049999999999990052, 15.73000000000000043, 2.683617217336120575E-14 ) ) ;
#711 = CARTESIAN_POINT ( 'NONE',  ( -4.628609736343572756, -14.82115694484500779, 20.10365715034489043 ) ) ;
#712 = CARTESIAN_POINT ( 'NONE',  ( -4.450315526254036591, -14.91214682008241610, -20.27627406895270212 ) ) ;
#713 = CARTESIAN_POINT ( 'NONE',  ( -3.816496192229824835, 14.07729563252233440, 28.08112578233713208 ) ) ;
#714 = CARTESIAN_POINT ( 'NONE',  ( -18.66684018422003533, 6.793806937364998078, -7.151970515206341972 ) ) ;
#715 = CARTESIAN_POINT ( 'NONE',  ( -5.498484976568918547, -15.41761026403251122, -20.13704483612691831 ) ) ;
#716 = CARTESIAN_POINT ( 'NONE',  ( -9.139512305402039516, 5.740606023080337295, 25.23182856048207157 ) ) ;
#717 = CARTESIAN_POINT ( 'NONE',  ( -19.99999999999932854, -4.190111477746738089, -9.182920535320645783 ) ) ;
#718 = CARTESIAN_POINT ( 'NONE',  ( -4.293813755452882575, -15.89982344826717053, 22.11951786738918102 ) ) ;
#719 = EDGE_CURVE ( 'NONE', #1332, #3588, #1784, .T. ) ;
#720 = CARTESIAN_POINT ( 'NONE',  ( -6.935758071911605427, -13.34095401262980829, 17.73230348851670257 ) ) ;
#721 = CARTESIAN_POINT ( 'NONE',  ( -15.53642906177601901, -7.951627052435332743, -10.57471614456910558 ) ) ;
#722 = ORIENTED_EDGE ( 'NONE', *, *, #8218, .T. ) ;
#723 = PLANE ( 'NONE',  #1234 ) ;
#724 = CARTESIAN_POINT ( 'NONE',  ( -15.46393954575746044, 7.196506390023786004, -12.00746473256853442 ) ) ;
#725 = CARTESIAN_POINT ( 'NONE',  ( -5.046309774461199105, 15.73104771600418594, -20.17108603984662807 ) ) ;
#726 = CARTESIAN_POINT ( 'NONE',  ( -3.419477421236627901, 3.706436188908329932, -35.96579625063659336 ) ) ;
#727 = CARTESIAN_POINT ( 'NONE',  ( -4.850000000000017408, -15.21612629098973990, 25.78416917158456556 ) ) ;
#728 = CARTESIAN_POINT ( 'NONE',  ( -5.000000000000009770, 12.44862432635676797, 30.04695997521007911 ) ) ;
#729 = CARTESIAN_POINT ( 'NONE',  ( -11.80441595398470689, -9.979198172892740359, 14.81039503662624846 ) ) ;
#730 = CARTESIAN_POINT ( 'NONE',  ( -20.00000000000002132, -2.854818440667993507, -13.25549852243131710 ) ) ;
#731 = CARTESIAN_POINT ( 'NONE',  ( -17.99356059681996811, -6.473477247596894912, -8.450537312093350906 ) ) ;
#732 = CARTESIAN_POINT ( 'NONE',  ( -16.18125123822534306, 7.936656259392962376, 9.338491621164505929 ) ) ;
#733 = CARTESIAN_POINT ( 'NONE',  ( -4.142914087043707561, 4.863205952538582011, -34.47827897297572264 ) ) ;
#734 = CARTESIAN_POINT ( 'NONE',  ( -4.628609323645894058, 14.82152330911475424, 19.65016480786970732 ) ) ;
#735 = CARTESIAN_POINT ( 'NONE',  ( -20.00000000000003197, 8.034963995870628040, 9.417321531835403547 ) ) ;
#736 = CARTESIAN_POINT ( 'NONE',  ( -18.47137926501646632, -1.014069351452725032, 10.57625182181049617 ) ) ;
#737 = CARTESIAN_POINT ( 'NONE',  ( 0.02812842095894558386, -12.92046725454483358, -30.55568974893834522 ) ) ;
#738 = CARTESIAN_POINT ( 'NONE',  ( -5.872086416151138799, -6.510800501443420707, 32.79526013960611408 ) ) ;
#739 = VERTEX_POINT ( 'NONE', #651 ) ;
#740 = CARTESIAN_POINT ( 'NONE',  ( -15.56886508985156858, -8.289173687668004220, -9.813267639032574152 ) ) ;
#741 = EDGE_CURVE ( 'NONE', #4527, #2832, #7713, .T. ) ;
#742 = CARTESIAN_POINT ( 'NONE',  ( -5.049999999999999822, -15.73000000000001108, 22.11486045647536258 ) ) ;
#743 = CARTESIAN_POINT ( 'NONE',  ( -15.36403768348362675, -3.303385032115753184, -15.32610237238704265 ) ) ;
#744 = CARTESIAN_POINT ( 'NONE',  ( 0.0000000000000000000, -18.00000000000000355, 36.49999999999999289 ) ) ;
#745 = EDGE_CURVE ( 'NONE', #45, #7453, #6207, .T. ) ;
#746 = CARTESIAN_POINT ( 'NONE',  ( -5.009526619028550343, -15.74618935239067063, 18.26416052225642161 ) ) ;
#747 = CARTESIAN_POINT ( 'NONE',  ( -38.00000000000000000, 2.969768487932331287E-15, -24.24999999999999645 ) ) ;
#748 = CARTESIAN_POINT ( 'NONE',  ( -4.641041431040401122, -14.81664599744930300, -1.946740220178597269 ) ) ;
#749 = CARTESIAN_POINT ( 'NONE',  ( -5.049999999999990052, 6.096263341294894111, -34.93416988771200238 ) ) ;
#750 = CARTESIAN_POINT ( 'NONE',  ( 0.02782555748655084205, -16.68409726156772166, 16.54159527774127980 ) ) ;
#751 = CARTESIAN_POINT ( 'NONE',  ( -18.59267694924213998, -5.853224585709765115, -8.177340571089420251 ) ) ;
#752 = CARTESIAN_POINT ( 'NONE',  ( -4.310387635553410313, 15.91492643820141950, 21.95221373591362379 ) ) ;
#753 = CARTESIAN_POINT ( 'NONE',  ( -18.70594865939623475, 7.199337402777122641, -6.616645572526324237 ) ) ;
#754 = CARTESIAN_POINT ( 'NONE',  ( -5.485675594148935019, -15.43053937009752552, -20.03466558614908521 ) ) ;
#755 = CARTESIAN_POINT ( 'NONE',  ( -16.62394728213203621, 3.857589107248577953, 12.85799521771063603 ) ) ;
#756 = CARTESIAN_POINT ( 'NONE',  ( -20.00000000000002487, -6.075941245042410621, -11.47380644851406473 ) ) ;
#757 = CARTESIAN_POINT ( 'NONE',  ( -3.419477421236531978, -3.706436188908476925, 35.96579625063663599 ) ) ;
#758 = CARTESIAN_POINT ( 'NONE',  ( -11.86475767267400450, -10.31659930107393919, 13.30650049853239913 ) ) ;
#759 = CARTESIAN_POINT ( 'NONE',  ( -15.53668140025464872, -7.954371144233387092, -10.56866714552015374 ) ) ;
#760 = CARTESIAN_POINT ( 'NONE',  ( -4.628883056587220324, 10.79002337113222332, 30.19749046369062384 ) ) ;
#761 = EDGE_CURVE ( 'NONE', #7605, #6424, #1083, .T. ) ;
#762 = CARTESIAN_POINT ( 'NONE',  ( -4.626570558030862479, 14.82233881536076225, 5.053127099960192936 ) ) ;
#763 = CARTESIAN_POINT ( 'NONE',  ( -16.71234042586178958, 6.623765926784377811, -10.41568518601053661 ) ) ;
#764 = CARTESIAN_POINT ( 'NONE',  ( -4.469968182237214371, 15.95550406739879357, -20.47306345361975488 ) ) ;
#765 = CARTESIAN_POINT ( 'NONE',  ( -4.243300771901204804, 15.84141870833283328, -22.64367418014363054 ) ) ;
#766 = LINE ( 'NONE', #5408, #6222 ) ;
#767 = CARTESIAN_POINT ( 'NONE',  ( -19.99999999999996803, -7.720714011170767499, -6.477051582354347303 ) ) ;
#768 = CARTESIAN_POINT ( 'NONE',  ( -18.59279984332212976, -5.812365016735681955, 8.214210595618659738 ) ) ;
#769 = CARTESIAN_POINT ( 'NONE',  ( -20.00000000000003197, -9.782414234297165834, 6.707263725922818942 ) ) ;
#770 = CARTESIAN_POINT ( 'NONE',  ( -17.37772835884006994, -6.841012662452413906, -8.984111438562015550 ) ) ;
#771 = CARTESIAN_POINT ( 'NONE',  ( -19.24609336403494808, 5.923777478791961038, 7.220842621906492731 ) ) ;
#772 = CARTESIAN_POINT ( 'NONE',  ( -14.11945870434473349, 3.816946630112159511, -17.29442512632893880 ) ) ;
#773 = CARTESIAN_POINT ( 'NONE',  ( -1.524319402890894404, 16.06323927741675206, 19.63533784686852002 ) ) ;
#774 = CARTESIAN_POINT ( 'NONE',  ( -18.45883624783490973, 9.062058970858954510, 6.300240085217147623 ) ) ;
#775 = CARTESIAN_POINT ( 'NONE',  ( -14.11443889482559122, -2.857902186008367984, 17.67655816966069082 ) ) ;
#776 = CARTESIAN_POINT ( 'NONE',  ( -3.076535937979761215, -11.86613452248932177, -29.88166615388011138 ) ) ;
#777 = ORIENTED_EDGE ( 'NONE', *, *, #2968, .T. ) ;
#778 = CARTESIAN_POINT ( 'NONE',  ( -5.874211729645440805, -8.998502427698143791, 31.33362671791919851 ) ) ;
#779 = EDGE_LOOP ( 'NONE', ( #7658, #1754, #3026, #159 ) ) ;
#780 = CARTESIAN_POINT ( 'NONE',  ( 0.0000000000000000000, 17.75000000000001066, -16.54963531164962021 ) ) ;
#781 = CARTESIAN_POINT ( 'NONE',  ( -16.61281173018817370, -3.173667842528216543, -13.19006299287614326 ) ) ;
#782 = PRODUCT_DEFINITION ( 'UNKNOWN', '', #6841, #7979 ) ;
#783 = CARTESIAN_POINT ( 'NONE',  ( -19.00000000000000000, 5.913675711300967919, 7.556202739479930486 ) ) ;
#784 = CARTESIAN_POINT ( 'NONE',  ( 0.0000000000000000000, -21.25000000000000355, 41.24999999999999289 ) ) ;
#785 = CARTESIAN_POINT ( 'NONE',  ( -5.038191039686833683, -15.73472358412507788, 6.984417728345722942 ) ) ;
#786 = CARTESIAN_POINT ( 'NONE',  ( -4.770128134143790000, -15.84194874634249572, 13.42109753676863981 ) ) ;
#787 = CARTESIAN_POINT ( 'NONE',  ( -13.33717939630737703, -11.29966383280565445, -3.481391655270177576 ) ) ;
#788 = CARTESIAN_POINT ( 'NONE',  ( -5.000000000000007105, 15.75000000000000355, -10.17227422567046524 ) ) ;
#789 = AXIS2_PLACEMENT_3D ( 'NONE', #7281, #7949, #5407 ) ;
#790 = CARTESIAN_POINT ( 'NONE',  ( -3.076464363268370583, -15.44238129326576114, 14.73521286608905712 ) ) ;
#791 = CARTESIAN_POINT ( 'NONE',  ( -11.81910605370959644, -10.07785579792757780, -14.44774132713483716 ) ) ;
#792 = CARTESIAN_POINT ( 'NONE',  ( -5.867775928626129733, 11.50730114587692832, 29.03466592413035841 ) ) ;
#793 = CARTESIAN_POINT ( 'NONE',  ( -14.31855124120536971, 8.817483928977132734, -11.29689790275178041 ) ) ;
#794 = CARTESIAN_POINT ( 'NONE',  ( -5.036105300617391478, -14.31884336908791155, -26.54807889199521753 ) ) ;
#795 = CARTESIAN_POINT ( 'NONE',  ( -4.178267754276307144, 10.24557669630033274, 31.24846695535610763 ) ) ;
#796 = MECHANICAL_DESIGN_GEOMETRIC_PRESENTATION_REPRESENTATION (  '', ( #4579 ), #4847 ) ;
#797 = CARTESIAN_POINT ( 'NONE',  ( -20.00000000000148859, -7.007945018674582194, -7.230429082708838884 ) ) ;
#798 = CARTESIAN_POINT ( 'NONE',  ( -3.532640297873603785, 9.461856105537348682, 33.32755506616268804 ) ) ;
#799 = CARTESIAN_POINT ( 'NONE',  ( -19.25679481237048662, -6.022683955497989849, 7.123332456266195933 ) ) ;
#800 = CARTESIAN_POINT ( 'NONE',  ( -14.30825366458285686, -8.692677440448202120, -11.65023865343321141 ) ) ;
#801 = CARTESIAN_POINT ( 'NONE',  ( 0.02804531461314779817, 10.90679830943298612, 32.62554226784406097 ) ) ;
#802 = CARTESIAN_POINT ( 'NONE',  ( -18.13507828733507310, -0.3363015872473079648, 13.23375196874301984 ) ) ;
#803 = CARTESIAN_POINT ( 'NONE',  ( -4.427094083705401140, 14.91391974581255830, -20.82194539761927032 ) ) ;
#804 = CARTESIAN_POINT ( 'NONE',  ( -4.395354381667880617, 15.95288534617565013, -21.14300539256482381 ) ) ;
#805 = CARTESIAN_POINT ( 'NONE',  ( -3.461564083976033768, -6.709215884815209030, -34.93689664348508472 ) ) ;
#806 = CARTESIAN_POINT ( 'NONE',  ( -5.859622513336891991, 12.07557053912227296, -28.31678135360275306 ) ) ;
#807 = CARTESIAN_POINT ( 'NONE',  ( -5.000000000000001776, 6.920731814423600525, 34.22217500603580476 ) ) ;
#808 = CARTESIAN_POINT ( 'NONE',  ( -17.30887388847414954, -5.772427580656393609, 10.28876362790446031 ) ) ;
#809 = CARTESIAN_POINT ( 'NONE',  ( -4.566963717152344060, 15.92321451313907410, -19.69725813712153695 ) ) ;
#810 = CARTESIAN_POINT ( 'NONE',  ( -17.99411364498083188, -6.479882286365737265, -8.442462769622412821 ) ) ;
#811 = CARTESIAN_POINT ( 'NONE',  ( -16.15978338912556467, 7.710547935714608059, 9.790677369848152622 ) ) ;
#812 = CARTESIAN_POINT ( 'NONE',  ( -11.63434122781275626, 5.367780767419717769, -20.93086479774334308 ) ) ;
#813 = VECTOR ( 'NONE', #2051, 1000.000000000000000 ) ;
#814 = CARTESIAN_POINT ( 'NONE',  ( -4.628609323645895834, 14.82152330911475424, 19.76685217300316211 ) ) ;
#815 = CARTESIAN_POINT ( 'NONE',  ( -18.17759329814253988, 4.752502284121328024, 11.73030786101243095 ) ) ;
#816 = CARTESIAN_POINT ( 'NONE',  ( -15.98303287507915904, -2.304299840170089819, 14.59662264709670332 ) ) ;
#817 = CARTESIAN_POINT ( 'NONE',  ( -3.076593878694788842, -9.313968012122105122, -32.34840092603526784 ) ) ;
#818 = CARTESIAN_POINT ( 'NONE',  ( -5.873906949695861357, 8.954739617519505757, 31.33807589912594693 ) ) ;
#819 = EDGE_LOOP ( 'NONE', ( #121, #4966, #4259, #3865, #3362 ) ) ;
#820 = CARTESIAN_POINT ( 'NONE',  ( -0.0000000000000000000, -17.75000000000000355, 22.26495387113480717 ) ) ;
#821 = CARTESIAN_POINT ( 'NONE',  ( -15.80322598696838199, 10.16749093653519864, 3.931312024144112183 ) ) ;
#822 = CARTESIAN_POINT ( 'NONE',  ( -14.12859084213678251, -4.683661819716602004, -16.82691801773837170 ) ) ;
#823 = COLOUR_RGB ( '',0.7529411764705882248, 0.7529411764705882248, 0.7529411764705882248 ) ;
#824 = CARTESIAN_POINT ( 'NONE',  ( 3.000000000000000000, -17.99999999999999645, -36.50000000000000711 ) ) ;
#825 = CYLINDRICAL_SURFACE ( 'NONE', #7520, 24.25000000000000000 ) ;
#826 = CARTESIAN_POINT ( 'NONE',  ( -5.462005917157306101, -15.45122281307009438, 19.88357245027350473 ) ) ;
#827 = DIRECTION ( 'NONE',  ( -1.000000000000000000, -0.0000000000000000000, -0.0000000000000000000 ) ) ;
#828 = CARTESIAN_POINT ( 'NONE',  ( -7.065857600005011285, -13.69968278462411604, -8.872345967741232187 ) ) ;
#829 = CARTESIAN_POINT ( 'NONE',  ( -5.000000000000000000, 15.75000000000000000, -16.77601940238223932 ) ) ;
#830 = ORIENTED_EDGE ( 'NONE', *, *, #7368, .T. ) ;
#831 = CARTESIAN_POINT ( 'NONE',  ( -1.524319402891595843, -16.06323927741646784, 18.53588955346825529 ) ) ;
#832 = CARTESIAN_POINT ( 'NONE',  ( -9.376320102486983998, -11.72002962558229555, -16.28294991690751203 ) ) ;
#833 = CARTESIAN_POINT ( 'NONE',  ( -3.472618161953349603, 7.239422913081473787, 34.68188681155551478 ) ) ;
#834 = CARTESIAN_POINT ( 'NONE',  ( -5.835057021597068072, -13.19531618833690523, -26.68974408072764604 ) ) ;
#835 = CARTESIAN_POINT ( 'NONE',  ( -16.60354824355600201, 1.719265674772475272, 13.67046335718243455 ) ) ;
#836 = CARTESIAN_POINT ( 'NONE',  ( -20.00000000000002842, -7.601838368976521210, -9.955639177400355422 ) ) ;
#837 = CARTESIAN_POINT ( 'NONE',  ( -3.978219564791980467, -15.11309313797096010, 25.74367961933677762 ) ) ;
#838 = CARTESIAN_POINT ( 'NONE',  ( -16.31325906099162637, -9.092289255198165776, 6.652347361561561812 ) ) ;
#839 = CARTESIAN_POINT ( 'NONE',  ( -4.463221217123556350, -14.90627695626746885, -19.92723048959960153 ) ) ;
#840 = EDGE_CURVE ( 'NONE', #4444, #3480, #1953, .T. ) ;
#841 = CARTESIAN_POINT ( 'NONE',  ( -1.524291687966253805, 8.986704929115580498, 33.34524247755452109 ) ) ;
#842 = CARTESIAN_POINT ( 'NONE',  ( -4.628609323645411777, 14.82152330911494609, 4.407281562876014469 ) ) ;
#843 = CARTESIAN_POINT ( 'NONE',  ( -6.868283500307822642, 13.21798677969770530, -19.43461509509942786 ) ) ;
#844 = CARTESIAN_POINT ( 'NONE',  ( -5.040425879165913337, 15.73382964833363218, -19.92958787187591696 ) ) ;
#845 = CARTESIAN_POINT ( 'NONE',  ( -4.978409528466929856, 15.75863618861323268, 2.938279663213382520 ) ) ;
#846 = CARTESIAN_POINT ( 'NONE',  ( -1.301042606982605321E-15, -16.67296703857309126, -19.99999998914169197 ) ) ;
#847 = CARTESIAN_POINT ( 'NONE',  ( -5.000000000000014211, -9.267497339533154133, 32.86814749681982306 ) ) ;
#848 = CARTESIAN_POINT ( 'NONE',  ( -6.789505456673758488, -12.68693471060655042, 21.78284760637937723 ) ) ;
#849 = CARTESIAN_POINT ( 'NONE',  ( -4.641750209289388529, 15.89329991628425987, -17.28320684625336412 ) ) ;
#850 = CARTESIAN_POINT ( 'NONE',  ( -19.23538069569407227, -5.778451289913965283, -7.353255640552419869 ) ) ;
#851 = CARTESIAN_POINT ( 'NONE',  ( -18.00519518048593426, 6.614736275291022594, 8.271417386016215900 ) ) ;
#852 = CARTESIAN_POINT ( 'NONE',  ( -6.643120739741799952, 5.952579221784805696, -29.57439896943586533 ) ) ;
#853 = CARTESIAN_POINT ( 'NONE',  ( -1.524319402890897068, 16.06323927741674495, 12.25697429431333951 ) ) ;
#854 = CARTESIAN_POINT ( 'NONE',  ( -18.64209113468590218, 10.52081989087813163, -0.3801586036162730164 ) ) ;
#855 = CARTESIAN_POINT ( 'NONE',  ( -17.85702706133635687, -2.376207690334831035, 11.34498431553700293 ) ) ;
#856 = CARTESIAN_POINT ( 'NONE',  ( -3.076518981273661524, 4.171156374100318587, -34.89451821761366546 ) ) ;
#857 = CARTESIAN_POINT ( 'NONE',  ( -5.677373575007225170, 15.01059933212778752, 22.36064458729769910 ) ) ;
#858 = ORIENTED_EDGE ( 'NONE', *, *, #1355, .T. ) ;
#859 = CARTESIAN_POINT ( 'NONE',  ( -5.050000000000007816, 15.73000000000001464, 10.17566444466045539 ) ) ;
#860 = B_SPLINE_CURVE_WITH_KNOTS ( 'NONE', 3,
 ( #6908, #6948, #6363, #3167, #1906, #1273, #645, #3208, #5784, #30, #2576, #1139, #5166, #8169, #7707, #4530, #5614, #7073, #3682, #3032, #8212, #7577, #3722, #2405, #4992, #7535, #557, #1780, #4346, #1819, #6280, #514, #1183, #5698, #7239, #2107, #2619, #221 ),
 .UNSPECIFIED., .F., .F.,
 ( 4, 2, 2, 2, 2, 2, 2, 2, 2, 2, 2, 2, 2, 2, 2, 2, 2, 2, 4 ),
 ( 0.001150095592285960144, 0.002876495130321156824, 0.004602894668356353504, 0.006329294206391550617, 0.007192493975409147873, 0.008055693744426745129, 0.008918893513444341517, 0.009782093282461939640, 0.01150849282049712895, 0.01323489235853231999, 0.01496129189656750930, 0.01668769143460269860, 0.01755089120362029326, 0.01841409097263789138, 0.02186689004870827346, 0.02359328958674345930, 0.02531968912477865208, 0.02704608866281384139, 0.02877248820084903416 ),
 .UNSPECIFIED. ) ;
#861 = CARTESIAN_POINT ( 'NONE',  ( -13.23622930231650052, 10.68341953276135214, 7.651969628928056544 ) ) ;
#862 = CARTESIAN_POINT ( 'NONE',  ( -9.150676935391008016, -7.053968789210548707, -24.38873981975695671 ) ) ;
#863 = CARTESIAN_POINT ( 'NONE',  ( -4.999999999999995559, 15.75000000000001421, 9.508162284857652580 ) ) ;
#864 = CARTESIAN_POINT ( 'NONE',  ( -1.513495838645417146, 16.06756870311494723, 19.99999998935841461 ) ) ;
#865 = CARTESIAN_POINT ( 'NONE',  ( -5.016141902487261106, -15.74354323900499786, 19.68047531914527326 ) ) ;
#866 = CARTESIAN_POINT ( 'NONE',  ( 5.000000000000000000, 2.733323094352584069E-15, 19.99999999999999645 ) ) ;
#867 = CARTESIAN_POINT ( 'NONE',  ( -12.07645466793381317, -11.71334562893871123, -4.836262168955473228 ) ) ;
#868 = ORIENTED_EDGE ( 'NONE', *, *, #1922, .F. ) ;
#869 = CARTESIAN_POINT ( 'NONE',  ( -4.628609323645900275, -14.82152330911475424, 19.81888854571782588 ) ) ;
#870 = CARTESIAN_POINT ( 'NONE',  ( -14.27360850431507977, -8.456202191713725114, -12.30084590937242162 ) ) ;
#871 = CARTESIAN_POINT ( 'NONE',  ( -5.024484522946054632, 12.46746772089174193, 29.66310854194302138 ) ) ;
#872 = CARTESIAN_POINT ( 'NONE',  ( -0.0000000000000000000, -4.896435112776376997, 35.94494787379672829 ) ) ;
#873 = CARTESIAN_POINT ( 'NONE',  ( -19.09341924229345011, 0.6293938921673739584, 9.548498883163354378 ) ) ;
#874 = CARTESIAN_POINT ( 'NONE',  ( -18.21504844766745634, -5.983056714266833609, -10.73863801591929423 ) ) ;
#875 = CARTESIAN_POINT ( 'NONE',  ( -39.99999999999999289, 2.969768487932331681E-15, -24.25000000000000000 ) ) ;
#876 = CARTESIAN_POINT ( 'NONE',  ( -17.51153866318772856, -8.169074847184633725, 6.732697535382062171 ) ) ;
#877 = EDGE_LOOP ( 'NONE', ( #7110, #1658, #8077, #7151 ) ) ;
#878 = CARTESIAN_POINT ( 'NONE',  ( 3.000000000000000000, -25.25000000000000355, 41.24999999999995737 ) ) ;
#879 = CARTESIAN_POINT ( 'NONE',  ( -1.524266391606722282, 8.187992538875228377, 33.81898062285414852 ) ) ;
#880 = CARTESIAN_POINT ( 'NONE',  ( 0.02782555748664333056, 16.68409726156778561, 0.7184429847041486905 ) ) ;
#881 = CARTESIAN_POINT ( 'NONE',  ( -18.29174351021131173, 7.275969417321724642, 9.239326243651836634 ) ) ;
#882 = CARTESIAN_POINT ( 'NONE',  ( -16.14374506957622657, 7.541781833497886112, -10.11999620547506851 ) ) ;
#883 = CARTESIAN_POINT ( 'NONE',  ( -5.030058307464875256, 13.63616688205146055, -27.92408930261754563 ) ) ;
#884 = CARTESIAN_POINT ( 'NONE',  ( -4.966436608751682691, 15.76342535649932408, -1.469191730944455765 ) ) ;
#885 = CARTESIAN_POINT ( 'NONE',  ( -20.00000000000000000, -6.712578825597357302, -7.442380029369886074 ) ) ;
#886 = CARTESIAN_POINT ( 'NONE',  ( -4.850000000000001421, 4.916294434657927148, 35.25554179684070988 ) ) ;
#887 = CARTESIAN_POINT ( 'NONE',  ( -19.23176581618744407, -5.682660847342888566, 7.433426151005006588 ) ) ;
#888 = CARTESIAN_POINT ( 'NONE',  ( -18.62214949618493520, -6.209332887314216620, -7.803555327301951117 ) ) ;
#889 = CARTESIAN_POINT ( 'NONE',  ( -20.00000000000002132, -8.733960103363394012, 8.460206445898784011 ) ) ;
#890 = CARTESIAN_POINT ( 'NONE',  ( -11.84850149048997636, -10.20908543948853442, -13.84252042665635329 ) ) ;
#891 = CARTESIAN_POINT ( 'NONE',  ( -18.00084469341140192, 6.562273028836910882, 8.338483068208246252 ) ) ;
#892 = CARTESIAN_POINT ( 'NONE',  ( -12.88514972534571257, 5.298500931244526591, -18.68161431280740814 ) ) ;
#893 = CARTESIAN_POINT ( 'NONE',  ( -4.628609323645898499, 14.82152330911475424, 17.65717250127226734 ) ) ;
#894 = CARTESIAN_POINT ( 'NONE',  ( -20.00000000000003908, 8.017681250486743849, -9.439676699422285822 ) ) ;
#895 = CARTESIAN_POINT ( 'NONE',  ( -4.156651514382969204, -7.784246207897663972, 33.11365148486973453 ) ) ;
#896 = CARTESIAN_POINT ( 'NONE',  ( 0.02814127047574599416, 12.61510166339840389, -30.91922875761567013 ) ) ;
#897 = DIRECTION ( 'NONE',  ( -1.000000000000000000, -0.0000000000000000000, -0.0000000000000000000 ) ) ;
#898 = ORIENTED_EDGE ( 'NONE', *, *, #7108, .T. ) ;
#899 = DIRECTION ( 'NONE',  ( -1.000000000000000000, -0.0000000000000000000, -0.0000000000000000000 ) ) ;
#900 = CARTESIAN_POINT ( 'NONE',  ( -13.26475565773806764, 10.86589334881219493, 6.619599717063142208 ) ) ;
#901 = CARTESIAN_POINT ( 'NONE',  ( -6.642346384905822632, -5.907450819033082112, -29.63347724918044790 ) ) ;
#902 = CARTESIAN_POINT ( 'NONE',  ( -4.850000000000002309, 4.916294434655378076, -35.25554179684144174 ) ) ;
#903 = CARTESIAN_POINT ( 'NONE',  ( 0.0000000000000000000, -22.00000000000000711, 36.49999999999999289 ) ) ;
#904 = CARTESIAN_POINT ( 'NONE',  ( -4.628609323646509566, -14.82152330911449845, 4.407281562875638770 ) ) ;
#905 = CARTESIAN_POINT ( 'NONE',  ( -18.15263538694522794, -3.251741174470159645, -12.54628927856919240 ) ) ;
#906 = CARTESIAN_POINT ( 'NONE',  ( -17.52936543673872904, -8.334949065734072349, -6.427909009912450067 ) ) ;
#907 = ADVANCED_FACE ( 'NONE', ( #5953 ), #150, .F. ) ;
#908 = CARTESIAN_POINT ( 'NONE',  ( 0.02782555748655123062, -16.68409726156772166, 18.01545273990124230 ) ) ;
#909 = CARTESIAN_POINT ( 'NONE',  ( -16.13516944079508875, -7.461650300904167921, -10.27273071943913507 ) ) ;
#910 = CARTESIAN_POINT ( 'NONE',  ( -4.540468279854422029, 15.93381268805824469, 19.90546067123146301 ) ) ;
#911 = CARTESIAN_POINT ( 'NONE',  ( -4.309703635629880914E-15, 5.033648823518693582, 35.90218436542453162 ) ) ;
#912 = CARTESIAN_POINT ( 'NONE',  ( -17.22392652731841167, 0.8713618992340336211, 12.73184566496904502 ) ) ;
#913 = CARTESIAN_POINT ( 'NONE',  ( -20.00000000000002487, -7.804310050663317178, 9.709013434773474671 ) ) ;
#914 = CARTESIAN_POINT ( 'NONE',  ( 1.057097118173366823E-15, 13.67440830804200580, -29.55026245134925489 ) ) ;
#915 = CARTESIAN_POINT ( 'NONE',  ( -18.82790106734068303, -8.252619982040103608, 4.818390665178000631 ) ) ;
#916 = ORIENTED_EDGE ( 'NONE', *, *, #3609, .T. ) ;
#917 = CARTESIAN_POINT ( 'NONE',  ( 0.0000000000000000000, 17.99999999999999645, -36.50000000000000711 ) ) ;
#918 = CARTESIAN_POINT ( 'NONE',  ( -1.524196277174745040, 14.49958774534385064, 27.15710404529727739 ) ) ;
#919 = CARTESIAN_POINT ( 'NONE',  ( -3.076464363268383462, 15.44238129326575404, 4.615563039458551842 ) ) ;
#920 = VECTOR ( 'NONE', #1950, 1000.000000000000000 ) ;
#921 = CARTESIAN_POINT ( 'NONE',  ( -5.048738410139200994, -15.20310732608501780, 24.07265801171872965 ) ) ;
#922 = CARTESIAN_POINT ( 'NONE',  ( -15.53233989281724625, 7.936280527457983958, -10.61409014223309910 ) ) ;
#923 = CARTESIAN_POINT ( 'NONE',  ( -5.603650845941591463, 15.24028928123954785, -21.31831577458083160 ) ) ;
#924 = CARTESIAN_POINT ( 'NONE',  ( -5.798042644966024284, 14.05621214203655356, -25.04783430800537403 ) ) ;
#925 = CARTESIAN_POINT ( 'NONE',  ( -4.961299990893192735, 15.76548000364274138, 6.983421377741541036 ) ) ;
#926 = CARTESIAN_POINT ( 'NONE',  ( -16.74706450273549407, -7.029050601797049325, 9.809038499148813983 ) ) ;
#927 = CARTESIAN_POINT ( 'NONE',  ( -16.16004723786756614, -7.686305516073015376, -9.833620461752287767 ) ) ;
#928 = LINE ( 'NONE', #2192, #8178 ) ;
#929 = AXIS2_PLACEMENT_3D ( 'NONE', #6751, #4877, #8102 ) ;
#930 = CARTESIAN_POINT ( 'NONE',  ( -15.53018183330213553, -7.919147389098354139, -10.65273741074546443 ) ) ;
#931 = CARTESIAN_POINT ( 'NONE',  ( -17.99976050754458257, 6.549135332832283218, 8.355207397109648326 ) ) ;
#932 = CARTESIAN_POINT ( 'NONE',  ( -19.11678468887059879, 2.924900494474928614, -9.066816815521516304 ) ) ;
#933 = LINE ( 'NONE', #4781, #6770 ) ;
#934 = CARTESIAN_POINT ( 'NONE',  ( -20.00000000000145661, 9.355176725966309448, -3.580327926061462218 ) ) ;
#935 = AXIS2_PLACEMENT_3D ( 'NONE', #4477, #1940, #1132 ) ;
#936 = CARTESIAN_POINT ( 'NONE',  ( -4.171035507046964241, -9.486976080177512927, 31.86374403511117137 ) ) ;
#937 = CARTESIAN_POINT ( 'NONE',  ( -3.076575852328472305, 13.70474361237447347, -27.33816673130576191 ) ) ;
#938 = DIRECTION ( 'NONE',  ( 1.000000000000000000, 0.0000000000000000000, 0.0000000000000000000 ) ) ;
#939 = ADVANCED_FACE ( 'NONE', ( #192 ), #3185, .F. ) ;
#940 = CARTESIAN_POINT ( 'NONE',  ( -19.00000000000002842, -1.214916148612522839, 13.62188675626260448 ) ) ;
#941 = CARTESIAN_POINT ( 'NONE',  ( -15.77503122029775007, 9.979172768616484390, 4.825871569060873334 ) ) ;
#942 = CARTESIAN_POINT ( 'NONE',  ( -17.22126120149725281, -0.8717151848653162949, -12.73638384687183311 ) ) ;
#943 = CARTESIAN_POINT ( 'NONE',  ( -9.459971503420623762, 12.13947319080273246, -12.45310417040902706 ) ) ;
#944 = CARTESIAN_POINT ( 'NONE',  ( -19.99999999999998934, 7.720714011170634272, 6.477051582354468984 ) ) ;
#945 = CARTESIAN_POINT ( 'NONE',  ( -4.849999999999985434, -9.336730092469803566, -33.09950458711229260 ) ) ;
#946 = CARTESIAN_POINT ( 'NONE',  ( -5.398910516347753763, 15.50013076433923054, -19.08531268606284925 ) ) ;
#947 = CARTESIAN_POINT ( 'NONE',  ( -4.541520267650556164, 14.85635893151289189, 19.93414036259445155 ) ) ;
#948 = CARTESIAN_POINT ( 'NONE',  ( -14.53622904265972871, -10.51080055802000679, -5.209444789623630889 ) ) ;
#949 = VECTOR ( 'NONE', #3359, 1000.000000000000000 ) ;
#950 = CARTESIAN_POINT ( 'NONE',  ( -1.524319402891592512, -16.06323927741645718, -19.02798931973449115 ) ) ;
#951 = CARTESIAN_POINT ( 'NONE',  ( -4.407378611864305462, -14.88425466099488581, -21.33825242808926248 ) ) ;
#952 = CARTESIAN_POINT ( 'NONE',  ( -5.045124010974413764, 15.73195039561039366, 20.04630353974680901 ) ) ;
#953 = CARTESIAN_POINT ( 'NONE',  ( 1.626303258728257391E-16, -8.806906506531843704, 34.16460570771122462 ) ) ;
#954 = CARTESIAN_POINT ( 'NONE',  ( -15.97879482879610258, 1.456154709973937811, 14.79957017203206782 ) ) ;
#955 = CARTESIAN_POINT ( 'NONE',  ( -19.99999999999934275, -9.836741315108612937, 1.849257698199315847 ) ) ;
#956 = CARTESIAN_POINT ( 'NONE',  ( 2.439454888092384977E-15, 1.647251767080931684, -36.59832778212551574 ) ) ;
#957 = CARTESIAN_POINT ( 'NONE',  ( -9.460977595434322041, -12.13891548243364760, 12.45249252032475518 ) ) ;
#958 = DIRECTION ( 'NONE',  ( 0.0000000000000000000, -0.0000000000000000000, 1.000000000000000000 ) ) ;
#959 = CARTESIAN_POINT ( 'NONE',  ( -1.524257489901773566, -0.6998461771135032761, 36.07568021487601584 ) ) ;
#960 = CARTESIAN_POINT ( 'NONE',  ( 0.02782555748663805700, 16.68409726156776074, 8.335250431575099483 ) ) ;
#961 = CARTESIAN_POINT ( 'NONE',  ( -5.043374971798927575, -15.73265001128048546, 19.98812795606675508 ) ) ;
#962 = CARTESIAN_POINT ( 'NONE',  ( -18.60980746612090186, 6.090157381798380065, -7.935608644285377267 ) ) ;
#963 = CARTESIAN_POINT ( 'NONE',  ( -5.005793531646131278, 6.939915233032004416, -34.14544759363701587 ) ) ;
#964 = CARTESIAN_POINT ( 'NONE',  ( -13.08166841956764692, 9.450270842063993371, 12.72356202904378009 ) ) ;
#965 = CARTESIAN_POINT ( 'NONE',  ( -5.868398747274276239, 3.816218494182263665, -33.77984450857480425 ) ) ;
#966 = CARTESIAN_POINT ( 'NONE',  ( -20.00000000000000000, -6.186885977935716596, -7.856363146903436956 ) ) ;
#967 = CARTESIAN_POINT ( 'NONE',  ( -4.450698472002589945, -14.91236502913979223, 20.26683064935505385 ) ) ;
#968 = CARTESIAN_POINT ( 'NONE',  ( -4.470151480982501369, -14.90190770142926979, -19.30563376824574107 ) ) ;
#969 = CARTESIAN_POINT ( 'NONE',  ( -5.000000000000000000, 15.75000000000000355, -4.407281562884904247 ) ) ;
#970 = CARTESIAN_POINT ( 'NONE',  ( -9.391982487645712752, -11.75471160430908313, -15.95715682502986787 ) ) ;
#971 = CARTESIAN_POINT ( 'NONE',  ( -14.30866082626961244, 8.718408112385951370, 11.58193428527984636 ) ) ;
#972 = CARTESIAN_POINT ( 'NONE',  ( -12.91541476667399024, 7.028253427734845182, -17.24745203939164639 ) ) ;
#973 = CIRCLE ( 'NONE', #6758, 17.75000000000000711 ) ;
#974 = CARTESIAN_POINT ( 'NONE',  ( -4.628609323645888729, 14.82152330911474181, -1.473925204884960705 ) ) ;
#975 = CARTESIAN_POINT ( 'NONE',  ( -20.00000000000002487, 8.510657996162931838, -8.781066666661555331 ) ) ;
#976 = CARTESIAN_POINT ( 'NONE',  ( -17.86036416910530988, -2.678243477990544186, 11.24144094244942416 ) ) ;
#977 = CARTESIAN_POINT ( 'NONE',  ( -1.524253318475477403, 7.790749339635588910, -34.04703956871365023 ) ) ;
#978 = CARTESIAN_POINT ( 'NONE',  ( 3.000000000000000000, 21.99999999999999645, 36.49999999999999289 ) ) ;
#979 = DIRECTION ( 'NONE',  ( 0.0000000000000000000, 0.0000000000000000000, 1.000000000000000000 ) ) ;
#980 = CARTESIAN_POINT ( 'NONE',  ( -18.72432404674022166, 7.364783045210125501, 6.341647602648258442 ) ) ;
#981 = CARTESIAN_POINT ( 'NONE',  ( -11.61287191385965301, -0.9784327273619599641, -22.38678667197066474 ) ) ;
#982 = CARTESIAN_POINT ( 'NONE',  ( -18.78505843568075306, 7.929542360540329682, -5.449911352395603537 ) ) ;
#983 = CARTESIAN_POINT ( 'NONE',  ( -4.849999999999985434, -9.336730092469803566, -33.09950458711229260 ) ) ;
#984 = CARTESIAN_POINT ( 'NONE',  ( 3.000000000000000000, -22.74999999999999289, 20.00000000000000000 ) ) ;
#985 = CARTESIAN_POINT ( 'NONE',  ( -5.038382971190609183, -15.73464681152376698, -6.951124789113957370 ) ) ;
#986 = DIRECTION ( 'NONE',  ( 0.0000000000000000000, 0.0000000000000000000, -1.000000000000000000 ) ) ;
#987 = CARTESIAN_POINT ( 'NONE',  ( -16.42693704692153389, -9.909863320458901725, -3.777265001133612188 ) ) ;
#988 = EDGE_LOOP ( 'NONE', ( #4634, #6507 ) ) ;
#989 = CARTESIAN_POINT ( 'NONE',  ( -1.524319402891593844, -16.06323927741645008, -18.54259807425739481 ) ) ;
#990 = CARTESIAN_POINT ( 'NONE',  ( -6.865708750590279408, -13.21613481937694168, -19.49092694367651291 ) ) ;
#991 = CARTESIAN_POINT ( 'NONE',  ( -4.546795794717410466, 15.93128168211304896, 19.85753541001509959 ) ) ;
#992 = CARTESIAN_POINT ( 'NONE',  ( 1.283953296258157162E-31, -16.67296703857309481, 20.10108450216132425 ) ) ;
#993 = CARTESIAN_POINT ( 'NONE',  ( -4.135639464340705729, 0.5055461609280017532, 35.27800677656638584 ) ) ;
#994 = CARTESIAN_POINT ( 'NONE',  ( -20.00000000000003197, -10.75475109045970079, 4.449881085691940186 ) ) ;
#995 = CARTESIAN_POINT ( 'NONE',  ( -1.219727444046192488E-16, 16.67296703857311257, -17.17605170655834712 ) ) ;
#996 = CARTESIAN_POINT ( 'NONE',  ( -14.39069730148788828, -9.454901745541326008, 9.381097104771830786 ) ) ;
#997 = VERTEX_POINT ( 'NONE', #219 ) ;
#998 = CARTESIAN_POINT ( 'NONE',  ( -9.397009171802871208, -11.76138412342447026, -15.87510230497492536 ) ) ;
#999 = CARTESIAN_POINT ( 'NONE',  ( -1.524218988194878888, 6.550082681758813585, 34.69722739238669362 ) ) ;
#1000 = CARTESIAN_POINT ( 'NONE',  ( 0.02782555748663979173, 16.68409726156776784, -17.52416691918124769 ) ) ;
#1001 = CARTESIAN_POINT ( 'NONE',  ( -5.480542964804823391, -15.43518503283592302, 19.99999999967037212 ) ) ;
#1002 = CARTESIAN_POINT ( 'NONE',  ( -14.30458880820051348, 8.681666543214914711, -11.68809272147639078 ) ) ;
#1003 = CARTESIAN_POINT ( 'NONE',  ( -3.462882005446814127, 6.775281512961811359, -34.90643987066948029 ) ) ;
#1004 = CARTESIAN_POINT ( 'NONE',  ( -17.38063088583556137, 6.842637808676787614, 8.977179548474401471 ) ) ;
#1005 = CARTESIAN_POINT ( 'NONE',  ( -18.19191201637563893, 5.298564791277154740, -11.32704951382022429 ) ) ;
#1006 = CARTESIAN_POINT ( 'NONE',  ( -4.565126508643762016, 15.92394939654251118, 19.63696618230484958 ) ) ;
#1007 = CARTESIAN_POINT ( 'NONE',  ( -4.455499836694654547, -14.91080600741592477, 20.15614077942322169 ) ) ;
#1008 = CARTESIAN_POINT ( 'NONE',  ( -13.09074013780184131, -9.535724546738990171, -12.40581575018183358 ) ) ;
#1009 = EDGE_CURVE ( 'NONE', #739, #2402, #7182, .T. ) ;
#1010 = ORIENTED_EDGE ( 'NONE', *, *, #155, .T. ) ;
#1011 = CARTESIAN_POINT ( 'NONE',  ( -11.85022006317503163, -10.21538453752409481, -13.80893658602431451 ) ) ;
#1012 = CARTESIAN_POINT ( 'NONE',  ( -16.14931296052405685, 7.595741574962906917, 10.01464572528193742 ) ) ;
#1013 = CARTESIAN_POINT ( 'NONE',  ( -16.62181683943484245, 3.882468698468295010, -12.84889660247095122 ) ) ;
#1014 = DIRECTION ( 'NONE',  ( 0.0000000000000000000, 0.0000000000000000000, 1.000000000000000000 ) ) ;
#1015 = CARTESIAN_POINT ( 'NONE',  ( -20.00000000000002842, 11.43548951474992670, 0.8287260009497966484 ) ) ;
#1016 = CARTESIAN_POINT ( 'NONE',  ( -18.48292314261774294, -2.419988000970819453, 10.26977840809953690 ) ) ;
#1017 = CARTESIAN_POINT ( 'NONE',  ( 0.02799770058054451560, 7.295555939471500828, -35.03619207830576698 ) ) ;
#1018 = CARTESIAN_POINT ( 'NONE',  ( -2.689842413010627542, 11.28889822766124595, -19.85753540950339513 ) ) ;
#1019 = EDGE_LOOP ( 'NONE', ( #2454, #3105, #1312, #5832, #4 ) ) ;
#1020 = CARTESIAN_POINT ( 'NONE',  ( -4.628609323646509566, -14.82152330911449845, 4.407281562875638770 ) ) ;
#1021 = CARTESIAN_POINT ( 'NONE',  ( -13.15627975888992296, 10.10767197580902454, 10.19131056084319020 ) ) ;
#1022 = CARTESIAN_POINT ( 'NONE',  ( -4.136305808408355489, -1.602559353044238133, -35.20049307173296427 ) ) ;
#1023 = CARTESIAN_POINT ( 'NONE',  ( -18.27403289349413384, 9.044798326620917095, -3.655714018070717941 ) ) ;
#1024 = CARTESIAN_POINT ( 'NONE',  ( -4.850000000000013856, -6.972997297140392625, -34.46578159907191719 ) ) ;
#1025 = CARTESIAN_POINT ( 'NONE',  ( -5.000000000000001776, 4.879235440782118793, -35.00482845895800210 ) ) ;
#1026 = CARTESIAN_POINT ( 'NONE',  ( -5.268440033042250725, 15.60505093603723381, -14.72995929313908192 ) ) ;
#1027 = CARTESIAN_POINT ( 'NONE',  ( -18.29174351021106659, -7.275969417318381538, -9.239326243656538651 ) ) ;
#1028 = CARTESIAN_POINT ( 'NONE',  ( -18.72722511437786608, -7.363347127237500622, -6.339872792538097102 ) ) ;
#1029 = CARTESIAN_POINT ( 'NONE',  ( -1.524319402891593844, -16.06323927741645363, -17.08831363877373732 ) ) ;
#1030 = CARTESIAN_POINT ( 'NONE',  ( -18.54463791027295727, -4.988646540174515032, -8.932484026164786428 ) ) ;
#1031 = CARTESIAN_POINT ( 'NONE',  ( -5.045967667090110353, 15.73165948878908615, 20.09576667986196696 ) ) ;
#1032 = CARTESIAN_POINT ( 'NONE',  ( 8.131516293641283255E-17, -4.430143166103515995, 36.08040896906197759 ) ) ;
#1033 = CARTESIAN_POINT ( 'NONE',  ( -20.00000000000072120, -8.146065309796513887, 5.868434797546716375 ) ) ;
#1034 = LINE ( 'NONE', #4244, #1980 ) ;
#1035 = CARTESIAN_POINT ( 'NONE',  ( -19.51929713241596076, -8.530873762006152106, 3.298665916439297519 ) ) ;
#1036 = DIRECTION ( 'NONE',  ( 0.0000000000000000000, 0.0000000000000000000, -1.000000000000000000 ) ) ;
#1037 = EDGE_LOOP ( 'NONE', ( #2423, #2714, #701, #2025 ) ) ;
#1038 = CARTESIAN_POINT ( 'NONE',  ( -1.524322424678461241, -1.630399487950514148, 36.00712235345329049 ) ) ;
#1039 = CARTESIAN_POINT ( 'NONE',  ( -1.524319402890893738, 16.06323927741675206, -19.50724324676052390 ) ) ;
#1040 = CARTESIAN_POINT ( 'NONE',  ( -5.040425879166881451, -15.73382964833325381, 19.92958787187202674 ) ) ;
#1041 = CARTESIAN_POINT ( 'NONE',  ( -16.75826464362635448, 7.172373036123541823, -9.576550791226669190 ) ) ;
#1042 = CARTESIAN_POINT ( 'NONE',  ( -5.836641041700357135, 13.21858527468884148, -26.69494912395048658 ) ) ;
#1043 = CARTESIAN_POINT ( 'NONE',  ( -16.65615009848246331, 5.392712993064781912, 11.79537337628444327 ) ) ;
#1044 = DIRECTION ( 'NONE',  ( 0.0000000000000000000, 0.0000000000000000000, -1.000000000000000000 ) ) ;
#1045 = CARTESIAN_POINT ( 'NONE',  ( -5.385162086005643722, 15.51236931665376240, 18.60156858112595302 ) ) ;
#1046 = CARTESIAN_POINT ( 'NONE',  ( -16.13176403464431274, -7.406233995159990258, 10.37350355395575718 ) ) ;
#1047 = CARTESIAN_POINT ( 'NONE',  ( -6.936331582596473311, -13.34278212889639903, -17.69034551043996473 ) ) ;
#1048 = CIRCLE ( 'NONE', #5775, 2.000000000000001776 ) ;
#1049 = VERTEX_POINT ( 'NONE', #5243 ) ;
#1050 = CARTESIAN_POINT ( 'NONE',  ( -15.53147282374024307, -7.929429633899257368, -10.62958672331417809 ) ) ;
#1051 = CARTESIAN_POINT ( 'NONE',  ( -17.37958921376240085, 6.863184360078731672, 8.951768236322703132 ) ) ;
#1052 = CARTESIAN_POINT ( 'NONE',  ( -17.24381497095343363, 3.575476357948062844, -11.92636157807509001 ) ) ;
#1053 = CARTESIAN_POINT ( 'NONE',  ( 3.000000000000000000, 21.99999999999999645, 36.49999999999999289 ) ) ;
#1054 = CARTESIAN_POINT ( 'NONE',  ( -18.13779997938045696, 1.134016551443206122, -13.12163022400324230 ) ) ;
#1055 = CARTESIAN_POINT ( 'NONE',  ( -17.23785924576819184, -2.940422463205536463, 12.21202114857230114 ) ) ;
#1056 = CARTESIAN_POINT ( 'NONE',  ( 0.02782555725662545429, 16.68411859132526942, -20.05242496132755292 ) ) ;
#1057 = EDGE_LOOP ( 'NONE', ( #4917, #7771, #2122, #1472 ) ) ;
#1058 = ORIENTED_EDGE ( 'NONE', *, *, #1892, .F. ) ;
#1059 = DIRECTION ( 'NONE',  ( 0.0000000000000000000, 0.0000000000000000000, -1.000000000000000000 ) ) ;
#1060 = CARTESIAN_POINT ( 'NONE',  ( -16.19901648278881723, 8.112522882140245528, 8.971071130038454911 ) ) ;
#1061 = CARTESIAN_POINT ( 'NONE',  ( -18.46817261118991027, -0.9942620284575626188, -10.58905078089116714 ) ) ;
#1062 = B_SPLINE_CURVE_WITH_KNOTS ( 'NONE', 3,
 ( #3453, #1548, #251, #4763, #995, #2346, #5479, #7313, #6141, #3586, #7477, #375, #6677, #4162, #7353, #6060, #4890, #5518, #2808, #5397, #914, #6718, #2259, #4849, #3499, #8073, #1632, #1678, #4077, #3545, #293, #5438, #7984, #2216, #7436, #956, #334, #4204, #6766, #2556, #3832, #7557, #4284, #7017, #8151, #1802, #4973, #3147, #1120, #5596, #6225, #1209, #2516, #5146, #627, #8191, #5722, #5677, #4370, #538, #6974, #1163, #3012, #8277, #5060, #1254, #7601, #3704, #3789, #6847, #6262 ),
 .UNSPECIFIED., .F., .F.,
 ( 4, 1, 1, 1, 1, 2, 2, 2, 2, 2, 2, 2, 2, 2, 2, 2, 2, 2, 2, 1, 2, 2, 2, 2, 2, 2, 2, 2, 2, 2, 2, 2, 2, 2, 2, 2, 2, 4 ),
 ( 0.1039114600107745312, 0.1272289846843228656, 0.1388877470210970189, 0.1418024376052905711, 0.1432597828973873333, 0.1439884555434357283, 0.1447171281894841233, 0.1461744734815808855, 0.1476318187736776755, 0.1490891640657744377, 0.1505465093578712277, 0.1534611999420648076, 0.1549185452341615699, 0.1563758905262583598, 0.1592905811104519120, 0.1607479264025487020, 0.1622052716946454920, 0.1651199622788390442, 0.1665773075709358064, 0.1680346528630325964, 0.1694919981551293864, 0.1709493434472261764, 0.1738640340314197286, 0.1753213793235164908, 0.1767787246156132808, 0.1796934151998068607, 0.1811507604919036507, 0.1826081057840004129, 0.1855227963681939651, 0.1869801416602907551, 0.1884374869523875451, 0.1913521775365810973, 0.1928095228286778873, 0.1942668681207746495, 0.1957242134128714395, 0.1960885497358956231, 0.1964528860589198067, 0.1971815587049682017 ),
 .UNSPECIFIED. ) ;
#1063 = CARTESIAN_POINT ( 'NONE',  ( -18.74550354753849390, 7.564439881658726605, -6.033278462460962999 ) ) ;
#1064 = CARTESIAN_POINT ( 'NONE',  ( -20.00000000000000355, 8.969214178198878784, 4.617297917537951157 ) ) ;
#1065 = CARTESIAN_POINT ( 'NONE',  ( -5.003875441517187994, 15.74844982336361277, -13.43050131771210509 ) ) ;
#1066 = CARTESIAN_POINT ( 'NONE',  ( -4.610040115952697803, -15.90598395361891804, -18.24893453205443805 ) ) ;
#1067 = CARTESIAN_POINT ( 'NONE',  ( -6.989455960467830131, -13.50133426866787190, -14.02141342331283802 ) ) ;
#1068 = ORIENTED_EDGE ( 'NONE', *, *, #4364, .F. ) ;
#1069 = B_SPLINE_CURVE_WITH_KNOTS ( 'NONE', 3,
 ( #6691, #5370, #4012, #4820 ),
 .UNSPECIFIED., .F., .F.,
 ( 4, 4 ),
 ( -5.813024608613641895E-08, 0.0003459477786918806566 ),
 .UNSPECIFIED. ) ;
#1070 = EDGE_LOOP ( 'NONE', ( #2011, #6413, #7532, #5179 ) ) ;
#1071 = CARTESIAN_POINT ( 'NONE',  ( -1.524319402891594510, -16.06323927741645363, -15.15303020552591207 ) ) ;
#1072 = CARTESIAN_POINT ( 'NONE',  ( -13.03316801219822807, -9.168409640977849051, -13.68462291894726590 ) ) ;
#1073 = CARTESIAN_POINT ( 'NONE',  ( -5.047790410182185106, 15.72121210463480701, 20.57555864356578113 ) ) ;
#1074 = CARTESIAN_POINT ( 'NONE',  ( -4.357545020858461626, 10.69918263939616310, -30.41852038490609189 ) ) ;
#1075 = CARTESIAN_POINT ( 'NONE',  ( -18.34206829069433198, -7.887054947849677866, 8.357412986280509770 ) ) ;
#1076 = CARTESIAN_POINT ( 'NONE',  ( 3.000000000000000000, -22.00000000000000711, 38.49999999999999289 ) ) ;
#1077 = CARTESIAN_POINT ( 'NONE',  ( -4.620987733308814960, -14.82455980934061479, 5.750710833609338657 ) ) ;
#1078 = CARTESIAN_POINT ( 'NONE',  ( 0.0000000000000000000, 21.99999999999999645, 36.49999999999999289 ) ) ;
#1079 = CARTESIAN_POINT ( 'NONE',  ( -1.524350793448505881, 3.000450397576883699, 35.77991554424480114 ) ) ;
#1080 = CARTESIAN_POINT ( 'NONE',  ( -12.11323861134897939, 11.92145458030288019, -1.969257541871940020 ) ) ;
#1081 = CARTESIAN_POINT ( 'NONE',  ( -5.537290637738759180, -15.36749046114762329, 20.53732600890876014 ) ) ;
#1082 = CARTESIAN_POINT ( 'NONE',  ( -15.53763977557609799, 7.990450084868752079, -10.49386626637887154 ) ) ;
#1083 = CIRCLE ( 'NONE', #5809, 2.000000000000008882 ) ;
#1084 = CARTESIAN_POINT ( 'NONE',  ( -3.435546678027979528, -5.250639215657121106, -35.54958525340248343 ) ) ;
#1085 = CARTESIAN_POINT ( 'NONE',  ( -16.64099853629316428, 4.817302903715914297, 12.26930975966632964 ) ) ;
#1086 = CARTESIAN_POINT ( 'NONE',  ( -5.868838747352548957, -4.706221168272563204, -33.54318673158067554 ) ) ;
#1087 = CARTESIAN_POINT ( 'NONE',  ( -5.010555531983188260, 15.74577778720678545, 19.64247996833056575 ) ) ;
#1088 = ORIENTED_EDGE ( 'NONE', *, *, #2864, .T. ) ;
#1089 = CARTESIAN_POINT ( 'NONE',  ( -15.53588943424777469, -7.945138720383802422, 10.58895379982970653 ) ) ;
#1090 = ADVANCED_FACE ( 'NONE', ( #7237 ), #5945, .T. ) ;
#1091 = CARTESIAN_POINT ( 'NONE',  ( -11.85557705550585084, -10.23894443887133399, -13.68514717242888601 ) ) ;
#1092 = ORIENTED_EDGE ( 'NONE', *, *, #3500, .T. ) ;
#1093 = ORIENTED_EDGE ( 'NONE', *, *, #5602, .F. ) ;
#1094 = VERTEX_POINT ( 'NONE', #4083 ) ;
#1095 = CARTESIAN_POINT ( 'NONE',  ( -13.08217054163801585, 9.472798266983570414, 12.64556941010054203 ) ) ;
#1096 = CARTESIAN_POINT ( 'NONE',  ( -16.03643589734839026, 5.773524086979438863, -12.53761333321827642 ) ) ;
#1097 = CARTESIAN_POINT ( 'NONE',  ( -4.628609323645896723, 14.82152330911475424, 19.99999998980446492 ) ) ;
#1098 = CARTESIAN_POINT ( 'NONE',  ( -20.00000000000003197, 5.377441302797304701, -11.99901289573073804 ) ) ;
#1099 = CARTESIAN_POINT ( 'NONE',  ( -17.27945319029329596, -5.012932441250082860, 10.97841282264992913 ) ) ;
#1100 = CARTESIAN_POINT ( 'NONE',  ( 0.02781730357486644767, 16.62466196516066219, -22.34610161358352087 ) ) ;
#1101 = CARTESIAN_POINT ( 'NONE',  ( 3.000000000000000000, 1.008120388923670203E-14, -19.99999999999998934 ) ) ;
#1102 = EDGE_LOOP ( 'NONE', ( #6383, #2510, #1733, #4260 ) ) ;
#1103 = CARTESIAN_POINT ( 'NONE',  ( -4.523807937061807394, -14.84813004988004259, 20.69064760126292768 ) ) ;
#1104 = CARTESIAN_POINT ( 'NONE',  ( -15.61936374278326767, 8.782931950563256152, 8.621537304138914948 ) ) ;
#1105 = CARTESIAN_POINT ( 'NONE',  ( -12.86031406954479372, -1.463087681214652047, -20.16064576284123078 ) ) ;
#1106 = CARTESIAN_POINT ( 'NONE',  ( -19.00000000000000355, 1.685359693964378458, -9.595614878215396715 ) ) ;
#1107 = CARTESIAN_POINT ( 'NONE',  ( -13.18934128621773638, 10.35350053400306081, -9.139949406201170135 ) ) ;
#1108 = CARTESIAN_POINT ( 'NONE',  ( -4.999999999999993783, 6.920731814421074546, -34.22217500603711215 ) ) ;
#1109 = CARTESIAN_POINT ( 'NONE',  ( -5.428022304806879639, 15.47646704162470499, -19.71866185084677170 ) ) ;
#1110 = CARTESIAN_POINT ( 'NONE',  ( -4.562242878218746078, -15.92510284871249304, -19.69725611997073855 ) ) ;
#1111 = CARTESIAN_POINT ( 'NONE',  ( -11.91040030381726389, -10.67421501562654029, -11.51946935630666147 ) ) ;
#1112 = ORIENTED_EDGE ( 'NONE', *, *, #2616, .T. ) ;
#1113 = EDGE_CURVE ( 'NONE', #6116, #7614, #6736, .T. ) ;
#1114 = CARTESIAN_POINT ( 'NONE',  ( -3.076464363268369695, -15.44238129326575582, -4.615563039458555394 ) ) ;
#1115 = CARTESIAN_POINT ( 'NONE',  ( -17.33031875226412666, -6.218113947343693937, -9.804578883022506020 ) ) ;
#1116 = AXIS2_PLACEMENT_3D ( 'NONE', #4194, #4275, #3575 ) ;
#1117 = CARTESIAN_POINT ( 'NONE',  ( -20.00000000000003197, 10.31860046735067193, 5.565241967318756977 ) ) ;
#1118 = CARTESIAN_POINT ( 'NONE',  ( -4.410877281219192092, 13.46426455048893800, -26.43559693706003344 ) ) ;
#1119 = CARTESIAN_POINT ( 'NONE',  ( -20.00000000000002842, -2.034983437398386386, 13.51143838792911289 ) ) ;
#1120 = CARTESIAN_POINT ( 'NONE',  ( -1.544988095791843818E-15, -10.07249826851310459, -33.29446945725420903 ) ) ;
#1121 = CARTESIAN_POINT ( 'NONE',  ( -7.076176302366758541, -13.72463956583012212, 8.102071601853751304 ) ) ;
#1122 = CARTESIAN_POINT ( 'NONE',  ( 3.000000000000000000, -22.00000000000000711, -38.50000000000000711 ) ) ;
#1123 = DIRECTION ( 'NONE',  ( 0.0000000000000000000, 0.0000000000000000000, -1.000000000000000000 ) ) ;
#1124 = VERTEX_POINT ( 'NONE', #183 ) ;
#1125 = CARTESIAN_POINT ( 'NONE',  ( -4.628664136905082493, -2.313239866753331597, 34.63954173513253210 ) ) ;
#1126 = CARTESIAN_POINT ( 'NONE',  ( -19.59294968014996030, 9.068065079644656024, 0.9060882152581840598 ) ) ;
#1127 = CARTESIAN_POINT ( 'NONE',  ( -3.736126670143687711, -13.25747593441617234, 29.42018769914806597 ) ) ;
#1128 = CARTESIAN_POINT ( 'NONE',  ( -6.935254839422707818, 13.34127260028750150, -17.73271602375771394 ) ) ;
#1129 = CARTESIAN_POINT ( 'NONE',  ( -3.403487578790477031, -1.059969556594787976, -36.36341869621817580 ) ) ;
#1130 = CARTESIAN_POINT ( 'NONE',  ( -15.46330742817191073, 7.204173426370983790, 12.04351210698785657 ) ) ;
#1131 = CARTESIAN_POINT ( 'NONE',  ( -5.480542964804801187, -15.43518503283592835, -19.99999999967035791 ) ) ;
#1132 = DIRECTION ( 'NONE',  ( 0.0000000000000000000, 0.0000000000000000000, -1.000000000000000000 ) ) ;
#1133 = CARTESIAN_POINT ( 'NONE',  ( -11.85444191930082347, -10.22920828540437910, 13.73247798305295930 ) ) ;
#1134 = CARTESIAN_POINT ( 'NONE',  ( -18.61731465484567494, -6.147715994033993603, -7.869964030095911944 ) ) ;
#1135 = ORIENTED_EDGE ( 'NONE', *, *, #2864, .F. ) ;
#1136 = ORIENTED_EDGE ( 'NONE', *, *, #2511, .T. ) ;
#1137 = CARTESIAN_POINT ( 'NONE',  ( -6.932729274830076172, 13.33318680075541351, 17.91837267202235751 ) ) ;
#1138 = CARTESIAN_POINT ( 'NONE',  ( -16.65624387345774693, 5.390897101456404883, -11.76104109323243030 ) ) ;
#1139 = CARTESIAN_POINT ( 'NONE',  ( -18.27706515904338502, -7.096610297238570730, 9.487379066305051012 ) ) ;
#1140 = CARTESIAN_POINT ( 'NONE',  ( -20.00000000000002842, 2.807733923539684540, -13.27090752833833776 ) ) ;
#1141 = CARTESIAN_POINT ( 'NONE',  ( -6.715320278463077663, -11.27702408962726466, 24.83290526315886382 ) ) ;
#1142 = CARTESIAN_POINT ( 'NONE',  ( -1.524319601488876019, 16.06286684911587415, -20.10868949129971384 ) ) ;
#1143 = DIRECTION ( 'NONE',  ( 0.0000000000000000000, 0.0000000000000000000, 1.000000000000000000 ) ) ;
#1144 = EDGE_CURVE ( 'NONE', #3049, #4786, #177, .T. ) ;
#1145 = CARTESIAN_POINT ( 'NONE',  ( -4.317671114506559604, -5.194498930805841574, 34.01840947723183461 ) ) ;
#1146 = CARTESIAN_POINT ( 'NONE',  ( -16.83275367640958109, 7.954113697424819662, 8.178067884827342482 ) ) ;
#1147 = CARTESIAN_POINT ( 'NONE',  ( -17.84313503783823052, 0.1721865749642178534, -11.71411215330277678 ) ) ;
#1148 = CARTESIAN_POINT ( 'NONE',  ( -5.000000000000000000, -15.75000000000001776, 16.77601940238227485 ) ) ;
#1149 = CARTESIAN_POINT ( 'NONE',  ( -19.99999999999713651, -0.2250108759664327385, 10.00802504435927887 ) ) ;
#1150 = CARTESIAN_POINT ( 'NONE',  ( -19.58722142439750513, 9.029994887433137052, -1.241114789685694220 ) ) ;
#1151 = CARTESIAN_POINT ( 'NONE',  ( -9.121446638686695252, -0.4333575752422115790, 26.68040419789396722 ) ) ;
#1152 = CARTESIAN_POINT ( 'NONE',  ( -19.99999999999997513, 7.720714011170230151, -6.477051582354958370 ) ) ;
#1153 = CARTESIAN_POINT ( 'NONE',  ( -4.564944858493777957, 15.92402205660249948, -19.64199407744519377 ) ) ;
#1154 = CARTESIAN_POINT ( 'NONE',  ( -4.583883206294620649, -15.91644671748214002, -19.05358291874351551 ) ) ;
#1155 = CARTESIAN_POINT ( 'NONE',  ( -11.94028586820934379, -10.88365025268712216, -10.40631931901083540 ) ) ;
#1156 = ORIENTED_EDGE ( 'NONE', *, *, #7546, .F. ) ;
#1157 = ADVANCED_FACE ( 'NONE', ( #6488 ), #723, .T. ) ;
#1158 = CARTESIAN_POINT ( 'NONE',  ( -4.628609323645895834, -14.82152330911473292, -19.94173836880799655 ) ) ;
#1159 = CARTESIAN_POINT ( 'NONE',  ( -17.91446842913014592, -5.125226647160401328, -9.828272145923506287 ) ) ;
#1160 = CARTESIAN_POINT ( 'NONE',  ( -4.978409530954383655, -15.75863618761825435, 2.938279663166628808 ) ) ;
#1161 = CARTESIAN_POINT ( 'NONE',  ( -4.312828135249787032, -3.298994208724365329, -34.59344642124376179 ) ) ;
#1162 = CARTESIAN_POINT ( 'NONE',  ( -18.28429590217585243, -7.183424502661821087, 9.365983143042877046 ) ) ;
#1163 = CARTESIAN_POINT ( 'NONE',  ( -7.318364664277154930E-16, -16.33396333868814310, -23.37552785207293482 ) ) ;
#1164 = CARTESIAN_POINT ( 'NONE',  ( -16.41370416741496996, -9.821307104315417646, 4.177161940493988368 ) ) ;
#1165 = DIRECTION ( 'NONE',  ( 0.0000000000000000000, 1.000000000000000000, 0.0000000000000000000 ) ) ;
#1166 = CARTESIAN_POINT ( 'NONE',  ( -5.000000000000000000, 15.75000000000000711, 4.407281562879258097 ) ) ;
#1167 = ORIENTED_EDGE ( 'NONE', *, *, #7726, .F. ) ;
#1168 = CARTESIAN_POINT ( 'NONE',  ( -3.076575852328459426, -13.70474361237448235, 27.33816673130578323 ) ) ;
#1169 = CARTESIAN_POINT ( 'NONE',  ( -18.34896734443976740, 9.560182726798906572, 0.2113511292984759093 ) ) ;
#1170 = CARTESIAN_POINT ( 'NONE',  ( -5.011694070573736504, -9.574298529509961853, 32.54177028232457758 ) ) ;
#1171 = CARTESIAN_POINT ( 'NONE',  ( -6.933188728700483416, 13.33466372118720145, -17.88445625337974221 ) ) ;
#1172 = CARTESIAN_POINT ( 'NONE',  ( -5.028596067307055328, -13.33221282979735633, -28.37954607189507428 ) ) ;
#1173 = CARTESIAN_POINT ( 'NONE',  ( -18.53805272779538171, 4.743199743858929729, 9.101732838488999278 ) ) ;
#1174 = CARTESIAN_POINT ( 'NONE',  ( -19.99999999999786837, 0.2263366542142655757, -10.00035655829941739 ) ) ;
#1175 = CARTESIAN_POINT ( 'NONE',  ( 0.0000000000000000000, -20.00000000000000355, 38.49999999999999289 ) ) ;
#1176 = ORIENTED_EDGE ( 'NONE', *, *, #3609, .F. ) ;
#1177 = CARTESIAN_POINT ( 'NONE',  ( -9.399394047311881550, -11.77662584992332739, 15.73845871614457437 ) ) ;
#1178 = CARTESIAN_POINT ( 'NONE',  ( -17.99875784923867172, -6.501411376547482135, -8.411038586881005585 ) ) ;
#1179 = VERTEX_POINT ( 'NONE', #6566 ) ;
#1180 = VERTEX_POINT ( 'NONE', #3631 ) ;
#1181 = CARTESIAN_POINT ( 'NONE',  ( -19.23615571781625277, 5.789138661611765713, 7.343691836795827044 ) ) ;
#1182 = CARTESIAN_POINT ( 'NONE',  ( -16.05631868633941295, 6.317717256598686326, -11.96820972107661341 ) ) ;
#1183 = CARTESIAN_POINT ( 'NONE',  ( -18.48414470960005929, -9.282832990260093453, -5.796424260873285661 ) ) ;
#1184 = DIRECTION ( 'NONE',  ( -1.000000000000000000, -0.0000000000000000000, -0.0000000000000000000 ) ) ;
#1185 = CARTESIAN_POINT ( 'NONE',  ( -20.00000000000000711, 0.6520802205264119022, 9.984745210496301482 ) ) ;
#1186 = CARTESIAN_POINT ( 'NONE',  ( -15.40084078532777845, -5.551437774884908194, 13.90669352132762349 ) ) ;
#1187 = CARTESIAN_POINT ( 'NONE',  ( 0.02782544905103175037, 16.68372187876038382, -20.11119659162128315 ) ) ;
#1188 = CARTESIAN_POINT ( 'NONE',  ( 5.000000000000000000, 1.008120388923670203E-14, -19.99999999999998934 ) ) ;
#1189 = ORIENTED_EDGE ( 'NONE', *, *, #3343, .T. ) ;
#1190 = CARTESIAN_POINT ( 'NONE',  ( -4.322222725856308401, 6.268083747799260586, 33.58232587824667803 ) ) ;
#1191 = CARTESIAN_POINT ( 'NONE',  ( -11.87983777591505508, 10.45246474956848459, 12.64266311331400772 ) ) ;
#1192 = CARTESIAN_POINT ( 'NONE',  ( -19.09164083438833259, 0.9036799740549322779, -9.529032096975942778 ) ) ;
#1193 = CARTESIAN_POINT ( 'NONE',  ( -5.000000000000023093, 11.33002742434153554, 31.51843978945208136 ) ) ;
#1194 = CARTESIAN_POINT ( 'NONE',  ( -20.00000000000003553, -0.7243262096036382491, 9.979308985839217883 ) ) ;
#1195 = AXIS2_PLACEMENT_3D ( 'NONE', #6348, #8154, #1123 ) ;
#1196 = CARTESIAN_POINT ( 'NONE',  ( -4.620987733308899337, 14.82455980934059347, -5.750710833610896522 ) ) ;
#1197 = CARTESIAN_POINT ( 'NONE',  ( -14.10714059206831550, -0.8086203420745141646, 18.10884230839228692 ) ) ;
#1198 = CARTESIAN_POINT ( 'NONE',  ( -19.99999999999999289, 4.668421124400374822, -8.898953193294792285 ) ) ;
#1199 = CARTESIAN_POINT ( 'NONE',  ( -5.480542964803917450, 15.43518503283622323, -19.99999999967445063 ) ) ;
#1200 = CARTESIAN_POINT ( 'NONE',  ( -5.227430674101564811, -15.63260943701031280, -13.43879093198348329 ) ) ;
#1201 = CARTESIAN_POINT ( 'NONE',  ( -14.38939307657533639, -9.437775648254952188, -9.410493772720574412 ) ) ;
#1202 = ADVANCED_FACE ( 'NONE', ( #4168 ), #5292, .T. ) ;
#1203 = ORIENTED_EDGE ( 'NONE', *, *, #1113, .T. ) ;
#1204 = CARTESIAN_POINT ( 'NONE',  ( -4.999999999999995559, -11.33002742434157462, -31.51843978945201385 ) ) ;
#1205 = CARTESIAN_POINT ( 'NONE',  ( -6.786205270147208424, -12.69534589248903700, -21.84411577029865725 ) ) ;
#1206 = CARTESIAN_POINT ( 'NONE',  ( -5.000000002082021666, -15.75000000338065576, 1.468985952422812158 ) ) ;
#1207 = CARTESIAN_POINT ( 'NONE',  ( 9.757819552369539906E-16, 16.67296703857310902, 19.99999998914173105 ) ) ;
#1208 = CARTESIAN_POINT ( 'NONE',  ( -5.038383251571657340, 15.73464669937133031, -6.951143277309657975 ) ) ;
#1209 = CARTESIAN_POINT ( 'NONE',  ( 4.878909776184768967E-16, -12.22375225932025522, -31.37964584147691482 ) ) ;
#1210 = CARTESIAN_POINT ( 'NONE',  ( -15.83553980978803821, -10.36294129304703659, 2.529719406124496750 ) ) ;
#1211 = CARTESIAN_POINT ( 'NONE',  ( -19.00000000000000355, -6.972145123638893160, 6.499850522293039390 ) ) ;
#1212 = CARTESIAN_POINT ( 'NONE',  ( 3.000000000000000000, -18.00000000000000355, 36.49999999999999289 ) ) ;
#1213 = CARTESIAN_POINT ( 'NONE',  ( 0.02799770058045429957, -7.295555939471483953, 35.03619207830566751 ) ) ;
#1214 = CARTESIAN_POINT ( 'NONE',  ( -18.60755962021952570, -6.060450106198337572, -7.966737611883647929 ) ) ;
#1215 = CARTESIAN_POINT ( 'NONE',  ( -4.641041431040426879, 14.81664599744932787, 1.946740220177408220 ) ) ;
#1216 = CARTESIAN_POINT ( 'NONE',  ( -5.868949624128698694, -4.559422529205552799, 33.56512083908347677 ) ) ;
#1217 = CARTESIAN_POINT ( 'NONE',  ( -9.396883819264543192, 11.76765305161684871, -15.82549055631993262 ) ) ;
#1218 = CARTESIAN_POINT ( 'NONE',  ( -5.007592270293458547, -7.828362387071566175, -33.67247189321319922 ) ) ;
#1219 = CARTESIAN_POINT ( 'NONE',  ( -17.26241502578141862, 4.457700131362103413, 11.42550071751729490 ) ) ;
#1220 = CARTESIAN_POINT ( 'NONE',  ( -18.52170594505041734, 9.595238981155416624, 5.008106153227255497 ) ) ;
#1221 = CARTESIAN_POINT ( 'NONE',  ( -4.493670146225736239, 15.95253194150977549, 20.26559562955197435 ) ) ;
#1222 = CARTESIAN_POINT ( 'NONE',  ( -16.76640228363581642, -7.229977687902925609, 9.474242028104988833 ) ) ;
#1223 = CARTESIAN_POINT ( 'NONE',  ( -4.464346598923529363, -14.90556206035302189, -19.82553098493019306 ) ) ;
#1224 = ORIENTED_EDGE ( 'NONE', *, *, #761, .F. ) ;
#1225 = VERTEX_POINT ( 'NONE', #3541 ) ;
#1226 = EDGE_CURVE ( 'NONE', #6790, #4895, #6883, .T. ) ;
#1227 = CARTESIAN_POINT ( 'NONE',  ( -11.85301059098056697, 10.23073801936546978, 13.73087887226641968 ) ) ;
#1228 = CARTESIAN_POINT ( 'NONE',  ( -9.247334549591904818, 10.77771061766828176, -19.75693403053075770 ) ) ;
#1229 = DIRECTION ( 'NONE',  ( 0.0000000000000000000, -1.000000000000000000, 0.0000000000000000000 ) ) ;
#1230 = CARTESIAN_POINT ( 'NONE',  ( 3.000000000000000000, -21.25000000000000355, 45.24999999999999289 ) ) ;
#1231 = CARTESIAN_POINT ( 'NONE',  ( -5.000000000000014211, -9.267497339533154133, 32.86814749681982306 ) ) ;
#1232 = CARTESIAN_POINT ( 'NONE',  ( -17.88524370699671451, -4.109031109822456784, 10.55355260511144699 ) ) ;
#1233 = CARTESIAN_POINT ( 'NONE',  ( -20.00000000000003197, -8.051489251365982369, -9.401075297807553355 ) ) ;
#1234 = AXIS2_PLACEMENT_3D ( 'NONE', #103, #7196, #4005 ) ;
#1235 = CARTESIAN_POINT ( 'NONE',  ( -4.344641837878525870, 9.558173454475626940, 31.48065968254785929 ) ) ;
#1236 = CARTESIAN_POINT ( 'NONE',  ( -4.488342619073839579, 14.89078911966131180, 17.71842336199480883 ) ) ;
#1237 = CARTESIAN_POINT ( 'NONE',  ( -6.628588181791802647, 1.458896266618328497, -30.92248859235691327 ) ) ;
#1238 = CARTESIAN_POINT ( 'NONE',  ( -5.049999999999981171, 6.096263341294918092, 34.93416988771185316 ) ) ;
#1239 = CARTESIAN_POINT ( 'NONE',  ( -19.00000000000001066, -4.100661000331871087, -8.766770792584219762 ) ) ;
#1240 = CARTESIAN_POINT ( 'NONE',  ( -12.08550806664842980, 11.77178765693629892, -4.232420199623938117 ) ) ;
#1241 = CARTESIAN_POINT ( 'NONE',  ( -16.59975147161791398, 0.5691594057655396943, 13.83976211255115629 ) ) ;
#1242 = CARTESIAN_POINT ( 'NONE',  ( -4.850000000000009415, 12.53930110472404458, 30.25304579492273760 ) ) ;
#1243 = CARTESIAN_POINT ( 'NONE',  ( -5.438169550121233264, 15.46925583945633598, -19.76413587946032280 ) ) ;
#1244 = CARTESIAN_POINT ( 'NONE',  ( -5.428022304807769594, -15.47646704162439057, -19.71866185084278911 ) ) ;
#1245 = CARTESIAN_POINT ( 'NONE',  ( -4.483125582404267284, -14.89391708356468236, -18.16650276587825630 ) ) ;
#1246 = VERTEX_POINT ( 'NONE', #4414 ) ;
#1247 = AXIS2_PLACEMENT_3D ( 'NONE', #7282, #7156, #5988 ) ;
#1248 = CARTESIAN_POINT ( 'NONE',  ( 0.02782555748655332617, -16.68409726156771455, -19.93794175906948851 ) ) ;
#1249 = CARTESIAN_POINT ( 'NONE',  ( -4.282425748094471629, -14.04109540118242627, -25.42862297814955141 ) ) ;
#1250 = EDGE_CURVE ( 'NONE', #3234, #3628, #2305, .T. ) ;
#1251 = CARTESIAN_POINT ( 'NONE',  ( -20.00000000000003197, 4.323109584374924097, -12.63562117372178406 ) ) ;
#1252 = CARTESIAN_POINT ( 'NONE',  ( -4.337793107844738039, 8.747883459923514238, -32.11219902569688855 ) ) ;
#1253 = CARTESIAN_POINT ( 'NONE',  ( -20.00000000000002487, -7.625952963038311161, 9.926981558217597978 ) ) ;
#1254 = CARTESIAN_POINT ( 'NONE',  ( 1.626303258728205129E-16, -16.62787973255101193, -21.22615129262054268 ) ) ;
#1255 = CARTESIAN_POINT ( 'NONE',  ( -9.627345917086161720, -12.90453811326113076, -0.3412095913115753554 ) ) ;
#1256 = CARTESIAN_POINT ( 'NONE',  ( -18.99999999999999645, -4.043209451247962605, 8.795531318691923062 ) ) ;
#1257 = EDGE_LOOP ( 'NONE', ( #6902, #2550 ) ) ;
#1258 = AXIS2_PLACEMENT_3D ( 'NONE', #5508, #6216, #2797 ) ;
#1259 = CARTESIAN_POINT ( 'NONE',  ( 0.02782555748655113695, -16.68409726156772166, 19.99330877946843543 ) ) ;
#1260 = CARTESIAN_POINT ( 'NONE',  ( -19.23054476844357552, -5.710587532740903249, -7.413308485872359910 ) ) ;
#1261 = CARTESIAN_POINT ( 'NONE',  ( -14.60464375618581201, 10.95663627273321516, -1.734014522827570959 ) ) ;
#1262 = CARTESIAN_POINT ( 'NONE',  ( -5.008583370553856717, -8.287700675108778725, 33.39852883453109911 ) ) ;
#1263 = CARTESIAN_POINT ( 'NONE',  ( -17.99670801616717597, 6.511835564594437464, -8.402349143090585670 ) ) ;
#1264 = CARTESIAN_POINT ( 'NONE',  ( -5.010584075242033641, -9.116898554066098725, -32.84749313941841109 ) ) ;
#1265 = CARTESIAN_POINT ( 'NONE',  ( -15.98889941142549809, 3.062191950551366837, 14.33060215511492430 ) ) ;
#1266 = CARTESIAN_POINT ( 'NONE',  ( -20.00000000000283507, -1.746963928706653180, -9.877918528048246216 ) ) ;
#1267 = CARTESIAN_POINT ( 'NONE',  ( -4.562242878185847061, 15.92510284872567716, 19.69725612048267749 ) ) ;
#1268 = CARTESIAN_POINT ( 'NONE',  ( -15.54090952778882695, -8.000020563703326815, 10.46768512774861293 ) ) ;
#1269 = CARTESIAN_POINT ( 'NONE',  ( -15.53693393449113813, -7.957114188832910884, -10.56261709090447098 ) ) ;
#1270 = EDGE_LOOP ( 'NONE', ( #6905, #5671, #5222, #66 ) ) ;
#1271 = CARTESIAN_POINT ( 'NONE',  ( -4.462899911555834542, 14.90648147916406785, 19.95632714486448123 ) ) ;
#1272 = CARTESIAN_POINT ( 'NONE',  ( -14.18772566831646564, 7.239190151922351824, -14.49268593166421049 ) ) ;
#1273 = CARTESIAN_POINT ( 'NONE',  ( -18.17947747300352290, -4.858854462742589142, 11.66954898033243282 ) ) ;
#1274 = CARTESIAN_POINT ( 'NONE',  ( -3.403472256162135778, -1.052566111572912577, -36.36380226640100943 ) ) ;
#1275 = CARTESIAN_POINT ( 'NONE',  ( -20.00000000000000355, 9.787635112112891278E-14, 10.01018030340873999 ) ) ;
#1276 = CARTESIAN_POINT ( 'NONE',  ( -16.04808429940888814, -6.054745835681017319, 12.25826031299987307 ) ) ;
#1277 = CARTESIAN_POINT ( 'NONE',  ( -20.00000000000002842, -4.385908443284636249, -12.63261254904294972 ) ) ;
#1278 = ADVANCED_FACE ( 'NONE', ( #4507 ), #3093, .F. ) ;
#1279 = CARTESIAN_POINT ( 'NONE',  ( -4.411418476889132023, 13.55123409834714288, 26.35345653174598368 ) ) ;
#1280 = CARTESIAN_POINT ( 'NONE',  ( -18.02071905114837946, 6.796284876379138140, 8.032902486466632297 ) ) ;
#1281 = CARTESIAN_POINT ( 'NONE',  ( -19.08945182747364200, 0.3929859633483941961, -9.571685612218523431 ) ) ;
#1282 = CARTESIAN_POINT ( 'NONE',  ( 0.0000000000000000000, -16.87193170087694938, 26.83855367616387255 ) ) ;
#1283 = CIRCLE ( 'NONE', #6126, 2.000000000000008882 ) ;
#1284 = CARTESIAN_POINT ( 'NONE',  ( -20.00000000000002842, -0.3944837595655631413, 13.73238429334380228 ) ) ;
#1285 = CARTESIAN_POINT ( 'NONE',  ( -14.10659224565219461, 0.2437954820880848805, 18.14221789899800541 ) ) ;
#1286 = CARTESIAN_POINT ( 'NONE',  ( -4.565126508660326543, 15.92394939653587294, -19.63696618179765707 ) ) ;
#1287 = B_SPLINE_CURVE_WITH_KNOTS ( 'NONE', 3,
 ( #5348, #7889, #4753, #947 ),
 .UNSPECIFIED., .F., .F.,
 ( 4, 4 ),
 ( 0.06182737463043470882, 0.06189233998963201283 ),
 .UNSPECIFIED. ) ;
#1288 = CARTESIAN_POINT ( 'NONE',  ( -5.000000000000000000, -15.75000000000000355, -4.407281562881768089 ) ) ;
#1289 = CARTESIAN_POINT ( 'NONE',  ( -13.10372532682356095, -9.653794206419934909, -11.96176549716229154 ) ) ;
#1290 = ORIENTED_EDGE ( 'NONE', *, *, #3470, .T. ) ;
#1291 = CARTESIAN_POINT ( 'NONE',  ( -4.628609323645895834, -14.82152330911473292, -19.88345772324115046 ) ) ;
#1292 = CARTESIAN_POINT ( 'NONE',  ( -15.37787522928057271, -4.482526417801516949, -14.70621819449330125 ) ) ;
#1293 = CARTESIAN_POINT ( 'NONE',  ( -12.97713175493478843, -9.515541922851721068, -12.81337577400361738 ) ) ;
#1294 = CARTESIAN_POINT ( 'NONE',  ( 0.0000000000000000000, 18.00000000000000000, 38.49999999999999289 ) ) ;
#1295 = CARTESIAN_POINT ( 'NONE',  ( -20.00000000000002487, -7.723792096016334874, 9.808463110637902105 ) ) ;
#1296 = DIRECTION ( 'NONE',  ( -1.000000000000000000, -0.0000000000000000000, -0.0000000000000000000 ) ) ;
#1297 = CARTESIAN_POINT ( 'NONE',  ( -17.69179926504511968, -9.549508867498893494, -2.666635053394601940 ) ) ;
#1298 = CARTESIAN_POINT ( 'NONE',  ( 0.0000000000000000000, -25.25000000000000355, -41.24999999999997158 ) ) ;
#1299 = CARTESIAN_POINT ( 'NONE',  ( -3.076519142569793530, -11.58069533559086217, 30.21502656103291784 ) ) ;
#1300 = CARTESIAN_POINT ( 'NONE',  ( -9.384074515551146689, -11.73834902244609957, -16.11989168055504607 ) ) ;
#1301 = CARTESIAN_POINT ( 'NONE',  ( -4.624642827523170574, 14.82311975257308845, 5.035117511623955266 ) ) ;
#1302 = CARTESIAN_POINT ( 'NONE',  ( -5.865670758733482870, -0.9384397819270653418, 34.26295946653916502 ) ) ;
#1303 = CARTESIAN_POINT ( 'NONE',  ( -18.08760939211649799, 7.513576543367522120, -7.016707720196272646 ) ) ;
#1304 = CARTESIAN_POINT ( 'NONE',  ( -5.583339994015576124, -15.28691219935770818, -21.06319708040815897 ) ) ;
#1305 = CARTESIAN_POINT ( 'NONE',  ( -16.00207829106244617, 4.168244004440835759, 13.78087056146308065 ) ) ;
#1306 = CARTESIAN_POINT ( 'NONE',  ( -18.14694182736083050, -2.692780551880771700, -12.75892737961309997 ) ) ;
#1307 = DIRECTION ( 'NONE',  ( 0.0000000000000000000, 0.0000000000000000000, -1.000000000000000000 ) ) ;
#1308 = VECTOR ( 'NONE', #2482, 1000.000000000000000 ) ;
#1309 = CARTESIAN_POINT ( 'NONE',  ( -4.468319746062124231, -14.90304935230166627, 19.46809594920669539 ) ) ;
#1310 = CARTESIAN_POINT ( 'NONE',  ( -9.397514727158572612, -11.76226592492873735, -15.86495761917714198 ) ) ;
#1311 = ORIENTED_EDGE ( 'NONE', *, *, #8187, .T. ) ;
#1312 = ORIENTED_EDGE ( 'NONE', *, *, #7784, .T. ) ;
#1313 = CARTESIAN_POINT ( 'NONE',  ( -4.463221217123551021, 14.90627695626750082, 19.92723048959932086 ) ) ;
#1314 = CARTESIAN_POINT ( 'NONE',  ( -9.288188261987919248, 11.27309999730741019, -18.45449069258022945 ) ) ;
#1315 = DIRECTION ( 'NONE',  ( 0.0000000000000000000, 0.0000000000000000000, 1.000000000000000000 ) ) ;
#1316 = CARTESIAN_POINT ( 'NONE',  ( -3.598066596319444699, -11.10342039112220291, -31.96009696718721216 ) ) ;
#1317 = CARTESIAN_POINT ( 'NONE',  ( -4.850000000000000533, -15.83029285988830637, 14.57518039206577498 ) ) ;
#1318 = CARTESIAN_POINT ( 'NONE',  ( -6.838396238772714852, -13.11398913107369424, 20.21470481611782688 ) ) ;
#1319 = CARTESIAN_POINT ( 'NONE',  ( -20.00000000000002842, -7.269772505521307160, -10.34260940060943490 ) ) ;
#1320 = ORIENTED_EDGE ( 'NONE', *, *, #7130, .F. ) ;
#1321 = CARTESIAN_POINT ( 'NONE',  ( -16.76101445810488499, -7.199393401953617655, -9.530543807273037515 ) ) ;
#1322 = CARTESIAN_POINT ( 'NONE',  ( -9.408157163117603972, 11.83852318497265799, 15.18892096806604641 ) ) ;
#1323 = CARTESIAN_POINT ( 'NONE',  ( -17.22258230529429568, 1.247905521246437610, -12.68440695818242681 ) ) ;
#1324 = CARTESIAN_POINT ( 'NONE',  ( -19.00000000000000355, 8.480316328653620062, 4.068698600785308095 ) ) ;
#1325 = CARTESIAN_POINT ( 'NONE',  ( -18.31583164226937654, 7.577298692756741616, 8.814925296911450658 ) ) ;
#1326 = CARTESIAN_POINT ( 'NONE',  ( -15.36016821499463703, -2.488833955449515578, 15.62326782128469738 ) ) ;
#1327 = CARTESIAN_POINT ( 'NONE',  ( -4.628921344780140501, -9.534862869385435147, -31.34736865012924412 ) ) ;
#1328 = ORIENTED_EDGE ( 'NONE', *, *, #4891, .F. ) ;
#1329 = CARTESIAN_POINT ( 'NONE',  ( -5.873228065190840397, -7.363826263085316626, 32.35491248378333040 ) ) ;
#1330 = EDGE_LOOP ( 'NONE', ( #4093, #577, #26, #722, #3071, #5863, #6721, #3017, #4060, #2571 ) ) ;
#1331 = CARTESIAN_POINT ( 'NONE',  ( -16.16216190918497375, -7.709145397552259915, -9.788684630087612248 ) ) ;
#1332 = VERTEX_POINT ( 'NONE', #5674 ) ;
#1333 = ORIENTED_EDGE ( 'NONE', *, *, #1226, .F. ) ;
#1334 = DIRECTION ( 'NONE',  ( 0.0000000000000000000, 0.0000000000000000000, 1.000000000000000000 ) ) ;
#1335 = STYLED_ITEM ( 'NONE', ( #2956 ), #6371 ) ;
#1336 = CARTESIAN_POINT ( 'NONE',  ( -16.00567526704767829, -4.507721908912632358, -13.56098109686559638 ) ) ;
#1337 = CARTESIAN_POINT ( 'NONE',  ( -4.541520267650556164, 14.85635893151289189, 19.93414036259445155 ) ) ;
#1338 = CARTESIAN_POINT ( 'NONE',  ( 3.000000000000000000, -20.00000000000000355, 38.49999999999999289 ) ) ;
#1339 = CARTESIAN_POINT ( 'NONE',  ( -5.022902600800322581, -15.74083895967997471, 19.73102819281974618 ) ) ;
#1340 = CARTESIAN_POINT ( 'NONE',  ( -5.000000000000000000, -15.75000000000001066, 4.407281562877018111 ) ) ;
#1341 = CARTESIAN_POINT ( 'NONE',  ( -18.97493171773990639, -9.320168759334560349, -0.2015401336485536377 ) ) ;
#1342 = AXIS2_PLACEMENT_3D ( 'NONE', #8054, #1571, #3435 ) ;
#1343 = CARTESIAN_POINT ( 'NONE',  ( -5.000000000000002665, -6.105812355250447077, -34.95264392807924736 ) ) ;
#1344 = CARTESIAN_POINT ( 'NONE',  ( -1.524219341298693298, -13.31552496093748950, 29.17165161268433238 ) ) ;
#1345 = CARTESIAN_POINT ( 'NONE',  ( -17.98897544557012296, -6.418205700574407757, -8.519351865220224695 ) ) ;
#1346 = CARTESIAN_POINT ( 'NONE',  ( -5.021371264072035601, 11.81462180252997385, 30.45411250963630678 ) ) ;
#1347 = CARTESIAN_POINT ( 'NONE',  ( -16.23672950316134944, 8.475167026813842597, -8.206191380501753230 ) ) ;
#1348 = CARTESIAN_POINT ( 'NONE',  ( -5.046573187149548723, -15.73002976804474606, -20.23927135482398754 ) ) ;
#1349 = CARTESIAN_POINT ( 'NONE',  ( -16.62963103351907890, 4.177493706071024882, 12.66176673169586664 ) ) ;
#1350 = CARTESIAN_POINT ( 'NONE',  ( -18.29174351021131173, 7.275969417321724642, 9.239326243651836634 ) ) ;
#1351 = CARTESIAN_POINT ( 'NONE',  ( -3.809917960045824614, 14.01911015055069676, 28.18648512099087711 ) ) ;
#1352 = CARTESIAN_POINT ( 'NONE',  ( -9.410068629342056568, -11.84339968489262596, 15.13848359659651877 ) ) ;
#1353 = CARTESIAN_POINT ( 'NONE',  ( -6.933404299934916359, -13.33341806357356241, -17.90528674569818435 ) ) ;
#1354 = VERTEX_POINT ( 'NONE', #534 ) ;
#1355 = EDGE_CURVE ( 'NONE', #5694, #1179, #569, .T. ) ;
#1356 = CARTESIAN_POINT ( 'NONE',  ( -18.13525823962739381, 0.4884627505178149587, 13.22578059018876573 ) ) ;
#1357 = CARTESIAN_POINT ( 'NONE',  ( -17.94889365481230925, 5.853559492335708825, -9.164222813144073498 ) ) ;
#1358 = CARTESIAN_POINT ( 'NONE',  ( -5.503889303940074029, 15.41155171809284674, -20.18746106425725628 ) ) ;
#1359 = EDGE_CURVE ( 'NONE', #8195, #297, #7133, .T. ) ;
#1360 = CARTESIAN_POINT ( 'NONE',  ( -3.809717877207512871, 14.05606326688197960, -28.17417212403654503 ) ) ;
#1361 = CARTESIAN_POINT ( 'NONE',  ( -5.000000000000010658, -1.084202172485504434E-13, 35.86672095836969731 ) ) ;
#1362 = CARTESIAN_POINT ( 'NONE',  ( -16.11456898855725939, -7.212582176837315728, 10.70610991294217307 ) ) ;
#1363 = CARTESIAN_POINT ( 'NONE',  ( -20.00000000000002842, -9.177318862484831641, 7.775199962007931731 ) ) ;
#1364 = CARTESIAN_POINT ( 'NONE',  ( -14.30577633375542845, -8.689005420319007911, -11.66597130174491248 ) ) ;
#1365 = CARTESIAN_POINT ( 'NONE',  ( -13.11712205175892976, 9.787746922206006062, 11.45633613803545359 ) ) ;
#1366 = CARTESIAN_POINT ( 'NONE',  ( -14.10979577596543066, 2.357780406216684721, -17.83264006724484574 ) ) ;
#1367 = CARTESIAN_POINT ( 'NONE',  ( -4.628609323645895834, 14.82152330911475424, 19.41663985443809892 ) ) ;
#1368 = CARTESIAN_POINT ( 'NONE',  ( -18.30659048087623475, 7.464639294172522810, 8.976726841984884686 ) ) ;
#1369 = CARTESIAN_POINT ( 'NONE',  ( -17.23157647547416360, -2.276783704172632650, 12.43958904307589997 ) ) ;
#1370 = TOROIDAL_SURFACE ( 'NONE', #4186, 22.24999999999999645, 2.000000000000000000 ) ;
#1371 = CARTESIAN_POINT ( 'NONE',  ( 0.02781086572382253375, -4.094683800610586566, -36.20230336024067697 ) ) ;
#1372 = CARTESIAN_POINT ( 'NONE',  ( -4.551828447899948671, -15.92926862084001094, -19.81754027325354528 ) ) ;
#1373 = CARTESIAN_POINT ( 'NONE',  ( -11.86375356204964859, -10.30807650664825204, -13.34800217219572893 ) ) ;
#1374 = CARTESIAN_POINT ( 'NONE',  ( 0.0000000000000000000, -3.209238430557093125E-14, -38.22612575590894579 ) ) ;
#1375 = CARTESIAN_POINT ( 'NONE',  ( -16.61671600270875970, -3.522678978546584627, -13.03781304123030260 ) ) ;
#1376 = DIRECTION ( 'NONE',  ( -0.0000000000000000000, -0.0000000000000000000, 1.000000000000000000 ) ) ;
#1377 = CARTESIAN_POINT ( 'NONE',  ( -5.008314395695620647, -15.74667424171764196, 17.29769910926867738 ) ) ;
#1378 = FACE_BOUND ( 'NONE', #5572, .T. ) ;
#1379 = CARTESIAN_POINT ( 'NONE',  ( -16.48042559759356962, -10.26410596222408245, -1.135050026920322530 ) ) ;
#1380 = CARTESIAN_POINT ( 'NONE',  ( -4.999999999999990230, 15.75000000000000000, 2.688821387764050996E-14 ) ) ;
#1381 = EDGE_CURVE ( 'NONE', #6954, #1572, #2872, .T. ) ;
#1382 = CARTESIAN_POINT ( 'NONE',  ( 0.02782555748655105021, -16.68409726156772166, 19.00251131570046681 ) ) ;
#1383 = ORIENTED_EDGE ( 'NONE', *, *, #6692, .F. ) ;
#1384 = CARTESIAN_POINT ( 'NONE',  ( -19.23256661555796754, -5.739178933785632708, -7.388137541006509323 ) ) ;
#1385 = CARTESIAN_POINT ( 'NONE',  ( -4.110531693509368090, 15.61523237141819820, 24.08555631744428283 ) ) ;
#1386 = CARTESIAN_POINT ( 'NONE',  ( -9.433700266607420559, 11.99554519972933342, -13.77431954322495500 ) ) ;
#1387 = CARTESIAN_POINT ( 'NONE',  ( -5.047790410178155440, -15.72121210466222685, -20.57555864285309966 ) ) ;
#1388 = CARTESIAN_POINT ( 'NONE',  ( -12.89228768585600804, 5.743608709464299800, 18.38718136965280081 ) ) ;
#1389 = CARTESIAN_POINT ( 'NONE',  ( -18.17650838503006483, -4.784771125839309747, -11.73715633665732305 ) ) ;
#1390 = CARTESIAN_POINT ( 'NONE',  ( -4.628609323646509566, -14.82152330911449845, 4.407281562875638770 ) ) ;
#1391 = CARTESIAN_POINT ( 'NONE',  ( -4.473496961238485170, -14.89982675284688085, 19.00937347491934659 ) ) ;
#1392 = CARTESIAN_POINT ( 'NONE',  ( -18.61571394279385316, -6.127109854802720079, -7.891954809850356689 ) ) ;
#1393 = VERTEX_POINT ( 'NONE', #705 ) ;
#1394 = CARTESIAN_POINT ( 'NONE',  ( -3.076535937979754554, 11.86613452248932532, 29.88166615388015401 ) ) ;
#1395 = CARTESIAN_POINT ( 'NONE',  ( -4.463031491478021806, 14.90639739805931185, 19.98622283772052199 ) ) ;
#1396 = CARTESIAN_POINT ( 'NONE',  ( -14.26521872525433565, 8.381889033699769342, -12.47979556897873010 ) ) ;
#1397 = CARTESIAN_POINT ( 'NONE',  ( -4.517325984222401836, 15.94306437251144892, -20.06764730104950090 ) ) ;
#1398 = CARTESIAN_POINT ( 'NONE',  ( -3.402431913498552341, -0.5155819943150643514, -36.39011387485474813 ) ) ;
#1399 = CARTESIAN_POINT ( 'NONE',  ( -5.748962996725652808, 14.59549331760541691, -23.71304572590055670 ) ) ;
#1400 = CARTESIAN_POINT ( 'NONE',  ( -4.850000000000000533, -15.85065816696758567, 21.95819674138333966 ) ) ;
#1401 = CARTESIAN_POINT ( 'NONE',  ( -4.331888554849989248, -14.61129070908244998, 23.54538128037984634 ) ) ;
#1402 =( NAMED_UNIT ( * ) PLANE_ANGLE_UNIT ( ) SI_UNIT ( $, .RADIAN. ) );
#1403 = EDGE_CURVE ( 'NONE', #1648, #1180, #665, .T. ) ;
#1404 = EDGE_CURVE ( 'NONE', #7453, #5380, #2126, .T. ) ;
#1405 = CARTESIAN_POINT ( 'NONE',  ( -6.930688500216727554, -13.33129316227490513, -17.97958189144212326 ) ) ;
#1406 = CARTESIAN_POINT ( 'NONE',  ( -17.38333044958823947, 6.907411924045106844, 8.886875967731240777 ) ) ;
#1407 = CARTESIAN_POINT ( 'NONE',  ( -9.138927371161193136, 5.789343284963094582, -25.20739024122620009 ) ) ;
#1408 = CARTESIAN_POINT ( 'NONE',  ( 0.02782555748663778639, 16.68409726156776429, 18.51535121370689296 ) ) ;
#1409 = CARTESIAN_POINT ( 'NONE',  ( -18.27929019531368837, 7.118877370604529631, 9.452631210381007065 ) ) ;
#1410 = CARTESIAN_POINT ( 'NONE',  ( -17.84831303078272313, -1.129895282736097961, 11.62817956577085354 ) ) ;
#1411 = CARTESIAN_POINT ( 'NONE',  ( -1.524205313269504369, -11.15372312640923447, -31.59694564062278488 ) ) ;
#1412 = CARTESIAN_POINT ( 'NONE',  ( -5.798042644963691927, -14.05621214207404712, 25.04783430792209842 ) ) ;
#1413 = ORIENTED_EDGE ( 'NONE', *, *, #6472, .T. ) ;
#1414 = EDGE_CURVE ( 'NONE', #3626, #7683, #2718, .T. ) ;
#1415 = CARTESIAN_POINT ( 'NONE',  ( -5.049999999999999822, -15.73000000000001464, 10.17566444466042341 ) ) ;
#1416 = CARTESIAN_POINT ( 'NONE',  ( -11.63434971792322159, -5.314389480210047978, -20.94006863663620166 ) ) ;
#1417 = CARTESIAN_POINT ( 'NONE',  ( -5.000000000000000000, -15.74999999999998579, -21.82249421427268032 ) ) ;
#1418 = DIRECTION ( 'NONE',  ( 0.0000000000000000000, 0.0000000000000000000, -1.000000000000000000 ) ) ;
#1419 = CARTESIAN_POINT ( 'NONE',  ( -5.375832807903960564, -15.52045946565529988, 18.27903703511146816 ) ) ;
#1420 = CARTESIAN_POINT ( 'NONE',  ( -38.00000000000000000, 2.724839128102860202E-15, -22.24999999999999645 ) ) ;
#1421 = CARTESIAN_POINT ( 'NONE',  ( -16.44765099742570413, -10.04795402925057246, -2.903468731281484860 ) ) ;
#1422 = CARTESIAN_POINT ( 'NONE',  ( 0.0000000000000000000, 17.75000000000002842, 3.209238430557093125E-14 ) ) ;
#1423 = CARTESIAN_POINT ( 'NONE',  ( -4.628609323645898499, -14.82152330911474714, 7.097492869762509926 ) ) ;
#1424 = CARTESIAN_POINT ( 'NONE',  ( -4.433954478026607582, -14.91068891412420960, -20.66550688765325106 ) ) ;
#1425 = CARTESIAN_POINT ( 'NONE',  ( -5.872906234448982410, 7.098400182712634177, 32.49869089681902068 ) ) ;
#1426 = CARTESIAN_POINT ( 'NONE',  ( -4.468319746062096698, 14.90304935230149042, -19.46809594920817332 ) ) ;
#1427 = CARTESIAN_POINT ( 'NONE',  ( -4.530392732965562885, -15.93784290681375992, -19.97116610049999608 ) ) ;
#1428 = CARTESIAN_POINT ( 'NONE',  ( -11.64787854566156788, 6.382696507333940339, 20.22623270041584220 ) ) ;
#1429 = CARTESIAN_POINT ( 'NONE',  ( -18.28946915991559408, -7.247378059197361999, -9.278823060364857156 ) ) ;
#1430 = CARTESIAN_POINT ( 'NONE',  ( -3.869183479688641736, -14.53772104486846750, 27.23267884017020535 ) ) ;
#1431 = CARTESIAN_POINT ( 'NONE',  ( -15.54910591305986856, -8.087152515828741173, 10.27344093419399584 ) ) ;
#1432 = CARTESIAN_POINT ( 'NONE',  ( -11.85387354482224964, -10.22430599012504793, -13.75628270299134215 ) ) ;
#1433 = CARTESIAN_POINT ( 'NONE',  ( -4.628921344780149383, 9.534862869385438700, 31.34736865012924412 ) ) ;
#1434 = CARTESIAN_POINT ( 'NONE',  ( -13.08031530223336958, 9.453227380488787190, 12.71754936052262330 ) ) ;
#1435 = CARTESIAN_POINT ( 'NONE',  ( -9.352369706755768064, 11.64931288794239528, -16.80787384898084724 ) ) ;
#1436 = CARTESIAN_POINT ( 'NONE',  ( -5.501246042393723279, 15.41456378917842152, -20.16221695824572890 ) ) ;
#1437 = CARTESIAN_POINT ( 'NONE',  ( -3.871735518488496730, -14.50780701107954052, -27.23137802733834079 ) ) ;
#1438 = CARTESIAN_POINT ( 'NONE',  ( -4.540487515936262319, -14.85677203219858100, -19.99999998979184213 ) ) ;
#1439 = CARTESIAN_POINT ( 'NONE',  ( -4.999999999999989342, -6.920731814423763062, 34.22217500603577633 ) ) ;
#1440 = CARTESIAN_POINT ( 'NONE',  ( -18.57152769621664135, -5.473401319442424473, 8.532329414155892522 ) ) ;
#1441 = CARTESIAN_POINT ( 'NONE',  ( 0.0000000000000000000, -17.99999999999999645, -38.50000000000000711 ) ) ;
#1442 = CARTESIAN_POINT ( 'NONE',  ( -19.23512302673321628, -5.774880038237960811, -7.356444090507744171 ) ) ;
#1443 = CARTESIAN_POINT ( 'NONE',  ( -17.38872066151215989, 6.970312966812064026, 8.793683765797034368 ) ) ;
#1444 = CARTESIAN_POINT ( 'NONE',  ( -15.35548794781098358, 2.051624279793544225, -15.75081849850356797 ) ) ;
#1445 = CARTESIAN_POINT ( 'NONE',  ( -4.628609323645896723, 14.82152330911475424, 18.83168996839685860 ) ) ;
#1446 = CARTESIAN_POINT ( 'NONE',  ( -20.00000000000003553, 5.744363200113552281, 8.307785032809558601 ) ) ;
#1447 = CARTESIAN_POINT ( 'NONE',  ( -19.09468781645651347, -0.9031376527692925871, 9.523887719072160252 ) ) ;
#1448 = CARTESIAN_POINT ( 'NONE',  ( -3.076536463533702914, -10.66953358251419992, -31.19912530490779190 ) ) ;
#1449 = CARTESIAN_POINT ( 'NONE',  ( -4.556044778184286770, -15.92758208872627890, -19.77749288275239081 ) ) ;
#1450 = VERTEX_POINT ( 'NONE', #6427 ) ;
#1451 = CARTESIAN_POINT ( 'NONE',  ( -5.050000000000006040, -4.094814765043253146E-14, 36.12857331602422306 ) ) ;
#1452 = CARTESIAN_POINT ( 'NONE',  ( -17.56589884894423648, 8.652726065345522244, 5.724024253278133578 ) ) ;
#1453 = CARTESIAN_POINT ( 'NONE',  ( -15.98321664008788368, -2.673171592527461282, -14.48210042211048254 ) ) ;
#1454 = CARTESIAN_POINT ( 'NONE',  ( -6.959211650694579809, -13.31506399197332691, -17.92100683738770073 ) ) ;
#1455 = CARTESIAN_POINT ( 'NONE',  ( -4.628609323646398543, -14.82152330911453575, -4.407281562884317161 ) ) ;
#1456 = EDGE_CURVE ( 'NONE', #5693, #1450, #3271, .T. ) ;
#1457 = CARTESIAN_POINT ( 'NONE',  ( -5.033728863776733675, -15.73650845448941205, 19.83110598952783477 ) ) ;
#1458 = CARTESIAN_POINT ( 'NONE',  ( -5.000000000000000000, 15.75000000000000355, -4.407281562884904247 ) ) ;
#1459 = CARTESIAN_POINT ( 'NONE',  ( -7.046106686036686995, -13.65157262192052912, -10.31100508061063437 ) ) ;
#1460 = CARTESIAN_POINT ( 'NONE',  ( -5.050000000000002487, -6.096263341294877236, -34.93416988771195975 ) ) ;
#1461 = AXIS2_PLACEMENT_3D ( 'NONE', #6912, #6789, #1143 ) ;
#1462 = CARTESIAN_POINT ( 'NONE',  ( -3.076464363268369251, -15.44238129326576292, 19.93406240758126913 ) ) ;
#1463 = CARTESIAN_POINT ( 'NONE',  ( -18.60047210230263914, -5.964129873376958990, -8.066028719154848758 ) ) ;
#1464 = CARTESIAN_POINT ( 'NONE',  ( -5.008536665713978486, 8.266578284640784702, 33.41138764931334038 ) ) ;
#1465 = CARTESIAN_POINT ( 'NONE',  ( -13.09560139112484300, 9.597467957209438794, -12.17975047803373734 ) ) ;
#1466 = CARTESIAN_POINT ( 'NONE',  ( -5.033792246981812823, -14.09594788693945766, -27.01659711246246687 ) ) ;
#1467 = CARTESIAN_POINT ( 'NONE',  ( -11.61954918197879927, 2.935782879701268833, 22.00500932132563392 ) ) ;
#1468 = CARTESIAN_POINT ( 'NONE',  ( -20.00000000000439826, -9.244811145595889457, -3.916106065155383398 ) ) ;
#1469 = CARTESIAN_POINT ( 'NONE',  ( -3.410963121009277010, 2.646900758544417087, 36.17863162011308020 ) ) ;
#1470 = CARTESIAN_POINT ( 'NONE',  ( -16.35006993068727610, -9.367700863247208076, 5.847084305464293585 ) ) ;
#1471 = CARTESIAN_POINT ( 'NONE',  ( -17.99822118571395890, -6.494807734195717330, -8.419330693060235404 ) ) ;
#1472 = ORIENTED_EDGE ( 'NONE', *, *, #4818, .T. ) ;
#1473 = CARTESIAN_POINT ( 'NONE',  ( -4.628909000251884009, 10.18580527930263102, 30.80089989931183325 ) ) ;
#1474 = B_SPLINE_CURVE_WITH_KNOTS ( 'NONE', 3,
 ( #8061, #7302, #864, #3441 ),
 .UNSPECIFIED., .F., .F.,
 ( 4, 4 ),
 ( 0.01762436154192899285, 0.9257218647291793889 ),
 .UNSPECIFIED. ) ;
#1475 = CARTESIAN_POINT ( 'NONE',  ( -6.932952818555457419, 13.33233007972442508, 17.93177373894919313 ) ) ;
#1476 = CARTESIAN_POINT ( 'NONE',  ( -18.58989298854090677, 5.814077501275859206, -8.216952613805986516 ) ) ;
#1477 = DIRECTION ( 'NONE',  ( 0.1246915650867379821, 0.04987662603469589229, 0.9909411363807717477 ) ) ;
#1478 = CARTESIAN_POINT ( 'NONE',  ( -5.415063198153843516, -15.48538022064614061, 19.66397487614046113 ) ) ;
#1479 = CARTESIAN_POINT ( 'NONE',  ( -4.525602027652480430, 15.93975918893901422, -19.99996064628260228 ) ) ;
#1480 = CARTESIAN_POINT ( 'NONE',  ( -19.99999999999999645, -0.6520802205262173912, 9.984745210496312140 ) ) ;
#1481 = CARTESIAN_POINT ( 'NONE',  ( -18.54881120612529699, -5.002156465014805597, 8.911310747510457375 ) ) ;
#1482 = CARTESIAN_POINT ( 'NONE',  ( -20.00000000000002842, -1.214916148612521063, 13.62188675626259737 ) ) ;
#1483 = EDGE_CURVE ( 'NONE', #3626, #6553, #124, .T. ) ;
#1484 = CARTESIAN_POINT ( 'NONE',  ( -9.394995790406186487, -11.76024939917195233, -15.89623746185455566 ) ) ;
#1485 = CARTESIAN_POINT ( 'NONE',  ( -6.939287875222320601, 13.35406995049679679, 17.43893532885955722 ) ) ;
#1486 = CARTESIAN_POINT ( 'NONE',  ( -11.62122375353226644, 3.608742398072522839, -21.78330229244325267 ) ) ;
#1487 = CARTESIAN_POINT ( 'NONE',  ( -1.524319402890896180, 16.06323927741675206, 17.08831363877371956 ) ) ;
#1488 = CARTESIAN_POINT ( 'NONE',  ( -18.51171845386321735, 9.513878904818767523, 5.226212492437284141 ) ) ;
#1489 = CARTESIAN_POINT ( 'NONE',  ( -15.35777195575375487, -2.051062940219106956, 15.74700142541783343 ) ) ;
#1490 = CARTESIAN_POINT ( 'NONE',  ( -1.524218988194184110, -6.550082681758949477, -34.69722739238694942 ) ) ;
#1491 = CARTESIAN_POINT ( 'NONE',  ( -5.788064415382718764, 14.25625149429347438, 24.64225667176875945 ) ) ;
#1492 = ORIENTED_EDGE ( 'NONE', *, *, #1144, .T. ) ;
#1493 = CARTESIAN_POINT ( 'NONE',  ( -5.050000000000006928, 15.73000000000000398, -10.17566444466041098 ) ) ;
#1494 = CARTESIAN_POINT ( 'NONE',  ( -19.42439463774999453, 7.807693131597211789, 4.874811365597016888 ) ) ;
#1495 = CARTESIAN_POINT ( 'NONE',  ( -19.10727658501809145, -2.406253995715465166, -9.236190748030196573 ) ) ;
#1496 = AXIS2_PLACEMENT_3D ( 'NONE', #940, #6166, #6044 ) ;
#1497 = CARTESIAN_POINT ( 'NONE',  ( -4.850000000000003197, 9.336730092466067887, -33.09950458711484345 ) ) ;
#1498 = CARTESIAN_POINT ( 'NONE',  ( -20.00000000000000000, -5.684183303242883234, -8.252241503224052366 ) ) ;
#1499 = CARTESIAN_POINT ( 'NONE',  ( -4.565126508661329297, -15.92394939653548391, 19.63696618179399067 ) ) ;
#1500 = PLANE ( 'NONE',  #2493 ) ;
#1501 = CARTESIAN_POINT ( 'NONE',  ( -18.14766890982281922, -8.036844296232402485, -6.102295772157193099 ) ) ;
#1502 = AXIS2_PLACEMENT_3D ( 'NONE', #3461, #1514, #3929 ) ;
#1503 = CARTESIAN_POINT ( 'NONE',  ( -4.628609323645899387, -14.82152330911475602, 15.75971667864659054 ) ) ;
#1504 = CARTESIAN_POINT ( 'NONE',  ( -16.73506261562229369, -6.915946000520224679, -9.985967571955956856 ) ) ;
#1505 = CARTESIAN_POINT ( 'NONE',  ( -3.661419888306328030, 12.28983662699209845, 30.73984174033187244 ) ) ;
#1506 = CARTESIAN_POINT ( 'NONE',  ( -2.439454888092350957E-16, -2.554854504326114828, 36.49625536624047584 ) ) ;
#1507 = CARTESIAN_POINT ( 'NONE',  ( -14.10959965294555829, 1.810920322739975052, 17.96033380965753423 ) ) ;
#1508 = CARTESIAN_POINT ( 'NONE',  ( -18.28036584672640430, -7.133104874301843701, -9.433781684135515988 ) ) ;
#1509 = CARTESIAN_POINT ( 'NONE',  ( -3.505796485075991509, 8.583690901893145764, 33.92205063182939284 ) ) ;
#1510 = CARTESIAN_POINT ( 'NONE',  ( -19.36899798177489984, -7.267437806586695359, 5.677686996880839665 ) ) ;
#1511 = ORIENTED_EDGE ( 'NONE', *, *, #2716, .T. ) ;
#1512 = CARTESIAN_POINT ( 'NONE',  ( 3.000000000000000000, -18.00000000000000355, 36.49999999999999289 ) ) ;
#1513 = CARTESIAN_POINT ( 'NONE',  ( -3.076533274650040894, 7.820951657741987084, 33.31467092189893719 ) ) ;
#1514 = DIRECTION ( 'NONE',  ( -1.000000000000000000, -0.0000000000000000000, -0.0000000000000000000 ) ) ;
#1515 = CARTESIAN_POINT ( 'NONE',  ( -11.84033842598837438, 10.17707864486350466, -14.00485335939713494 ) ) ;
#1516 = CARTESIAN_POINT ( 'NONE',  ( -5.011694070563901704, 9.574298529345512065, -32.54177028245193526 ) ) ;
#1517 = CARTESIAN_POINT ( 'NONE',  ( 0.0000000000000000000, 17.75000000000001066, 19.99999999999999289 ) ) ;
#1518 = CARTESIAN_POINT ( 'NONE',  ( -1.513495838645419367, -16.06756870311492236, -19.99999998935838974 ) ) ;
#1519 = CARTESIAN_POINT ( 'NONE',  ( -4.999999999999999112, -15.75000000000001421, 9.508162284858709512 ) ) ;
#1520 = CARTESIAN_POINT ( 'NONE',  ( -13.04740647014577348, -9.259045562875442670, 13.40907920777279294 ) ) ;
#1521 = CARTESIAN_POINT ( 'NONE',  ( -11.86029129751809030, -10.27906403569810045, -13.48978574056548041 ) ) ;
#1522 = CARTESIAN_POINT ( 'NONE',  ( -4.961301763998737790, 15.76547929440051021, -6.983303093603235645 ) ) ;
#1523 = VECTOR ( 'NONE', #1608, 1000.000000000000000 ) ;
#1524 = CARTESIAN_POINT ( 'NONE',  ( -16.14477553361363604, -7.550815488050698576, -10.10215201764288473 ) ) ;
#1525 = CARTESIAN_POINT ( 'NONE',  ( -17.39089755151792716, 6.995336794840601335, 8.756177111614574571 ) ) ;
#1526 = CARTESIAN_POINT ( 'NONE',  ( -9.126648642840075709, 3.603803962205276878, -26.15660266145358648 ) ) ;
#1527 = CARTESIAN_POINT ( 'NONE',  ( 0.02782555748663793557, 16.68409726156776429, 19.00903073412556665 ) ) ;
#1528 = CARTESIAN_POINT ( 'NONE',  ( -18.29393352643747761, 7.304171943286013047, -9.200459101130110895 ) ) ;
#1529 = CARTESIAN_POINT ( 'NONE',  ( -9.145580773025113075, -6.462235525612584297, 24.79745000090341733 ) ) ;
#1530 = CARTESIAN_POINT ( 'NONE',  ( -4.628706319530374813, 3.147084203735146524, -34.50758814791099383 ) ) ;
#1531 = CARTESIAN_POINT ( 'NONE',  ( -5.872909560349694580, 10.08343191138528638, 30.43179592709900305 ) ) ;
#1532 = ORIENTED_EDGE ( 'NONE', *, *, #2643, .T. ) ;
#1533 = CARTESIAN_POINT ( 'NONE',  ( 3.000000000000000000, 21.99999999999999645, 38.49999999999999289 ) ) ;
#1534 = CARTESIAN_POINT ( 'NONE',  ( -9.523584417689082926, 12.45665219545107050, 9.261337201469920899 ) ) ;
#1535 = CARTESIAN_POINT ( 'NONE',  ( -17.23145131947779518, -2.589990036962567466, -12.34932358706992339 ) ) ;
#1536 = CARTESIAN_POINT ( 'NONE',  ( -20.00000000000000000, 0.6520802205258716677, -9.984745210496337009 ) ) ;
#1537 = CARTESIAN_POINT ( 'NONE',  ( -5.000000000000000000, -15.74999999999998579, -21.82249421427268032 ) ) ;
#1538 = CARTESIAN_POINT ( 'NONE',  ( -5.375832807903600852, 15.52045946565541001, -18.27903703511476508 ) ) ;
#1539 = CARTESIAN_POINT ( 'NONE',  ( -18.13779997938045341, 1.134016551443251863, -13.12163022400324230 ) ) ;
#1540 = CARTESIAN_POINT ( 'NONE',  ( -16.33085000051598357, -9.224668971730313416, -6.281385431971056477 ) ) ;
#1541 = VERTEX_POINT ( 'NONE', #2758 ) ;
#1542 = CARTESIAN_POINT ( 'NONE',  ( -1.524319402891596287, -16.06323927741646784, 19.50724324676052746 ) ) ;
#1543 = CARTESIAN_POINT ( 'NONE',  ( -17.98167893666426309, -6.326185524166996643, -8.631110645636683287 ) ) ;
#1544 = CARTESIAN_POINT ( 'NONE',  ( -20.00000000000002487, 2.045919285586836001, 13.48006816472617864 ) ) ;
#1545 = CARTESIAN_POINT ( 'NONE',  ( -3.496552006265751800E-15, -12.77652365244274790, 30.72283027821443113 ) ) ;
#1546 = CARTESIAN_POINT ( 'NONE',  ( -19.09594799424656486, 1.139531834951828637, 9.499359181450241607 ) ) ;
#1547 = CARTESIAN_POINT ( 'NONE',  ( -20.00000000000007461, -5.964373653563565192, 8.148630590530826723 ) ) ;
#1548 = CARTESIAN_POINT ( 'NONE',  ( -1.219727444046192488E-15, 16.67296703857310902, 12.27510613029496334 ) ) ;
#1549 = CARTESIAN_POINT ( 'NONE',  ( -11.98613114938510726, -11.18900065642245778, 8.699753396419966478 ) ) ;
#1550 = DIRECTION ( 'NONE',  ( -0.0000000000000000000, -0.0000000000000000000, 1.000000000000000000 ) ) ;
#1551 = B_SPLINE_CURVE_WITH_KNOTS ( 'NONE', 1,
 ( #1660, #6662 ),
 .UNSPECIFIED., .F., .F.,
 ( 2, 2 ),
 ( 0.09488093472973666009, 1.000000000000000000 ),
 .UNSPECIFIED. ) ;
#1552 = VECTOR ( 'NONE', #127, 1000.000000000000000 ) ;
#1553 = CARTESIAN_POINT ( 'NONE',  ( -1.524224941994193117, 15.74319037835835644, 23.68271676293808170 ) ) ;
#1554 = CARTESIAN_POINT ( 'NONE',  ( -4.628609323645894946, 14.82152330911475069, -18.12155184203353286 ) ) ;
#1555 = CARTESIAN_POINT ( 'NONE',  ( -5.042099668502713072, -15.73316013259962709, 19.95894042798976997 ) ) ;
#1556 = CARTESIAN_POINT ( 'NONE',  ( -14.29617659679314912, 8.627160917223047676, -11.84753760747709173 ) ) ;
#1557 = CARTESIAN_POINT ( 'NONE',  ( -5.008583370558050696, 8.287700674914155741, -33.39852883465176347 ) ) ;
#1558 = CARTESIAN_POINT ( 'NONE',  ( -5.463778351837166980, -15.45035907143846110, -19.88677255585295001 ) ) ;
#1559 = CARTESIAN_POINT ( 'NONE',  ( -5.508985400602411708, 15.40606904845886227, -20.23788847868192065 ) ) ;
#1560 = CARTESIAN_POINT ( 'NONE',  ( -5.410200608535082445, 15.48986805925315835, 19.48839717977929453 ) ) ;
#1561 = CARTESIAN_POINT ( 'NONE',  ( -11.84856478543679970, -10.20301531682155094, 13.86912777500572425 ) ) ;
#1562 = CARTESIAN_POINT ( 'NONE',  ( -18.00252914139462845, -6.547547705339494151, -8.352817373578110605 ) ) ;
#1563 = DIRECTION ( 'NONE',  ( 0.0000000000000000000, 0.0000000000000000000, -1.000000000000000000 ) ) ;
#1564 = CARTESIAN_POINT ( 'NONE',  ( -15.53082595273233224, -7.924299271473892681, -10.64116615674840460 ) ) ;
#1565 = CARTESIAN_POINT ( 'NONE',  ( -18.00301306514504773, 6.588548420846165321, 8.305034410405443879 ) ) ;
#1566 = CARTESIAN_POINT ( 'NONE',  ( -17.26123379021424853, 4.467425809039922591, -11.39695749893017229 ) ) ;
#1567 = DIRECTION ( 'NONE',  ( 0.0000000000000000000, -1.000000000000000000, 0.0000000000000000000 ) ) ;
#1568 = CARTESIAN_POINT ( 'NONE',  ( -20.00000000000002842, 11.43615787555892993, -0.8177620741002001870 ) ) ;
#1569 = CARTESIAN_POINT ( 'NONE',  ( -14.12589421155441372, -4.274510966568827897, 17.05867499833130907 ) ) ;
#1570 = CARTESIAN_POINT ( 'NONE',  ( -4.628545485977433316, 0.6350802025552232388, -34.83246812774126511 ) ) ;
#1571 = DIRECTION ( 'NONE',  ( -1.000000000000000000, -0.0000000000000000000, -0.0000000000000000000 ) ) ;
#1572 = VERTEX_POINT ( 'NONE', #5345 ) ;
#1573 = CARTESIAN_POINT ( 'NONE',  ( -5.000000000000000000, -15.75000000000001066, 4.407281562877018111 ) ) ;
#1574 = CARTESIAN_POINT ( 'NONE',  ( -17.63633217764940753, 9.184222100110170928, 4.243821902216322606 ) ) ;
#1575 = CARTESIAN_POINT ( 'NONE',  ( -6.638444710604799681, -5.039420753384733054, -29.98544580824656336 ) ) ;
#1576 = B_SPLINE_CURVE_WITH_KNOTS ( 'NONE', 3,
 ( #3863, #2081, #7211, #7680, #3223, #1918, #4498, #5880, #2712, #4582, #5798, #7169, #1412, #5300, #3982, #44, #5220, #7125, #4542, #6542, #778, #3943, #1329, #738, #3351, #5754, #5421, #4703, #7963, #7253, #8008, #2200, #4184, #1657, #6041, #6745, #5379, #6582, #4059, #4828, #818, #6124, #1531, #235, #6624, #5461, #4101, #3395, #3567, #1491, #6660, #857, #2239, #5999, #2121, #2753, #6083, #7378, #7420, #5501 ),
 .UNSPECIFIED., .F., .F.,
 ( 4, 2, 2, 2, 2, 2, 2, 2, 2, 2, 2, 2, 2, 2, 2, 2, 2, 2, 2, 2, 2, 2, 2, 2, 2, 2, 2, 2, 2, 4 ),
 ( 0.0000000000000000000, 0.0003572957458444939540, 0.0007145914916889879081, 0.001429182983377965625, 0.002858365966755920841, 0.004287548950133876491, 0.005716731933511832141, 0.008575097900267742573, 0.01000428088364569389, 0.01143346386702364520, 0.01429182983377954262, 0.01572101281715749740, 0.01715019580053545045, 0.01857937878391340697, 0.02000856176729136349, 0.02286692773404727652, 0.02429611071742522957, 0.02572529370080318609, 0.02858365966755910953, 0.03144202563431502950, 0.03287120861769298602, 0.03430039160107095642, 0.03715875756782689027, 0.03858794055120486066, 0.04001712353458283106, 0.04287548950133877185, 0.04430467248471674224, 0.04501926397640572397, 0.04537655972225021483, 0.04573385546809470570 ),
 .UNSPECIFIED. ) ;
#1577 = CARTESIAN_POINT ( 'NONE',  ( -4.849999999999999645, 15.84037421174404336, 18.20067515676969094 ) ) ;
#1578 = CARTESIAN_POINT ( 'NONE',  ( -4.574987849136396889, -14.84297189891854174, -14.75891354943369294 ) ) ;
#1579 = CARTESIAN_POINT ( 'NONE',  ( -5.040425879166889445, -15.73382964833323427, 19.92958787187201608 ) ) ;
#1580 = PLANE ( 'NONE',  #6606 ) ;
#1581 = CARTESIAN_POINT ( 'NONE',  ( -13.23799362063676277, -10.68257960227126091, -7.651199676820805706 ) ) ;
#1582 = CARTESIAN_POINT ( 'NONE',  ( -4.628609323645895834, -14.82152330911473292, -19.06590649095231882 ) ) ;
#1583 = CARTESIAN_POINT ( 'NONE',  ( -17.35641854757652069, -6.592957916485347347, -9.333388934569320838 ) ) ;
#1584 = UNCERTAINTY_MEASURE_WITH_UNIT (LENGTH_MEASURE( 1.000000000000000082E-05 ), #706, 'distance_accuracy_value', 'NONE');
#1585 = CARTESIAN_POINT ( 'NONE',  ( -20.00000000000004263, 5.400997606015077501, 11.98250850737305839 ) ) ;
#1586 = CARTESIAN_POINT ( 'NONE',  ( -2.683400376901618741E-15, 15.85647822417825914, 25.17630919956051017 ) ) ;
#1587 = CARTESIAN_POINT ( 'NONE',  ( -16.60594341388530637, 2.090581189481274027, 13.56858125297097750 ) ) ;
#1588 = CARTESIAN_POINT ( 'NONE',  ( -20.00000000000002487, -11.36862438322616420, -1.593006461300363830 ) ) ;
#1589 = DIRECTION ( 'NONE',  ( -1.000000000000000000, -0.0000000000000000000, -0.0000000000000000000 ) ) ;
#1590 = CARTESIAN_POINT ( 'NONE',  ( -18.24248793200901630, -8.786229959495848618, 4.366499986663144206 ) ) ;
#1591 = CARTESIAN_POINT ( 'NONE',  ( 3.000000000000000000, 17.99999999999999645, -38.50000000000000711 ) ) ;
#1592 = CARTESIAN_POINT ( 'NONE',  ( 0.02786550146241923223, 1.211768486665482980, 36.66893817123794008 ) ) ;
#1593 = CARTESIAN_POINT ( 'NONE',  ( 0.02782555748663897641, 16.68409726156775719, -14.59272927571211298 ) ) ;
#1594 = VECTOR ( 'NONE', #296, 1000.000000000000000 ) ;
#1595 = CARTESIAN_POINT ( 'NONE',  ( -4.517325984224602742, -15.94306437251061226, 20.06764730098215566 ) ) ;
#1596 = CARTESIAN_POINT ( 'NONE',  ( -16.14745061790030789, 7.574490362620334594, -10.05563517617964919 ) ) ;
#1597 = CARTESIAN_POINT ( 'NONE',  ( -3.581553125027556739, 10.80494139633591821, -32.27484660583398579 ) ) ;
#1598 = CARTESIAN_POINT ( 'NONE',  ( 3.000000000000000000, 19.99999999999999645, 40.49999999999999289 ) ) ;
#1599 = LINE ( 'NONE', #5489, #181 ) ;
#1600 = CARTESIAN_POINT ( 'NONE',  ( -5.327916304032019212, 15.56004483521419424, 16.66607435105341040 ) ) ;
#1601 = CARTESIAN_POINT ( 'NONE',  ( -16.14130938122093184, -7.495839399661596403, 10.20320707857451303 ) ) ;
#1602 = CARTESIAN_POINT ( 'NONE',  ( -6.941181376011898330, -13.35812345467240725, -17.33825388818162949 ) ) ;
#1603 = CYLINDRICAL_SURFACE ( 'NONE', #2675, 2.000000000000001776 ) ;
#1604 = EDGE_CURVE ( 'NONE', #2161, #5647, #4057, .T. ) ;
#1605 = CARTESIAN_POINT ( 'NONE',  ( -19.23460876358036842, -5.767743697594786667, -7.362806253902911990 ) ) ;
#1606 = CARTESIAN_POINT ( 'NONE',  ( -17.38118970264078200, 6.882156409985396905, 8.923987960817436615 ) ) ;
#1607 = CARTESIAN_POINT ( 'NONE',  ( -18.49835177177473611, 3.496893485338651963, -9.841528198702974350 ) ) ;
#1608 = DIRECTION ( 'NONE',  ( -1.000000000000000000, -0.0000000000000000000, -0.0000000000000000000 ) ) ;
#1609 = CARTESIAN_POINT ( 'NONE',  ( -20.00000000000001066, 10.31402156398147696, -5.575978142202591137 ) ) ;
#1610 = CARTESIAN_POINT ( 'NONE',  ( -17.25774602221708065, -4.172995754130596424, 11.57554906628839042 ) ) ;
#1611 = CARTESIAN_POINT ( 'NONE',  ( 0.02796805401836471860, 9.833412164534491851, -33.61544065352919830 ) ) ;
#1612 = CARTESIAN_POINT ( 'NONE',  ( -19.00000000000000000, -6.938893903907228378E-15, 0.0000000000000000000 ) ) ;
#1613 = VERTEX_POINT ( 'NONE', #2048 ) ;
#1614 = VECTOR ( 'NONE', #205, 1000.000000000000000 ) ;
#1615 = VECTOR ( 'NONE', #2429, 1000.000000000000000 ) ;
#1616 = CARTESIAN_POINT ( 'NONE',  ( -5.050000000000001599, -15.73000000000001108, -10.17566444466044118 ) ) ;
#1617 = CARTESIAN_POINT ( 'NONE',  ( -9.458929202991226859, 12.13112514954445409, 12.50696280532482163 ) ) ;
#1618 = CARTESIAN_POINT ( 'NONE',  ( -15.97816852343228078, -1.869724295528305547, -14.71664390791802646 ) ) ;
#1619 = CARTESIAN_POINT ( 'NONE',  ( -17.54748666137984259, 8.508215532551618665, -6.054299571813293923 ) ) ;
#1620 = CARTESIAN_POINT ( 'NONE',  ( -4.849999999999991651, -4.916294434659719492, -35.25554179684009881 ) ) ;
#1621 = CARTESIAN_POINT ( 'NONE',  ( -4.627620350876633815, -14.82191889822245123, -4.731825798241529490 ) ) ;
#1622 = FACE_OUTER_BOUND ( 'NONE', #779, .T. ) ;
#1623 = CARTESIAN_POINT ( 'NONE',  ( 3.000000000000000000, 18.00000000000000000, 36.49999999999999289 ) ) ;
#1624 = CARTESIAN_POINT ( 'NONE',  ( -9.547458224425936280, -12.55982179667206999, -7.983043887946053907 ) ) ;
#1625 = VERTEX_POINT ( 'NONE', #5846 ) ;
#1626 = CARTESIAN_POINT ( 'NONE',  ( 0.02782555748655096001, -16.68409726156771455, -10.24915509194148910 ) ) ;
#1627 = CARTESIAN_POINT ( 'NONE',  ( -17.31660000681590361, -5.996388045361655372, -10.06610150792332981 ) ) ;
#1628 = CARTESIAN_POINT ( 'NONE',  ( -4.535112294120088983, 15.93595508235197755, 19.94131949022654027 ) ) ;
#1629 = CARTESIAN_POINT ( 'NONE',  ( -8.131516293641283255E-16, -15.11654494998060372, 27.10012454777489310 ) ) ;
#1630 = CARTESIAN_POINT ( 'NONE',  ( -9.123286905923732704, 1.979220675306884836, 26.52174480440095650 ) ) ;
#1631 = CARTESIAN_POINT ( 'NONE',  ( -20.00000000000003197, -9.177318862231894414, 7.775199961838237250 ) ) ;
#1632 = CARTESIAN_POINT ( 'NONE',  ( -1.301042606982605518E-15, 9.640816570649263895, -33.61061479831641918 ) ) ;
#1633 = EDGE_CURVE ( 'NONE', #1393, #739, #5899, .T. ) ;
#1634 = CARTESIAN_POINT ( 'NONE',  ( -4.535622957120446053, -14.86436239801687442, 13.77350240661249003 ) ) ;
#1635 = ORIENTED_EDGE ( 'NONE', *, *, #7618, .F. ) ;
#1636 = CARTESIAN_POINT ( 'NONE',  ( 0.0000000000000000000, 22.00000000000000000, -36.50000000000000711 ) ) ;
#1637 = CARTESIAN_POINT ( 'NONE',  ( 0.02790188145353162882, -5.491105461843884150, 35.75490554424939660 ) ) ;
#1638 = CARTESIAN_POINT ( 'NONE',  ( -3.076464363268382129, 15.44238129326575226, -18.56359130310068295 ) ) ;
#1639 = CARTESIAN_POINT ( 'NONE',  ( -5.583164611507041464, -15.28725828292994393, 21.06111203538851839 ) ) ;
#1640 = CARTESIAN_POINT ( 'NONE',  ( -4.455499836694692739, 14.91080600741564588, -20.15614077942479199 ) ) ;
#1641 = CARTESIAN_POINT ( 'NONE',  ( -5.002527336049370277, 5.050336808275162070, -34.92628993091961576 ) ) ;
#1642 = CARTESIAN_POINT ( 'NONE',  ( -5.000000000000000888, 15.75000000000000711, -4.407281562878784698 ) ) ;
#1643 = CARTESIAN_POINT ( 'NONE',  ( -18.14352531339024921, 2.256453276124132490, -12.89101141827077157 ) ) ;
#1644 = CARTESIAN_POINT ( 'NONE',  ( -5.403452494975996778, 15.49603401905542910, 19.24655187382326460 ) ) ;
#1645 = CARTESIAN_POINT ( 'NONE',  ( -16.75617540866592492, -7.123764688075513440, 9.652692707360724711 ) ) ;
#1646 = CARTESIAN_POINT ( 'NONE',  ( -9.400777769567786990, -11.78541132915056622, -15.65965329651490201 ) ) ;
#1647 = VERTEX_POINT ( 'NONE', #5185 ) ;
#1648 = VERTEX_POINT ( 'NONE', #7727 ) ;
#1649 = CARTESIAN_POINT ( 'NONE',  ( -9.390984050783561798, -11.75279141495707513, -15.97747698328141830 ) ) ;
#1650 = CARTESIAN_POINT ( 'NONE',  ( -4.465633962435593851, 14.90474647665918262, 19.70951366153764184 ) ) ;
#1651 = CARTESIAN_POINT ( 'NONE',  ( -9.167359313531418863, 8.267812714273956587, -23.35347357765538945 ) ) ;
#1652 = CYLINDRICAL_SURFACE ( 'NONE', #4220, 2.000000000000001776 ) ;
#1653 = CARTESIAN_POINT ( 'NONE',  ( -18.60947119009951578, 10.28317170747405740, -2.652479566791011933 ) ) ;
#1654 = CARTESIAN_POINT ( 'NONE',  ( -12.90857945752637903, -6.623380409350695608, 17.62769448174556430 ) ) ;
#1655 = ADVANCED_FACE ( 'NONE', ( #1966 ), #5746, .T. ) ;
#1656 = CARTESIAN_POINT ( 'NONE',  ( -1.524268933527698877, -0.2291101339999252751, -36.06224615564668312 ) ) ;
#1657 = CARTESIAN_POINT ( 'NONE',  ( -5.866773722362644605, 1.903468914054814443, 34.14995635716066857 ) ) ;
#1658 = ORIENTED_EDGE ( 'NONE', *, *, #4586, .F. ) ;
#1659 = AXIS2_PLACEMENT_3D ( 'NONE', #4438, #1229, #6243 ) ;
#1660 = CARTESIAN_POINT ( 'NONE',  ( -4.525595326351329106, -15.93976186945951490, -19.99999998973650506 ) ) ;
#1661 = CARTESIAN_POINT ( 'NONE',  ( -16.23535226697236311, 8.454967433520211628, 8.226421538103924291 ) ) ;
#1662 = CARTESIAN_POINT ( 'NONE',  ( -9.126389263348935188, -3.551056280746509586, -26.17293235614333113 ) ) ;
#1663 = CARTESIAN_POINT ( 'NONE',  ( -14.42279897267109412, 9.719396667632130615, -8.461895388835033671 ) ) ;
#1664 = CARTESIAN_POINT ( 'NONE',  ( -20.00000000000000000, -0.6520802205267396401, -9.984745210496278389 ) ) ;
#1665 = CIRCLE ( 'NONE', #6369, 5.000000000000001776 ) ;
#1666 = CARTESIAN_POINT ( 'NONE',  ( -4.849999999999991651, -4.916294434659719492, -35.25554179684009881 ) ) ;
#1667 = CARTESIAN_POINT ( 'NONE',  ( 0.0000000000000000000, 21.24999999999997158, -45.25000000000000711 ) ) ;
#1668 = DIRECTION ( 'NONE',  ( -1.000000000000000000, -0.0000000000000000000, -0.0000000000000000000 ) ) ;
#1669 = CARTESIAN_POINT ( 'NONE',  ( -16.87309934789434607, -8.297016368245065721, -7.469176911993208989 ) ) ;
#1670 = EDGE_LOOP ( 'NONE', ( #1189, #5360, #4907, #349, #6176 ) ) ;
#1671 = B_SPLINE_CURVE_WITH_KNOTS ( 'NONE', 3,
 ( #4463, #5676, #8235, #2470, #5059, #1841, #4416 ),
 .UNSPECIFIED., .F., .F.,
 ( 4, 3, 4 ),
 ( 0.0000000000000000000, 0.0001442229106368856165, 0.0001442828274295762431 ),
 .UNSPECIFIED. ) ;
#1672 = CARTESIAN_POINT ( 'NONE',  ( -4.628609323645895834, -14.82152330911472937, -18.12789544928141083 ) ) ;
#1673 = CARTESIAN_POINT ( 'NONE',  ( -15.47865437602271754, -7.388522671141685372, -11.68045618370786976 ) ) ;
#1674 = CARTESIAN_POINT ( 'NONE',  ( -4.517309230271207454, 15.94307031241584660, 20.06889340019086276 ) ) ;
#1675 = CARTESIAN_POINT ( 'NONE',  ( -6.505213034913028576E-16, 10.11569457232296365, 33.26167688406231804 ) ) ;
#1676 = ADVANCED_FACE ( 'NONE', ( #7831 ), #4730, .T. ) ;
#1677 = CARTESIAN_POINT ( 'NONE',  ( -18.47526792432566367, -9.202180415310341033, 5.965490088813978353 ) ) ;
#1678 = CARTESIAN_POINT ( 'NONE',  ( -1.301042606982605321E-15, 8.840653885513747312, -34.14354541873310467 ) ) ;
#1679 = CARTESIAN_POINT ( 'NONE',  ( -17.03469906563586278, -9.561189081274568125, 4.004460820007659905 ) ) ;
#1680 = EDGE_LOOP ( 'NONE', ( #1943, #7070 ) ) ;
#1681 = CARTESIAN_POINT ( 'NONE',  ( 0.0000000000000000000, 19.99999999999999645, -38.50000000000000711 ) ) ;
#1682 = CARTESIAN_POINT ( 'NONE',  ( -1.524359279309416504, 3.914108990150407141, 35.60608159335212974 ) ) ;
#1683 = CARTESIAN_POINT ( 'NONE',  ( -4.628609323645894946, 14.82152330911474891, -17.65035184134627855 ) ) ;
#1684 = CARTESIAN_POINT ( 'NONE',  ( -5.049537099388702543, -15.68359755447654003, 21.23934096952645945 ) ) ;
#1685 = CARTESIAN_POINT ( 'NONE',  ( -19.23272643976780216, 5.741608181925792032, -7.386097676051685212 ) ) ;
#1686 = CARTESIAN_POINT ( 'NONE',  ( -5.049918374252384545, 15.32890534980403530, -23.56710845534694698 ) ) ;
#1687 = CARTESIAN_POINT ( 'NONE',  ( -14.17568953368595963, 6.952590193497617754, 14.90630434687036932 ) ) ;
#1688 = CARTESIAN_POINT ( 'NONE',  ( -5.872909560349231839, -10.08343191180833109, -30.43179592672538547 ) ) ;
#1689 = B_SPLINE_CURVE_WITH_KNOTS ( 'NONE', 3,
 ( #1027, #367, #6709, #5389, #325, #3617, #2922, #905, #5509, #7931, #6173, #410, #7304, #7261, #6632, #1539 ),
 .UNSPECIFIED., .F., .F.,
 ( 4, 2, 2, 2, 2, 2, 2, 4 ),
 ( 0.02877248820084903416, 0.02999670680022774663, 0.03122092539960646257, 0.03366936259836388751, 0.03489358119774260691, 0.03611779979712131938, 0.03734201839650003185, 0.03856623699587874432 ),
 .UNSPECIFIED. ) ;
#1690 = CARTESIAN_POINT ( 'NONE',  ( -5.227430674141960054, 15.63260943698879757, 13.43879093228711774 ) ) ;
#1691 = CARTESIAN_POINT ( 'NONE',  ( -4.409497255371358726, -14.89518900913129684, 21.27136670296474819 ) ) ;
#1692 = CARTESIAN_POINT ( 'NONE',  ( -4.468858539484113379, -14.90271547098365801, -19.42059010917964557 ) ) ;
#1693 = ORIENTED_EDGE ( 'NONE', *, *, #4997, .T. ) ;
#1694 = CARTESIAN_POINT ( 'NONE',  ( -14.30399202285313365, -8.677950039638592017, -11.69924102588727166 ) ) ;
#1695 = CARTESIAN_POINT ( 'NONE',  ( -17.99598921644079397, 6.503007310455735990, 8.413458368409102661 ) ) ;
#1696 = CARTESIAN_POINT ( 'NONE',  ( -17.87070971111173634, 3.555364518325690781, -10.86556138017769513 ) ) ;
#1697 = LINE ( 'NONE', #1053, #5704 ) ;
#1698 = CARTESIAN_POINT ( 'NONE',  ( -20.00000000000002842, 11.18472425938597858, 2.845952193425510757 ) ) ;
#1699 = CARTESIAN_POINT ( 'NONE',  ( -6.654459396297526474, -7.567915424846502148, 28.66286570176752235 ) ) ;
#1700 = CARTESIAN_POINT ( 'NONE',  ( -4.628609308423808244, 14.82154402103126500, -20.04888921608280938 ) ) ;
#1701 = DIRECTION ( 'NONE',  ( -1.000000000000000000, -0.0000000000000000000, -0.0000000000000000000 ) ) ;
#1702 = DIRECTION ( 'NONE',  ( 0.0000000000000000000, 0.0000000000000000000, 1.000000000000000000 ) ) ;
#1703 = CARTESIAN_POINT ( 'NONE',  ( -18.68525188726306041, 6.976290394038183962, 6.895691788346601570 ) ) ;
#1704 = CARTESIAN_POINT ( 'NONE',  ( -17.22226660146782962, -1.223689203369317857, -12.69652838686505980 ) ) ;
#1705 = CARTESIAN_POINT ( 'NONE',  ( -4.535622957120491350, 14.86436239801684067, -13.77350240661421310 ) ) ;
#1706 = CARTESIAN_POINT ( 'NONE',  ( -19.99999999999998224, 3.380946489629051754, 9.438378003943999062 ) ) ;
#1707 = AXIS2_PLACEMENT_3D ( 'NONE', #6640, #6100, #5559 ) ;
#1708 = CARTESIAN_POINT ( 'NONE',  ( -4.850000000000000533, 15.85065816696758922, 21.95819674138336453 ) ) ;
#1709 = CARTESIAN_POINT ( 'NONE',  ( -4.770124258506922565, 15.84195029659723275, -13.42121670139521505 ) ) ;
#1710 = CARTESIAN_POINT ( 'NONE',  ( -4.565611294295789158, -15.92375548228167403, -19.62187866442461370 ) ) ;
#1711 = CARTESIAN_POINT ( 'NONE',  ( -15.57746659098251030, -8.373455378723214437, -9.616331813227468217 ) ) ;
#1712 = ORIENTED_EDGE ( 'NONE', *, *, #3708, .F. ) ;
#1713 = CARTESIAN_POINT ( 'NONE',  ( -4.628609323645899387, -14.82152330911474714, -8.554256162889036119 ) ) ;
#1714 = CARTESIAN_POINT ( 'NONE',  ( -18.57473632086594861, -5.571466841474725484, -8.444242778507769387 ) ) ;
#1715 = ADVANCED_FACE ( 'NONE', ( #5909 ), #6531, .F. ) ;
#1716 = CARTESIAN_POINT ( 'NONE',  ( -5.045670472443234189, 15.73173181102278839, 20.07520062340046607 ) ) ;
#1717 = CARTESIAN_POINT ( 'NONE',  ( -5.480542964804859807, -15.43518503283589460, 19.99999999967038988 ) ) ;
#1718 = CARTESIAN_POINT ( 'NONE',  ( -20.00000000000148503, -6.966794739282564208, 7.271599357497977145 ) ) ;
#1719 = LINE ( 'NONE', #1076, #1615 ) ;
#1720 = CARTESIAN_POINT ( 'NONE',  ( -16.44034152918718661, -9.999813204177861792, 3.313291484813384091 ) ) ;
#1721 = CARTESIAN_POINT ( 'NONE',  ( -5.038382972531842086, 15.73464681098726814, 6.951124789088772182 ) ) ;
#1722 = CARTESIAN_POINT ( 'NONE',  ( -4.628572766910116876, 1.050898628260784395, 34.80855412671660076 ) ) ;
#1723 = CARTESIAN_POINT ( 'NONE',  ( -3.076464363268382129, 15.44238129326575937, -18.08618547465610149 ) ) ;
#1724 = CARTESIAN_POINT ( 'NONE',  ( -4.535127756957057166, -15.93594889721718744, 19.94121825530667991 ) ) ;
#1725 = CARTESIAN_POINT ( 'NONE',  ( -16.76601651185789521, 7.255653817500725467, -9.435554214183524024 ) ) ;
#1726 = CARTESIAN_POINT ( 'NONE',  ( -5.002138662268836633, -5.017617108791081471, -34.96486587419994407 ) ) ;
#1727 = CARTESIAN_POINT ( 'NONE',  ( -17.29732595085244640, 5.510304803951610708, 10.54524782910327474 ) ) ;
#1728 = CARTESIAN_POINT ( 'NONE',  ( -5.849767173307143686, -12.62388157396437727, -27.57355827442395579 ) ) ;
#1729 = CARTESIAN_POINT ( 'NONE',  ( -4.770124258479661705, 15.84195029660814491, 13.42121670168651448 ) ) ;
#1730 = CARTESIAN_POINT ( 'NONE',  ( -17.99840131958209355, -6.497046043796662396, 8.416543340623599434 ) ) ;
#1731 = CARTESIAN_POINT ( 'NONE',  ( -6.934263916453962118, -13.33617581289452403, -17.84197957910185650 ) ) ;
#1732 = VERTEX_POINT ( 'NONE', #2149 ) ;
#1733 = ORIENTED_EDGE ( 'NONE', *, *, #1359, .F. ) ;
#1734 = CARTESIAN_POINT ( 'NONE',  ( -6.921199452924974516, -13.32507316307845180, -18.18322502505509419 ) ) ;
#1735 = CARTESIAN_POINT ( 'NONE',  ( -18.61601711657177916, 6.169930800619801481, 7.850423379595633300 ) ) ;
#1736 = CARTESIAN_POINT ( 'NONE',  ( -6.661575474896685556, 8.283650979040809048, -28.10008089814390075 ) ) ;
#1737 = DIRECTION ( 'NONE',  ( 0.0000000000000000000, 0.0000000000000000000, 1.000000000000000000 ) ) ;
#1738 = CARTESIAN_POINT ( 'NONE',  ( -18.23619572693787916, 6.504557325680051072, -10.23501385791336382 ) ) ;
#1739 = CARTESIAN_POINT ( 'NONE',  ( -19.15384731186128064, -4.151178134959441657, 8.506843367704448156 ) ) ;
#1740 = AXIS2_PLACEMENT_3D ( 'NONE', #5030, #7568, #4429 ) ;
#1741 = CARTESIAN_POINT ( 'NONE',  ( -3.076415779153546914, 15.01651380717671280, -24.01873105036985123 ) ) ;
#1742 =( LENGTH_UNIT ( ) NAMED_UNIT ( * ) SI_UNIT ( .MILLI., .METRE. ) );
#1743 = EDGE_CURVE ( 'NONE', #7825, #4343, #7286, .T. ) ;
#1744 = CARTESIAN_POINT ( 'NONE',  ( -4.509658003068157228, 14.82571403573480850, 21.30530991004614094 ) ) ;
#1745 = CARTESIAN_POINT ( 'NONE',  ( -9.445952996440771798, 12.06047318622377951, 13.16740694132543865 ) ) ;
#1746 = CARTESIAN_POINT ( 'NONE',  ( -15.97527790230975775, -1.038193541089633687, -14.85780750240990322 ) ) ;
#1747 = CARTESIAN_POINT ( 'NONE',  ( -19.00000000000000355, 0.4394424723816182099, -9.740933869059050565 ) ) ;
#1748 = CARTESIAN_POINT ( 'NONE',  ( -16.27379811094458972, 8.784299152885598261, -7.429845036977731354 ) ) ;
#1749 = CARTESIAN_POINT ( 'NONE',  ( -20.00000000000001421, 1.173336053456186745, -9.933494670614553712 ) ) ;
#1750 = LINE ( 'NONE', #1, #2996 ) ;
#1751 = CARTESIAN_POINT ( 'NONE',  ( -5.009933486151639137, -15.74602660554062261, -18.58636764296552712 ) ) ;
#1752 = CARTESIAN_POINT ( 'NONE',  ( -17.47157250732411171, -7.809016084251127587, -7.426491510214719760 ) ) ;
#1753 = EDGE_LOOP ( 'NONE', ( #1635, #7128, #6198, #2582 ) ) ;
#1754 = ORIENTED_EDGE ( 'NONE', *, *, #7214, .T. ) ;
#1755 = CARTESIAN_POINT ( 'NONE',  ( -3.076464363268367030, -15.44238129326574338, -18.09261608652291287 ) ) ;
#1756 = CARTESIAN_POINT ( 'NONE',  ( -17.95519026161915122, -5.946876161305091557, -9.060603877534225248 ) ) ;
#1757 = CARTESIAN_POINT ( 'NONE',  ( -20.00000000000003197, 6.371455295186230217, -11.25512573033343422 ) ) ;
#1758 = CARTESIAN_POINT ( 'NONE',  ( -4.311591563797837701, -2.659546212371683538, -34.72390255367621847 ) ) ;
#1759 = CARTESIAN_POINT ( 'NONE',  ( -18.21309811536743339, -5.934059771550224127, 10.78482277497808894 ) ) ;
#1760 = B_SPLINE_CURVE_WITH_KNOTS ( 'NONE', 3,
 ( #6589, #3535, #1578, #4880, #2292, #3574, #8017, #6132, #2166, #1621, #4150, #1455 ),
 .UNSPECIFIED., .F., .F.,
 ( 4, 2, 2, 1, 1, 2, 4 ),
 ( 0.06103046569930679205, 0.06889419797061815953, 0.07282606410627384674, 0.07479199717410169035, 0.07577496370801561909, 0.07626644697497257652, 0.07675793024192953395 ),
 .UNSPECIFIED. ) ;
#1761 = CARTESIAN_POINT ( 'NONE',  ( -4.546795794782256372, -15.93128168208711060, 19.85753540949966123 ) ) ;
#1762 = CARTESIAN_POINT ( 'NONE',  ( -7.110334929205009757, -13.80514067238043374, 5.251980645744752429 ) ) ;
#1763 = CARTESIAN_POINT ( 'NONE',  ( -19.00000000000000355, -9.321918363080536452, -0.4333476826113328295 ) ) ;
#1764 = EDGE_LOOP ( 'NONE', ( #6020, #8089, #6018, #3277, #3917 ) ) ;
#1765 = ADVANCED_FACE ( 'NONE', ( #147 ), #2701, .F. ) ;
#1766 = CARTESIAN_POINT ( 'NONE',  ( -3.076471615970125750, -1.554829700782000224, 35.38931357810751877 ) ) ;
#1767 = CARTESIAN_POINT ( 'NONE',  ( -15.85854802392851859, 10.52707179048831598, -0.6806317823204011130 ) ) ;
#1768 = CARTESIAN_POINT ( 'NONE',  ( -3.406928044936216704, -2.155875303207619442, 36.27963159030020535 ) ) ;
#1769 = CARTESIAN_POINT ( 'NONE',  ( -18.61405583702462962, 6.144824666730080764, -7.877379258590673672 ) ) ;
#1770 = CARTESIAN_POINT ( 'NONE',  ( -5.872906234450524288, -7.098400183086197579, -32.49869089661900290 ) ) ;
#1771 = CARTESIAN_POINT ( 'NONE',  ( -11.67229197652741490, 7.791977236236831139, 18.97765432366010430 ) ) ;
#1772 = AXIS2_PLACEMENT_3D ( 'NONE', #6387, #9, #1925 ) ;
#1773 = CARTESIAN_POINT ( 'NONE',  ( -18.16034795239465538, 3.863320356669247335, -12.26941860240928506 ) ) ;
#1774 = CARTESIAN_POINT ( 'NONE',  ( 5.000000000000000000, 2.733323094352584069E-15, 19.99999999999999645 ) ) ;
#1775 = CARTESIAN_POINT ( 'NONE',  ( -11.85201263971990215, -10.21549364887392208, 13.80197659393858878 ) ) ;
#1776 = CARTESIAN_POINT ( 'NONE',  ( -19.24075489354612145, -5.808798430450750061, -7.321862411678001337 ) ) ;
#1777 = ORIENTED_EDGE ( 'NONE', *, *, #7752, .F. ) ;
#1778 = CARTESIAN_POINT ( 'NONE',  ( -16.76477691274820714, 7.241518047902106403, 9.459446160063468056 ) ) ;
#1779 = CARTESIAN_POINT ( 'NONE',  ( -17.28521038822070466, 5.281397102652372055, -10.76642834593802078 ) ) ;
#1780 = CARTESIAN_POINT ( 'NONE',  ( -18.64497567326177219, -10.54182322676489925, -0.8464985816717450762 ) ) ;
#1781 = CARTESIAN_POINT ( 'NONE',  ( -20.00000000000142819, 2.500424464575817129, -9.737504182341623959 ) ) ;
#1782 = CARTESIAN_POINT ( 'NONE',  ( -18.53823781075642785, -4.763211477318406217, 9.093753612573822309 ) ) ;
#1783 = CARTESIAN_POINT ( 'NONE',  ( -3.076464363268382129, 15.44238129326575582, -19.81499191886394229 ) ) ;
#1784 = LINE ( 'NONE', #8219, #8209 ) ;
#1785 = EDGE_CURVE ( 'NONE', #2399, #1625, #973, .T. ) ;
#1786 = CARTESIAN_POINT ( 'NONE',  ( -17.46893144277659360, 7.810384787569180531, 7.428204629265827030 ) ) ;
#1787 = CARTESIAN_POINT ( 'NONE',  ( -19.09304001232836612, 1.158769406100370380, -9.501926133227502902 ) ) ;
#1788 = CARTESIAN_POINT ( 'NONE',  ( -5.050000000000001599, -15.73000000000001108, -10.17566444466044118 ) ) ;
#1789 = CARTESIAN_POINT ( 'NONE',  ( -19.00000000000000711, -5.425164413709181233, -7.953070644157133273 ) ) ;
#1790 = CARTESIAN_POINT ( 'NONE',  ( -17.50889502265730258, 8.170379555072695865, -6.734191218282297164 ) ) ;
#1791 = CARTESIAN_POINT ( 'NONE',  ( -16.59934456347768972, 0.1799046108394822541, 13.85836723196914555 ) ) ;
#1792 = CARTESIAN_POINT ( 'NONE',  ( -4.999999999999995559, 15.75000000000001421, 9.508162284857652580 ) ) ;
#1793 = CARTESIAN_POINT ( 'NONE',  ( -5.033728863774879159, 15.73650845449015634, -19.83110598953094694 ) ) ;
#1794 = CARTESIAN_POINT ( 'NONE',  ( -4.961299994560646631, -15.76548000217576906, -6.983421377724414292 ) ) ;
#1795 = CARTESIAN_POINT ( 'NONE',  ( -19.34798733575790308, -7.060878343218673692, -5.959777633145473708 ) ) ;
#1796 = ORIENTED_EDGE ( 'NONE', *, *, #6319, .F. ) ;
#1797 = CARTESIAN_POINT ( 'NONE',  ( 0.02782555748655326372, -16.68409726156771455, -19.50400282595299473 ) ) ;
#1798 = CARTESIAN_POINT ( 'NONE',  ( -18.51614412910809904, -4.257605409604471980, -9.450411319636700114 ) ) ;
#1799 = CARTESIAN_POINT ( 'NONE',  ( -5.021880576343617619, -15.74124776946252524, -2.937513495670713848 ) ) ;
#1800 = CARTESIAN_POINT ( 'NONE',  ( -4.620747998602261042, 14.82466783913220176, -7.029447292648700163 ) ) ;
#1801 = CARTESIAN_POINT ( 'NONE',  ( -5.415063198153102775, 15.48538022064635022, -19.66397487614528927 ) ) ;
#1802 = CARTESIAN_POINT ( 'NONE',  ( -1.870248747537492388E-15, -7.658752875836595031, -34.84053422381819587 ) ) ;
#1803 = CARTESIAN_POINT ( 'NONE',  ( -14.52164191827634276, -10.41057865685788997, 5.647536033159786584 ) ) ;
#1804 = CARTESIAN_POINT ( 'NONE',  ( -19.00000000000000711, 2.044192786535259820, 9.504921904388435649 ) ) ;
#1805 = PRESENTATION_STYLE_ASSIGNMENT (( #4976 ) ) ;
#1806 = CARTESIAN_POINT ( 'NONE',  ( -4.628939753721983408, -13.11900350572847529, 27.11101848291342975 ) ) ;
#1807 = CARTESIAN_POINT ( 'NONE',  ( -9.625101892642657475, 12.89985235683396247, 1.613242714210671558 ) ) ;
#1808 = CARTESIAN_POINT ( 'NONE',  ( -5.873738420956458484, -9.470202161293165943, 30.97278224447191164 ) ) ;
#1809 = CARTESIAN_POINT ( 'NONE',  ( -14.30978852048614236, 8.729845684995153121, -11.54918410824924102 ) ) ;
#1810 = CARTESIAN_POINT ( 'NONE',  ( -5.867775928627879445, -11.50730114620693989, -29.03466592374784838 ) ) ;
#1811 = CARTESIAN_POINT ( 'NONE',  ( -17.93676752536594066, 5.616351433345116106, 9.418551507986613558 ) ) ;
#1812 = CARTESIAN_POINT ( 'NONE',  ( -20.00000000000002487, -5.090877302670736348, -12.21799899643506571 ) ) ;
#1813 = CARTESIAN_POINT ( 'NONE',  ( -5.480542964915178672, 15.43518503273606512, 20.00000000041542236 ) ) ;
#1814 = CARTESIAN_POINT ( 'NONE',  ( -17.38293946623679531, -6.870109454441112540, 8.937088546604094574 ) ) ;
#1815 = CARTESIAN_POINT ( 'NONE',  ( -6.934608121324707497, -13.33727796906688923, -17.81668024890253577 ) ) ;
#1816 = ORIENTED_EDGE ( 'NONE', *, *, #5285, .T. ) ;
#1817 = CARTESIAN_POINT ( 'NONE',  ( -16.14755467148234658, 7.575347164280690215, 10.05388141365683552 ) ) ;
#1818 = CARTESIAN_POINT ( 'NONE',  ( -4.244890541973300735, 13.29449769821748539, -27.14668551961434773 ) ) ;
#1819 = CARTESIAN_POINT ( 'NONE',  ( -18.57776798423262576, -10.04166884672866722, -3.650526211174782709 ) ) ;
#1820 = EDGE_CURVE ( 'NONE', #1049, #4079, #766, .T. ) ;
#1821 = CARTESIAN_POINT ( 'NONE',  ( -20.00000000000286349, 1.716047675081947332, -9.882497043082041799 ) ) ;
#1822 = CARTESIAN_POINT ( 'NONE',  ( -14.20216853104052213, -7.512032929254697677, 14.10326705261369362 ) ) ;
#1823 = CARTESIAN_POINT ( 'NONE',  ( -1.524341052793193541, 16.00432448732733448, -22.29159504909466349 ) ) ;
#1824 = DIRECTION ( 'NONE',  ( 1.000000000000000000, 0.0000000000000000000, 0.0000000000000000000 ) ) ;
#1825 = CARTESIAN_POINT ( 'NONE',  ( -4.512785900378003312, -14.82466777961699833, 21.17329926157299269 ) ) ;
#1826 = CARTESIAN_POINT ( 'NONE',  ( -16.78308735973902799, 7.445317112243091451, 9.109333100586569643 ) ) ;
#1827 = CARTESIAN_POINT ( 'NONE',  ( -14.10483552485945680, 0.2824735847326947935, -18.12901508457262878 ) ) ;
#1828 = CARTESIAN_POINT ( 'NONE',  ( -18.99999999999997868, 9.315501129953739579, -0.1940350397939474836 ) ) ;
#1829 = CARTESIAN_POINT ( 'NONE',  ( -20.00000000000002842, 3.223987746991919590, 13.12618218522103675 ) ) ;
#1830 = CARTESIAN_POINT ( 'NONE',  ( -19.54672104957641565, 8.748245676917072444, -2.628788591999931423 ) ) ;
#1831 = CARTESIAN_POINT ( 'NONE',  ( -16.60065977816655902, -0.9838597080191451294, 13.79868868937704818 ) ) ;
#1832 = CARTESIAN_POINT ( 'NONE',  ( -19.99999999999998579, -4.358763783934849201E-13, -10.01018030340874532 ) ) ;
#1833 = FACE_OUTER_BOUND ( 'NONE', #5736, .T. ) ;
#1834 = CARTESIAN_POINT ( 'NONE',  ( -5.462005917155274837, -15.45122281307145151, -19.88357245027182785 ) ) ;
#1835 = CARTESIAN_POINT ( 'NONE',  ( -13.12662386062231157, -9.851607571107715344, -11.20196900158476438 ) ) ;
#1836 = ORIENTED_EDGE ( 'NONE', *, *, #389, .F. ) ;
#1837 = CARTESIAN_POINT ( 'NONE',  ( 0.0000000000000000000, -12.98752371685957563, -32.77349878216972456 ) ) ;
#1838 = CARTESIAN_POINT ( 'NONE',  ( -15.39684244134996582, -5.552868106915298974, -13.95394104602039143 ) ) ;
#1839 = CARTESIAN_POINT ( 'NONE',  ( -20.00000000000002842, 5.032940179911561174, -12.22665071204563958 ) ) ;
#1840 = CARTESIAN_POINT ( 'NONE',  ( -4.380009141899946279, 12.16203499294281443, -28.66784224024885575 ) ) ;
#1841 = CARTESIAN_POINT ( 'NONE',  ( -4.525598672276310630, 15.93976053108955071, 19.99998034527446578 ) ) ;
#1842 = CARTESIAN_POINT ( 'NONE',  ( 3.000000000000000000, -22.74999999999998579, -19.99999999999998579 ) ) ;
#1843 = CARTESIAN_POINT ( 'NONE',  ( -18.96732277867453575, -9.269309721729456442, 1.304797237018737732 ) ) ;
#1844 = CARTESIAN_POINT ( 'NONE',  ( -18.99999999999999645, 0.1906147473880118459, 9.749097252691925064 ) ) ;
#1845 = ADVANCED_FACE ( 'NONE', ( #2742 ), #7950, .F. ) ;
#1846 = CARTESIAN_POINT ( 'NONE',  ( -3.076415779153537589, -15.01651380717670925, 24.01873105036984057 ) ) ;
#1847 = CARTESIAN_POINT ( 'NONE',  ( -18.95629060398180599, 9.215694343644326381, 1.704249438644858339 ) ) ;
#1848 = CARTESIAN_POINT ( 'NONE',  ( -3.641940530766122119, -11.92559906206688680, 31.11486611571083927 ) ) ;
#1849 = CARTESIAN_POINT ( 'NONE',  ( -11.85379366178052862, 10.23746059898709682, -13.69819399837297702 ) ) ;
#1850 = CARTESIAN_POINT ( 'NONE',  ( -5.854420299985365617, -12.38900531355938561, -27.90294174654031423 ) ) ;
#1851 = CARTESIAN_POINT ( 'NONE',  ( -11.69399558814301976, 8.547764470251188129, 17.99777327646721048 ) ) ;
#1852 = CARTESIAN_POINT ( 'NONE',  ( -20.00000000000002487, -1.665924015132584035, -13.55890334774665718 ) ) ;
#1853 = CARTESIAN_POINT ( 'NONE',  ( -4.556044778136088880, 15.92758208874557901, 19.77749288326656441 ) ) ;
#1854 = CARTESIAN_POINT ( 'NONE',  ( -6.934380281779943367, -13.33654800316103817, 17.83343651737174440 ) ) ;
#1855 = CARTESIAN_POINT ( 'NONE',  ( -14.30921435038141176, -8.702484928353458216, -11.62223387523220808 ) ) ;
#1856 = EDGE_LOOP ( 'NONE', ( #4342, #5242, #7528, #412 ) ) ;
#1857 = CARTESIAN_POINT ( 'NONE',  ( -6.933072923171052615, 13.33429014045710304, 17.89303634547112765 ) ) ;
#1858 = CARTESIAN_POINT ( 'NONE',  ( -17.27679831338571859, 5.014542531613328968, -10.98174683587919453 ) ) ;
#1859 = CARTESIAN_POINT ( 'NONE',  ( -4.541384757361482727, -14.85641313562849675, -19.95609000904512342 ) ) ;
#1860 = CARTESIAN_POINT ( 'NONE',  ( -18.27804199552301156, 7.102207413610465814, -9.474605385733223528 ) ) ;
#1861 = CARTESIAN_POINT ( 'NONE',  ( -4.849999999999998757, -15.81780785821802837, 9.557070928531913978 ) ) ;
#1862 = CARTESIAN_POINT ( 'NONE',  ( -17.90013644584910679, -4.636519591947651620, 10.19895198840282902 ) ) ;
#1863 = CARTESIAN_POINT ( 'NONE',  ( -3.076464363268382129, 15.44238129326575582, -19.99359356208953287 ) ) ;
#1864 = CARTESIAN_POINT ( 'NONE',  ( -5.463778351932042199, 15.45035907136515263, 19.88677255634506835 ) ) ;
#1865 = VECTOR ( 'NONE', #7626, 1000.000000000000000 ) ;
#1866 = EDGE_CURVE ( 'NONE', #6945, #5073, #3061, .T. ) ;
#1867 = CARTESIAN_POINT ( 'NONE',  ( -4.433812983877257530, 14.04208328208580170, 25.15007637450368350 ) ) ;
#1868 = CARTESIAN_POINT ( 'NONE',  ( -16.80532467433584642, 7.679985149454823024, 8.690321101121927683 ) ) ;
#1869 = CARTESIAN_POINT ( 'NONE',  ( -17.22030379389845933, 0.5449473836917146929, -12.77453051414509488 ) ) ;
#1870 = CARTESIAN_POINT ( 'NONE',  ( -19.00000000000000000, 7.732997756957172619, -5.500059615106922983 ) ) ;
#1871 = LINE ( 'NONE', #5622, #4427 ) ;
#1872 = VECTOR ( 'NONE', #2410, 1000.000000000000000 ) ;
#1873 = VECTOR ( 'NONE', #3016, 1000.000000000000000 ) ;
#1874 = CARTESIAN_POINT ( 'NONE',  ( -7.120036208439644021, 13.82863302259496230, -3.841615930971351567 ) ) ;
#1875 = CARTESIAN_POINT ( 'NONE',  ( -17.84692099196285042, -0.8130142293986428736, 11.67500502679031449 ) ) ;
#1876 = CARTESIAN_POINT ( 'NONE',  ( -4.849999999999998757, -15.81780785821802837, 9.557070928531913978 ) ) ;
#1877 = CARTESIAN_POINT ( 'NONE',  ( -5.410200608519327936, 15.48986805926690025, -19.48839717927744175 ) ) ;
#1878 = CARTESIAN_POINT ( 'NONE',  ( -5.010555532131661494, -15.74577778714741960, -19.64247996802493290 ) ) ;
#1879 = CARTESIAN_POINT ( 'NONE',  ( -11.86722453323622517, -10.33704299601925136, -13.20629537440559709 ) ) ;
#1880 = ORIENTED_EDGE ( 'NONE', *, *, #1820, .F. ) ;
#1881 = CARTESIAN_POINT ( 'NONE',  ( 0.0000000000000000000, -17.74999999999999645, -19.99999998908850785 ) ) ;
#1882 = CARTESIAN_POINT ( 'NONE',  ( -17.86544794350433207, -3.247605440185906467, -11.01325089972016436 ) ) ;
#1883 = CARTESIAN_POINT ( 'NONE',  ( -20.00000000000002487, 11.18624383252810262, -2.840364409301002091 ) ) ;
#1884 = CARTESIAN_POINT ( 'NONE',  ( -4.554621155570741209, 14.85111857634480081, -17.84569727304480224 ) ) ;
#1885 = CARTESIAN_POINT ( 'NONE',  ( -18.14048576813803137, -1.921369284384473408, 13.01098678886378934 ) ) ;
#1886 = CARTESIAN_POINT ( 'NONE',  ( 0.0000000000000000000, -21.25000000000000355, 45.24999999999999289 ) ) ;
#1887 = CARTESIAN_POINT ( 'NONE',  ( -18.33650121987104598, -9.457160439073350133, -1.786424093695827997 ) ) ;
#1888 = DIRECTION ( 'NONE',  ( -1.000000000000000000, -0.0000000000000000000, -0.0000000000000000000 ) ) ;
#1889 = CARTESIAN_POINT ( 'NONE',  ( -3.076464363268369251, -15.44238129326576292, 19.99359356208952221 ) ) ;
#1890 = CARTESIAN_POINT ( 'NONE',  ( -9.389989812871718300, -11.75081861460697930, -15.99780643054125484 ) ) ;
#1891 = CARTESIAN_POINT ( 'NONE',  ( -16.47313194462156360, 10.23361204302522509, -1.552749693113736562 ) ) ;
#1892 = EDGE_CURVE ( 'NONE', #2832, #5140, #6585, .T. ) ;
#1893 = CARTESIAN_POINT ( 'NONE',  ( -5.001729238906515995, -3.564616493198756952, 35.34876376432732314 ) ) ;
#1894 = CARTESIAN_POINT ( 'NONE',  ( -18.61727144176481374, 6.185944368911629354, -7.833184880518492932 ) ) ;
#1895 = CARTESIAN_POINT ( 'NONE',  ( -3.411066271931884941, -2.662556502366697497, -36.17608635579305343 ) ) ;
#1896 = CARTESIAN_POINT ( 'NONE',  ( -19.10676126905751815, 2.153023101242232507, 9.296833221000497360 ) ) ;
#1897 = CARTESIAN_POINT ( 'NONE',  ( 0.0000000000000000000, -17.99999999999999645, -36.50000000000000711 ) ) ;
#1898 = CARTESIAN_POINT ( 'NONE',  ( 3.000000000000000000, -25.25000000000000355, -41.24999999999997158 ) ) ;
#1899 = ORIENTED_EDGE ( 'NONE', *, *, #1381, .T. ) ;
#1900 = CARTESIAN_POINT ( 'NONE',  ( -16.76430879238412430, -7.205659716495556921, 9.515145663384760866 ) ) ;
#1901 = CARTESIAN_POINT ( 'NONE',  ( -6.933919986993564599, -13.33507293054479703, -17.86729701000739112 ) ) ;
#1902 = EDGE_LOOP ( 'NONE', ( #4258, #683, #2967, #4526 ) ) ;
#1903 = CLOSED_SHELL ( 'NONE', ( #5943, #4145, #6368, #7297, #2242, #8115, #4969, #7807, #7853, #2592, #3013, #4411, #4506, #1765, #2100, #7987, #2695, #3580, #329, #7491, #3446, #7339, #6743, #4386, #907, #7102, #5864, #2501, #1715, #1676, #4534, #5402, #36, #1157, #5843, #2884, #5231, #3905, #1845, #1090, #3257 ) ) ;
#1904 = CARTESIAN_POINT ( 'NONE',  ( -17.37932288986144158, 6.860019831599288409, 8.956393806774823219 ) ) ;
#1905 = CARTESIAN_POINT ( 'NONE',  ( -9.267761405789912033, 11.02540530748784597, -19.10571236155549357 ) ) ;
#1906 = CARTESIAN_POINT ( 'NONE',  ( -18.16049846154458081, -3.874201360370453706, 12.26409431038085351 ) ) ;
#1907 = DIRECTION ( 'NONE',  ( -1.000000000000000000, -0.0000000000000000000, -0.0000000000000000000 ) ) ;
#1908 = CARTESIAN_POINT ( 'NONE',  ( -4.999999999999999112, -15.75000000000001421, 9.508162284858709512 ) ) ;
#1909 = CARTESIAN_POINT ( 'NONE',  ( -11.69814234966123934, -8.507226059538814056, 17.94089533350240373 ) ) ;
#1910 = DIRECTION ( 'NONE',  ( 0.0000000000000000000, 0.0000000000000000000, 1.000000000000000000 ) ) ;
#1911 = CARTESIAN_POINT ( 'NONE',  ( -4.380735642016942322, 12.20241353726987477, 28.61017695688917684 ) ) ;
#1912 = CARTESIAN_POINT ( 'NONE',  ( -16.16401237755997400, 7.756218963713622294, 9.700776918622278089 ) ) ;
#1913 = CARTESIAN_POINT ( 'NONE',  ( -4.135639464340672866, -0.5055461609285452074, -35.27800677656635031 ) ) ;
#1914 = CARTESIAN_POINT ( 'NONE',  ( -5.049999999999999822, -15.73000000000001819, 16.77828324328960008 ) ) ;
#1915 = CARTESIAN_POINT ( 'NONE',  ( -18.14679833169460821, 2.676989457005934714, 12.76437134219876413 ) ) ;
#1916 = CARTESIAN_POINT ( 'NONE',  ( -6.629009175650967478, 1.393678133057019153, 30.92841187379491430 ) ) ;
#1917 = CARTESIAN_POINT ( 'NONE',  ( -4.628609323659595098, -14.82152330910924931, -21.75317638053210700 ) ) ;
#1918 = CARTESIAN_POINT ( 'NONE',  ( -5.573765756078202571, -15.30586606439961272, 20.94922235688120438 ) ) ;
#1919 = CARTESIAN_POINT ( 'NONE',  ( -18.03247479755073002, -6.897623406969669801, -7.892903678320843497 ) ) ;
#1920 = ORIENTED_EDGE ( 'NONE', *, *, #6145, .T. ) ;
#1921 = CARTESIAN_POINT ( 'NONE',  ( -1.524319402891593844, -16.06323927741645363, -19.63533784686851646 ) ) ;
#1922 = EDGE_CURVE ( 'NONE', #7683, #1983, #1599, .T. ) ;
#1923 = CARTESIAN_POINT ( 'NONE',  ( -15.41366669835329262, -6.172343366953755961, -13.35461898136785663 ) ) ;
#1924 = CARTESIAN_POINT ( 'NONE',  ( -20.00000000000002842, 10.74703094996671204, -4.419134784595674326 ) ) ;
#1925 = DIRECTION ( 'NONE',  ( 0.0000000000000000000, 0.0000000000000000000, 1.000000000000000000 ) ) ;
#1926 = CARTESIAN_POINT ( 'NONE',  ( -20.00000000000002842, -3.585631736135666436, 9.424281592205522529 ) ) ;
#1927 = CARTESIAN_POINT ( 'NONE',  ( -5.021497738086756257, 15.74140090476529963, -2.938319935290687912 ) ) ;
#1928 = CARTESIAN_POINT ( 'NONE',  ( -17.10729352757435251, -10.04941379927295841, 0.6290006798851893732 ) ) ;
#1929 = CARTESIAN_POINT ( 'NONE',  ( -18.99999999999999645, -8.988555577401518448, -2.588627067150306882 ) ) ;
#1930 = AXIS2_PLACEMENT_3D ( 'NONE', #3520, #6079, #2868 ) ;
#1931 = CARTESIAN_POINT ( 'NONE',  ( -4.628610592183089345, -14.82038279247247736, 20.21319301886906317 ) ) ;
#1932 = CARTESIAN_POINT ( 'NONE',  ( -16.13752632560647982, -7.484261046850806842, -10.23025951622113539 ) ) ;
#1933 = CARTESIAN_POINT ( 'NONE',  ( -12.11851439696776644, 11.94926472021582065, 0.3048768395248931395 ) ) ;
#1934 = EDGE_CURVE ( 'NONE', #5883, #7617, #5956, .T. ) ;
#1935 = CARTESIAN_POINT ( 'NONE',  ( -3.581553125027677531, -10.80494139650008911, 32.27484660568662633 ) ) ;
#1936 = CARTESIAN_POINT ( 'NONE',  ( -6.966625336288487347, 13.43922846858896847, -15.48316339390499152 ) ) ;
#1937 = CARTESIAN_POINT ( 'NONE',  ( -5.797840164687778852, -14.11343132623771091, -24.97436428058588476 ) ) ;
#1938 = CARTESIAN_POINT ( 'NONE',  ( -17.86035878709268943, 2.653915560183855771, 11.24356315612537038 ) ) ;
#1939 = CARTESIAN_POINT ( 'NONE',  ( -18.57757939391872881, 10.04019135105999894, 3.654807957318987555 ) ) ;
#1940 = DIRECTION ( 'NONE',  ( 1.000000000000000000, 0.0000000000000000000, 0.0000000000000000000 ) ) ;
#1941 = CARTESIAN_POINT ( 'NONE',  ( -16.16765358040082745, -7.767999718773606510, 9.672337425066453775 ) ) ;
#1942 = CARTESIAN_POINT ( 'NONE',  ( -18.61598016144190382, -6.130516604205690889, -7.888319523603030348 ) ) ;
#1943 = ORIENTED_EDGE ( 'NONE', *, *, #6090, .F. ) ;
#1944 = CARTESIAN_POINT ( 'NONE',  ( -14.30649580918500163, 8.696364342722239016, 11.64496448378851845 ) ) ;
#1945 = CARTESIAN_POINT ( 'NONE',  ( -19.21337775434551531, 5.454522345173085540, -7.630867184227069444 ) ) ;
#1946 = FACE_OUTER_BOUND ( 'NONE', #3945, .T. ) ;
#1947 = FACE_OUTER_BOUND ( 'NONE', #3761, .T. ) ;
#1948 = CARTESIAN_POINT ( 'NONE',  ( -20.00000000000000000, -6.712578825597055321, 7.442380029370157857 ) ) ;
#1949 = CARTESIAN_POINT ( 'NONE',  ( -11.76099581022803164, -9.630014731720754284, 15.88272717547802415 ) ) ;
#1950 = DIRECTION ( 'NONE',  ( -1.000000000000000000, -0.0000000000000000000, -0.0000000000000000000 ) ) ;
#1951 = ORIENTED_EDGE ( 'NONE', *, *, #4289, .T. ) ;
#1952 = EDGE_CURVE ( 'NONE', #2754, #3049, #7795, .T. ) ;
#1953 = LINE ( 'NONE', #7714, #7277 ) ;
#1954 = CARTESIAN_POINT ( 'NONE',  ( -4.475330618159726548, 14.89868847029794630, 18.84732821352491783 ) ) ;
#1955 = CARTESIAN_POINT ( 'NONE',  ( -4.136018294307887366, 0.5858870091007700731, -35.23524485491275726 ) ) ;
#1956 = CARTESIAN_POINT ( 'NONE',  ( -19.00000000000000355, 6.385750123327613714, 7.151573732322085597 ) ) ;
#1957 = CARTESIAN_POINT ( 'NONE',  ( -19.99999999999933209, 5.885045636968842864, 8.207845343498965107 ) ) ;
#1958 = CARTESIAN_POINT ( 'NONE',  ( -11.61415700658686845, -0.3578077435330340728, 22.40296881645179283 ) ) ;
#1959 = CARTESIAN_POINT ( 'NONE',  ( -4.628701811554568835, -4.370832677378666098, -34.18767806196568415 ) ) ;
#1960 = CARTESIAN_POINT ( 'NONE',  ( -4.610046170938193910, -15.90598153162471995, -18.24874947776024925 ) ) ;
#1961 = CARTESIAN_POINT ( 'NONE',  ( -18.01015925650348493, -6.639261617362589796, -8.235300898924911905 ) ) ;
#1962 = ORIENTED_EDGE ( 'NONE', *, *, #3209, .T. ) ;
#1963 = ORIENTED_EDGE ( 'NONE', *, *, #1604, .F. ) ;
#1964 = CARTESIAN_POINT ( 'NONE',  ( -5.000000000000000000, -15.74999999999998934, -22.11634652988780658 ) ) ;
#1965 = CARTESIAN_POINT ( 'NONE',  ( -17.88104527371238461, -4.099691279365324625, -10.58547949247304487 ) ) ;
#1966 = FACE_OUTER_BOUND ( 'NONE', #1330, .T. ) ;
#1967 = CARTESIAN_POINT ( 'NONE',  ( -5.012280524407405125, -15.74508779023713778, 19.65489910925323969 ) ) ;
#1968 = DIRECTION ( 'NONE',  ( 0.0000000000000000000, 0.0000000000000000000, -1.000000000000000000 ) ) ;
#1969 = CARTESIAN_POINT ( 'NONE',  ( -19.53446540155177047, -8.638182873049835564, -2.988401160527178302 ) ) ;
#1970 = CARTESIAN_POINT ( 'NONE',  ( -5.049999999999999822, 15.73000000000001464, -22.11486045647532706 ) ) ;
#1971 = EDGE_CURVE ( 'NONE', #2261, #1648, #4069, .T. ) ;
#1972 = CARTESIAN_POINT ( 'NONE',  ( -3.076465278820814664, -15.44123117170695103, 20.21838860574284169 ) ) ;
#1973 = CARTESIAN_POINT ( 'NONE',  ( -17.37126728371953988, -6.770108894177218062, -9.087048841615862571 ) ) ;
#1974 = CARTESIAN_POINT ( 'NONE',  ( -3.494954939385641168, 8.179499736342531691, 34.16872017608743306 ) ) ;
#1975 = CARTESIAN_POINT ( 'NONE',  ( -15.58435503106378128, 8.476540430714958774, -9.397148854757544356 ) ) ;
#1976 = CARTESIAN_POINT ( 'NONE',  ( -5.045670472433653408, -15.73173181102656670, -20.07520062278191375 ) ) ;
#1977 = CARTESIAN_POINT ( 'NONE',  ( -16.61534702065593194, 3.172598814439779868, 13.18610954874837127 ) ) ;
#1978 = CARTESIAN_POINT ( 'NONE',  ( -20.00000000000003197, -2.789462299414510849, -9.678001072599144550 ) ) ;
#1979 = CARTESIAN_POINT ( 'NONE',  ( -3.657308905437087976, 12.22456435407806907, 30.81541579829431043 ) ) ;
#1980 = VECTOR ( 'NONE', #1589, 1000.000000000000000 ) ;
#1981 = CARTESIAN_POINT ( 'NONE',  ( -18.00704220664934851, -6.602371053958157709, 8.283213655160848177 ) ) ;
#1982 = CARTESIAN_POINT ( 'NONE',  ( -4.462899911555857635, -14.90648147916401989, -19.95632714486474057 ) ) ;
#1983 = VERTEX_POINT ( 'NONE', #1897 ) ;
#1984 = ORIENTED_EDGE ( 'NONE', *, *, #3750, .F. ) ;
#1985 = CARTESIAN_POINT ( 'NONE',  ( -13.08081804084988597, 9.459942825602565719, 12.69326384939476426 ) ) ;
#1986 = CARTESIAN_POINT ( 'NONE',  ( -11.81455791369903530, 10.05655416740739305, -14.54309144477857707 ) ) ;
#1987 = CARTESIAN_POINT ( 'NONE',  ( -5.044751573601103267, 15.73209937055961483, -20.03168891279318586 ) ) ;
#1988 = CARTESIAN_POINT ( 'NONE',  ( -3.406833381453517440, 2.136749845748972199, -36.28190864444547969 ) ) ;
#1989 = CARTESIAN_POINT ( 'NONE',  ( -5.000000000000009770, 12.44862432635676797, 30.04695997521007911 ) ) ;
#1990 = CARTESIAN_POINT ( 'NONE',  ( -17.34847128236854630, -6.449338358083288369, 9.516203725560874460 ) ) ;
#1991 = CARTESIAN_POINT ( 'NONE',  ( -20.00000000000005329, -11.16196917102019981, 2.872152545000309143 ) ) ;
#1992 = CARTESIAN_POINT ( 'NONE',  ( -6.932214150577713951, -13.33153089202509989, -17.95639988570822609 ) ) ;
#1993 = CARTESIAN_POINT ( 'NONE',  ( -16.17261000968112228, 7.846605519218872615, 9.519828693031030298 ) ) ;
#1994 = CARTESIAN_POINT ( 'NONE',  ( -19.09504106716601157, 1.413426095585141429, -9.463277877167209695 ) ) ;
#1995 = CARTESIAN_POINT ( 'NONE',  ( -1.524319402890896402, 16.06323927741675206, 16.11975100990528276 ) ) ;
#1996 = CARTESIAN_POINT ( 'NONE',  ( -20.00000000000002842, 4.171806199473507171, 9.190894642328029107 ) ) ;
#1997 = ADVANCED_FACE ( 'NONE', ( #678 ), #6525, .F. ) ;
#1998 = CARTESIAN_POINT ( 'NONE',  ( -17.22524737747960444, -1.247402887544005745, 12.67990834316427673 ) ) ;
#1999 = CARTESIAN_POINT ( 'NONE',  ( -1.524359279308721504, -3.914108990150515055, -35.60608159335235712 ) ) ;
#2000 = CARTESIAN_POINT ( 'NONE',  ( -4.546795794782263478, -15.93128168208708750, -19.85753540949962215 ) ) ;
#2001 = CARTESIAN_POINT ( 'NONE',  ( -15.54791327954488445, -8.074383726121240556, -10.30178837344172038 ) ) ;
#2002 = EDGE_LOOP ( 'NONE', ( #4430, #401, #5009, #8128, #1088, #1092, #5881 ) ) ;
#2003 = CARTESIAN_POINT ( 'NONE',  ( -5.049999999999981171, 6.096263341294918092, 34.93416988771185316 ) ) ;
#2004 = CARTESIAN_POINT ( 'NONE',  ( -4.150796306576995498, -6.780891277033351372, -33.67111909773804257 ) ) ;
#2005 = CARTESIAN_POINT ( 'NONE',  ( -5.000000000000000000, 15.75000000000000711, 4.407281562879258097 ) ) ;
#2006 = CARTESIAN_POINT ( 'NONE',  ( 3.000000000000000000, 25.24999999999999289, 41.24999999999995737 ) ) ;
#2007 = CARTESIAN_POINT ( 'NONE',  ( -5.410200608520341348, -15.48986805926649168, 19.48839717927313941 ) ) ;
#2008 = CARTESIAN_POINT ( 'NONE',  ( 3.000000000000000000, 17.99999999999999645, -36.50000000000000711 ) ) ;
#2009 = CARTESIAN_POINT ( 'NONE',  ( -14.61437347760535310, -11.00296220882422382, 0.7318051337073356866 ) ) ;
#2010 = CARTESIAN_POINT ( 'NONE',  ( 0.0000000000000000000, 17.74999999999999645, -9.833252326675911092 ) ) ;
#2011 = ORIENTED_EDGE ( 'NONE', *, *, #3316, .T. ) ;
#2012 = CARTESIAN_POINT ( 'NONE',  ( -3.076464363268371027, -15.44238129326576292, 19.81499191886393874 ) ) ;
#2013 = ORIENTED_EDGE ( 'NONE', *, *, #8295, .T. ) ;
#2014 = CARTESIAN_POINT ( 'NONE',  ( -6.919007602259952705, -13.32304736641238918, -18.23127537890401584 ) ) ;
#2015 = CARTESIAN_POINT ( 'NONE',  ( -5.827012153685386053, 13.43875895049636071, 26.27012902067928124 ) ) ;
#2016 = CARTESIAN_POINT ( 'NONE',  ( -17.38780703937447925, 6.959968362853804713, -8.809364344114760215 ) ) ;
#2017 = CARTESIAN_POINT ( 'NONE',  ( -4.540468279927391215, -15.93381268802903250, -19.90546067071785785 ) ) ;
#2018 = EDGE_CURVE ( 'NONE', #5694, #4527, #4388, .T. ) ;
#2019 = CARTESIAN_POINT ( 'NONE',  ( -16.61925046718171117, 3.521508376140657592, 13.03394956263108817 ) ) ;
#2020 = CARTESIAN_POINT ( 'NONE',  ( -20.00000000000070699, -5.049549900245987821, -8.751259707249335662 ) ) ;
#2021 = CARTESIAN_POINT ( 'NONE',  ( -4.493670145674586003, -15.95253194173023026, 20.26559562947512561 ) ) ;
#2022 = CARTESIAN_POINT ( 'NONE',  ( -9.400906191698489067, -11.78621883322461628, 15.65240306839914197 ) ) ;
#2023 = EDGE_CURVE ( 'NONE', #7367, #3234, #3949, .T. ) ;
#2024 = CARTESIAN_POINT ( 'NONE',  ( -16.14993208902260591, -7.573918880969668699, -10.05180282375628842 ) ) ;
#2025 = ORIENTED_EDGE ( 'NONE', *, *, #7192, .T. ) ;
#2026 = CARTESIAN_POINT ( 'NONE',  ( -11.85238069174770636, 10.22312061818821149, 13.76696580683496940 ) ) ;
#2027 = CARTESIAN_POINT ( 'NONE',  ( -14.24594563485769783, 8.203573463749616934, -12.89789353798342120 ) ) ;
#2028 = EDGE_CURVE ( 'NONE', #5422, #650, #1671, .T. ) ;
#2029 = CARTESIAN_POINT ( 'NONE',  ( -5.485666109813333691, 15.43054795463109485, -20.03460152813768147 ) ) ;
#2030 = CARTESIAN_POINT ( 'NONE',  ( -3.437129731783001407, 5.251076335898776648, -35.51967730772357612 ) ) ;
#2031 = CARTESIAN_POINT ( 'NONE',  ( -5.531592489509875143, 15.37580593622164393, -20.47581596506359602 ) ) ;
#2032 = CARTESIAN_POINT ( 'NONE',  ( -20.00000000000000711, 0.6520802205264119022, 9.984745210496301482 ) ) ;
#2033 = CARTESIAN_POINT ( 'NONE',  ( -17.96626387367081534, -6.071016208664820724, 8.919762433693239956 ) ) ;
#2034 = CARTESIAN_POINT ( 'NONE',  ( -20.00000000000003197, -1.665924015085505694, -13.55890334743702041 ) ) ;
#2035 = CARTESIAN_POINT ( 'NONE',  ( -13.07873075827536802, -9.445741794676186132, -12.74761871449324779 ) ) ;
#2036 = CARTESIAN_POINT ( 'NONE',  ( -15.53848512117785319, 7.999534330600578613, 10.47371586909827457 ) ) ;
#2037 = CARTESIAN_POINT ( 'NONE',  ( -16.60116591900727556, 1.746577870339248939, -13.66882779576081752 ) ) ;
#2038 = CARTESIAN_POINT ( 'NONE',  ( -3.076464363268387459, 15.44238129326575404, 12.34151114269835503 ) ) ;
#2039 = CARTESIAN_POINT ( 'NONE',  ( -20.00000000000000711, 7.249801527826008396, 10.36450810991310867 ) ) ;
#2040 = CARTESIAN_POINT ( 'NONE',  ( -16.60879258618380305, -2.485183930149382547, 13.44921118743134691 ) ) ;
#2041 = CARTESIAN_POINT ( 'NONE',  ( -3.076533729469560274, -3.733721154300356115, -35.00981684838049546 ) ) ;
#2042 = CARTESIAN_POINT ( 'NONE',  ( 0.0000000000000000000, -18.00000000000000355, 36.49999999999999289 ) ) ;
#2043 = ORIENTED_EDGE ( 'NONE', *, *, #502, .F. ) ;
#2044 = CARTESIAN_POINT ( 'NONE',  ( -6.955184068241910822, -13.40144372455688071, -16.34306976180547721 ) ) ;
#2045 = EDGE_LOOP ( 'NONE', ( #916, #8250, #5789, #1290 ) ) ;
#2046 = CARTESIAN_POINT ( 'NONE',  ( -5.050000000000004263, -6.096263341294843485, 34.93416988771191001 ) ) ;
#2047 = CARTESIAN_POINT ( 'NONE',  ( -14.11913289854892106, -3.783920688058198145, -17.30942341148144692 ) ) ;
#2048 = CARTESIAN_POINT ( 'NONE',  ( 3.000000000000000000, 22.75000000000000000, 19.99999999999999645 ) ) ;
#2049 = CARTESIAN_POINT ( 'NONE',  ( -4.508138497063837846, -14.86971163974755505, -21.29468161792372882 ) ) ;
#2050 = CARTESIAN_POINT ( 'NONE',  ( -4.563871304686247576, -15.92445147812551376, 19.66712303158185904 ) ) ;
#2051 = DIRECTION ( 'NONE',  ( -1.000000000000000000, -0.0000000000000000000, -0.0000000000000000000 ) ) ;
#2052 = CARTESIAN_POINT ( 'NONE',  ( -7.126596821888758981, -13.84236661434917970, -3.185843008201951765 ) ) ;
#2053 = CARTESIAN_POINT ( 'NONE',  ( -0.0000000000000000000, 17.75000000000001066, 16.54963531164967350 ) ) ;
#2054 = CARTESIAN_POINT ( 'NONE',  ( -1.524319402891596287, -16.06323927741646429, 14.66397107090062413 ) ) ;
#2055 = CARTESIAN_POINT ( 'NONE',  ( -13.05555906664657506, -9.321047850312291772, -13.20571387055897894 ) ) ;
#2056 = CARTESIAN_POINT ( 'NONE',  ( -4.257995304431282158, 15.86086790772546173, 22.48915924022840684 ) ) ;
#2057 = CARTESIAN_POINT ( 'NONE',  ( -11.92499123496876479, 10.79491233441367726, -10.92156176528421518 ) ) ;
#2058 = LINE ( 'NONE', #4718, #460 ) ;
#2059 = CARTESIAN_POINT ( 'NONE',  ( -15.99301406328609154, 3.436150948304600217, 14.15629187295237479 ) ) ;
#2060 = CARTESIAN_POINT ( 'NONE',  ( -18.34499815313825977, -7.919977011629759645, -8.306631464661890618 ) ) ;
#2061 = CARTESIAN_POINT ( 'NONE',  ( -3.406833381453393539, -2.136749845749026377, 36.28190864444557917 ) ) ;
#2062 = CARTESIAN_POINT ( 'NONE',  ( -6.939210560230715252, -13.35194674419760297, 17.48000804318477108 ) ) ;
#2063 = CARTESIAN_POINT ( 'NONE',  ( -17.38063088582824278, -6.842637808598318827, -8.977179548589941049 ) ) ;
#2064 = CARTESIAN_POINT ( 'NONE',  ( -1.524205313270208473, 11.15372312640899821, 31.59694564062262501 ) ) ;
#2065 = CARTESIAN_POINT ( 'NONE',  ( -18.16266294039442997, 3.976862708322321360, 12.19946911678576207 ) ) ;
#2066 = CARTESIAN_POINT ( 'NONE',  ( -11.75948541561470506, 9.631018327586998495, -15.88429801606116776 ) ) ;
#2067 = CARTESIAN_POINT ( 'NONE',  ( -5.043374971797997652, 15.73265001128070217, -19.98812795607138071 ) ) ;
#2068 = CARTESIAN_POINT ( 'NONE',  ( -3.580012575185299362, -10.70638898740981482, -32.32592173776851752 ) ) ;
#2069 = CARTESIAN_POINT ( 'NONE',  ( -3.026991677290836069, -15.46217036765675701, -19.99999998957510172 ) ) ;
#2070 = CARTESIAN_POINT ( 'NONE',  ( -4.850000000000000533, -15.80946413698795361, 4.730502247883225486 ) ) ;
#2071 = CARTESIAN_POINT ( 'NONE',  ( -16.08365752987565145, -6.795609274439321723, 11.35445453072564170 ) ) ;
#2072 = CARTESIAN_POINT ( 'NONE',  ( -4.891457685679720058, 15.79341692572812050, -9.558720777670698610 ) ) ;
#2073 = ADVANCED_FACE ( 'NONE', ( #5721 ), #5472, .T. ) ;
#2074 = CARTESIAN_POINT ( 'NONE',  ( -15.53316978949512972, -7.942010575190108668, -10.60087260561229350 ) ) ;
#2075 = CARTESIAN_POINT ( 'NONE',  ( -18.62357977289831013, 6.265500316858717333, 7.746502376708508386 ) ) ;
#2076 = CARTESIAN_POINT ( 'NONE',  ( -11.62525657046346161, 4.205389561608672722, -21.51727328914900994 ) ) ;
#2077 = CARTESIAN_POINT ( 'NONE',  ( -1.524319402890894404, 16.06323927741675206, 19.69609709406141818 ) ) ;
#2078 = CARTESIAN_POINT ( 'NONE',  ( -19.99999999999930722, 6.990967204811009417, 7.247326146792349100 ) ) ;
#2079 = CARTESIAN_POINT ( 'NONE',  ( -18.47460833384101520, -1.582892607354264625, 10.48709642082055460 ) ) ;
#2080 = CARTESIAN_POINT ( 'NONE',  ( -4.628924877384380743, -11.33952017729430395, -29.54404176858925624 ) ) ;
#2081 = CARTESIAN_POINT ( 'NONE',  ( -5.498069653184940897, -15.41932122216711143, 20.11837446663194839 ) ) ;
#2082 = ORIENTED_EDGE ( 'NONE', *, *, #1971, .F. ) ;
#2083 = CARTESIAN_POINT ( 'NONE',  ( -5.000000000000000000, -15.75000000000001776, 16.77601940238227485 ) ) ;
#2084 = CARTESIAN_POINT ( 'NONE',  ( -4.599579287220637802, 14.83347142361073523, 8.155095033461348564 ) ) ;
#2085 = CARTESIAN_POINT ( 'NONE',  ( -15.37267759257089850, -4.102040395087647617, -14.93273898288759582 ) ) ;
#2086 = CARTESIAN_POINT ( 'NONE',  ( -19.00000000000000355, -5.913675711301093152, -7.556202739479848773 ) ) ;
#2087 = CARTESIAN_POINT ( 'NONE',  ( -4.446747927224754982, -14.22091616467817943, -24.47500372466281249 ) ) ;
#2088 = CARTESIAN_POINT ( 'NONE',  ( -5.444453009177125935, -15.46462626782786387, 19.79417908248797531 ) ) ;
#2089 = CARTESIAN_POINT ( 'NONE',  ( -4.663119740852325279, -15.88475210365909440, 16.63952122948308698 ) ) ;
#2090 = CARTESIAN_POINT ( 'NONE',  ( -18.18758853586927415, -8.366398335704163358, -5.442264401821391928 ) ) ;
#2091 = CARTESIAN_POINT ( 'NONE',  ( -5.049999999999999822, -15.72999999999998977, -19.99999998981159166 ) ) ;
#2092 = CARTESIAN_POINT ( 'NONE',  ( -1.524319402891594954, -16.06323927741646074, 3.117073268805945929 ) ) ;
#2093 = CARTESIAN_POINT ( 'NONE',  ( -15.50870254639248635, -7.730152497628447250, -11.05433876637945190 ) ) ;
#2094 = CARTESIAN_POINT ( 'NONE',  ( -3.435546678033887247, 5.250639215233254831, 35.54958525354158638 ) ) ;
#2095 = CARTESIAN_POINT ( 'NONE',  ( -9.405985404751957546, 11.82508262583493952, -15.30989299267615600 ) ) ;
#2096 = CARTESIAN_POINT ( 'NONE',  ( -5.827012153676377260, -13.43875895077087179, -26.27012902018790186 ) ) ;
#2097 = CARTESIAN_POINT ( 'NONE',  ( -14.11740877695296525, 3.308448695816867957, 17.51159698597162873 ) ) ;
#2098 = CARTESIAN_POINT ( 'NONE',  ( -18.29403598706930012, -7.304794158601604970, -9.199507733400272613 ) ) ;
#2099 = CARTESIAN_POINT ( 'NONE',  ( -3.402497640107479793, -1.081284474459562439, 36.38843899704433937 ) ) ;
#2100 = ADVANCED_FACE ( 'NONE', ( #2249 ), #2963, .T. ) ;
#2101 = CARTESIAN_POINT ( 'NONE',  ( -16.15394323699094059, -7.619332556921080801, 9.964157767491085949 ) ) ;
#2102 = CARTESIAN_POINT ( 'NONE',  ( -16.15013825265465641, -7.576985720731818752, -10.04602838871048220 ) ) ;
#2103 = CARTESIAN_POINT ( 'NONE',  ( 3.000000000000000000, 21.24999999999999645, -41.25000000000000711 ) ) ;
#2104 = VECTOR ( 'NONE', #2692, 1000.000000000000000 ) ;
#2105 = CARTESIAN_POINT ( 'NONE',  ( -11.85194766073404971, 10.22158341143193638, 13.77535928385321640 ) ) ;
#2106 = CARTESIAN_POINT ( 'NONE',  ( -12.99513399242809975, 8.809977492726794424, -14.59920167780163780 ) ) ;
#2107 = CARTESIAN_POINT ( 'NONE',  ( -18.34517617017214519, -7.926252775126640060, -8.305604209872376131 ) ) ;
#2108 = CARTESIAN_POINT ( 'NONE',  ( -4.999999999247560112, 15.74999999794276739, -1.468985952431076214 ) ) ;
#2109 = CARTESIAN_POINT ( 'NONE',  ( -5.869569226701353948, 11.13614319682621101, -29.41079263652650155 ) ) ;
#2110 = CARTESIAN_POINT ( 'NONE',  ( -20.00000000000001066, 1.173336053456726980, 9.933494670614491540 ) ) ;
#2111 = CARTESIAN_POINT ( 'NONE',  ( -9.312634179957932190, -11.45726998975953315, 17.79327401017889443 ) ) ;
#2112 = CARTESIAN_POINT ( 'NONE',  ( -4.641750217468448625, 15.89329991301263334, 17.28320659850652774 ) ) ;
#2113 = ORIENTED_EDGE ( 'NONE', *, *, #1414, .T. ) ;
#2114 = DIRECTION ( 'NONE',  ( 1.000000000000000000, 0.0000000000000000000, 0.0000000000000000000 ) ) ;
#2115 = CARTESIAN_POINT ( 'NONE',  ( -16.15347640628272785, 7.641812303528892514, 9.925244773351696637 ) ) ;
#2116 = CARTESIAN_POINT ( 'NONE',  ( -4.162990860678196903, 8.675518849731348681, -32.52751446626484011 ) ) ;
#2117 = CARTESIAN_POINT ( 'NONE',  ( 0.02782555748663697107, 16.68409726156775719, 12.17243744592832044 ) ) ;
#2118 = CARTESIAN_POINT ( 'NONE',  ( -20.00000000000002842, 8.916365951221015607, 4.582454133488973014 ) ) ;
#2119 = CARTESIAN_POINT ( 'NONE',  ( -19.10343531069857193, -1.919525472256158993, 9.357863458605727658 ) ) ;
#2120 = CARTESIAN_POINT ( 'NONE',  ( -4.628691245463444126, -5.954849556428697177, -33.59957343076565195 ) ) ;
#2121 = CARTESIAN_POINT ( 'NONE',  ( -5.573930971089198216, 15.30555747447714410, 20.95115042507530490 ) ) ;
#2122 = ORIENTED_EDGE ( 'NONE', *, *, #7955, .T. ) ;
#2123 = CARTESIAN_POINT ( 'NONE',  ( -5.049999999999999822, 15.73000000000001464, -22.11486045647532706 ) ) ;
#2124 = CARTESIAN_POINT ( 'NONE',  ( -18.22082064774217258, 8.644182398924758814, 4.745633901836696644 ) ) ;
#2125 = CARTESIAN_POINT ( 'NONE',  ( -18.47656896064882304, -2.124123291892840992, -10.36250615564635957 ) ) ;
#2126 = LINE ( 'NONE', #7092, #2444 ) ;
#2127 = CARTESIAN_POINT ( 'NONE',  ( -4.850000000000000533, -15.84563114022062891, -20.12143636102235078 ) ) ;
#2128 = CARTESIAN_POINT ( 'NONE',  ( -5.009933486154806381, -15.74602660553842526, 18.58636764296398880 ) ) ;
#2129 = LINE ( 'NONE', #4152, #4375 ) ;
#2130 = CARTESIAN_POINT ( 'NONE',  ( -14.47504821495705407, -10.09477989514297036, -7.108636418792486644 ) ) ;
#2131 = VECTOR ( 'NONE', #2406, 1000.000000000000000 ) ;
#2132 = CARTESIAN_POINT ( 'NONE',  ( -3.076464363268370139, -15.44238129326575582, 7.027776420136355284 ) ) ;
#2133 = B_SPLINE_CURVE_WITH_KNOTS ( 'NONE', 3,
 ( #1020, #6702, #8011, #2241, #5042, #6872, #1103, #1825, #564, #6329, #5619, #609, #3130, #5131, #2583, #6956, #7671, #5705, #8174, #5088, #5791, #3172, #7039, #2455, #1145, #4998, #6370, #7583, #5747, #6285, #7540, #4400, #2411, #3728, #2497, #520, #8260, #4491, #37, #1190, #6414, #4352, #8300, #2541, #1235, #3038, #3082, #3769, #481, #1911, #7627, #1279, #1867, #6913, #3815, #1744, #5660, #4445 ),
 .UNSPECIFIED., .F., .F.,
 ( 4, 2, 2, 2, 2, 2, 2, 2, 2, 2, 2, 2, 2, 2, 2, 2, 2, 2, 2, 2, 2, 2, 2, 2, 2, 2, 2, 2, 4 ),
 ( -8.481406126374829745E-05, 0.01539323311166108932, 0.01587692208581498524, 0.01636061105996887768, 0.01732798900827666952, 0.01926274490489224972, 0.02313225669812339971, 0.02506701259473897991, 0.02700176849135455664, 0.02893652438797012644, 0.03087128028458569276, 0.03280603618120127296, 0.03377341412950905092, 0.03474079207781683581, 0.03861030387104798234, 0.03957768181935576723, 0.04054505976766355907, 0.04247981566427912886, 0.04344719361258691376, 0.04441457156089470559, 0.04634932745751027539, 0.04828408335412585212, 0.04925146130243362314, 0.05021883925074140109, 0.05215359514735695007, 0.05408835104397249904, 0.05795786283720360393, 0.05989261873381915985, 0.06182737463043470882 ),
 .UNSPECIFIED. ) ;
#2134 = CARTESIAN_POINT ( 'NONE',  ( -17.96985238920771266, -6.165665414787844689, -8.818329898866053895 ) ) ;
#2135 = CARTESIAN_POINT ( 'NONE',  ( -5.868638506158085910, 4.529402349350019286, 33.59752060769109505 ) ) ;
#2136 = CARTESIAN_POINT ( 'NONE',  ( -2.683400376901623869E-15, 3.644898771381520852, 36.27599088264594229 ) ) ;
#2137 = CARTESIAN_POINT ( 'NONE',  ( -15.35572977017925567, 1.574409914229283558, 15.85315805124055544 ) ) ;
#2138 = EDGE_CURVE ( 'NONE', #6801, #5883, #6667, .T. ) ;
#2139 = CARTESIAN_POINT ( 'NONE',  ( -18.62534731579520653, -10.39842837608305892, -1.863375658180639771 ) ) ;
#2140 = CARTESIAN_POINT ( 'NONE',  ( -3.461967493505369031, -6.728958255368107544, 34.92761650290131570 ) ) ;
#2141 = CARTESIAN_POINT ( 'NONE',  ( -6.967129024685305261, -13.43893352419102705, 15.48281761537941925 ) ) ;
#2142 = ORIENTED_EDGE ( 'NONE', *, *, #2328, .T. ) ;
#2143 = CARTESIAN_POINT ( 'NONE',  ( 0.0000000000000000000, 17.99999999999999645, -36.50000000000000711 ) ) ;
#2144 = CARTESIAN_POINT ( 'NONE',  ( -4.628829283222989588, 7.454389346098716729, 32.81009875159997335 ) ) ;
#2145 = CARTESIAN_POINT ( 'NONE',  ( -16.14724440267661620, 7.572631620264539620, 10.05925029920744507 ) ) ;
#2146 = CARTESIAN_POINT ( 'NONE',  ( -18.60772529213803850, 6.062788663739885564, -7.964378891825137252 ) ) ;
#2147 = CARTESIAN_POINT ( 'NONE',  ( -4.530410739936797881, 15.93783570402528760, -19.97105493238784035 ) ) ;
#2148 = CARTESIAN_POINT ( 'NONE',  ( -5.033753997400732594, 15.73706133305637778, -1.468780195428513791 ) ) ;
#2149 = CARTESIAN_POINT ( 'NONE',  ( 5.000000000000000000, -17.75000000000000711, 20.00000000000000000 ) ) ;
#2150 = CARTESIAN_POINT ( 'NONE',  ( -5.000000000000000000, -15.75000000000001066, 14.49500089890032051 ) ) ;
#2151 = CARTESIAN_POINT ( 'NONE',  ( -17.98138582971870392, -6.287771186153802816, 8.674469709387578220 ) ) ;
#2152 = CARTESIAN_POINT ( 'NONE',  ( 0.0000000000000000000, 17.99999999999999645, -38.50000000000000711 ) ) ;
#2153 = CARTESIAN_POINT ( 'NONE',  ( -9.393988882283274222, -11.75843401996582571, -15.91653822541812247 ) ) ;
#2154 = CARTESIAN_POINT ( 'NONE',  ( -11.85878979888830820, 10.27999327375559879, 13.49103284647349987 ) ) ;
#2155 = CARTESIAN_POINT ( 'NONE',  ( -4.146574080058051059, 5.879027040017136940, -34.08932512783876945 ) ) ;
#2156 = CARTESIAN_POINT ( 'NONE',  ( -3.076464363268385238, 15.44238129326575759, 17.61488372724010176 ) ) ;
#2157 = CARTESIAN_POINT ( 'NONE',  ( -18.30531956853040043, 7.448926399998849313, -8.999053776308373997 ) ) ;
#2158 = CARTESIAN_POINT ( 'NONE',  ( -16.61170857197579664, -2.849249702582050681, 13.32870092330124834 ) ) ;
#2159 = CARTESIAN_POINT ( 'NONE',  ( -3.076471615970131523, 1.554829700782001334, -35.38931357810743350 ) ) ;
#2160 = DIRECTION ( 'NONE',  ( 0.0000000000000000000, 0.0000000000000000000, -1.000000000000000000 ) ) ;
#2161 = VERTEX_POINT ( 'NONE', #1667 ) ;
#2162 = CARTESIAN_POINT ( 'NONE',  ( 0.0000000000000000000, 16.87193170087701333, 26.83855367616392584 ) ) ;
#2163 = CARTESIAN_POINT ( 'NONE',  ( -15.82329063165617278, 10.29887121927055382, 3.020395149373450217 ) ) ;
#2164 = CARTESIAN_POINT ( 'NONE',  ( -4.178267754276310697, -10.24557669630047663, -31.24846695535591934 ) ) ;
#2165 = CARTESIAN_POINT ( 'NONE',  ( -4.850000000000014744, 15.21612629098823888, -25.78416917158835986 ) ) ;
#2166 = CARTESIAN_POINT ( 'NONE',  ( -4.626563300624221498, -14.82234171832342184, -5.055283729433098117 ) ) ;
#2167 = CARTESIAN_POINT ( 'NONE',  ( -5.000000000000000888, 15.75000000000000711, -4.407281562876706360 ) ) ;
#2168 = CARTESIAN_POINT ( 'NONE',  ( -20.01000000000003709, -25.25000000000000355, -24.25000000000000000 ) ) ;
#2169 = CARTESIAN_POINT ( 'NONE',  ( -16.94950487918680793, -8.936614741261982076, -6.003384028447785070 ) ) ;
#2170 = ORIENTED_EDGE ( 'NONE', *, *, #1113, .F. ) ;
#2171 = AXIS2_PLACEMENT_3D ( 'NONE', #5949, #5247, #7791 ) ;
#2172 = CARTESIAN_POINT ( 'NONE',  ( -3.076464363268370139, -15.44238129326576114, 18.56359130310067940 ) ) ;
#2173 = CARTESIAN_POINT ( 'NONE',  ( -14.29183099063678419, -8.597438908723098905, -11.93158073467570901 ) ) ;
#2174 = CARTESIAN_POINT ( 'NONE',  ( -5.042102767730689550, 15.73315889290737424, 19.95899478102369784 ) ) ;
#2175 = CARTESIAN_POINT ( 'NONE',  ( -8.987673073807173048E-31, -16.67296703857309836, 19.61793890588056755 ) ) ;
#2176 = CARTESIAN_POINT ( 'NONE',  ( -16.60080160112339698, 0.9539543529156967461, 13.79282460363095453 ) ) ;
#2177 = CARTESIAN_POINT ( 'NONE',  ( -18.59822237523523114, -10.19704098452398711, -2.991699939257144614 ) ) ;
#2178 = LINE ( 'NONE', #875, #4125 ) ;
#2179 = CARTESIAN_POINT ( 'NONE',  ( -18.12959490645934579, -7.864053695787474041, 6.383486648545828146 ) ) ;
#2180 = VERTEX_POINT ( 'NONE', #7344 ) ;
#2181 = CARTESIAN_POINT ( 'NONE',  ( -6.932889029432526051, -13.33176211446243364, -17.94330371524731049 ) ) ;
#2182 = CARTESIAN_POINT ( 'NONE',  ( 3.000000000000000000, 21.99999999999999645, 38.49999999999999289 ) ) ;
#2183 = CARTESIAN_POINT ( 'NONE',  ( -3.076464363268378577, 15.44238129326575582, -3.149196269521903790 ) ) ;
#2184 = CARTESIAN_POINT ( 'NONE',  ( -18.13993851383431632, 1.696371028979293705, 13.03389023987093509 ) ) ;
#2185 = CARTESIAN_POINT ( 'NONE',  ( -16.14621543512561530, 7.563587519579518137, -10.07708885261145504 ) ) ;
#2186 = CARTESIAN_POINT ( 'NONE',  ( -5.849563815164764868, 12.70104110443556067, -27.49908934270166938 ) ) ;
#2187 = CARTESIAN_POINT ( 'NONE',  ( -4.493670145804034455, 15.95253194167845301, -20.26559562949319826 ) ) ;
#2188 = DIRECTION ( 'NONE',  ( -1.000000000000000000, -0.0000000000000000000, -0.0000000000000000000 ) ) ;
#2189 = CARTESIAN_POINT ( 'NONE',  ( -5.268440033109806464, 15.60505093599721782, 14.72995929349560207 ) ) ;
#2190 = CARTESIAN_POINT ( 'NONE',  ( -4.427094083705388705, -14.91391974581280522, 20.82194539761778174 ) ) ;
#2191 = CARTESIAN_POINT ( 'NONE',  ( -11.85685833204358275, -10.24990681342560706, -13.63182771479420374 ) ) ;
#2192 = CARTESIAN_POINT ( 'NONE',  ( 0.0000000000000000000, 17.75000000000001066, 19.99999999999999289 ) ) ;
#2193 = CARTESIAN_POINT ( 'NONE',  ( -4.460581886768103743, -14.90790406601486673, -20.04134894629053321 ) ) ;
#2194 = CARTESIAN_POINT ( 'NONE',  ( -4.466278454541891207, 14.90433971837753724, 19.65165124181411471 ) ) ;
#2195 = CARTESIAN_POINT ( 'NONE',  ( -16.00575343003789897, 4.539073866903415855, -13.55173802719042797 ) ) ;
#2196 = CARTESIAN_POINT ( 'NONE',  ( 5.000000000000000000, 17.75000000000001066, 19.99999999999999289 ) ) ;
#2197 = CARTESIAN_POINT ( 'NONE',  ( -18.29165499828630459, 7.275131493332036570, -9.240658676121551451 ) ) ;
#2198 = CARTESIAN_POINT ( 'NONE',  ( -19.11087163206933681, -2.422827770248860979, 9.222177781979477018 ) ) ;
#2199 = CARTESIAN_POINT ( 'NONE',  ( -1.524226539415871606, 6.978922976432231806, -34.49790611593788725 ) ) ;
#2200 = CARTESIAN_POINT ( 'NONE',  ( -5.865651671864478445, 0.4604137676790132638, 34.26462575896294283 ) ) ;
#2201 = ORIENTED_EDGE ( 'NONE', *, *, #3118, .T. ) ;
#2202 = DIRECTION ( 'NONE',  ( 1.000000000000000000, 0.0000000000000000000, 0.0000000000000000000 ) ) ;
#2203 = CARTESIAN_POINT ( 'NONE',  ( -13.31790412358090592, 11.19677571564181484, 4.539220977817995717 ) ) ;
#2204 = CARTESIAN_POINT ( 'NONE',  ( -18.46634119907859883, -0.4211936982938855878, -10.64047316392938569 ) ) ;
#2205 = CARTESIAN_POINT ( 'NONE',  ( -4.849999999999996980, 15.83029285988829926, -14.57518039206973448 ) ) ;
#2206 = DIRECTION ( 'NONE',  ( 0.0000000000000000000, 0.0000000000000000000, 1.000000000000000000 ) ) ;
#2207 = CARTESIAN_POINT ( 'NONE',  ( -4.551828447899498364, -15.92926862084021167, 19.81754027325348488 ) ) ;
#2208 = CARTESIAN_POINT ( 'NONE',  ( -19.00000000000002842, 1.200849385227436228, -13.62377014152821175 ) ) ;
#2209 = CARTESIAN_POINT ( 'NONE',  ( -4.582307061359226275, -14.84141174946533503, -9.753396011937402577 ) ) ;
#2210 = CARTESIAN_POINT ( 'NONE',  ( -3.076464363268367030, -15.44238129326574338, -18.80845935895036547 ) ) ;
#2211 = CARTESIAN_POINT ( 'NONE',  ( -17.36052092509758538, -6.644305192535276738, -9.263786509986308815 ) ) ;
#2212 = CARTESIAN_POINT ( 'NONE',  ( -20.00000000000001776, 4.343414528671169172, 12.62512518095544856 ) ) ;
#2213 = CARTESIAN_POINT ( 'NONE',  ( -1.626303258728251129E-15, 14.00483097271802002, 29.05864744377495867 ) ) ;
#2214 = CARTESIAN_POINT ( 'NONE',  ( -6.642853975887385687, 5.907272877396320787, 29.63265468068944131 ) ) ;
#2215 = CARTESIAN_POINT ( 'NONE',  ( -18.63165459052497397, -10.44462686621219483, -1.486743236817179570 ) ) ;
#2216 = CARTESIAN_POINT ( 'NONE',  ( 9.757819552369638514E-16, 3.538405502460765462, -36.29956612346110489 ) ) ;
#2217 = CARTESIAN_POINT ( 'NONE',  ( -12.01551761380876471, -11.36545984157302236, 7.592308550733219974 ) ) ;
#2218 = LINE ( 'NONE', #2893, #3215 ) ;
#2219 = EDGE_CURVE ( 'NONE', #4286, #1354, #4796, .T. ) ;
#2220 = CARTESIAN_POINT ( 'NONE',  ( -4.628609323659595987, 14.82152330910928306, 21.75317638053212477 ) ) ;
#2221 = CARTESIAN_POINT ( 'NONE',  ( -3.076464363268382129, 15.44238129326575759, -17.60829020062460160 ) ) ;
#2222 = CARTESIAN_POINT ( 'NONE',  ( -4.530410739938022679, -15.93783570402480798, 19.97105493238250062 ) ) ;
#2223 = CARTESIAN_POINT ( 'NONE',  ( -18.61298691269267991, 6.131068271149887394, -7.892067403310531581 ) ) ;
#2224 = CARTESIAN_POINT ( 'NONE',  ( -3.876896245876301883, 14.59336958414756680, -27.11532651503856073 ) ) ;
#2225 = CARTESIAN_POINT ( 'NONE',  ( -5.033753997221926291, 15.73706133312492028, 1.468780195422861423 ) ) ;
#2226 = CARTESIAN_POINT ( 'NONE',  ( -5.498087934281801203, -15.41930467552387363, -20.11849793634057448 ) ) ;
#2227 = CARTESIAN_POINT ( 'NONE',  ( -5.000000000000000000, -15.74999999999998579, -19.99999999256572991 ) ) ;
#2228 = CARTESIAN_POINT ( 'NONE',  ( -17.36422516622709722, -6.658410893975426070, 9.241754104268196102 ) ) ;
#2229 = CARTESIAN_POINT ( 'NONE',  ( -9.401535644999327701, -11.79020066273788281, -15.61667340937586346 ) ) ;
#2230 = CARTESIAN_POINT ( 'NONE',  ( 3.000000000000000000, 22.00000000000000000, -36.50000000000000711 ) ) ;
#2231 = VERTEX_POINT ( 'NONE', #904 ) ;
#2232 = CARTESIAN_POINT ( 'NONE',  ( -14.30363694555866516, -8.675722305865820161, -11.70589216224466256 ) ) ;
#2233 = CARTESIAN_POINT ( 'NONE',  ( -16.14983150778428111, 7.601511233779158161, 10.00348443877224547 ) ) ;
#2234 = CARTESIAN_POINT ( 'NONE',  ( -16.64000989319687562, 4.824238715942536615, -12.23659247080195200 ) ) ;
#2235 = CARTESIAN_POINT ( 'NONE',  ( 0.02782555748663794251, 16.68409726156776429, 19.84489041207080362 ) ) ;
#2236 = CARTESIAN_POINT ( 'NONE',  ( -18.64205424305415093, 10.52055134610674969, 0.3895476092820294722 ) ) ;
#2237 = CARTESIAN_POINT ( 'NONE',  ( -17.87937066827335997, -3.831474911084487900, 10.70754638630947397 ) ) ;
#2238 = CARTESIAN_POINT ( 'NONE',  ( -3.076510641954777636, 7.440307030043778802, -33.53130226132018521 ) ) ;
#2239 = CARTESIAN_POINT ( 'NONE',  ( -5.647066029791054653, 15.12483457525203789, 21.89366933176853891 ) ) ;
#2240 = VECTOR ( 'NONE', #2931, 1000.000000000000000 ) ;
#2241 = CARTESIAN_POINT ( 'NONE',  ( -4.540827153039866282, -14.85663617735716713, 20.04627393758721254 ) ) ;
#2242 = ADVANCED_FACE ( 'NONE', ( #1622 ), #5388, .F. ) ;
#2243 = CARTESIAN_POINT ( 'NONE',  ( -7.023163043471708278, 13.59501374838984056, 11.76802060605379729 ) ) ;
#2244 = CARTESIAN_POINT ( 'NONE',  ( -12.85896151062970105, -0.8750547904212229167, -20.25114965126339683 ) ) ;
#2245 = CARTESIAN_POINT ( 'NONE',  ( -12.03925244292741858, 11.51164048752662872, -6.475569443986936236 ) ) ;
#2246 = CARTESIAN_POINT ( 'NONE',  ( -4.999999999999993783, 6.920731814421074546, -34.22217500603711215 ) ) ;
#2247 = PLANE ( 'NONE',  #7392 ) ;
#2248 = B_SPLINE_CURVE_WITH_KNOTS ( 'NONE', 3,
 ( #7338, #402, #7380, #2329, #318, #1573 ),
 .UNSPECIFIED., .F., .F.,
 ( 4, 2, 4 ),
 ( -8.458842819762285071E-05, 0.004322843845052532115, 0.008730276118302687446 ),
 .UNSPECIFIED. ) ;
#2249 = FACE_OUTER_BOUND ( 'NONE', #1037, .T. ) ;
#2250 = DIRECTION ( 'NONE',  ( 1.000000000000000000, 0.0000000000000000000, 0.0000000000000000000 ) ) ;
#2251 = CARTESIAN_POINT ( 'NONE',  ( -18.88032886941097743, -8.657590126723889057, -3.848504462251351121 ) ) ;
#2252 = VERTEX_POINT ( 'NONE', #6755 ) ;
#2253 = CARTESIAN_POINT ( 'NONE',  ( -4.628609323645895834, -14.82152330911473292, -19.41663985443811313 ) ) ;
#2254 = CARTESIAN_POINT ( 'NONE',  ( -11.75799654962720986, -9.614824388835515379, -15.92192916341144482 ) ) ;
#2255 = CARTESIAN_POINT ( 'NONE',  ( -20.00000000000002842, 8.037621227333621832, 9.419013566653386960 ) ) ;
#2256 = CARTESIAN_POINT ( 'NONE',  ( -6.505213034913026604E-16, -16.67116836545092440, 20.34265068526296005 ) ) ;
#2257 = CARTESIAN_POINT ( 'NONE',  ( -6.632358632567201262, 3.259272193265907447, 30.60000191185127605 ) ) ;
#2258 = CARTESIAN_POINT ( 'NONE',  ( -20.00000000000002842, -7.820294652728982499, 9.689043251311353799 ) ) ;
#2259 = CARTESIAN_POINT ( 'NONE',  ( 1.203706215242048507E-30, 12.79961556766451558, -30.69520627708751803 ) ) ;
#2260 = CARTESIAN_POINT ( 'NONE',  ( -13.25439933228190448, -10.78970659284565592, 7.101289589003411784 ) ) ;
#2261 = VERTEX_POINT ( 'NONE', #3486 ) ;
#2262 = MECHANICAL_DESIGN_GEOMETRIC_PRESENTATION_REPRESENTATION (  '', ( #1335 ), #5904 ) ;
#2263 = CARTESIAN_POINT ( 'NONE',  ( 3.000000000000000000, 19.99999999999999645, 36.49999999999999289 ) ) ;
#2264 = CARTESIAN_POINT ( 'NONE',  ( -4.628701811554557288, 4.370832677378659881, 34.18767806196569836 ) ) ;
#2265 = CARTESIAN_POINT ( 'NONE',  ( -1.524319402890896846, 16.06323927741674495, 10.33162747544439419 ) ) ;
#2266 = CIRCLE ( 'NONE', #7778, 3.999999999999996447 ) ;
#2267 = CARTESIAN_POINT ( 'NONE',  ( -5.501246042394154934, -15.41456378917858494, 20.16221695823918836 ) ) ;
#2268 = CARTESIAN_POINT ( 'NONE',  ( -6.930505466592738806, 13.33120200955210599, -17.98345944042599598 ) ) ;
#2269 = CARTESIAN_POINT ( 'NONE',  ( -5.869425574298596793, 4.996181086186617826, -33.41961727356638789 ) ) ;
#2270 = CARTESIAN_POINT ( 'NONE',  ( -4.462418118984300186, 14.90678844813202453, 19.99999999256544569 ) ) ;
#2271 = CARTESIAN_POINT ( 'NONE',  ( -5.868613208202854814, -3.787001504824211828, -33.81041904813096721 ) ) ;
#2272 = CARTESIAN_POINT ( 'NONE',  ( -5.009933486155468962, 15.74602660554152500, 18.58636764343982151 ) ) ;
#2273 = CARTESIAN_POINT ( 'NONE',  ( -14.28714833659142158, -8.551430570425978317, 12.05799327852605352 ) ) ;
#2274 = CARTESIAN_POINT ( 'NONE',  ( -16.77047289214599246, -7.276268866166513583, -9.395897833266221966 ) ) ;
#2275 = ORIENTED_EDGE ( 'NONE', *, *, #1971, .T. ) ;
#2276 = CARTESIAN_POINT ( 'NONE',  ( -11.84764625272415550, -10.20589073104044786, -13.85931517651897948 ) ) ;
#2277 = CARTESIAN_POINT ( 'NONE',  ( -4.464024898720083456, 14.90576612485561547, 19.85455986848187848 ) ) ;
#2278 = CARTESIAN_POINT ( 'NONE',  ( -19.13508306763870337, 3.666039357211229976, -8.758984355105287278 ) ) ;
#2279 = DIRECTION ( 'NONE',  ( -0.0000000000000000000, -1.734723475976807587E-16, 1.000000000000000000 ) ) ;
#2280 = ADVANCED_FACE ( 'NONE', ( #6837 ), #7173, .T. ) ;
#2281 = CARTESIAN_POINT ( 'NONE',  ( -20.00000000000002132, 9.860896350395888632, -1.828331128467664435 ) ) ;
#2282 = B_SPLINE_CURVE_WITH_KNOTS ( 'NONE', 3,
 ( #6734, #226, #6114, #6074, #3015, #7834, #2112, #348, #4733, #309, #2782, #4694, #7244 ),
 .UNSPECIFIED., .F., .F.,
 ( 4, 2, 2, 2, 1, 2, 4 ),
 ( -8.575211445835079856E-05, 0.007643456867989998314, 0.01150806135921417402, 0.01344036360482626577, 0.01440651472763230904, 0.01488959028903533328, 0.01537266585043835752 ),
 .UNSPECIFIED. ) ;
#2283 = CARTESIAN_POINT ( 'NONE',  ( -14.15122604501720893, -5.911865706626011630, 15.90339416935375461 ) ) ;
#2284 = CARTESIAN_POINT ( 'NONE',  ( -3.076532480216008114, 3.306827472267356072, -35.10952067455549042 ) ) ;
#2285 = CYLINDRICAL_SURFACE ( 'NONE', #3386, 2.000000000000008882 ) ;
#2286 = EDGE_CURVE ( 'NONE', #8145, #5628, #1750, .T. ) ;
#2287 = CARTESIAN_POINT ( 'NONE',  ( 5.000000000000000000, 2.733323094352584069E-15, 19.99999999999999645 ) ) ;
#2288 = CARTESIAN_POINT ( 'NONE',  ( -18.10580346118553408, 7.673026476631520154, 6.719774609521692810 ) ) ;
#2289 = CARTESIAN_POINT ( 'NONE',  ( -15.97638358535701641, -1.456610105315955250, -14.80364778888336552 ) ) ;
#2290 = CARTESIAN_POINT ( 'NONE',  ( -16.37948731498648769, 9.595553507132356330, -5.012947395701196740 ) ) ;
#2291 = CARTESIAN_POINT ( 'NONE',  ( -5.000000000000005329, 15.75000000000001776, -2.245165858782982582E-12 ) ) ;
#2292 = CARTESIAN_POINT ( 'NONE',  ( -4.606427723266278917, -14.83039594926659177, -9.583667892361773966 ) ) ;
#2293 = CARTESIAN_POINT ( 'NONE',  ( -5.038191035400251039, 15.73472358583983066, -6.984417728383725432 ) ) ;
#2294 = DIRECTION ( 'NONE',  ( -1.000000000000000000, 0.0000000000000000000, -0.0000000000000000000 ) ) ;
#2295 = CARTESIAN_POINT ( 'NONE',  ( -16.25628074007764212, -8.614072452474612618, -7.842099094425156736 ) ) ;
#2296 = AXIS2_PLACEMENT_3D ( 'NONE', #4104, #899, #1702 ) ;
#2297 = CARTESIAN_POINT ( 'NONE',  ( 0.02782555748655407904, -16.68409726156771811, -19.38018422768855942 ) ) ;
#2298 = CARTESIAN_POINT ( 'NONE',  ( -19.20529073665576192, -5.321747628996704726, -7.736593012540597059 ) ) ;
#2299 = CARTESIAN_POINT ( 'NONE',  ( -5.502161547930803032, 15.41353390795557488, 20.17079999187349415 ) ) ;
#2300 = CARTESIAN_POINT ( 'NONE',  ( 8.131516293641894622E-17, 1.288212512812082267, 36.65156026814804591 ) ) ;
#2301 = CARTESIAN_POINT ( 'NONE',  ( -19.09249825321521854, -0.3927466743277347461, 9.566465417629839152 ) ) ;
#2302 = CARTESIAN_POINT ( 'NONE',  ( -19.99999999999863221, -9.578669352105009693, 2.917061040093266389 ) ) ;
#2303 = CARTESIAN_POINT ( 'NONE',  ( 3.000000000000000000, 25.24999999999999645, 41.24999999999995737 ) ) ;
#2304 = CARTESIAN_POINT ( 'NONE',  ( -7.035639534527930117, -13.62556199438339100, 10.98134207726918632 ) ) ;
#2305 = CIRCLE ( 'NONE', #6479, 22.24999999999999645 ) ;
#2306 = CARTESIAN_POINT ( 'NONE',  ( -20.01000000000003709, 2.969768487932331681E-15, -24.25000000000000000 ) ) ;
#2307 = CARTESIAN_POINT ( 'NONE',  ( -3.076445220123025681, 6.252252667515315387, 34.14848714625684778 ) ) ;
#2308 = CARTESIAN_POINT ( 'NONE',  ( -4.628609323645894946, 14.82152330911474536, -18.59129305273312482 ) ) ;
#2309 = CARTESIAN_POINT ( 'NONE',  ( -5.049918374252647446, -15.32890534981295794, 23.56710845529631371 ) ) ;
#2310 = CARTESIAN_POINT ( 'NONE',  ( -17.98703974448353904, 6.394240899132307199, -8.548755179031100937 ) ) ;
#2311 = CARTESIAN_POINT ( 'NONE',  ( -5.050765132310290895, 15.60728780874998556, -22.02724863201751759 ) ) ;
#2312 = CARTESIAN_POINT ( 'NONE',  ( -9.332298086283769223, 11.64851353092945985, 17.17362208682557423 ) ) ;
#2313 = CARTESIAN_POINT ( 'NONE',  ( -18.13779997938045341, 1.134016551443251863, -13.12163022400324230 ) ) ;
#2314 = CARTESIAN_POINT ( 'NONE',  ( -4.564344755644083484, 15.92426209774238188, 19.65707425359463301 ) ) ;
#2315 = CARTESIAN_POINT ( 'NONE',  ( -19.23375183610597716, -5.711305519703651967, 7.408555669180426406 ) ) ;
#2316 = CARTESIAN_POINT ( 'NONE',  ( -11.86201807645636208, -10.29359326196275326, -13.41885557109079308 ) ) ;
#2317 = AXIS2_PLACEMENT_3D ( 'NONE', #8039, #5529, #1044 ) ;
#2318 = ORIENTED_EDGE ( 'NONE', *, *, #5964, .T. ) ;
#2319 = CARTESIAN_POINT ( 'NONE',  ( -18.61121954781806664, -6.108305570492210457, -7.916280272319125011 ) ) ;
#2320 = CARTESIAN_POINT ( 'NONE',  ( -4.464346598923498277, 14.90556206035306808, 19.82553098492991950 ) ) ;
#2321 = CARTESIAN_POINT ( 'NONE',  ( -12.89107059224721930, 5.776674031984693869, -18.36644364985687972 ) ) ;
#2322 = CARTESIAN_POINT ( 'NONE',  ( -1.524319402890894848, 16.06323927741675206, 19.81764213780453332 ) ) ;
#2323 = CARTESIAN_POINT ( 'NONE',  ( -20.00000000000002487, 10.86989650973663935, -4.025899682468995877 ) ) ;
#2324 = CARTESIAN_POINT ( 'NONE',  ( -4.162990860678185356, -8.675518849732142712, 32.52751446626438536 ) ) ;
#2325 = CARTESIAN_POINT ( 'NONE',  ( -1.524306876594688775, 9.414402066042303119, -33.14530647426516907 ) ) ;
#2326 = DIRECTION ( 'NONE',  ( 0.0000000000000000000, 0.0000000000000000000, 1.000000000000000000 ) ) ;
#2327 = VECTOR ( 'NONE', #4962, 1000.000000000000000 ) ;
#2328 = EDGE_CURVE ( 'NONE', #4444, #5171, #6337, .T. ) ;
#2329 = CARTESIAN_POINT ( 'NONE',  ( -5.033753997313477946, -15.73706133308979815, 1.469191742031885628 ) ) ;
#2330 = CARTESIAN_POINT ( 'NONE',  ( -14.35378518823602789, 9.147583215270564949, 10.31712388767928523 ) ) ;
#2331 = CARTESIAN_POINT ( 'NONE',  ( -11.62132077339847136, -3.553752033359351081, -21.78147686511215397 ) ) ;
#2332 = CARTESIAN_POINT ( 'NONE',  ( -13.30672285529584720, 11.13038557044430021, -5.026571505218899283 ) ) ;
#2333 = CARTESIAN_POINT ( 'NONE',  ( -20.00000000000001776, -1.694183542896624983, -9.861515702345736045 ) ) ;
#2334 = CIRCLE ( 'NONE', #3828, 17.75000000000000355 ) ;
#2335 = CARTESIAN_POINT ( 'NONE',  ( -20.00000000000000355, 9.803586301204731512, 2.410269670471037351 ) ) ;
#2336 = CARTESIAN_POINT ( 'NONE',  ( -5.005237627833839298, 15.74790494886136116, -14.72016524990975483 ) ) ;
#2337 = CARTESIAN_POINT ( 'NONE',  ( -4.999999999999999112, -15.75000000000000355, -4.407281562878356596 ) ) ;
#2338 = CARTESIAN_POINT ( 'NONE',  ( -18.04165988056151448, -6.998921339890287641, -7.752447480352602227 ) ) ;
#2339 = ORIENTED_EDGE ( 'NONE', *, *, #1403, .T. ) ;
#2340 = EDGE_LOOP ( 'NONE', ( #2530, #3037, #5261, #4278, #7379, #8009, #2378 ) ) ;
#2341 = CARTESIAN_POINT ( 'NONE',  ( -1.524319402891596065, -16.06323927741646074, -10.33162747544443327 ) ) ;
#2342 = CARTESIAN_POINT ( 'NONE',  ( -19.19859515040981890, -5.205357214615355943, -7.825834248207439003 ) ) ;
#2343 = CARTESIAN_POINT ( 'NONE',  ( -5.047344483572690166, 15.72576381481571417, 20.44134136936393631 ) ) ;
#2344 = CARTESIAN_POINT ( 'NONE',  ( -4.378237987776039120, -12.04859214776908516, -28.80796243897809106 ) ) ;
#2345 = CARTESIAN_POINT ( 'NONE',  ( -18.64426528141713746, -10.53680850942988201, -0.3551062265725357103 ) ) ;
#2346 = CARTESIAN_POINT ( 'NONE',  ( 1.179069862577987650E-15, 16.67296703857311968, -18.86587223818112946 ) ) ;
#2347 = CARTESIAN_POINT ( 'NONE',  ( -14.57479631469780124, -10.75681235627543586, 3.712884273940594060 ) ) ;
#2348 = CARTESIAN_POINT ( 'NONE',  ( -1.524312319096355450, 4.812679696807466989, 35.35348049723140917 ) ) ;
#2349 = CARTESIAN_POINT ( 'NONE',  ( 0.02782555748663885151, 16.68409726156775719, -6.888343520884031790 ) ) ;
#2350 = CARTESIAN_POINT ( 'NONE',  ( -5.046309774463813902, -15.73104771600468688, 20.17108603980937431 ) ) ;
#2351 = CARTESIAN_POINT ( 'NONE',  ( -4.463812019717382285, 14.90590139805775571, -19.87380356746881915 ) ) ;
#2352 = CARTESIAN_POINT ( 'NONE',  ( -5.872924699961200368, 7.112938038083073344, -32.49095777760771142 ) ) ;
#2353 = CARTESIAN_POINT ( 'NONE',  ( -15.39911909425464387, 5.551516442680167529, 13.95086115906955726 ) ) ;
#2354 = CARTESIAN_POINT ( 'NONE',  ( -5.868208468575965675, 3.344963006373118386, -33.89459951977367780 ) ) ;
#2355 = FACE_OUTER_BOUND ( 'NONE', #377, .T. ) ;
#2356 = CARTESIAN_POINT ( 'NONE',  ( -6.933691933425758513, -13.33434353760642743, 17.88403913472409101 ) ) ;
#2357 = CARTESIAN_POINT ( 'NONE',  ( -9.404573953765401839, -11.80933069241028122, -15.44493521290871385 ) ) ;
#2358 = ORIENTED_EDGE ( 'NONE', *, *, #1404, .T. ) ;
#2359 = CARTESIAN_POINT ( 'NONE',  ( -14.30151536032836823, -8.662272456539509946, -11.74578466600898885 ) ) ;
#2360 = CARTESIAN_POINT ( 'NONE',  ( -16.76371762356577122, 7.229418393203943971, 9.479874829138758230 ) ) ;
#2361 = CARTESIAN_POINT ( 'NONE',  ( -6.689965241335674051, 10.21606719866579027, -26.23150038915855475 ) ) ;
#2362 = CARTESIAN_POINT ( 'NONE',  ( 0.02782555748663789394, 16.68409726156776429, 19.99999998913774846 ) ) ;
#2363 = CARTESIAN_POINT ( 'NONE',  ( -18.18472542546865967, 5.048724089562931283, -11.52147895904668218 ) ) ;
#2364 = CARTESIAN_POINT ( 'NONE',  ( -9.189403762388925756, -9.271556733010328344, 22.23682609814153111 ) ) ;
#2365 = CARTESIAN_POINT ( 'NONE',  ( 0.02805317731811250020, 15.56335772583136645, -26.01351481195780124 ) ) ;
#2366 = DIRECTION ( 'NONE',  ( -0.9921760120055290733, 0.0000000000000000000, -0.1248469511073629912 ) ) ;
#2367 = CARTESIAN_POINT ( 'NONE',  ( 0.0000000000000000000, 1.008120388923670203E-14, -19.99999999999998934 ) ) ;
#2368 = CARTESIAN_POINT ( 'NONE',  ( -18.14489645948417973, 8.038169663527726883, 6.103762195535036739 ) ) ;
#2369 = CARTESIAN_POINT ( 'NONE',  ( -17.84425916237992737, -0.7891355968844314672, -11.67562131212998189 ) ) ;
#2370 = CARTESIAN_POINT ( 'NONE',  ( -20.00000000000001776, 0.4215073972606426800, 13.73036686822557151 ) ) ;
#2371 = CARTESIAN_POINT ( 'NONE',  ( -7.056985311014147833, 13.67998709207471819, -9.535069199254063932 ) ) ;
#2372 = CIRCLE ( 'NONE', #4546, 2.000000000000001776 ) ;
#2373 = CARTESIAN_POINT ( 'NONE',  ( -4.999999999999999112, 15.75000000000001421, 18.09415738323107803 ) ) ;
#2374 = EDGE_CURVE ( 'NONE', #997, #6863, #8268, .T. ) ;
#2375 = CARTESIAN_POINT ( 'NONE',  ( -5.040425879165917777, 15.73382964833364817, -19.92958787187593117 ) ) ;
#2376 = CARTESIAN_POINT ( 'NONE',  ( -5.017902289002128313, -15.74283908439908508, -19.69313998042711944 ) ) ;
#2377 = CARTESIAN_POINT ( 'NONE',  ( -16.23773736936843903, -8.453706130541691621, -8.224885688028106046 ) ) ;
#2378 = ORIENTED_EDGE ( 'NONE', *, *, #1381, .F. ) ;
#2379 = EDGE_LOOP ( 'NONE', ( #7138, #4988, #6062, #472 ) ) ;
#2380 = CARTESIAN_POINT ( 'NONE',  ( -3.076464363268367475, -15.44238129326574516, -17.13666881404652287 ) ) ;
#2381 = CARTESIAN_POINT ( 'NONE',  ( -19.19233590540297030, -5.088190639791957182, -7.911177285853463914 ) ) ;
#2382 = CARTESIAN_POINT ( 'NONE',  ( -20.00000000000003197, 9.412915204233597066, -7.409189542286985564 ) ) ;
#2383 = CARTESIAN_POINT ( 'NONE',  ( -4.309363184583357764, 1.227852986636302157, -34.91282817671470440 ) ) ;
#2384 = CARTESIAN_POINT ( 'NONE',  ( -18.55949608740969126, -9.900763575866486477, 4.167058742958193562 ) ) ;
#2385 = FACE_OUTER_BOUND ( 'NONE', #4320, .T. ) ;
#2386 = CARTESIAN_POINT ( 'NONE',  ( -16.38188704905112303, -9.594503983781311973, 5.012123122979141421 ) ) ;
#2387 = CARTESIAN_POINT ( 'NONE',  ( -19.00000000000000355, -5.913675711301093152, -7.556202739479848773 ) ) ;
#2388 = CARTESIAN_POINT ( 'NONE',  ( -1.524342307587595480, 2.086791805003360256, 35.95374949513747964 ) ) ;
#2389 = CARTESIAN_POINT ( 'NONE',  ( -15.85502678153814138, 10.50451363964766749, 1.179645005097499810 ) ) ;
#2390 = ADVANCED_FACE ( 'NONE', ( #1833 ), #704, .F. ) ;
#2391 = CARTESIAN_POINT ( 'NONE',  ( -4.999912575561087813, 1.010764753554307838, 35.72619171114189385 ) ) ;
#2392 = CARTESIAN_POINT ( 'NONE',  ( -16.14948836628542139, 7.597689771373434375, -10.01087322507609834 ) ) ;
#2393 = CARTESIAN_POINT ( 'NONE',  ( -4.999912575555637950, -1.010764753918006464, -35.72619171112211944 ) ) ;
#2394 = CARTESIAN_POINT ( 'NONE',  ( -16.67740241520022693, 5.897097249725716139, 11.26545932400917138 ) ) ;
#2395 = CARTESIAN_POINT ( 'NONE',  ( -5.865672687645924199, 0.9774986477281656372, -34.26279093229728545 ) ) ;
#2396 = CYLINDRICAL_SURFACE ( 'NONE', #3043, 17.75000000000000711 ) ;
#2397 = CARTESIAN_POINT ( 'NONE',  ( -13.08362190812633230, -9.468873994849303699, 12.65460251595593633 ) ) ;
#2398 = CARTESIAN_POINT ( 'NONE',  ( -16.76675252148613282, -7.233987075267734213, -9.467485668850560643 ) ) ;
#2399 = VERTEX_POINT ( 'NONE', #2196 ) ;
#2400 = EDGE_CURVE ( 'NONE', #5768, #8145, #1697, .T. ) ;
#2401 = VECTOR ( 'NONE', #1184, 1000.000000000000000 ) ;
#2402 = VERTEX_POINT ( 'NONE', #2827 ) ;
#2403 = CARTESIAN_POINT ( 'NONE',  ( -17.99867975699143585, 6.535975753018647083, 8.371889634065574626 ) ) ;
#2404 = CARTESIAN_POINT ( 'NONE',  ( -12.94909678188369995, 8.042000386866094530, -15.97237539116814986 ) ) ;
#2405 = CARTESIAN_POINT ( 'NONE',  ( -18.62774629547547534, -10.41597529892721852, 1.712103168949278054 ) ) ;
#2406 = DIRECTION ( 'NONE',  ( -1.000000000000000000, -0.0000000000000000000, -0.0000000000000000000 ) ) ;
#2407 = CARTESIAN_POINT ( 'NONE',  ( -18.52140891359320563, -4.266262256674696829, 9.416702681446933454 ) ) ;
#2408 = CIRCLE ( 'NONE', #2938, 3.999999999999996447 ) ;
#2409 = CARTESIAN_POINT ( 'NONE',  ( 0.02782430271971601810, 16.67757065066963307, -20.46397545929850637 ) ) ;
#2410 = DIRECTION ( 'NONE',  ( -1.000000000000000000, -0.0000000000000000000, -0.0000000000000000000 ) ) ;
#2411 = CARTESIAN_POINT ( 'NONE',  ( -4.309864593159580259, 1.560295899717482726, 34.87084999127986151 ) ) ;
#2412 = CARTESIAN_POINT ( 'NONE',  ( -11.96867532361296860, 11.08904771145392409, 9.295219209793911475 ) ) ;
#2413 = CARTESIAN_POINT ( 'NONE',  ( -12.85873515708547465, 0.3200865299964348876, -20.26730047985462946 ) ) ;
#2414 = CARTESIAN_POINT ( 'NONE',  ( 0.0000000000000000000, -17.74999999999999645, -19.99999998908850785 ) ) ;
#2415 = DIRECTION ( 'NONE',  ( 1.000000000000000000, 0.0000000000000000000, 0.0000000000000000000 ) ) ;
#2416 = CARTESIAN_POINT ( 'NONE',  ( -18.23970799432704837, 8.787428691069420594, -4.367474237056480746 ) ) ;
#2417 = CARTESIAN_POINT ( 'NONE',  ( -4.849999999999999645, 15.84037421174403626, -18.20067515677409986 ) ) ;
#2418 = CARTESIAN_POINT ( 'NONE',  ( -5.444453009176488223, 15.46462626782799177, -19.79417908249238067 ) ) ;
#2419 = ORIENTED_EDGE ( 'NONE', *, *, #2018, .F. ) ;
#2420 = CARTESIAN_POINT ( 'NONE',  ( -4.599529384016623368, -15.91018824639333928, -18.57079083282480525 ) ) ;
#2421 = CARTESIAN_POINT ( 'NONE',  ( -19.30940057608859561, -6.658745391010842063, -6.462871233823322292 ) ) ;
#2422 = CIRCLE ( 'NONE', #5655, 3.999999999999996447 ) ;
#2423 = ORIENTED_EDGE ( 'NONE', *, *, #3363, .T. ) ;
#2424 = CARTESIAN_POINT ( 'NONE',  ( -1.524319402891593844, -16.06323927741645363, -19.51381935248271660 ) ) ;
#2425 = CARTESIAN_POINT ( 'NONE',  ( -16.69773897336242996, -6.385076074267437285, -10.72444370378414824 ) ) ;
#2426 = CARTESIAN_POINT ( 'NONE',  ( -20.00000000000003553, 2.010493957657445652, -13.48822881802826323 ) ) ;
#2427 = CARTESIAN_POINT ( 'NONE',  ( -4.350157071884193982, -10.12745198118271794, -30.99342860983205483 ) ) ;
#2428 = CARTESIAN_POINT ( 'NONE',  ( -5.107349127575293579, 15.70459564242215222, -9.494309698791719043 ) ) ;
#2429 = DIRECTION ( 'NONE',  ( -1.000000000000000000, -0.0000000000000000000, -0.0000000000000000000 ) ) ;
#2430 = CARTESIAN_POINT ( 'NONE',  ( -17.62222879303077860, -9.055001321378620460, 4.582468273125730462 ) ) ;
#2431 = CARTESIAN_POINT ( 'NONE',  ( -19.00000000000000355, -3.179051020445876397, 9.166944142501927573 ) ) ;
#2432 = ORIENTED_EDGE ( 'NONE', *, *, #4734, .T. ) ;
#2433 = EDGE_CURVE ( 'NONE', #7617, #1541, #933, .T. ) ;
#2434 = CARTESIAN_POINT ( 'NONE',  ( -1.524364431271726161, -3.466826632640283901, 35.71140395072739437 ) ) ;
#2435 = CARTESIAN_POINT ( 'NONE',  ( -17.08854268108152397, 9.943891911554777252, 1.949661058236891842 ) ) ;
#2436 = CARTESIAN_POINT ( 'NONE',  ( -5.025954032429226892, -12.77824421821673084, 29.20385727816803723 ) ) ;
#2437 = CARTESIAN_POINT ( 'NONE',  ( -15.53865813761608372, 8.001374117480994030, -10.46961317963573812 ) ) ;
#2438 = CARTESIAN_POINT ( 'NONE',  ( -3.600868592588058803, -11.16198333301523782, -31.90425108016020772 ) ) ;
#2439 = CARTESIAN_POINT ( 'NONE',  ( -17.91724948650466942, 5.123512358177505277, 9.825036334197376320 ) ) ;
#2440 = CARTESIAN_POINT ( 'NONE',  ( -18.13664239143887613, -0.8093307809571935740, -13.16924277296489976 ) ) ;
#2441 = CARTESIAN_POINT ( 'NONE',  ( -5.462005917293139667, 15.45122281296068145, 19.88357245102933746 ) ) ;
#2442 = CARTESIAN_POINT ( 'NONE',  ( -4.460383872114061177, -14.90801775799454099, 20.04582046471962897 ) ) ;
#2443 = CARTESIAN_POINT ( 'NONE',  ( -13.08301852860271630, -9.463140697440698190, -12.67586793832974834 ) ) ;
#2444 = VECTOR ( 'NONE', #6588, 1000.000000000000000 ) ;
#2445 = EDGE_LOOP ( 'NONE', ( #3640, #6475, #7965, #7920 ) ) ;
#2446 = CARTESIAN_POINT ( 'NONE',  ( -17.99465534850710569, 6.486422817775366667, 8.434248959540155965 ) ) ;
#2447 = CARTESIAN_POINT ( 'NONE',  ( -14.16620729018761082, 6.624526251257284670, -15.23079309545492599 ) ) ;
#2448 = DIRECTION ( 'NONE',  ( 0.0000000000000000000, 0.0000000000000000000, -1.000000000000000000 ) ) ;
#2449 = CARTESIAN_POINT ( 'NONE',  ( -20.00000000000002842, 6.964612928621352061, -10.69255591829234397 ) ) ;
#2450 = CARTESIAN_POINT ( 'NONE',  ( -16.05871393819549553, -6.316184272900500218, 11.96544642485467946 ) ) ;
#2451 = CARTESIAN_POINT ( 'NONE',  ( -4.628609323645894946, 14.82152330911474714, -19.87718792095273557 ) ) ;
#2452 = CARTESIAN_POINT ( 'NONE',  ( 3.000000000000000000, -25.25000000000000355, -41.24999999999997158 ) ) ;
#2453 = AXIS2_PLACEMENT_3D ( 'NONE', #3576, #1668, #285 ) ;
#2454 = ORIENTED_EDGE ( 'NONE', *, *, #6849, .T. ) ;
#2455 = CARTESIAN_POINT ( 'NONE',  ( -4.318845670389165114, -5.499820662367246094, 33.90099383670096245 ) ) ;
#2456 = CARTESIAN_POINT ( 'NONE',  ( -13.10197354961466942, 9.654843830678290217, 11.96314393420375133 ) ) ;
#2457 = CARTESIAN_POINT ( 'NONE',  ( -19.09024165644829907, 0.6485905420094939533, -9.556138060724382655 ) ) ;
#2458 = CARTESIAN_POINT ( 'NONE',  ( -18.99999999999999289, 9.194482520423489902, 1.678568176276801660 ) ) ;
#2459 = CARTESIAN_POINT ( 'NONE',  ( -20.00000000000002487, 2.045919285414889544, 13.48006816429312771 ) ) ;
#2460 = CARTESIAN_POINT ( 'NONE',  ( -17.05963660544258431, 9.749034057409186715, -3.179323900806167114 ) ) ;
#2461 = CARTESIAN_POINT ( 'NONE',  ( -19.09328829295187191, -0.6481964664147004118, 9.550945943785041692 ) ) ;
#2462 = CARTESIAN_POINT ( 'NONE',  ( -4.850000000000003197, 9.336730092466067887, -33.09950458711484345 ) ) ;
#2463 = CARTESIAN_POINT ( 'NONE',  ( -3.076481922071349739, -14.51653814254672703, -25.26669184124797596 ) ) ;
#2464 = CARTESIAN_POINT ( 'NONE',  ( -4.560880098587535514, -15.92564796056498011, -19.71732719990515648 ) ) ;
#2465 = CARTESIAN_POINT ( 'NONE',  ( -14.35578800717916081, -9.146439640849077790, -10.31567481629316063 ) ) ;
#2466 = CARTESIAN_POINT ( 'NONE',  ( -5.000000000000000000, -15.74999999999999289, -19.99999998980443294 ) ) ;
#2467 = CARTESIAN_POINT ( 'NONE',  ( -12.91329869821033505, -7.039418266540518943, -17.30786643707703121 ) ) ;
#2468 = CARTESIAN_POINT ( 'NONE',  ( -20.00000000000002487, 11.32683599742649072, 2.047733000039107409 ) ) ;
#2469 = CARTESIAN_POINT ( 'NONE',  ( -4.432035759904713323, 13.96536446218932070, -25.23621203663181944 ) ) ;
#2470 = CARTESIAN_POINT ( 'NONE',  ( -4.525605364126270125, 15.93975785434950332, 19.99994105635031616 ) ) ;
#2471 = CARTESIAN_POINT ( 'NONE',  ( 5.000000000000000000, 22.75000000000000711, -19.99999999999998934 ) ) ;
#2472 = CARTESIAN_POINT ( 'NONE',  ( -12.10089482665707195, -11.84601605480136399, 3.100609755819919489 ) ) ;
#2473 = CARTESIAN_POINT ( 'NONE',  ( -18.99999999999999645, 1.119818416824378104, 9.666708291192321667 ) ) ;
#2474 = ORIENTED_EDGE ( 'NONE', *, *, #3392, .F. ) ;
#2475 = CARTESIAN_POINT ( 'NONE',  ( -1.524319601489579679, -16.06286684911558993, 20.10868949129971739 ) ) ;
#2476 = CARTESIAN_POINT ( 'NONE',  ( -17.71877258002093214, 9.751893486960877766, -1.429779769028395098 ) ) ;
#2477 = CARTESIAN_POINT ( 'NONE',  ( -5.001888257746578859, -4.067857361320486476, 35.22326708592676425 ) ) ;
#2478 = CARTESIAN_POINT ( 'NONE',  ( -19.23788566686756951, 5.812888990079431828, -7.322334986554434266 ) ) ;
#2479 = CARTESIAN_POINT ( 'NONE',  ( -3.707607532990071952, -12.94836975537235801, -29.90292571439872660 ) ) ;
#2480 = CARTESIAN_POINT ( 'NONE',  ( -19.18154514567936175, 4.855027595351253389, 8.092068075017770923 ) ) ;
#2481 = CARTESIAN_POINT ( 'NONE',  ( -18.50916039762475762, 9.491649742670253076, 5.276702897558670280 ) ) ;
#2482 = DIRECTION ( 'NONE',  ( 0.0000000000000000000, 3.469446951953619119E-16, -1.000000000000000000 ) ) ;
#2483 = CARTESIAN_POINT ( 'NONE',  ( -19.24301155426582355, -5.839616878082202867, 7.294003525576796321 ) ) ;
#2484 = CARTESIAN_POINT ( 'NONE',  ( -18.61704741251501716, -6.144284404414634082, -7.873635225435684504 ) ) ;
#2485 = EDGE_LOOP ( 'NONE', ( #5533, #6822, #8217, #2615 ) ) ;
#2486 = ORIENTED_EDGE ( 'NONE', *, *, #6263, .F. ) ;
#2487 = CARTESIAN_POINT ( 'NONE',  ( -18.61387655245389539, 6.142498250724848674, 7.879844077683486603 ) ) ;
#2488 = CARTESIAN_POINT ( 'NONE',  ( -14.21471812224720388, 7.754290523907243937, -13.70700751378645599 ) ) ;
#2489 = LINE ( 'NONE', #3764, #588 ) ;
#2490 = CARTESIAN_POINT ( 'NONE',  ( -20.00000000000002842, 2.010493957666990017, -13.48822881810140295 ) ) ;
#2491 = CARTESIAN_POINT ( 'NONE',  ( -20.00000000000000355, 2.344222045968958223, 9.732438467498932155 ) ) ;
#2492 = CARTESIAN_POINT ( 'NONE',  ( -17.90818816527707824, -4.895477217765502154, 10.01425504873035166 ) ) ;
#2493 = AXIS2_PLACEMENT_3D ( 'NONE', #866, #2250, #4882 ) ;
#2494 = CARTESIAN_POINT ( 'NONE',  ( 0.02782523263984433906, 16.68292845363061261, -20.22873985220875070 ) ) ;
#2495 = FILL_AREA_STYLE_COLOUR ( '', #3460 ) ;
#2496 = ORIENTED_EDGE ( 'NONE', *, *, #7682, .F. ) ;
#2497 = CARTESIAN_POINT ( 'NONE',  ( -4.312595001731848399, 3.167738630638999631, 34.62246686011384611 ) ) ;
#2498 = CARTESIAN_POINT ( 'NONE',  ( -9.414346866096954258, 11.87625036394566536, 14.84855300827605440 ) ) ;
#2499 = CARTESIAN_POINT ( 'NONE',  ( -15.35381000802208362, 1.605005738040177210, -15.83842566633196469 ) ) ;
#2500 = CARTESIAN_POINT ( 'NONE',  ( -18.99999999999999289, 8.575189262026635006, -3.841721531894233266 ) ) ;
#2501 = ADVANCED_FACE ( 'NONE', ( #7496 ), #439, .T. ) ;
#2502 = CARTESIAN_POINT ( 'NONE',  ( -20.00000000000074962, 2.780413066090840157, 9.670547047766019588 ) ) ;
#2503 = CARTESIAN_POINT ( 'NONE',  ( -17.70006860358141765, 9.624997980038692447, -2.236447632432883470 ) ) ;
#2504 = CARTESIAN_POINT ( 'NONE',  ( -14.10816927323681114, -1.332898396398584318, 18.04554462262220582 ) ) ;
#2505 = CARTESIAN_POINT ( 'NONE',  ( -19.99999999999998224, 9.803586301204585851, -2.410269670471581804 ) ) ;
#2506 = CARTESIAN_POINT ( 'NONE',  ( -5.010555532131008682, 15.74577778714761322, -19.64247996802918550 ) ) ;
#2507 = CARTESIAN_POINT ( 'NONE',  ( -5.011049831671140709, -15.74558006733060012, -19.47230657033513168 ) ) ;
#2508 = CARTESIAN_POINT ( 'NONE',  ( -18.01455012162729119, -6.691463958298090375, -8.167763717023797554 ) ) ;
#2509 = ORIENTED_EDGE ( 'NONE', *, *, #8166, .F. ) ;
#2510 = ORIENTED_EDGE ( 'NONE', *, *, #661, .F. ) ;
#2511 = EDGE_CURVE ( 'NONE', #2180, #2261, #7571, .T. ) ;
#2512 = CARTESIAN_POINT ( 'NONE',  ( -5.000000000000002665, -6.105812355250447077, -34.95264392807924736 ) ) ;
#2513 = CARTESIAN_POINT ( 'NONE',  ( -4.238656748851954426, -13.39012423348816050, -27.23468883388235895 ) ) ;
#2514 = DIRECTION ( 'NONE',  ( 0.0000000000000000000, 0.0000000000000000000, 1.000000000000000000 ) ) ;
#2515 = CARTESIAN_POINT ( 'NONE',  ( -4.315666622039058709, -4.558755310679233119, -34.23834812167096686 ) ) ;
#2516 = CARTESIAN_POINT ( 'NONE',  ( 4.878909776184758120E-16, -13.13674564448727011, -30.27774248308628202 ) ) ;
#2517 = CARTESIAN_POINT ( 'NONE',  ( -12.09278505092214928, -11.80211172994963675, -3.707057461224419370 ) ) ;
#2518 = CARTESIAN_POINT ( 'NONE',  ( -19.00000000000000711, -9.227287280763533772, -1.360818614281007255 ) ) ;
#2519 = CARTESIAN_POINT ( 'NONE',  ( -4.628609323645897611, -14.82152330911475424, 19.99373595340006560 ) ) ;
#2520 = CARTESIAN_POINT ( 'NONE',  ( -16.14355298601241273, -7.539824663516544234, -10.12355827209512427 ) ) ;
#2521 = CARTESIAN_POINT ( 'NONE',  ( -18.33371083698320092, 9.458247963002529346, 1.786792289998222705 ) ) ;
#2522 = CARTESIAN_POINT ( 'NONE',  ( -5.870911912808288058, -5.856297619983318548, 33.08831166704655402 ) ) ;
#2523 = CARTESIAN_POINT ( 'NONE',  ( -9.398390673885890223, 11.77726389301778731, -15.73929083163409359 ) ) ;
#2524 = CARTESIAN_POINT ( 'NONE',  ( -5.865906254945626230, -0.9079978035669402647, -34.24342073896070815 ) ) ;
#2525 = CARTESIAN_POINT ( 'NONE',  ( -6.678950336189073411, 9.575808783021741988, 26.93706011251310883 ) ) ;
#2526 = CARTESIAN_POINT ( 'NONE',  ( -19.99999999999714717, -1.241790076979938817, -9.941004204360206487 ) ) ;
#2527 = CARTESIAN_POINT ( 'NONE',  ( -4.546795794782263478, -15.93128168208708750, -19.85753540949962215 ) ) ;
#2528 = CARTESIAN_POINT ( 'NONE',  ( -16.76852229540417127, -7.254174061427197451, 9.433388605009463745 ) ) ;
#2529 = CARTESIAN_POINT ( 'NONE',  ( -16.76543057565811523, -7.218846523674529614, -9.492991530775261921 ) ) ;
#2530 = ORIENTED_EDGE ( 'NONE', *, *, #7003, .T. ) ;
#2531 = ORIENTED_EDGE ( 'NONE', *, *, #3280, .F. ) ;
#2532 = CARTESIAN_POINT ( 'NONE',  ( -14.30613438969651874, 8.691205404524994904, 11.65931550744638123 ) ) ;
#2533 = CARTESIAN_POINT ( 'NONE',  ( -11.69662586118329983, 8.508192429204806118, -17.94277635446866626 ) ) ;
#2534 = CARTESIAN_POINT ( 'NONE',  ( -5.480542964803912120, 15.43518503283621435, -19.99999999967443287 ) ) ;
#2535 = CARTESIAN_POINT ( 'NONE',  ( -18.21222988125526854, 5.965188826084916407, -10.78883076512382466 ) ) ;
#2536 = CARTESIAN_POINT ( 'NONE',  ( -4.999999999999989342, -6.920731814423763062, 34.22217500603577633 ) ) ;
#2537 = CARTESIAN_POINT ( 'NONE',  ( -19.13142246511072742, -3.418681833769458667, 8.865769598900124393 ) ) ;
#2538 = CARTESIAN_POINT ( 'NONE',  ( -20.00000000000002842, -11.08906000219490018, -3.200807422561102733 ) ) ;
#2539 = VECTOR ( 'NONE', #4176, 1000.000000000000000 ) ;
#2540 = ORIENTED_EDGE ( 'NONE', *, *, #7317, .F. ) ;
#2541 = CARTESIAN_POINT ( 'NONE',  ( -4.342342816266008931, 9.302573954600131145, 31.68966024465806086 ) ) ;
#2542 = CARTESIAN_POINT ( 'NONE',  ( -9.426861647029516789, 11.95095052934052227, 14.17177295244922064 ) ) ;
#2543 = CARTESIAN_POINT ( 'NONE',  ( -9.122057182758119609, 2.044404284973315722, -26.53996547595049904 ) ) ;
#2544 = CARTESIAN_POINT ( 'NONE',  ( -5.049999999999999822, -15.72999999999999332, -16.77828324328958587 ) ) ;
#2545 = CARTESIAN_POINT ( 'NONE',  ( -19.00000000000000711, 5.633908558298302616, -7.793368330181469794 ) ) ;
#2546 = CARTESIAN_POINT ( 'NONE',  ( -19.09245303212701117, 0.3741354244060780543, 9.567315233122947404 ) ) ;
#2547 = CARTESIAN_POINT ( 'NONE',  ( -5.012280524406097726, 15.74508779023750016, -19.65489910925654726 ) ) ;
#2548 = CARTESIAN_POINT ( 'NONE',  ( -4.578694425482294328, -15.91852222980707410, -19.21430766064984041 ) ) ;
#2549 = CARTESIAN_POINT ( 'NONE',  ( -9.415350880488759344, -11.87563428751711925, -14.84778288968983340 ) ) ;
#2550 = ORIENTED_EDGE ( 'NONE', *, *, #7275, .T. ) ;
#2551 = CARTESIAN_POINT ( 'NONE',  ( 0.02782555748655403394, -16.68409726156771455, -19.75187164232044168 ) ) ;
#2552 = CARTESIAN_POINT ( 'NONE',  ( -17.25975701099320148, -4.459238317194861523, -11.42910997321343203 ) ) ;
#2553 = CARTESIAN_POINT ( 'NONE',  ( -5.000000000000000888, -15.75000000000000355, 4.407281562879181713 ) ) ;
#2554 = DIRECTION ( 'NONE',  ( 1.000000000000000000, 0.0000000000000000000, 0.0000000000000000000 ) ) ;
#2555 = CARTESIAN_POINT ( 'NONE',  ( -20.00000000000002487, -3.947802940638410085, 12.82179215977637199 ) ) ;
#2556 = CARTESIAN_POINT ( 'NONE',  ( 5.692061405548898279E-16, -2.191724542546054533, -36.55526232727012115 ) ) ;
#2557 = CARTESIAN_POINT ( 'NONE',  ( -17.71379031405542293, -9.700031091821472273, -1.867878272610532520 ) ) ;
#2558 = CARTESIAN_POINT ( 'NONE',  ( -18.99999999999999645, -9.181989796265467518, -1.668708135196836029 ) ) ;
#2559 = CARTESIAN_POINT ( 'NONE',  ( 0.02817530820344749456, -11.35578588617884321, 32.37577406752748033 ) ) ;
#2560 = CARTESIAN_POINT ( 'NONE',  ( -17.98791712067819049, -6.405122384322578633, -8.535417211005604798 ) ) ;
#2561 = VECTOR ( 'NONE', #1296, 1000.000000000000000 ) ;
#2562 = CARTESIAN_POINT ( 'NONE',  ( -14.60905203159160592, 10.98347517087604786, 1.268488746651794452 ) ) ;
#2563 = CARTESIAN_POINT ( 'NONE',  ( -5.836641041701540189, -13.21858527473766820, 26.69494912386123175 ) ) ;
#2564 = CARTESIAN_POINT ( 'NONE',  ( -19.28819910552818584, 6.471392130536044895, -6.697937788800627068 ) ) ;
#2565 = CARTESIAN_POINT ( 'NONE',  ( -5.537325498374192634, -15.36743923986651694, -20.53770307079433621 ) ) ;
#2566 = CARTESIAN_POINT ( 'NONE',  ( -12.89988185292311229, 6.175188379388085735, 18.02661430397537856 ) ) ;
#2567 = CARTESIAN_POINT ( 'NONE',  ( -18.16406065612873277, -4.128516781077952835, -12.14543338059434774 ) ) ;
#2568 = CARTESIAN_POINT ( 'NONE',  ( -4.978410145047211799, -15.75863594198111883, 2.938321500199339464 ) ) ;
#2569 = CARTESIAN_POINT ( 'NONE',  ( -9.406989074501407089, -11.82445519612414309, 15.30909106232573436 ) ) ;
#2570 = CARTESIAN_POINT ( 'NONE',  ( -16.76622324885577342, -7.227933706885408149, -9.477692438950006348 ) ) ;
#2571 = ORIENTED_EDGE ( 'NONE', *, *, #5681, .F. ) ;
#2572 = AXIS2_PLACEMENT_3D ( 'NONE', #6999, #6248, #6535 ) ;
#2573 = ORIENTED_EDGE ( 'NONE', *, *, #480, .F. ) ;
#2574 = CARTESIAN_POINT ( 'NONE',  ( -17.99572077487975363, 6.499706745247957329, 8.417607871764568372 ) ) ;
#2575 = CARTESIAN_POINT ( 'NONE',  ( -4.282804680024816513, 14.09610315543341486, -25.36554249611390333 ) ) ;
#2576 = CARTESIAN_POINT ( 'NONE',  ( -18.25296840146565813, -6.737487811024596596, 9.934152934924174616 ) ) ;
#2577 = CARTESIAN_POINT ( 'NONE',  ( -3.423484952484228128, -4.208902204132858316, -35.86566265216058724 ) ) ;
#2578 = CARTESIAN_POINT ( 'NONE',  ( -20.00000000000006040, -8.969214178198907206, -4.617297917537867669 ) ) ;
#2579 = CARTESIAN_POINT ( 'NONE',  ( -16.68944087630932316, -6.160862862310215959, 10.97589838541598439 ) ) ;
#2580 = CARTESIAN_POINT ( 'NONE',  ( -20.00000000000002132, -10.75475109012219654, 4.449881085590734919 ) ) ;
#2581 = ORIENTED_EDGE ( 'NONE', *, *, #1743, .T. ) ;
#2582 = ORIENTED_EDGE ( 'NONE', *, *, #5081, .T. ) ;
#2583 = CARTESIAN_POINT ( 'NONE',  ( -4.382305462331648194, -12.28848820099006822, 28.48600610379628151 ) ) ;
#2584 = CARTESIAN_POINT ( 'NONE',  ( -15.54978887253661668, 8.119095253671448020, 10.20634064657978612 ) ) ;
#2585 = CARTESIAN_POINT ( 'NONE',  ( -12.85844124360792762, -0.2762920497291768140, -20.28722732582410515 ) ) ;
#2586 = CARTESIAN_POINT ( 'NONE',  ( 0.0000000000000000000, 16.87193170087701333, 26.83855367616392584 ) ) ;
#2587 = CARTESIAN_POINT ( 'NONE',  ( -18.16447377575859434, 4.087765512706234894, 12.13808426962199860 ) ) ;
#2588 = CARTESIAN_POINT ( 'NONE',  ( -11.61439507163591678, 0.9783063635860124174, 22.38417617577799490 ) ) ;
#2589 = CARTESIAN_POINT ( 'NONE',  ( -1.524247946257621944, -10.44911274559151693, -32.19978476767348496 ) ) ;
#2590 = CARTESIAN_POINT ( 'NONE',  ( -5.040425879166890333, -15.73382964833323783, -19.92958787187198055 ) ) ;
#2591 = CARTESIAN_POINT ( 'NONE',  ( -16.18363157094735882, -7.935296878639485740, -9.336640214778114455 ) ) ;
#2592 = ADVANCED_FACE ( 'NONE', ( #5457 ), #4952, .F. ) ;
#2593 = ORIENTED_EDGE ( 'NONE', *, *, #5081, .F. ) ;
#2594 = CARTESIAN_POINT ( 'NONE',  ( -3.076464363268367919, -15.44238129326574516, -19.99999998958222847 ) ) ;
#2595 = CARTESIAN_POINT ( 'NONE',  ( -9.210389363238205007, -10.14838060188438718, -21.08731363888431432 ) ) ;
#2596 = CARTESIAN_POINT ( 'NONE',  ( -9.370809252467585893, 11.77844156834205336, 15.89666657705862285 ) ) ;
#2597 = PRESENTATION_STYLE_ASSIGNMENT (( #3229 ) ) ;
#2598 = CARTESIAN_POINT ( 'NONE',  ( -20.00000000000002487, -4.146638194714552306, 9.201822036814069961 ) ) ;
#2599 = CARTESIAN_POINT ( 'NONE',  ( -4.578694423483515408, -15.91852223060659810, 19.21430772269569331 ) ) ;
#2600 = CARTESIAN_POINT ( 'NONE',  ( -19.58193152028453454, -8.972405794339811891, -1.619753286118178481 ) ) ;
#2601 = FACE_OUTER_BOUND ( 'NONE', #7399, .T. ) ;
#2602 = VERTEX_POINT ( 'NONE', #8049 ) ;
#2603 = VECTOR ( 'NONE', #4485, 1000.000000000000000 ) ;
#2604 = CARTESIAN_POINT ( 'NONE',  ( -1.524306876595388660, -9.414402066042137918, 33.14530647426493459 ) ) ;
#2605 = CARTESIAN_POINT ( 'NONE',  ( -6.926754464380083576, -13.32909566090105180, -18.06334455954854690 ) ) ;
#2606 = CARTESIAN_POINT ( 'NONE',  ( -18.84076311300298556, 8.372183718598144253, 4.504944904732896660 ) ) ;
#2607 = CARTESIAN_POINT ( 'NONE',  ( -3.787647795218917590, 13.81033290204756447, 28.55044158953663569 ) ) ;
#2608 = CARTESIAN_POINT ( 'NONE',  ( -18.62266087706694861, 6.254288562821505693, -7.759124101672838947 ) ) ;
#2609 = CARTESIAN_POINT ( 'NONE',  ( -5.045967667080462959, -15.73165948878300746, -20.09576667946408080 ) ) ;
#2610 = CARTESIAN_POINT ( 'NONE',  ( -11.64131149372747309, 5.866684541244707951, 20.60606547097403407 ) ) ;
#2611 = DIRECTION ( 'NONE',  ( 1.000000000000000000, 0.0000000000000000000, 0.0000000000000000000 ) ) ;
#2612 = CARTESIAN_POINT ( 'NONE',  ( -3.598066596319475785, 11.10342039112209811, 31.96009696718731519 ) ) ;
#2613 = CARTESIAN_POINT ( 'NONE',  ( -4.465098763874935095, -14.90508506443200254, 19.75767755030680206 ) ) ;
#2614 = CARTESIAN_POINT ( 'NONE',  ( -16.76490274559114013, -7.212784843022408410, -9.503185395084560838 ) ) ;
#2615 = ORIENTED_EDGE ( 'NONE', *, *, #7275, .F. ) ;
#2616 = EDGE_CURVE ( 'NONE', #4121, #7254, #8004, .T. ) ;
#2617 = CARTESIAN_POINT ( 'NONE',  ( -15.53392575676383380, 7.950246469704985941, 10.58272563773153507 ) ) ;
#2618 = CARTESIAN_POINT ( 'NONE',  ( -15.50528073758652781, 7.699257715414373315, -11.11921437280365943 ) ) ;
#2619 = CARTESIAN_POINT ( 'NONE',  ( -18.31917240806815883, -7.608601774122522698, -8.778268275277991251 ) ) ;
#2620 = CARTESIAN_POINT ( 'NONE',  ( -3.435243246598261635, -5.225033565048748052, -35.55738025628877352 ) ) ;
#2621 = CARTESIAN_POINT ( 'NONE',  ( -5.000000000000001776, 6.920731814423600525, 34.22217500603580476 ) ) ;
#2622 = CARTESIAN_POINT ( 'NONE',  ( -18.58570912762029792, -5.699377117637928869, 8.320250201797737333 ) ) ;
#2623 = CARTESIAN_POINT ( 'NONE',  ( -20.00000000000002842, -9.436776853820891375, -7.368331199763312966 ) ) ;
#2624 = CARTESIAN_POINT ( 'NONE',  ( -15.53342171304153396, -7.944756220329215246, -10.59482396662807524 ) ) ;
#2625 = CARTESIAN_POINT ( 'NONE',  ( -11.88703525018245877, 10.50881479125084361, 12.36148174284004320 ) ) ;
#2626 = CARTESIAN_POINT ( 'NONE',  ( -4.151612797220500362, 6.831636623957021648, -33.60148830635447581 ) ) ;
#2627 = CARTESIAN_POINT ( 'NONE',  ( -3.076464363268385238, 15.44238129326575759, 17.13666881404652287 ) ) ;
#2628 = CARTESIAN_POINT ( 'NONE',  ( -20.00000000000003197, 5.400997605730118778, 11.98250850702255832 ) ) ;
#2629 = CARTESIAN_POINT ( 'NONE',  ( -9.127663939977626484, -3.603547210046007976, 26.15490734540337670 ) ) ;
#2630 = CARTESIAN_POINT ( 'NONE',  ( 0.02798299781867069624, -8.555355758196702354, -34.32310697860933857 ) ) ;
#2631 = CARTESIAN_POINT ( 'NONE',  ( -4.566963719097907770, -15.92321451236082908, -19.69725812166908696 ) ) ;
#2632 = CARTESIAN_POINT ( 'NONE',  ( -18.63304675334098093, -6.345262503813604127, -7.653900611434066192 ) ) ;
#2633 = ORIENTED_EDGE ( 'NONE', *, *, #299, .F. ) ;
#2634 = CARTESIAN_POINT ( 'NONE',  ( 0.0000000000000000000, -7.060713750807346756, 36.80004796480849905 ) ) ;
#2635 = CARTESIAN_POINT ( 'NONE',  ( -12.93352321457349063, -7.748922889008666992, -16.45583374286561451 ) ) ;
#2636 = CARTESIAN_POINT ( 'NONE',  ( -4.999999999999993783, -15.11169356656816909, -25.61698881536343464 ) ) ;
#2637 = CYLINDRICAL_SURFACE ( 'NONE', #1772, 2.000000000000001776 ) ;
#2638 = CARTESIAN_POINT ( 'NONE',  ( -5.268440033091168928, -15.60505093600921001, 14.72995929314869201 ) ) ;
#2639 = FACE_BOUND ( 'NONE', #295, .T. ) ;
#2640 = CARTESIAN_POINT ( 'NONE',  ( -7.133593526343100066, -13.85803638798325643, -1.780828767576056570 ) ) ;
#2641 = CARTESIAN_POINT ( 'NONE',  ( 0.0000000000000000000, 16.87193170087698135, -26.83855367616385834 ) ) ;
#2642 = ORIENTED_EDGE ( 'NONE', *, *, #3884, .T. ) ;
#2643 = EDGE_CURVE ( 'NONE', #2402, #4420, #3783, .T. ) ;
#2644 = CARTESIAN_POINT ( 'NONE',  ( -4.628609323645897611, -14.82152330911475424, 17.65035184134626789 ) ) ;
#2645 = CARTESIAN_POINT ( 'NONE',  ( -18.60964305956878562, -6.087816459598427876, -7.937959771892050043 ) ) ;
#2646 = CARTESIAN_POINT ( 'NONE',  ( -5.848817038764726917, 12.66932590963666883, 27.50805362768706885 ) ) ;
#2647 = CARTESIAN_POINT ( 'NONE',  ( -9.409064833847006426, 11.84402291182320610, -15.13927372051491105 ) ) ;
#2648 = CARTESIAN_POINT ( 'NONE',  ( -4.257995304492404820, -15.86086790780927203, -22.48915923953973106 ) ) ;
#2649 = CARTESIAN_POINT ( 'NONE',  ( -15.99712871514668855, 3.810109946057835817, 13.98198159078982350 ) ) ;
#2650 = CARTESIAN_POINT ( 'NONE',  ( -18.30763028398847325, -7.477456061079069904, -8.958471344269845815 ) ) ;
#2651 = CARTESIAN_POINT ( 'NONE',  ( -3.471643676950734392, 7.194136857086882664, 34.70447804560147631 ) ) ;
#2652 = CARTESIAN_POINT ( 'NONE',  ( -17.39044443424936759, -6.958445269171693148, 8.807123411799661739 ) ) ;
#2653 = CARTESIAN_POINT ( 'NONE',  ( -13.08211795304756109, -9.454563138511637987, -12.70766244145703183 ) ) ;
#2654 = B_SPLINE_SURFACE_WITH_KNOTS ( 'NONE', 3, 3, ( 
 ( #3464, #7323, #5488, #1004, #2858, #6612, #6027, #5448, #964, #2817, #5987, #262, #2270 ),
 ( #4859, #7407, #3634, #4253, #7566, #548, #596, #3112, #8244, #5644, #2312, #5606, #6899 ),
 ( #2480, #3800, #1811, #6857, #4942, #3158, #1130, #6817, #4335, #3023, #8084, #4901, #4380 ),
 ( #506, #1173, #2439, #1727, #2394, #2982, #466, #3714, #6271, #3754, #3065, #6938, #5687 ),
 ( #8202, #5070, #5566, #6311, #1043, #4426, #6355, #1687, #7611, #1851, #6984, #4295, #6192 ),
 ( #8123, #7447, #5028, #1219, #1085, #427, #2353, #7486, #3674, #1771, #6233, #8160, #4983 ),
 ( #7525, #3997, #5858, #3960, #1349, #3843, #5158, #7189, #2566, #6520, #8286, #2525, #2690 ),
 ( #61, #3200, #5818, #6559, #755, #1305, #3327, #6398, #1388, #1428, #636, #7777, #795 ),
 ( #3242, #5115, #7655, #5774, #2019, #2649, #5276, #4599, #21, #2610, #677, #7698, #5897 ),
 ( #1896, #4475, #1938, #7145, #1977, #2059, #136, #7026, #7820, #3880, #4521, #7065, #96 ),
 ( #4641, #6439, #5197, #7739, #5731, #1265, #4560, #7103, #3922, #6481, #716, #3284, #5237 ),
 ( #7268, #3369, #5937, #6098, #6015, #7982, #6638, #2097, #6600, #3451, #4202, #2214, #332 ),
 ( #7229, #5355, #2805, #4680, #1587, #6675, #2889, #2847, #8026, #5395, #4159, #2769, #7311 ),
 ( #1546, #4802, #4117, #5436, #835, #7938, #4037, #6764, #3543, #1467, #3411, #6716, #4719 ),
 ( #3495, #2730, #4075, #7895, #5978, #954, #2137, #1507, #4761, #5477, #213, #2257, #249 ),
 ( #873, #7351, #4846, #912, #2176, #6058, #5317, #175, #291, #7395, #1630, #7859, #4496 ),
 ( #2546, #373, #6139, #7719, #1241, #7676, #5094, #7547, #527, #2588, #6291, #1916, #3584 ),
 ( #6419, #7044, #3775, #6919, #1791, #5136, #8266, #1285, #4540, #571, #3861, #8226, #993 ),
 ( #656, #2929, #3179, #3821, #5516, #8071, #3136, #3088, #616, #1958, #1151, #6377, #5048 ),
 ( #2301, #3221, #6335, #5752, #4406, #5004, #4358, #1197, #3734, #8306, #5796, #42, #5666 ),
 ( #2461, #5177, #1875, #7589, #1831, #6962, #5712, #2504, #7633, #4451, #7006, #2710, #5959 ),
 ( #1447, #736, #1410, #1998, #7801, #3348, #5298, #197, #5919, #3393, #7878, #7840, #4661 ),
 ( #4580, #6580, #3263, #3433, #2788, #697, #1489, #4700, #7250, #3306, #2629, #5838, #7123 ),
 ( #4018, #2079, #5878, #156, #7209, #816, #1326, #775, #233, #7085, #6622, #3941, #5258 ),
 ( #7917, #2751, #4056, #1369, #2040, #6501, #116, #5376, #6459, #2669, #79, #5218, #5338 ),
 ( #2119, #7758, #855, #5997, #2158, #3901, #4620, #7167, #3980, #6540, #5539, #6787, #895 ),
 ( #7961, #1016, #976, #1055, #7459, #4141, #6204, #1569, #8096, #7293, #1529, #1699, #2324 ),
 ( #2198, #4826, #2993, #4914, #315, #4266, #2829, #398, #441, #5418, #3606, #5580, #936 ),
 ( #4099, #6658, #7375, #6122, #3565, #4783, #6162, #356, #6828, #8134, #4182, #3646, #3523 ),
 ( #7334, #2954, #3476, #4741, #4871, #6038, #273, #6742, #6698, #4226, #6081, #2870, #7418 ),
 ( #5459, #8006, #2237, #1610, #2912, #5499, #8051, #2283, #1654, #3212, #6996, #7667, #4441 ),
 ( #2537, #6325, #1232, #6951, #5084, #5787, #1186, #6868, #3767, #5657, #2364, #7499, #3813 ),
 ( #3125, #6366, #7624, #4348, #5039, #5616, #3078, #560, #5701, #607, #8256, #1141, #8171 ),
 ( #3170, #2407, #1862, #1099, #7037, #6410, #4307, #5129, #8298, #1909, #6910, #6245, #3684 ),
 ( #1739, #5743, #2492, #3724, #4488, #1276, #3854, #4954, #4394, #648, #477, #3034, #7537 ),
 ( #4994, #1782, #6282, #516, #8214, #2450, #7579, #1822, #5169, #6615, #149, #6572, #3973 ),
 ( #7750, #1481, #5208, #808, #2579, #7710, #5329, #3382, #2662, #5830, #109, #848, #5951 ),
 ( #190, #6452, #4011, #4049, #689, #2071, #3425, #4571, #5871, #1949, #4533, #5249, #1401 ),
 ( #3254, #1440, #7158, #2744, #33, #7793, #7871, #7116, #7076, #72, #2111, #1318, #4654 ),
 ( #3892, #2622, #2033, #1990, #7833, #1362, #3934, #2703, #6493, #729, #3298, #4693, #4613 ),
 ( #6533, #768, #3340, #5911, #5290, #7202, #7243, #8041, #1520, #7952, #5451, #7326, #1691 ),
 ( #6820, #4817, #2151, #2228, #926, #1046, #2781, #2273, #4133, #6732, #7410, #346, #2190 ),
 ( #887, #6689, #7364, #4174, #1645, #1601, #3513, #2820, #5369, #3467, #6779, #6030, #5491 ),
 ( #2315, #4256, #7909, #388, #3598, #6154, #4775, #4090, #4732, #265, #7284, #2903, #967 ),
 ( #3556, #6112, #4862, #225, #7996, #7450, #5990, #6650, #5410, #1561, #6072, #4216, #1007 ),
 ( #2945, #5531, #8087, #307, #4904, #2861, #3638, #3161, #469, #1775, #7659, #4479, #2442 ),
 ( #6860, #4339, #3677, #3027, #1900, #2985, #1089, #8126, #7489, #552, #5734, #5031, #4299 ),
 ( #7529, #4431, #1730, #7615, #5120, #6237, #5691, #7029, #8163, #1133, #5569, #2356, #6274 ),
 ( #7570, #5609, #5074, #1814, #1222, #6195, #3069, #3803, #2397, #430, #4986, #1854, #4945 ),
 ( #3757, #6903, #3717, #5648, #509, #3116, #8206, #4384, #6315, #6942, #1177, #8248, #6358 ),
 ( #2483, #6988, #599, #8289, #2528, #2101, #5901, #6562, #3331, #5161, #3245, #720, #2613 ),
 ( #3963, #4683, #99, #5778, #5861, #4563, #1268, #6401, #140, #7742, #2022, #2693, #6523 ),
 ( #3925, #4524, #1981, #2652, #7782, #5279, #5240, #7107, #6442, #640, #7068, #2062, #1309 ),
 ( #24, #5940, #5320, #3203, #4001, #7193, #1431, #5822, #3883, #758, #2569, #179, #7862 ),
 ( #799, #3372, #2733, #64, #7701, #1941, #680, #5200, #7823, #4602, #1352, #7148, #1391 ),
 ( #3845, #3287, #6484, #4645, #6767, #4078, #5398, #2932, #8074, #6061, #4205, #2141, #7941 ),
 ( #6641, #5519, #6603, #4722, #3414, #2772, #4163, #996, #294, #7898, #957, #6720, #3587 ),
 ( #1510, #4764, #2179, #876, #8029, #3546, #5981, #4040, #7271, #6101, #3501, #6142, #1634 ),
 ( #335, #7314, #3454, #6019, #7354, #838, #376, #253, #2809, #1549, #2892, #2304, #4120 ),
 ( #6678, #915, #2850, #5439, #7232, #1470, #5480, #7985, #2260, #2217, #5359, #216, #4850 ),
 ( #4805, #7398, #1590, #2430, #7437, #2386, #3705, #1803, #5061, #497, #6930, #1121, #7558 ),
 ( #1035, #6264, #8152, #5723, #1679, #1164, #3014, #5635, #6303, #4371, #6848, #7515, #8116 ),
 ( #3056, #8192, #539, #5020, #5597, #1720, #4245, #2347, #5678, #7478, #4974, #1762, #1077 ),
 ( #3746, #3625, #6809, #4935, #3102, #8237, #1210, #7602, #6183, #2472, #4327, #4285, #3666 ),
 ( #419, #1843, #6226, #457, #6890, #4418, #6975, #3790, #3148, #6346, #584, #8278, #4892 ),
 ( #2976, #5560, #5764, #3953, #1928, #6390, #7018, #2009, #3319, #3360, #5890, #2681, #89 ),
 ( #53, #1341, #7769, #5268, #6470, #4592, #7095, #5229, #5929, #3913, #1255, #709, #5807 ),
 ( #7646, #7136, #669, #3275, #6513, #1379, #4512, #5189, #12, #3232, #5850, #2640, #748 ),
 ( #2600, #7690, #1887, #2557, #128, #5147, #7813, #3833, #7180, #6551, #4465, #2052, #4632 ),
 ( #7056, #628, #3190, #1297, #3872, #1421, #3990, #6431, #787, #2517, #5106, #7731, #4552 ),
 ( #1969, #8020, #5349, #6633, #4196, #987, #7305, #5471, #3404, #867, #208, #7890, #6757 ),
 ( #5310, #2251, #3538, #2799, #5972, #244, #3577, #948, #4068, #6093, #326, #2722, #7851 ),
 ( #2882, #5390, #2762, #7932, #167, #4839, #3444, #7388, #6592, #4153, #1624, #828, #2209 ),
 ( #4713, #6009, #2090, #4673, #2169, #1540, #4112, #2130, #1581, #6669, #7222, #1459, #4754 ),
 ( #4030, #7262, #1501, #906, #6710, #3488, #6052, #286, #2841, #5431, #7975, #4794, #7346 ),
 ( #1795, #1028, #7551, #5553, #1669, #2295, #5627, #6923, #6966, #1155, #6295, #3695, #368 ),
 ( #4965, #3047, #531, #1752, #8183, #2377, #490, #1201, #7508, #4883, #4319, #1067, #6134 ),
 ( #2421, #4277, #6881, #4362, #5008, #8108, #450, #3618, #6839, #1111, #6256, #3738, #3092 ),
 ( #2965, #2923, #6174, #5670, #411, #8230, #7430, #2465, #1835, #8064, #5053, #7593, #4410 ),
 ( #4237, #6800, #2338, #5510, #4926, #7470, #1711, #3658, #6218, #3005, #5591, #8144, #5262 ),
 ( #3310, #619, #1919, #7805, #4624, #2591, #740, #7011, #4499, #3825, #3182, #2044, #1245 ),
 ( #5882, #5755, #7048, #7172, #3779, #5181, #120, #6381, #1289, #3, #2549, #6339, #3140 ),
 ( #8270, #7638, #700, #2673, #7722, #4456, #5841, #3266, #575, #82, #5139, #3864, #6422 ),
 ( #4583, #2632, #2508, #5716, #7681, #5221, #46, #5098, #6504, #1879, #7761, #659, #3224 ),
 ( #3904, #5799, #1961, #4543, #7088, #1331, #2001, #6462, #7126, #1373, #3944, #1602, #968 ),
 ( #8127, #4946, #5532, #4776, #2947, #927, #5411, #6031, #1008, #2316, #2357, #4906, #1692 ),
 ( #4091, #7365, #347, #6780, #4257, #5492, #3599, #6113, #4217, #1521, #2904, #266, #8043 ),
 ( #6651, #888, #6155, #7997, #2274, #8088, #390, #3514, #4175, #7327, #2229, #4863, #7411 ),
 ( #2862, #308, #1562, #7451, #4134, #6073, #6690, #6821, #5452, #4819, #1646, #1047, #6733 ),
 ( #3557, #3639, #6197, #432, #2986, #5571, #3468, #2821, #7953, #2191, #3718, #470, #6316 ),
 ( #8207, #7530, #4341, #3204, #6862, #4987, #3678, #3028, #4432, #7030, #553, #8164, #1223 ),
 ( #8290, #5610, #3162, #641, #2398, #3805, #25, #6275, #5033, #1091, #6239, #1815, #3117 ),
 ( #1776, #600, #5692, #5121, #2570, #6943, #7660, #510, #7490, #6904, #5735, #1731, #6359 ),
 ( #4300, #1134, #1178, #3070, #6989, #5779, #5649, #1855, #2443, #7573, #4385, #1901, #3758 ),
 ( #8249, #2484, #5075, #7616, #2529, #4480, #1269, #3846, #6402, #7109, #4603, #6485, #839 ),
 ( #7863, #4646, #1471, #7149, #3373, #4564, #759, #7702, #3332, #4002, #5902, #7194, #65 ),
 ( #5823, #5982, #5321, #3885, #2614, #5942, #721, #3926, #5201, #180, #7743, #1353, #1982 ),
 ( #3289, #5862, #6524, #4684, #100, #2102, #5241, #800, #2653, #1432, #2734, #141, #3964 ),
 ( #7069, #1942, #7783, #6443, #2694, #2024, #7233, #217, #6563, #4525, #1310, #3415, #5281 ),
 ( #681, #1392, #7824, #2063, #5162, #4041, #6604, #3246, #7439, #4806, #998, #2181, #6722 ) ),
 .UNSPECIFIED., .F., .F., .F.,
 ( 4, 3, 3, 3, 3, 3, 3, 3, 3, 3, 3, 3, 3, 3, 3, 3, 3, 3, 3, 3, 3, 3, 3, 3, 3, 3, 3, 3, 3, 3, 3, 3, 3, 4 ),
 ( 4, 3, 3, 3, 4 ),
 ( 0.4999999999999999445, 0.5312500000001304512, 0.5625000000002609024, 0.5781250000003261835, 0.5937500000003913536, 0.6093750000004565237, 0.6250000000005218048, 0.6406250000005870859, 0.6562500000006522560, 0.6718750000007174261, 0.6875000000007827072, 0.7031250000008479883, 0.7187500000009131584, 0.7343750000009783285, 0.7421875000010109691, 0.7441406250010191847, 0.7451171875010231815, 0.7460937500010272894, 0.7500000000010436096, 0.7812500000011740608, 0.8125000000013045121, 0.8437500000014349633, 0.8750000000015654145, 0.9062500000016958657, 0.9375000000018263169, 0.9687500000019567681, 0.9843750000020219382, 0.9921875000020545787, 0.9960937500020708990, 0.9980468750020790036, 0.9990234375020831115, 0.9995117187520852209, 0.9997558593770862201, 1.000000000002087219 ),
 ( 0.002912368317149539518, 0.1275483222775053438, 0.2521842762378611602, 0.5014561841585727375, 0.9999999999999958922 ),
 .UNSPECIFIED. ) ;
#2655 = ORIENTED_EDGE ( 'NONE', *, *, #7235, .T. ) ;
#2656 = CARTESIAN_POINT ( 'NONE',  ( -9.396005888609964884, 11.76202554913765397, 15.87594411908536962 ) ) ;
#2657 = CARTESIAN_POINT ( 'NONE',  ( -6.811734236288132571, 12.93981881430298841, -21.00318429455496982 ) ) ;
#2658 = CARTESIAN_POINT ( 'NONE',  ( -18.29174351021131173, 7.275969417321724642, 9.239326243651836634 ) ) ;
#2659 = CARTESIAN_POINT ( 'NONE',  ( -3.402497640107598809, 1.081284474459508482, -36.38843899704421148 ) ) ;
#2660 = CARTESIAN_POINT ( 'NONE',  ( -5.000000000000000000, -15.74999999999998579, -19.99999999256572991 ) ) ;
#2661 = CARTESIAN_POINT ( 'NONE',  ( -4.849999999999985434, -12.53930110472413517, 30.25304579492267365 ) ) ;
#2662 = CARTESIAN_POINT ( 'NONE',  ( -12.98075313744874748, -8.566465503423714267, 15.05852648236351499 ) ) ;
#2663 =( NAMED_UNIT ( * ) SI_UNIT ( $, .STERADIAN. ) SOLID_ANGLE_UNIT ( ) );
#2664 = CARTESIAN_POINT ( 'NONE',  ( -16.14724440268458849, -7.572631620334319358, -10.05925029906965662 ) ) ;
#2665 = CARTESIAN_POINT ( 'NONE',  ( -4.467567438754484144, 14.90352620181424648, 19.53592640236705336 ) ) ;
#2666 = CARTESIAN_POINT ( 'NONE',  ( -12.87066824414183763, 3.770603652908736336, -19.50247388437289331 ) ) ;
#2667 = CARTESIAN_POINT ( 'NONE',  ( -1.524319402890894848, 16.06323927741675206, 19.02798931973448049 ) ) ;
#2668 = CARTESIAN_POINT ( 'NONE',  ( -18.42043203568450593, 8.710730233066334094, 6.990604213766120623 ) ) ;
#2669 = CARTESIAN_POINT ( 'NONE',  ( -11.62677889951956089, -4.204858102165141887, 21.51481049854372785 ) ) ;
#2670 = CARTESIAN_POINT ( 'NONE',  ( -3.076496597496499952, -11.29697389477622593, -30.56581941317723050 ) ) ;
#2671 = CARTESIAN_POINT ( 'NONE',  ( -5.471983146750801552, -15.44293272405066553, -19.94218731177483761 ) ) ;
#2672 = ORIENTED_EDGE ( 'NONE', *, *, #6296, .F. ) ;
#2673 = CARTESIAN_POINT ( 'NONE',  ( -17.40229430290627022, -7.093586808136757682, -8.603420410878516833 ) ) ;
#2674 = CARTESIAN_POINT ( 'NONE',  ( 0.0000000000000000000, 12.98752371685952056, 32.77349878216980272 ) ) ;
#2675 = AXIS2_PLACEMENT_3D ( 'NONE', #191, #7872, #3558 ) ;
#2676 = CARTESIAN_POINT ( 'NONE',  ( -9.158045871907530611, -7.661398912957559482, -23.90583119286166536 ) ) ;
#2677 = DIRECTION ( 'NONE',  ( 0.0000000000000000000, 2.602085213965213107E-16, -1.000000000000000000 ) ) ;
#2678 = DIRECTION ( 'NONE',  ( 1.000000000000000000, 0.0000000000000000000, 0.0000000000000000000 ) ) ;
#2679 = CARTESIAN_POINT ( 'NONE',  ( -5.424519428695578682, -15.47891528386802484, 19.70343557249297461 ) ) ;
#2680 = FACE_BOUND ( 'NONE', #4851, .T. ) ;
#2681 = CARTESIAN_POINT ( 'NONE',  ( -7.135706427832610999, -13.86279489082537175, 1.027489556959974015 ) ) ;
#2682 = CIRCLE ( 'NONE', #8052, 5.000000000000000888 ) ;
#2683 = CARTESIAN_POINT ( 'NONE',  ( -5.050000000000010481, 11.31345246141639649, -31.50588919952478051 ) ) ;
#2684 = ORIENTED_EDGE ( 'NONE', *, *, #1820, .T. ) ;
#2685 = CARTESIAN_POINT ( 'NONE',  ( -4.628609323645899387, -14.82152330911475424, 14.80645466127752563 ) ) ;
#2686 = CARTESIAN_POINT ( 'NONE',  ( -17.36477382130101077, -6.694862793293578029, -9.193343514465972532 ) ) ;
#2687 = CARTESIAN_POINT ( 'NONE',  ( -5.007592270290990299, 7.828362386666579020, 33.67247189344470115 ) ) ;
#2688 = CARTESIAN_POINT ( 'NONE',  ( -13.15750110074283441, 10.12263190621914966, -10.15579056272181191 ) ) ;
#2689 = CARTESIAN_POINT ( 'NONE',  ( -5.040425879166877898, -15.73382964833325204, -19.92958787187196990 ) ) ;
#2690 = CARTESIAN_POINT ( 'NONE',  ( -4.188882742305804818, 10.94732168072286704, 30.49566526656249721 ) ) ;
#2691 = CARTESIAN_POINT ( 'NONE',  ( -20.00000000000003197, -8.172908003640522168, -9.236702695028943921 ) ) ;
#2692 = DIRECTION ( 'NONE',  ( -1.000000000000000000, -0.0000000000000000000, -0.0000000000000000000 ) ) ;
#2693 = CARTESIAN_POINT ( 'NONE',  ( -6.936448569575428102, -13.34315255894336794, 17.68184439945031627 ) ) ;
#2694 = CARTESIAN_POINT ( 'NONE',  ( -16.76440819886240874, -7.206577246560739169, -9.513529223228047726 ) ) ;
#2695 = ADVANCED_FACE ( 'NONE', ( #4180 ), #1652, .F. ) ;
#2696 = DIRECTION ( 'NONE',  ( 1.000000000000000000, 0.0000000000000000000, 0.0000000000000000000 ) ) ;
#2697 = CARTESIAN_POINT ( 'NONE',  ( -18.22590409280320500, 6.236536988904424206, 10.48994178656935894 ) ) ;
#2698 = CARTESIAN_POINT ( 'NONE',  ( -14.28514699782918207, 8.552696997507378995, -12.05980899573698295 ) ) ;
#2699 = CARTESIAN_POINT ( 'NONE',  ( -5.048963780357365927, 15.70263493849991221, -20.97500036509333299 ) ) ;
#2700 = CARTESIAN_POINT ( 'NONE',  ( -3.706187070847719145, 12.88170495699245954, -29.94788048220547694 ) ) ;
#2701 = PLANE ( 'NONE',  #1247 ) ;
#2702 = CARTESIAN_POINT ( 'NONE',  ( -4.999999999999989342, 15.11169356656804119, 25.61698881536396755 ) ) ;
#2703 = CARTESIAN_POINT ( 'NONE',  ( -14.26722350168108377, -8.380598355337488314, 12.47788464434033351 ) ) ;
#2704 = CARTESIAN_POINT ( 'NONE',  ( -20.00000000000001066, -2.065517064297649696, -13.47549148318328882 ) ) ;
#2705 = DIRECTION ( 'NONE',  ( -1.000000000000000000, -0.0000000000000000000, -0.0000000000000000000 ) ) ;
#2706 = CARTESIAN_POINT ( 'NONE',  ( -16.15556639952649221, 7.664799451970791822, 9.880483006100110543 ) ) ;
#2707 = CARTESIAN_POINT ( 'NONE',  ( -14.12386584289165725, 4.275396751839815934, -17.06182934502135495 ) ) ;
#2708 = CARTESIAN_POINT ( 'NONE',  ( -3.076464363268383018, 15.44238129326575937, 19.28530795435107592 ) ) ;
#2709 = CARTESIAN_POINT ( 'NONE',  ( -19.99999999999933209, 8.743360868342607617, 4.910273498269681625 ) ) ;
#2710 = CARTESIAN_POINT ( 'NONE',  ( -6.630455557925566623, -2.403398422045892602, 30.78429385806123975 ) ) ;
#2711 = CARTESIAN_POINT ( 'NONE',  ( 0.02810200220435415605, -15.09114038486053744, -27.36816086030948370 ) ) ;
#2712 = CARTESIAN_POINT ( 'NONE',  ( -5.676541006158822178, -15.01372086751510615, 22.34785194201937131 ) ) ;
#2713 = EDGE_LOOP ( 'NONE', ( #1836, #3406 ) ) ;
#2714 = ORIENTED_EDGE ( 'NONE', *, *, #4340, .F. ) ;
#2715 = CARTESIAN_POINT ( 'NONE',  ( -5.000000000000000000, -15.75000000000001421, 10.17227422567047945 ) ) ;
#2716 = EDGE_CURVE ( 'NONE', #8021, #7661, #4766, .T. ) ;
#2717 = CARTESIAN_POINT ( 'NONE',  ( -12.87923101185677233, -4.772839637127076706, -19.00455762343483457 ) ) ;
#2718 = LINE ( 'NONE', #824, #8222 ) ;
#2719 = DIRECTION ( 'NONE',  ( 0.0000000000000000000, 0.0000000000000000000, -1.000000000000000000 ) ) ;
#2720 = CARTESIAN_POINT ( 'NONE',  ( -4.578687744801095860, -15.91852490207956983, 19.21451488297665122 ) ) ;
#2721 = CARTESIAN_POINT ( 'NONE',  ( -5.033753997311325890, 15.73706133309064548, -1.469191742036244586 ) ) ;
#2722 = CARTESIAN_POINT ( 'NONE',  ( -7.085608513973335576, -13.74779294732770474, -7.433686854871830896 ) ) ;
#2723 = AXIS2_PLACEMENT_3D ( 'NONE', #4009, #6570, #5327 ) ;
#2724 = CARTESIAN_POINT ( 'NONE',  ( 0.0000000000000000000, -12.98752371685957563, -32.77349878216972456 ) ) ;
#2725 = CARTESIAN_POINT ( 'NONE',  ( 0.02782555748655106756, -16.68409726156772166, 19.86921791731361608 ) ) ;
#2726 = CARTESIAN_POINT ( 'NONE',  ( -6.914623900929906419, -13.31899577308026572, -18.32737608660186268 ) ) ;
#2727 = CARTESIAN_POINT ( 'NONE',  ( -5.691435640098656101, 14.94979681367429514, 22.59088383461187277 ) ) ;
#2728 = CARTESIAN_POINT ( 'NONE',  ( -18.01309393710069884, 6.708072370832189435, -8.149940737680282155 ) ) ;
#2729 = CARTESIAN_POINT ( 'NONE',  ( -4.509278036884312613, -15.94584289473009342, -20.13646520667858653 ) ) ;
#2730 = CARTESIAN_POINT ( 'NONE',  ( -18.47109172532299581, 0.9937339205480151261, 10.58411239545003468 ) ) ;
#2731 = CARTESIAN_POINT ( 'NONE',  ( -19.99999999999928590, -4.478047568535562739, -9.051301198755064448 ) ) ;
#2732 = CARTESIAN_POINT ( 'NONE',  ( -3.471926600110350591, -7.207224149765343313, 34.69792319485409848 ) ) ;
#2733 = CARTESIAN_POINT ( 'NONE',  ( -18.01586261443906167, -6.706513295633931726, 8.147652362767281886 ) ) ;
#2734 = CARTESIAN_POINT ( 'NONE',  ( -9.397384728371621421, -11.76379169335186603, -15.85352322605996100 ) ) ;
#2735 = ORIENTED_EDGE ( 'NONE', *, *, #6010, .F. ) ;
#2736 = DIRECTION ( 'NONE',  ( 1.000000000000000000, 0.0000000000000000000, -0.0000000000000000000 ) ) ;
#2737 = CARTESIAN_POINT ( 'NONE',  ( -4.462418118968582093, 14.90678844814204851, 19.99999999291883057 ) ) ;
#2738 = CARTESIAN_POINT ( 'NONE',  ( -11.80290994518236047, 9.980179315710314469, -14.81181593250360606 ) ) ;
#2739 = CIRCLE ( 'NONE', #4908, 2.000000000000001776 ) ;
#2740 = CARTESIAN_POINT ( 'NONE',  ( -5.549169292459435354, 15.34857623968291840, -20.66905630888037848 ) ) ;
#2741 = CARTESIAN_POINT ( 'NONE',  ( -3.638115803601961851, 11.86017469857205953, -31.18662041715861122 ) ) ;
#2742 = FACE_OUTER_BOUND ( 'NONE', #2045, .T. ) ;
#2743 = CARTESIAN_POINT ( 'NONE',  ( -20.00000000000000711, -3.380946489628878115, 9.438378003944071892 ) ) ;
#2744 = CARTESIAN_POINT ( 'NONE',  ( -17.33326217688127358, -6.237015192110745510, 9.787276961898408345 ) ) ;
#2745 = CARTESIAN_POINT ( 'NONE',  ( -20.00000000000002842, -6.026938394294159451, 11.51346137697749583 ) ) ;
#2746 = CARTESIAN_POINT ( 'NONE',  ( -14.30506096940719551, -8.684598524331333280, -11.67928174316132406 ) ) ;
#2747 = CARTESIAN_POINT ( 'NONE',  ( -9.402047881273638552, 11.80041223496940006, 15.53153109548285116 ) ) ;
#2748 = CARTESIAN_POINT ( 'NONE',  ( -17.85757411181116083, 2.679405670562177377, -11.24579337461916140 ) ) ;
#2749 = CARTESIAN_POINT ( 'NONE',  ( 0.02782555748663729719, 16.68409726156776074, 17.03995846350091270 ) ) ;
#2750 = CARTESIAN_POINT ( 'NONE',  ( -18.18530603233527998, 5.070505605775992741, 11.50522388899496207 ) ) ;
#2751 = CARTESIAN_POINT ( 'NONE',  ( -18.47716360744356123, -1.863041522815577888, 10.41968430732389095 ) ) ;
#2752 = CARTESIAN_POINT ( 'NONE',  ( 0.02804531461323480496, -10.90679830943302875, -32.62554226784407518 ) ) ;
#2753 = CARTESIAN_POINT ( 'NONE',  ( -5.542514722453255160, 15.35921265877371233, 20.59519539464942284 ) ) ;
#2754 = VERTEX_POINT ( 'NONE', #6407 ) ;
#2755 = CARTESIAN_POINT ( 'NONE',  ( 0.0000000000000000000, -2.255140518769849223E-14, 38.22612575590912343 ) ) ;
#2756 = CARTESIAN_POINT ( 'NONE',  ( -15.70998142814917742, 9.515769318773052987, 6.558146735263600924 ) ) ;
#2757 = CARTESIAN_POINT ( 'NONE',  ( -14.11537924708271241, -3.309147996508889911, -17.51489041611392494 ) ) ;
#2758 = CARTESIAN_POINT ( 'NONE',  ( 5.000000000000000000, 22.75000000000000000, 19.99999999999999645 ) ) ;
#2759 = CARTESIAN_POINT ( 'NONE',  ( 0.0000000000000000000, 19.99999999999999645, -36.50000000000000711 ) ) ;
#2760 = CARTESIAN_POINT ( 'NONE',  ( -4.568347260972532631, -15.92266109561100329, 19.53638202267181612 ) ) ;
#2761 = CARTESIAN_POINT ( 'NONE',  ( -4.546795794781155919, 15.93128168208754403, -19.85753540950338447 ) ) ;
#2762 = CARTESIAN_POINT ( 'NONE',  ( -18.22359887465500705, -8.642959680247205512, -4.744559100724017320 ) ) ;
#2763 = VECTOR ( 'NONE', #1968, 1000.000000000000000 ) ;
#2764 = EDGE_CURVE ( 'NONE', #3049, #3256, #7389, .T. ) ;
#2765 = CARTESIAN_POINT ( 'NONE',  ( -4.628609323645899387, -14.82152330911474714, 10.99340659180126600 ) ) ;
#2766 = CARTESIAN_POINT ( 'NONE',  ( -17.98372146609787237, -6.352643925508777656, -8.599445264807368261 ) ) ;
#2767 = CARTESIAN_POINT ( 'NONE',  ( -5.873579245655630388, 9.435925309655216253, 30.97247094630276010 ) ) ;
#2768 = CARTESIAN_POINT ( 'NONE',  ( 6.505213034913026604E-16, 14.97527853787484808, 27.39282105786542232 ) ) ;
#2769 = CARTESIAN_POINT ( 'NONE',  ( -6.638952339848756878, 5.039268496757803639, 29.98461033801236653 ) ) ;
#2770 = CARTESIAN_POINT ( 'NONE',  ( -20.00000000000002487, -8.770305452349838049, -8.406692963553291875 ) ) ;
#2771 = CARTESIAN_POINT ( 'NONE',  ( -4.525595326351283809, -15.93976186945955575, 19.99999998973653348 ) ) ;
#2772 = CARTESIAN_POINT ( 'NONE',  ( -16.23911467218452742, -8.473909624531826168, 8.204667369635744834 ) ) ;
#2773 = CARTESIAN_POINT ( 'NONE',  ( 0.0000000000000000000, 17.75000000000001066, -19.99999999999995737 ) ) ;
#2774 = CARTESIAN_POINT ( 'NONE',  ( -3.076565171114236552, 9.991750797318150745, 31.77376311547153875 ) ) ;
#2775 = CARTESIAN_POINT ( 'NONE',  ( -4.557497701780253152, 14.84996795786100421, 17.34615215249739251 ) ) ;
#2776 = CARTESIAN_POINT ( 'NONE',  ( -17.31757714478947108, 6.013348867043862178, -10.04765506138251752 ) ) ;
#2777 = CARTESIAN_POINT ( 'NONE',  ( -4.540478733779350407, 15.93380850648827263, -19.90538607430745799 ) ) ;
#2778 = CARTESIAN_POINT ( 'NONE',  ( -5.000000000000000888, 15.75000000000000711, -4.407281562878754499 ) ) ;
#2779 = CARTESIAN_POINT ( 'NONE',  ( -5.542444504879380673, 15.35931927377703765, -20.59442808309326978 ) ) ;
#2780 = CARTESIAN_POINT ( 'NONE',  ( -4.999999999999985789, -12.44862432635685501, 30.04695997521001161 ) ) ;
#2781 = CARTESIAN_POINT ( 'NONE',  ( -15.51689213529334843, -7.787966186915319611, 10.93500012881252381 ) ) ;
#2782 = CARTESIAN_POINT ( 'NONE',  ( -4.568348606370452814, 15.92266055745183273, 19.53616493945496302 ) ) ;
#2783 = CARTESIAN_POINT ( 'NONE',  ( -19.23409616092165919, -5.760605203063490443, -7.369155358958561663 ) ) ;
#2784 = CARTESIAN_POINT ( 'NONE',  ( -19.24398093585124769, 5.895559000252326598, 7.246994384604153794 ) ) ;
#2785 = CARTESIAN_POINT ( 'NONE',  ( -15.98369646144537093, 2.697773240966194308, -14.46205745222492745 ) ) ;
#2786 = CARTESIAN_POINT ( 'NONE',  ( -4.628609323645898499, 14.82152330911475069, 15.29072768573229091 ) ) ;
#2787 = CARTESIAN_POINT ( 'NONE',  ( -19.99999999999969091, 6.153225652785378585, -7.999621621391097115 ) ) ;
#2788 = CARTESIAN_POINT ( 'NONE',  ( -16.60370367018641247, -1.745961276684679708, 13.66458555173835343 ) ) ;
#2789 = CARTESIAN_POINT ( 'NONE',  ( 0.02790188145362199751, 5.491105461843916125, -35.75490554424946055 ) ) ;
#2790 = CARTESIAN_POINT ( 'NONE',  ( 3.000000000000000000, -19.99999999999999645, -38.50000000000000711 ) ) ;
#2791 = ORIENTED_EDGE ( 'NONE', *, *, #2838, .F. ) ;
#2792 = CARTESIAN_POINT ( 'NONE',  ( -5.049999999999999822, 15.73000000000001819, 22.11486045647536614 ) ) ;
#2793 = CARTESIAN_POINT ( 'NONE',  ( -18.87742052495405787, 8.658813690951456365, 3.849437482542999778 ) ) ;
#2794 = CARTESIAN_POINT ( 'NONE',  ( -19.09730058202010738, -1.648785605317289793, -9.420522266855504867 ) ) ;
#2795 = CARTESIAN_POINT ( 'NONE',  ( -5.000000000000001776, 4.879235440782118793, -35.00482845895800210 ) ) ;
#2796 = CARTESIAN_POINT ( 'NONE',  ( -5.000000000000000000, -15.74999999999998579, -19.99999999256572991 ) ) ;
#2797 = DIRECTION ( 'NONE',  ( 0.0000000000000000000, 0.0000000000000000000, 1.000000000000000000 ) ) ;
#2798 = DIRECTION ( 'NONE',  ( -0.0000000000000000000, 0.9912586886640134543, 0.1319326045680171977 ) ) ;
#2799 = CARTESIAN_POINT ( 'NONE',  ( -17.63898679876189846, -9.183094692005363768, -4.242983001704551782 ) ) ;
#2800 = AXIS2_PLACEMENT_3D ( 'NONE', #1101, #6164, #3608 ) ;
#2801 = CARTESIAN_POINT ( 'NONE',  ( 0.02782555748655112307, -16.68409726156772166, 19.24967307163279173 ) ) ;
#2802 = CARTESIAN_POINT ( 'NONE',  ( -11.83508353764375265, -10.15494041056491525, -14.11138829082598356 ) ) ;
#2803 = CARTESIAN_POINT ( 'NONE',  ( -5.498484976650918732, 15.41761026394405221, 20.13704483685271285 ) ) ;
#2804 = CARTESIAN_POINT ( 'NONE',  ( -1.280713816248502902E-15, -16.67296703857309126, 11.88760936538842650 ) ) ;
#2805 = CARTESIAN_POINT ( 'NONE',  ( -17.85175591230473557, 1.735949920439705529, 11.51397957988684340 ) ) ;
#2806 = AXIS2_PLACEMENT_3D ( 'NONE', #6850, #7518, #3668 ) ;
#2807 = CARTESIAN_POINT ( 'NONE',  ( -18.24040371603345534, -6.524658683355343491, -10.18280058269884769 ) ) ;
#2808 = CARTESIAN_POINT ( 'NONE',  ( -7.318364664277165776E-16, 14.70137367232464776, -27.92242191972262688 ) ) ;
#2809 = CARTESIAN_POINT ( 'NONE',  ( -13.22294432673460030, -10.58350921082173457, 8.123281145301188388 ) ) ;
#2810 = FACE_OUTER_BOUND ( 'NONE', #5034, .T. ) ;
#2811 = CARTESIAN_POINT ( 'NONE',  ( -4.628682092164909889, 14.50662611276963077, 23.49233661598453438 ) ) ;
#2812 = CARTESIAN_POINT ( 'NONE',  ( -3.076464363268383018, 15.44238129326574871, -15.69475132215093716 ) ) ;
#2813 = EDGE_CURVE ( 'NONE', #5573, #8021, #2489, .T. ) ;
#2814 = CARTESIAN_POINT ( 'NONE',  ( -18.16880076472337890, 4.332637428137816826, 11.99794524012318320 ) ) ;
#2815 = CARTESIAN_POINT ( 'NONE',  ( -19.23478253406069172, 5.770154785739693537, -7.360656554640695681 ) ) ;
#2816 = CARTESIAN_POINT ( 'NONE',  ( -3.495377924713758855, 8.195822347441687583, -34.15907582175172053 ) ) ;
#2817 = CARTESIAN_POINT ( 'NONE',  ( -11.85344867031704652, 10.22064193585835312, 13.77407545426738089 ) ) ;
#2818 = CARTESIAN_POINT ( 'NONE',  ( -4.850000000000000533, -15.84563114022062891, -20.12143636102235078 ) ) ;
#2819 = CARTESIAN_POINT ( 'NONE',  ( -5.428022304984532198, 15.47646704150021435, 19.71866185161721319 ) ) ;
#2820 = CARTESIAN_POINT ( 'NONE',  ( -14.29817605012720882, -8.625910650078145281, 11.84576752856661841 ) ) ;
#2821 = CARTESIAN_POINT ( 'NONE',  ( -14.31162345011572867, -8.726966340126736554, -11.55221076494676602 ) ) ;
#2822 = CARTESIAN_POINT ( 'NONE',  ( -4.727258297426804923, 15.85909668102927483, -14.70846463340095589 ) ) ;
#2823 = CARTESIAN_POINT ( 'NONE',  ( -19.23358411028286952, -5.753465989964716698, -7.375500117108589215 ) ) ;
#2824 = AXIS2_PLACEMENT_3D ( 'NONE', #1774, #7028, #3802 ) ;
#2825 = CARTESIAN_POINT ( 'NONE',  ( -6.940678068040512905, 13.35843789802204640, 17.33865461096432270 ) ) ;
#2826 = CARTESIAN_POINT ( 'NONE',  ( -9.177874886772883656, 8.769993471864843571, -22.79582548911265150 ) ) ;
#2827 = CARTESIAN_POINT ( 'NONE',  ( -4.628609323645411777, 14.82152330911494609, 4.407281562876014469 ) ) ;
#2828 = CARTESIAN_POINT ( 'NONE',  ( -18.52795377494818396, 9.646822697600425656, -4.875038601851734654 ) ) ;
#2829 = CARTESIAN_POINT ( 'NONE',  ( -15.37562729646770521, -4.122666552114305993, 14.90372583004237406 ) ) ;
#2830 = CARTESIAN_POINT ( 'NONE',  ( 0.02781316852122444130, 2.666527208883782141, -36.46908902705317246 ) ) ;
#2831 = CARTESIAN_POINT ( 'NONE',  ( 5.000000000000000000, 2.733323094352584069E-15, 19.99999999999999645 ) ) ;
#2832 = VERTEX_POINT ( 'NONE', #2534 ) ;
#2833 = DIRECTION ( 'NONE',  ( 0.0000000000000000000, 0.0000000000000000000, 1.000000000000000000 ) ) ;
#2834 = CARTESIAN_POINT ( 'NONE',  ( -17.68913838653068993, 9.550573428481779814, 2.667144799542071176 ) ) ;
#2835 = CARTESIAN_POINT ( 'NONE',  ( -17.85399518128800977, -2.355323367415286029, -11.35633422961786287 ) ) ;
#2836 = CARTESIAN_POINT ( 'NONE',  ( -4.849999999999995204, 15.81780785821801771, -9.557070928535351229 ) ) ;
#2837 = CARTESIAN_POINT ( 'NONE',  ( -19.99999999999999645, -2.344222045969263313, -9.732438467498862877 ) ) ;
#2838 = EDGE_CURVE ( 'NONE', #5573, #4964, #5306, .T. ) ;
#2839 = CARTESIAN_POINT ( 'NONE',  ( -5.009933486148374193, 15.74602660554145750, -18.58636764296627319 ) ) ;
#2840 = CYLINDRICAL_SURFACE ( 'NONE', #2453, 24.25000000000000000 ) ;
#2841 = CARTESIAN_POINT ( 'NONE',  ( -13.20589598180588453, -10.46576963226619483, -8.669705451256286111 ) ) ;
#2842 = CARTESIAN_POINT ( 'NONE',  ( 0.02782555748655196615, -16.68409726156771100, -15.08418146542267202 ) ) ;
#2843 = CARTESIAN_POINT ( 'NONE',  ( -6.906079229467653846, -13.30774267779196585, -18.52026692355003945 ) ) ;
#2844 = UNCERTAINTY_MEASURE_WITH_UNIT (LENGTH_MEASURE( 1.000000000000000082E-05 ), #586, 'distance_accuracy_value', 'NONE');
#2845 = CARTESIAN_POINT ( 'NONE',  ( -4.530392732882760676, 15.93784290684691385, 19.97116610101183198 ) ) ;
#2846 = CARTESIAN_POINT ( 'NONE',  ( 4.878909776184716705E-16, 13.17165817773515357, 30.23292650294484574 ) ) ;
#2847 = CARTESIAN_POINT ( 'NONE',  ( -14.11452007937537623, 2.815247101342443159, 17.67508061958369936 ) ) ;
#2848 = CARTESIAN_POINT ( 'NONE',  ( -20.00000000000002487, -11.36148706340624059, 1.655038157937781973 ) ) ;
#2849 = LINE ( 'NONE', #7397, #2240 ) ;
#2850 = CARTESIAN_POINT ( 'NONE',  ( -18.20815978601856244, -8.528817283322664977, 5.078074997221196263 ) ) ;
#2851 = ORIENTED_EDGE ( 'NONE', *, *, #459, .T. ) ;
#2852 = DIRECTION ( 'NONE',  ( -1.000000000000000000, -0.0000000000000000000, -0.0000000000000000000 ) ) ;
#2853 = CARTESIAN_POINT ( 'NONE',  ( -4.628775897258373462, 13.91183104980519936, 25.11312636103365392 ) ) ;
#2854 = CARTESIAN_POINT ( 'NONE',  ( -4.628609323645891394, 14.82152330911474536, -3.181319270237885188 ) ) ;
#2855 = CARTESIAN_POINT ( 'NONE',  ( -5.795099239506521727, -14.10739796244259914, 24.93534263069028967 ) ) ;
#2856 = CARTESIAN_POINT ( 'NONE',  ( -9.394329117607215451, 11.75904691279030878, -15.90967941234251803 ) ) ;
#2857 = CARTESIAN_POINT ( 'NONE',  ( -3.989375600768460206, 15.16286977525252588, -25.59864782658104332 ) ) ;
#2858 = CARTESIAN_POINT ( 'NONE',  ( -16.76411193204168271, 7.203687011570710119, 9.518467901749085414 ) ) ;
#2859 = CARTESIAN_POINT ( 'NONE',  ( -5.647066029742335402, -15.12483457541488541, -21.89366933105834434 ) ) ;
#2860 = CARTESIAN_POINT ( 'NONE',  ( -4.570928180893986337, 15.92162872764241932, 19.45591497079295351 ) ) ;
#2861 = CARTESIAN_POINT ( 'NONE',  ( -16.14859309927599895, -7.562156352251540703, 10.07500307948010843 ) ) ;
#2862 = CARTESIAN_POINT ( 'NONE',  ( -19.24387982341051284, -5.851403597292631709, -7.283278034863063688 ) ) ;
#2863 = CARTESIAN_POINT ( 'NONE',  ( -4.540801334619411378, -15.93367946615223119, -19.90517421465882109 ) ) ;
#2864 = EDGE_CURVE ( 'NONE', #7825, #1572, #3177, .T. ) ;
#2865 = CARTESIAN_POINT ( 'NONE',  ( -17.37685603102391596, -6.831918590855060813, -8.997508969645158672 ) ) ;
#2866 = CARTESIAN_POINT ( 'NONE',  ( -15.53645417622655955, 7.977653610416774121, 10.52218965220826519 ) ) ;
#2867 = CARTESIAN_POINT ( 'NONE',  ( -6.669199024480560567, 8.999160932714328709, -27.53650892940551742 ) ) ;
#2868 = DIRECTION ( 'NONE',  ( 0.0000000000000000000, 0.0000000000000000000, -1.000000000000000000 ) ) ;
#2869 = CARTESIAN_POINT ( 'NONE',  ( -18.36220944884310313, 8.108391164030569698, -8.009423242027242651 ) ) ;
#2870 = CARTESIAN_POINT ( 'NONE',  ( -6.679028816828618709, -9.646757571646528362, 26.90645649940815787 ) ) ;
#2871 = CARTESIAN_POINT ( 'NONE',  ( -3.076414013687951421, -0.2184994888101722821, -35.44137877674754122 ) ) ;
#2872 = B_SPLINE_CURVE_WITH_KNOTS ( 'NONE', 3,
 ( #2086, #5265, #4669, #7218, #1293, #4026, #1454, #3868 ),
 .UNSPECIFIED., .F., .F.,
 ( 4, 2, 2, 4 ),
 ( 0.01884419728375029413, 0.2628028726964903861, 0.5067615481092304641, 0.9946788989347107313 ),
 .UNSPECIFIED. ) ;
#2873 = PLANE ( 'NONE',  #431 ) ;
#2874 = EDGE_LOOP ( 'NONE', ( #2531, #2735, #1920, #2684 ) ) ;
#2875 = CARTESIAN_POINT ( 'NONE',  ( 0.0000000000000000000, -17.74999999999998579, -9.833252326675909316 ) ) ;
#2876 = CARTESIAN_POINT ( 'NONE',  ( -4.614262300478846335, 14.82732353757227450, 6.587216087817322929 ) ) ;
#2877 = CARTESIAN_POINT ( 'NONE',  ( -15.35531271098378703, -2.020663958477356026, -15.75841566210314149 ) ) ;
#2878 = CARTESIAN_POINT ( 'NONE',  ( -18.86001012260030762, 8.520658053314305036, -4.149265100320412181 ) ) ;
#2879 = CARTESIAN_POINT ( 'NONE',  ( -19.99999999999998224, 3.380946489628498419, -9.438378003944203343 ) ) ;
#2880 = LINE ( 'NONE', #984, #1614 ) ;
#2881 = CARTESIAN_POINT ( 'NONE',  ( -4.610040115959035845, 15.90598395361638850, -18.24893453205874394 ) ) ;
#2882 = CARTESIAN_POINT ( 'NONE',  ( -19.46441307933801568, -8.102273341900941617, -4.260449343806003597 ) ) ;
#2883 = EDGE_LOOP ( 'NONE', ( #6318, #1156, #2573, #5119 ) ) ;
#2884 = ADVANCED_FACE ( 'NONE', ( #3076 ), #7621, .T. ) ;
#2885 = CARTESIAN_POINT ( 'NONE',  ( -1.524319402891592290, -16.06323927741645718, -19.27088717542599738 ) ) ;
#2886 = CARTESIAN_POINT ( 'NONE',  ( -13.01313278357083902, -8.985794499496890353, -14.15946180122473663 ) ) ;
#2887 = CARTESIAN_POINT ( 'NONE',  ( -20.00000000000001066, 7.249801528429591357, 10.36450811029825658 ) ) ;
#2888 = CARTESIAN_POINT ( 'NONE',  ( 9.757819552369628653E-16, 16.34655396690672191, 23.31356392472401140 ) ) ;
#2889 = CARTESIAN_POINT ( 'NONE',  ( -15.36024204078150213, 2.452248404690910100, 15.62195935952843229 ) ) ;
#2890 = CARTESIAN_POINT ( 'NONE',  ( -20.00000000000002487, -9.782414234060581748, 6.707263725764735618 ) ) ;
#2891 = DIRECTION ( 'NONE',  ( -1.000000000000000000, -0.0000000000000000000, -0.0000000000000000000 ) ) ;
#2892 = CARTESIAN_POINT ( 'NONE',  ( -9.512504794686121201, -12.39998354762390242, 9.852697898657520881 ) ) ;
#2893 = CARTESIAN_POINT ( 'NONE',  ( 0.0000000000000000000, -17.99999999999999645, -36.50000000000000711 ) ) ;
#2894 = ADVANCED_FACE ( 'NONE', ( #7034, #1946 ), #3810, .F. ) ;
#2895 = CARTESIAN_POINT ( 'NONE',  ( 0.02781008039882254881, 3.139123147255244994, 36.38547117346378457 ) ) ;
#2896 = CARTESIAN_POINT ( 'NONE',  ( -1.524319402890893960, 16.06323927741674495, -6.958059970510197978 ) ) ;
#2897 = CARTESIAN_POINT ( 'NONE',  ( -5.046572505254942165, -15.73003230029207522, 20.23910315006293459 ) ) ;
#2898 = CARTESIAN_POINT ( 'NONE',  ( -14.30601441936019924, 8.690527939019645487, -11.66147979959479386 ) ) ;
#2899 = CARTESIAN_POINT ( 'NONE',  ( -5.870911912807810218, 5.856297619752337980, -33.08831166714335126 ) ) ;
#2900 = CARTESIAN_POINT ( 'NONE',  ( -5.000000000000000000, 15.75000000000000711, -4.407281562878725190 ) ) ;
#2901 = CARTESIAN_POINT ( 'NONE',  ( -5.593261691255484891, -15.26436470765561992, -21.18749569830406543 ) ) ;
#2902 = CARTESIAN_POINT ( 'NONE',  ( -4.641744592727087948, 15.89330216290918152, 17.28337659855249697 ) ) ;
#2903 = CARTESIAN_POINT ( 'NONE',  ( -6.922056684364633838, -13.32532169935826083, 18.17462950128804877 ) ) ;
#2904 = CARTESIAN_POINT ( 'NONE',  ( -9.403051395862412676, -11.79977932991251244, -15.53071363509779879 ) ) ;
#2905 = ORIENTED_EDGE ( 'NONE', *, *, #6804, .T. ) ;
#2906 = VECTOR ( 'NONE', #5608, 1000.000000000000000 ) ;
#2907 = CARTESIAN_POINT ( 'NONE',  ( -16.75866383360024514, -7.176159216854029133, -9.569977707662383537 ) ) ;
#2908 = CARTESIAN_POINT ( 'NONE',  ( -6.934104904333118213, 13.33759744419472071, 17.81709533131755308 ) ) ;
#2909 = CARTESIAN_POINT ( 'NONE',  ( -6.701408853051685988, 10.78509528869773249, -25.55582061857420584 ) ) ;
#2910 = CARTESIAN_POINT ( 'NONE',  ( -4.628609323644993445, 14.82152330911510774, -4.407281562882381820 ) ) ;
#2911 = CARTESIAN_POINT ( 'NONE',  ( -18.63976232861086757, 10.50390281961029437, 0.7728080283617271284 ) ) ;
#2912 = CARTESIAN_POINT ( 'NONE',  ( -16.63612137616080133, -4.514516597176704060, 12.44355174626730687 ) ) ;
#2913 = CARTESIAN_POINT ( 'NONE',  ( 0.02780022683464148520, 3.626995438586301024, -36.31325343353385193 ) ) ;
#2914 = FACE_OUTER_BOUND ( 'NONE', #4218, .T. ) ;
#2915 = CARTESIAN_POINT ( 'NONE',  ( 3.000000000000000000, 21.24999999999997158, -45.25000000000000711 ) ) ;
#2916 = CARTESIAN_POINT ( 'NONE',  ( -16.87058562102496495, 8.298302698646860875, 7.470699401018108254 ) ) ;
#2917 = CARTESIAN_POINT ( 'NONE',  ( -12.86695568010223134, -3.184007200985212727, -19.73012661913576338 ) ) ;
#2918 = CARTESIAN_POINT ( 'NONE',  ( -7.035134438102013554, 13.62581215955181158, -10.98156995326831975 ) ) ;
#2919 = CARTESIAN_POINT ( 'NONE',  ( -4.850000000000001421, -2.779248481947947713, -35.83101590996574259 ) ) ;
#2920 = DIRECTION ( 'NONE',  ( -0.0000000000000000000, -0.0000000000000000000, 1.000000000000000000 ) ) ;
#2921 = CARTESIAN_POINT ( 'NONE',  ( -5.471983146749971993, -15.44293272405128370, 19.94218731177346626 ) ) ;
#2922 = CARTESIAN_POINT ( 'NONE',  ( -18.16788477872936980, -4.352830222494636025, -12.01906349748403358 ) ) ;
#2923 = CARTESIAN_POINT ( 'NONE',  ( -18.66945500674034975, -6.768105503645766241, -7.152426139741513644 ) ) ;
#2924 = ORIENTED_EDGE ( 'NONE', *, *, #4609, .F. ) ;
#2925 = CARTESIAN_POINT ( 'NONE',  ( 0.02782555748655312841, -16.68409726156771100, -18.02205736100592048 ) ) ;
#2926 = CARTESIAN_POINT ( 'NONE',  ( -19.16903489046056919, -4.616347478258928660, -8.237000370220604495 ) ) ;
#2927 = CARTESIAN_POINT ( 'NONE',  ( -5.480542964915158244, 15.43518503273607223, 20.00000000041541881 ) ) ;
#2928 = CARTESIAN_POINT ( 'NONE',  ( 4.878909776184785730E-16, -15.80988668623931481, 25.31749081955028302 ) ) ;
#2929 = CARTESIAN_POINT ( 'NONE',  ( -18.46910462827047894, -0.1542411986111947297, 10.63994275394304800 ) ) ;
#2930 = CARTESIAN_POINT ( 'NONE',  ( -20.00000000000002842, -8.135245054041446267, 9.286441732380605885 ) ) ;
#2931 = DIRECTION ( 'NONE',  ( -0.0000000000000000000, -1.000000000000000000, -0.0000000000000000000 ) ) ;
#2932 = CARTESIAN_POINT ( 'NONE',  ( -14.35620609801233449, -9.163310690232380651, 10.28508729574220482 ) ) ;
#2933 = VERTEX_POINT ( 'NONE', #6322 ) ;
#2934 = AXIS2_PLACEMENT_3D ( 'NONE', #7043, #2415, #3176 ) ;
#2935 = DIRECTION ( 'NONE',  ( -0.1246915649137971399, 0.04987662596551786093, -0.9909411364060148886 ) ) ;
#2936 = CARTESIAN_POINT ( 'NONE',  ( 0.02783915043831549502, -4.573846411116207378, 36.07398559249294578 ) ) ;
#2937 = CARTESIAN_POINT ( 'NONE',  ( -1.524319402890893072, 16.06323927741675206, -18.53588955346824818 ) ) ;
#2938 = AXIS2_PLACEMENT_3D ( 'NONE', #5599, #6892, #6227 ) ;
#2939 = CARTESIAN_POINT ( 'NONE',  ( -4.162739361849125963, -15.70326514684871810, 23.51938613853419824 ) ) ;
#2940 = CARTESIAN_POINT ( 'NONE',  ( -14.30173758588113664, 8.663943751605456711, -11.74131856523958994 ) ) ;
#2941 = CARTESIAN_POINT ( 'NONE',  ( -5.872067492761057217, 10.51943516759441088, -30.03130419659370531 ) ) ;
#2942 = CARTESIAN_POINT ( 'NONE',  ( -5.000000000000001776, 15.75000000000001421, 4.407281562877865433 ) ) ;
#2943 = CARTESIAN_POINT ( 'NONE',  ( -5.873296761017703815, -9.715589952253134598, -30.74667971547120970 ) ) ;
#2944 = CARTESIAN_POINT ( 'NONE',  ( -5.007516896639370607, 15.74699324133552913, 16.65316346759223975 ) ) ;
#2945 = CARTESIAN_POINT ( 'NONE',  ( -19.23782795920454447, -5.768456872077198483, 7.357987306877245892 ) ) ;
#2946 = EDGE_CURVE ( 'NONE', #7786, #6661, #6993, .T. ) ;
#2947 = CARTESIAN_POINT ( 'NONE',  ( -16.77475235706926071, -7.324423088412431504, -9.313829264684200027 ) ) ;
#2948 = ORIENTED_EDGE ( 'NONE', *, *, #14, .F. ) ;
#2949 = CARTESIAN_POINT ( 'NONE',  ( -9.393486490210667839, -11.75751324629890249, -15.92669106557793590 ) ) ;
#2950 = CARTESIAN_POINT ( 'NONE',  ( -9.397509838103646373, 11.77164716793400068, 15.78966822015978266 ) ) ;
#2951 = CARTESIAN_POINT ( 'NONE',  ( -16.62717117497743047, 4.207610244437441693, -12.65757085459832787 ) ) ;
#2952 = CARTESIAN_POINT ( 'NONE',  ( -4.628609323645895834, 14.82152330911475424, 19.82515810243889831 ) ) ;
#2953 = CARTESIAN_POINT ( 'NONE',  ( -20.00000000000002132, 6.296926270403748305, -7.880340644305057651 ) ) ;
#2954 = CARTESIAN_POINT ( 'NONE',  ( -18.49558474152559739, -3.232811001622563296, 9.963505667463298465 ) ) ;
#2955 = CARTESIAN_POINT ( 'NONE',  ( -4.628724671236587263, 6.346712535868898719, -33.42085797416610404 ) ) ;
#2956 = PRESENTATION_STYLE_ASSIGNMENT (( #400 ) ) ;
#2957 = CARTESIAN_POINT ( 'NONE',  ( -5.049999999999999822, -15.72999999999998977, -19.99999998981159166 ) ) ;
#2958 = CARTESIAN_POINT ( 'NONE',  ( -13.20413476923468821, 10.46665344057517366, 8.670601679819188945 ) ) ;
#2959 = CARTESIAN_POINT ( 'NONE',  ( -17.21986586515623330, -0.1643332968590388854, -12.79200379400461962 ) ) ;
#2960 = CARTESIAN_POINT ( 'NONE',  ( -16.41130087756766898, 9.822314958153624431, -4.177827980616816816 ) ) ;
#2961 = CARTESIAN_POINT ( 'NONE',  ( -20.00000000000000355, 8.969214178198878784, 4.617297917537951157 ) ) ;
#2962 = CARTESIAN_POINT ( 'NONE',  ( -19.99999999999999645, 10.09845041608854110, -2.790736391977688413E-13 ) ) ;
#2963 = CYLINDRICAL_SURFACE ( 'NONE', #1258, 3.999999999999996447 ) ;
#2964 = CARTESIAN_POINT ( 'NONE',  ( -5.003875441494808562, -15.74844982336359855, -13.43050131770835165 ) ) ;
#2965 = CARTESIAN_POINT ( 'NONE',  ( -19.29107654560537100, -6.444642714682513152, -6.694296375304101154 ) ) ;
#2966 = PRODUCT_DEFINITION_SHAPE ( 'NONE', 'NONE',  #782 ) ;
#2967 = ORIENTED_EDGE ( 'NONE', *, *, #4081, .F. ) ;
#2968 = EDGE_CURVE ( 'NONE', #4786, #7031, #860, .T. ) ;
#2969 = VECTOR ( 'NONE', #443, 1000.000000000000000 ) ;
#2970 = CARTESIAN_POINT ( 'NONE',  ( -3.076464363268368363, -15.44238129326574871, -15.22187894562909349 ) ) ;
#2971 = CARTESIAN_POINT ( 'NONE',  ( -16.08020122735872093, -6.780403844336311714, -11.37965070554055380 ) ) ;
#2972 = CARTESIAN_POINT ( 'NONE',  ( -5.045870273688455754, 15.73165189052456014, 20.08961666577422989 ) ) ;
#2973 = CARTESIAN_POINT ( 'NONE',  ( -4.386738154228286390, 12.52431140497371409, -28.13016715072403429 ) ) ;
#2974 = CARTESIAN_POINT ( 'NONE',  ( -18.59627429254885911, -10.18234370459992988, 3.056939651944885927 ) ) ;
#2975 = DIRECTION ( 'NONE',  ( 0.0000000000000000000, -1.000000000000000000, 0.0000000000000000000 ) ) ;
#2976 = CARTESIAN_POINT ( 'NONE',  ( -19.60021249885405226, -9.095571667324035658, 0.5226889246354697871 ) ) ;
#2977 = CARTESIAN_POINT ( 'NONE',  ( -4.628709751488711888, -3.970219317557635019, 34.30468046610126720 ) ) ;
#2978 = CARTESIAN_POINT ( 'NONE',  ( -4.628609323645902940, 14.82152330911474003, -10.99340659180128554 ) ) ;
#2979 = CARTESIAN_POINT ( 'NONE',  ( -5.045547438308444654, -15.73178102467663386, 20.06784878484683432 ) ) ;
#2980 = CARTESIAN_POINT ( 'NONE',  ( -16.76062377945142856, 7.195556677704568749, -9.537078532751408488 ) ) ;
#2981 = CARTESIAN_POINT ( 'NONE',  ( -5.659841933076407372, 15.08238394564257412, -22.07937313673717483 ) ) ;
#2982 = CARTESIAN_POINT ( 'NONE',  ( -16.05848855668240560, 6.290411233405561298, 11.98266979825799794 ) ) ;
#2983 = CARTESIAN_POINT ( 'NONE',  ( -18.31676533571249976, 7.590125637139157888, -8.798026917113384471 ) ) ;
#2984 = CARTESIAN_POINT ( 'NONE',  ( -5.011150982472804216, 15.74553960701144639, 19.55284903466843716 ) ) ;
#2985 = CARTESIAN_POINT ( 'NONE',  ( -16.14982805443005276, -7.573061846493660099, 10.05355605661581642 ) ) ;
#2986 = CARTESIAN_POINT ( 'NONE',  ( -16.76834278983553261, -7.252132756109141987, -9.436843197585455201 ) ) ;
#2987 = ORIENTED_EDGE ( 'NONE', *, *, #1456, .F. ) ;
#2988 = CARTESIAN_POINT ( 'NONE',  ( -16.14233306163007953, -7.528815404866994854, -10.14495456559172126 ) ) ;
#2989 = CARTESIAN_POINT ( 'NONE',  ( -15.53493560673585350, 7.961217552147081378, 10.55851949554462799 ) ) ;
#2990 = CARTESIAN_POINT ( 'NONE',  ( -18.48794212413866944, 2.966186964184667652, -10.07971751808372396 ) ) ;
#2991 = DIRECTION ( 'NONE',  ( 0.0000000000000000000, -0.0000000000000000000, -1.000000000000000000 ) ) ;
#2992 = CARTESIAN_POINT ( 'NONE',  ( -18.27372494200105280, 7.043284125698395570, -9.551411723349051641 ) ) ;
#2993 = CARTESIAN_POINT ( 'NONE',  ( -17.86448299405235574, -2.972683234209764880, 11.12056405264007530 ) ) ;
#2994 = CARTESIAN_POINT ( 'NONE',  ( 0.02782555748664033296, 16.68409726156777140, -19.93126334839102043 ) ) ;
#2995 = SURFACE_STYLE_USAGE ( .BOTH. , #5041 ) ;
#2996 = VECTOR ( 'NONE', #3777, 1000.000000000000000 ) ;
#2997 = CARTESIAN_POINT ( 'NONE',  ( 0.0000000000000000000, -17.75000000000000355, 3.122502256758252770E-14 ) ) ;
#2998 = CARTESIAN_POINT ( 'NONE',  ( -13.14036602525875530, 9.982356018796867403, 10.69701041441680722 ) ) ;
#2999 = CARTESIAN_POINT ( 'NONE',  ( -14.10960108608679953, -2.322543284375456540, -17.84195917047336977 ) ) ;
#3000 =( NAMED_UNIT ( * ) SI_UNIT ( $, .STERADIAN. ) SOLID_ANGLE_UNIT ( ) );
#3001 = CARTESIAN_POINT ( 'NONE',  ( -19.36596428622230093, 7.268882860165581050, -5.679417182294719701 ) ) ;
#3002 = CARTESIAN_POINT ( 'NONE',  ( -4.999999999999997335, 15.75000000000001421, 14.49500089889981425 ) ) ;
#3003 = CARTESIAN_POINT ( 'NONE',  ( -4.565452173914292366, 15.92381913043428732, -19.62690799444607137 ) ) ;
#3004 = CARTESIAN_POINT ( 'NONE',  ( -5.412439175649855549, -15.48780926478489128, -19.56901003664202676 ) ) ;
#3005 = CARTESIAN_POINT ( 'NONE',  ( -11.88853884628272972, -10.50793339748824629, -12.36037533391883692 ) ) ;
#3006 = ORIENTED_EDGE ( 'NONE', *, *, #1952, .F. ) ;
#3007 = CARTESIAN_POINT ( 'NONE',  ( -1.524319402891593844, -16.06323927741645363, -16.11975100990530407 ) ) ;
#3008 = CARTESIAN_POINT ( 'NONE',  ( -16.71916598835732870, -6.711077635364333993, -10.28703126360996123 ) ) ;
#3009 = CARTESIAN_POINT ( 'NONE',  ( -20.00000000000003197, 1.607736913932172662, -13.56961502335153824 ) ) ;
#3010 = CARTESIAN_POINT ( 'NONE',  ( -4.545086448088567543, 14.85738527321146130, -19.81230269999010218 ) ) ;
#3011 = CARTESIAN_POINT ( 'NONE',  ( -18.41885462637840121, -8.684019556375096371, 7.014471678173442193 ) ) ;
#3012 = CARTESIAN_POINT ( 'NONE',  ( -7.318364664277064211E-16, -16.50176942439576067, -22.42559469025532692 ) ) ;
#3013 = ADVANCED_FACE ( 'NONE', ( #5205 ), #5827, .T. ) ;
#3014 = CARTESIAN_POINT ( 'NONE',  ( -15.79268490033226158, -10.08229461346845213, 4.348235051793187367 ) ) ;
#3015 = CARTESIAN_POINT ( 'NONE',  ( -4.727258313905077003, 15.85909667443798732, 14.70846413739709035 ) ) ;
#3016 = DIRECTION ( 'NONE',  ( -1.000000000000000000, -0.0000000000000000000, -0.0000000000000000000 ) ) ;
#3017 = ORIENTED_EDGE ( 'NONE', *, *, #1892, .T. ) ;
#3018 = CARTESIAN_POINT ( 'NONE',  ( -3.076514413105862378, 2.861926557090197942, 35.17433254677759180 ) ) ;
#3019 = CARTESIAN_POINT ( 'NONE',  ( -18.97201233054956049, 9.321288131221006523, 0.2015861513653898207 ) ) ;
#3020 = CARTESIAN_POINT ( 'NONE',  ( -4.395354381671721100, -15.95288534617601428, 21.14300539253812872 ) ) ;
#3021 = CARTESIAN_POINT ( 'NONE',  ( -17.99886217455737736, 6.538199899370026102, -8.369073437558061102 ) ) ;
#3022 = CARTESIAN_POINT ( 'NONE',  ( -5.011640498252469378, -9.529028327769420770, -32.54477140480179287 ) ) ;
#3023 = CARTESIAN_POINT ( 'NONE',  ( -11.75708048422600527, 9.663079369530921170, 15.93356420832664533 ) ) ;
#3024 = CARTESIAN_POINT ( 'NONE',  ( -18.14568227326388694, 2.534548748522712724, -12.80712952324767251 ) ) ;
#3025 = CARTESIAN_POINT ( 'NONE',  ( 3.000000000000000000, 2.733323094352584069E-15, 37.75000000000000711 ) ) ;
#3026 = ORIENTED_EDGE ( 'NONE', *, *, #2716, .F. ) ;
#3027 = CARTESIAN_POINT ( 'NONE',  ( -17.38082035667764913, -6.844723127928175721, 8.974151846611880146 ) ) ;
#3028 = CARTESIAN_POINT ( 'NONE',  ( -14.31065893882569817, -8.717178219657345295, -11.58022135155847643 ) ) ;
#3029 = ORIENTED_EDGE ( 'NONE', *, *, #8042, .T. ) ;
#3030 = CARTESIAN_POINT ( 'NONE',  ( -19.23874977362227412, 5.824699853244359460, 7.311662605770580470 ) ) ;
#3031 = CARTESIAN_POINT ( 'NONE',  ( -12.97898983867357892, 8.567628384221210425, -15.06045369960596858 ) ) ;
#3032 = CARTESIAN_POINT ( 'NONE',  ( -18.53368930199278353, -9.695850436165816433, 4.755149805751782033 ) ) ;
#3033 = CARTESIAN_POINT ( 'NONE',  ( -18.28475043380076670, 7.189232381672331584, -9.358149054233077635 ) ) ;
#3034 = CARTESIAN_POINT ( 'NONE',  ( -6.747623630654983273, -12.10236089036428808, 23.33642458001342490 ) ) ;
#3035 = CARTESIAN_POINT ( 'NONE',  ( 0.02782555748664033296, 16.68409726156777140, -19.99330877946843188 ) ) ;
#3036 = CARTESIAN_POINT ( 'NONE',  ( -20.01000000000003709, 0.0000000000000000000, 0.0000000000000000000 ) ) ;
#3037 = ORIENTED_EDGE ( 'NONE', *, *, #1633, .T. ) ;
#3038 = CARTESIAN_POINT ( 'NONE',  ( -4.349654047578945359, 10.05277837487779458, 31.04781905711957890 ) ) ;
#3039 = CARTESIAN_POINT ( 'NONE',  ( -16.25389388720027384, 8.615303746723931511, 7.843538488282052690 ) ) ;
#3040 = CARTESIAN_POINT ( 'NONE',  ( -4.140365194707529284, 3.813140916155574267, -34.75428990292265041 ) ) ;
#3041 = DIRECTION ( 'NONE',  ( 0.0000000000000000000, -0.0000000000000000000, 1.000000000000000000 ) ) ;
#3042 = CARTESIAN_POINT ( 'NONE',  ( -16.89096692737109962, 8.475350000718854915, -7.083323639082027334 ) ) ;
#3043 = AXIS2_PLACEMENT_3D ( 'NONE', #3114, #5689, #4985 ) ;
#3044 = CARTESIAN_POINT ( 'NONE',  ( -20.00000000000001421, -1.173336053457048722, -9.933494670614448907 ) ) ;
#3045 = CARTESIAN_POINT ( 'NONE',  ( -4.562242878217612763, 15.92510284871296378, -19.69725611997458969 ) ) ;
#3046 = CARTESIAN_POINT ( 'NONE',  ( -4.663114352994397471, -15.88475425880223391, -16.63968347053610231 ) ) ;
#3047 = CARTESIAN_POINT ( 'NONE',  ( -18.70755138368290815, -7.173820982223708675, -6.622789359313332014 ) ) ;
#3048 = EDGE_LOOP ( 'NONE', ( #2318, #1328, #4383, #7315 ) ) ;
#3049 = VERTEX_POINT ( 'NONE', #2658 ) ;
#3050 = CARTESIAN_POINT ( 'NONE',  ( -3.076464363268366586, -15.44238129326574338, -19.82140012012171582 ) ) ;
#3051 = CARTESIAN_POINT ( 'NONE',  ( -4.359498602104366682, -14.73691481850950069, -22.69844448845546481 ) ) ;
#3052 = CARTESIAN_POINT ( 'NONE',  ( -4.999999999999999112, -15.75000000000000355, 4.407281562879154180 ) ) ;
#3053 = CARTESIAN_POINT ( 'NONE',  ( -4.345236010995981779, -9.642749567550959355, -31.42334144938658369 ) ) ;
#3054 = CARTESIAN_POINT ( 'NONE',  ( -20.00000000000003553, -0.7243262096036382491, 9.979308985839217883 ) ) ;
#3055 = CARTESIAN_POINT ( 'NONE',  ( 5.000000000000000000, 17.75000000000001066, 19.99999999999999289 ) ) ;
#3056 = CARTESIAN_POINT ( 'NONE',  ( -19.54976165390991127, -8.747029160956723004, 2.628103128521921850 ) ) ;
#3057 = LINE ( 'NONE', #4419, #6565 ) ;
#3058 = DIRECTION ( 'NONE',  ( 0.0000000000000000000, 0.0000000000000000000, -1.000000000000000000 ) ) ;
#3059 = CARTESIAN_POINT ( 'NONE',  ( -4.628706319530393465, -3.147084203735115882, 34.50758814791105067 ) ) ;
#3060 = CARTESIAN_POINT ( 'NONE',  ( -4.642859929989689327, 14.81594865307098097, -1.123220169602614282 ) ) ;
#3061 = B_SPLINE_CURVE_WITH_KNOTS ( 'NONE', 3,
 ( #7869, #4047, #1479, #3338, #4088, #3423, #4773 ),
 .UNSPECIFIED., .F., .F.,
 ( 4, 3, 4 ),
 ( -6.000000000164908838E-08, 1.165993791454747810E-20, 0.0001442228279668034650 ),
 .UNSPECIFIED. ) ;
#3062 = CARTESIAN_POINT ( 'NONE',  ( -5.872924699960234918, -7.112938038268717733, 32.49095777751071523 ) ) ;
#3063 = CARTESIAN_POINT ( 'NONE',  ( -4.463168933609733990, 14.90630989896085801, -19.93191583025276259 ) ) ;
#3064 = CARTESIAN_POINT ( 'NONE',  ( -5.014117842677696224, -10.32761087117066445, -31.89521433481031565 ) ) ;
#3065 = CARTESIAN_POINT ( 'NONE',  ( -9.247992040390153434, 10.73456498364567935, 19.79938878604505348 ) ) ;
#3066 = CARTESIAN_POINT ( 'NONE',  ( -18.13779997938046051, 1.134016551443276066, -13.12163022400322632 ) ) ;
#3067 = CARTESIAN_POINT ( 'NONE',  ( 0.0000000000000000000, 19.99999999999999645, 38.49999999999999289 ) ) ;
#3068 = ORIENTED_EDGE ( 'NONE', *, *, #185, .F. ) ;
#3069 = CARTESIAN_POINT ( 'NONE',  ( -15.53786336228793452, -7.967190485496934649, 10.54037231470630331 ) ) ;
#3070 = CARTESIAN_POINT ( 'NONE',  ( -17.38222632464800199, -6.861643480646152149, -8.949465210190590270 ) ) ;
#3071 = ORIENTED_EDGE ( 'NONE', *, *, #4884, .T. ) ;
#3072 = CIRCLE ( 'NONE', #3349, 24.25000000000000000 ) ;
#3073 = ORIENTED_EDGE ( 'NONE', *, *, #4865, .T. ) ;
#3074 = CARTESIAN_POINT ( 'NONE',  ( -19.23589719708707335, 5.785580962642836056, 7.346879049284022578 ) ) ;
#3075 = CARTESIAN_POINT ( 'NONE',  ( -9.215358314754400482, 10.08936370112360059, -21.02048565766029498 ) ) ;
#3076 = FACE_OUTER_BOUND ( 'NONE', #5922, .T. ) ;
#3077 = CARTESIAN_POINT ( 'NONE',  ( 3.000000000000000000, -19.99999999999999645, -36.50000000000000711 ) ) ;
#3078 = CARTESIAN_POINT ( 'NONE',  ( -15.40913383292176597, -5.867313181420323431, 13.61669829546278265 ) ) ;
#3079 = AXIS2_PLACEMENT_3D ( 'NONE', #7986, #4894, #958 ) ;
#3080 = CARTESIAN_POINT ( 'NONE',  ( -4.628609736343566539, 14.82115694484499890, -20.10365715034489398 ) ) ;
#3081 = DIRECTION ( 'NONE',  ( 0.1246915649140511451, 0.04987662596562290190, -0.9909411364059776961 ) ) ;
#3082 = CARTESIAN_POINT ( 'NONE',  ( -4.352365531168561397, 10.29162644363571921, 30.82425082185658027 ) ) ;
#3083 = CARTESIAN_POINT ( 'NONE',  ( -16.90854501604095006, 8.634278712030690528, 6.754841319021063661 ) ) ;
#3084 = CARTESIAN_POINT ( 'NONE',  ( -14.10613854187915450, 1.333186601909827740, -18.04900439711193982 ) ) ;
#3085 = CARTESIAN_POINT ( 'NONE',  ( -19.00000000000000000, 7.927600671299406265, 5.184465664706507937 ) ) ;
#3086 = CARTESIAN_POINT ( 'NONE',  ( -19.00000000000000711, 4.867231712735879512, -8.334725627175759044 ) ) ;
#3087 = CARTESIAN_POINT ( 'NONE',  ( -18.32234172049774301, 9.379135573312096241, -2.137385800924428203 ) ) ;
#3088 = CARTESIAN_POINT ( 'NONE',  ( -14.10686641886025505, -0.2824124299932146420, 18.12553010369514794 ) ) ;
#3089 = CARTESIAN_POINT ( 'NONE',  ( -4.849999999999997868, -2.286473690504137180E-12, -36.12528636491924061 ) ) ;
#3090 = CARTESIAN_POINT ( 'NONE',  ( 0.02798847763114634471, -16.36154987694686014, -23.77756691961420898 ) ) ;
#3091 = CARTESIAN_POINT ( 'NONE',  ( -5.414805885921102124, -15.48561854015318850, -19.65465880222389572 ) ) ;
#3092 = CARTESIAN_POINT ( 'NONE',  ( -4.503995020303007912, -14.88159599867901406, -16.38994778491698057 ) ) ;
#3093 =( BOUNDED_SURFACE ( )  B_SPLINE_SURFACE ( 3, 2, ( 
 ( #3052, #2553, #4970 ),
 ( #1160, #6259, #493 ),
 ( #6971, #1206, #8188 ),
 ( #3786, #5143, #5016 ),
 ( #7686, #7554, #1799 ),
 ( #4367, #6926, #3742 ) ),
 .UNSPECIFIED., .F., .F., .F. ) 
 B_SPLINE_SURFACE_WITH_KNOTS ( ( 4, 2, 4 ),
 ( 3, 3 ),
 ( -8.338719993495301297E-05, 0.004324045080153385116, 0.008731477360241723246 ),
 ( 0.0000000000000000000, 1.000000000000000000 ),
 .UNSPECIFIED. ) 
 GEOMETRIC_REPRESENTATION_ITEM ( )  RATIONAL_B_SPLINE_SURFACE ( (
 ( 1.000000000000000000, 1.000000000000000000, 1.000000000000000000),
 ( 1.000000000000000000, 0.9999972466146145322, 1.000000000000000000),
 ( 1.000000000000000000, 0.9999738661957794372, 1.000000000000000000),
 ( 1.000000000000000000, 0.9999738661957794372, 1.000000000000000000),
 ( 1.000000000000000000, 0.9999972466146145322, 1.000000000000000000),
 ( 1.000000000000000000, 1.000000000000000000, 1.000000000000000000) ) ) 
 REPRESENTATION_ITEM ( '' )  SURFACE ( )  );
#3094 = EDGE_CURVE ( 'NONE', #4795, #620, #5842, .T. ) ;
#3095 = CARTESIAN_POINT ( 'NONE',  ( -5.000000000000005329, -14.88835088137041929, -26.30226222802334135 ) ) ;
#3096 = CARTESIAN_POINT ( 'NONE',  ( -16.62709878404567476, -4.178827865576693057, -12.66541782643175296 ) ) ;
#3097 = EDGE_CURVE ( 'NONE', #5422, #8271, #6506, .T. ) ;
#3098 = CARTESIAN_POINT ( 'NONE',  ( -20.00000000000002132, 3.200488220413381768, -13.13498751454470970 ) ) ;
#3099 = CARTESIAN_POINT ( 'NONE',  ( -4.573661869757814635, 14.84350229066997962, -14.89581943373509532 ) ) ;
#3100 = DIRECTION ( 'NONE',  ( 0.0000000000000000000, 0.0000000000000000000, -1.000000000000000000 ) ) ;
#3101 = LINE ( 'NONE', #3665, #6326 ) ;
#3102 = CARTESIAN_POINT ( 'NONE',  ( -17.08033090193662673, -9.869857238748160455, 2.335109539772568521 ) ) ;
#3103 = CARTESIAN_POINT ( 'NONE',  ( -18.99999999999999289, -8.575281988386361576, 3.841481868165555369 ) ) ;
#3104 =( LENGTH_UNIT ( ) NAMED_UNIT ( * ) SI_UNIT ( .MILLI., .METRE. ) );
#3105 = ORIENTED_EDGE ( 'NONE', *, *, #185, .T. ) ;
#3106 = CARTESIAN_POINT ( 'NONE',  ( -1.524131406580668813, -10.87997716437493345, 31.96292254493656415 ) ) ;
#3107 = CARTESIAN_POINT ( 'NONE',  ( -12.10759322517975178, 11.89147371464842884, 2.578040788994105270 ) ) ;
#3108 = CARTESIAN_POINT ( 'NONE',  ( -5.033257099617439501, -14.12357388077318099, 27.02101958561935291 ) ) ;
#3109 = CARTESIAN_POINT ( 'NONE',  ( -18.61619714794085212, 6.172252688557903433, -7.847948648718546139 ) ) ;
#3110 = VECTOR ( 'NONE', #204, 1000.000000000000000 ) ;
#3111 = CARTESIAN_POINT ( 'NONE',  ( -5.871693789740413116, -6.265196932287878440, -32.90926816848305947 ) ) ;
#3112 = CARTESIAN_POINT ( 'NONE',  ( -14.26195079515199815, 8.406101003326508447, 12.51600236696484814 ) ) ;
#3113 = CARTESIAN_POINT ( 'NONE',  ( -20.00000000000072831, -0.9954949431319575215, -9.963107722857463600 ) ) ;
#3114 = CARTESIAN_POINT ( 'NONE',  ( 3.000000000000000000, 2.733323094352584069E-15, 19.99999999999999645 ) ) ;
#3115 = ORIENTED_EDGE ( 'NONE', *, *, #1009, .T. ) ;
#3116 = CARTESIAN_POINT ( 'NONE',  ( -16.15290303153209095, -7.607808101431051462, 9.986494990874282607 ) ) ;
#3117 = CARTESIAN_POINT ( 'NONE',  ( -4.464024898720113654, -14.90576612485556929, -19.85455986848215559 ) ) ;
#3118 = EDGE_CURVE ( 'NONE', #1732, #1648, #686, .T. ) ;
#3119 = ORIENTED_EDGE ( 'NONE', *, *, #7955, .F. ) ;
#3120 = CARTESIAN_POINT ( 'NONE',  ( -18.61360975141341711, 6.139064495811410893, 7.883511438617455624 ) ) ;
#3121 = CARTESIAN_POINT ( 'NONE',  ( -11.72434197314333915, 9.142756389699846054, -16.93344849111711881 ) ) ;
#3122 = CARTESIAN_POINT ( 'NONE',  ( 3.000000000000000000, 19.99999999999999645, -36.50000000000000711 ) ) ;
#3123 = CARTESIAN_POINT ( 'NONE',  ( -18.16416186959880719, 4.068814414594918105, -12.14841917363209589 ) ) ;
#3124 = CARTESIAN_POINT ( 'NONE',  ( -19.99999999999995737, -7.720714011170461966, 6.477051582354677706 ) ) ;
#3125 = CARTESIAN_POINT ( 'NONE',  ( -19.13813610045298574, -3.664325190955502798, 8.754994913417826652 ) ) ;
#3126 = CARTESIAN_POINT ( 'NONE',  ( 0.02804771656038340666, 16.24981227209269719, -24.23577618202684292 ) ) ;
#3127 = SURFACE_SIDE_STYLE ('',( #6328 ) ) ;
#3128 = ORIENTED_EDGE ( 'NONE', *, *, #5986, .F. ) ;
#3129 = ADVANCED_FACE ( 'NONE', ( #4045 ), #3374, .T. ) ;
#3130 = CARTESIAN_POINT ( 'NONE',  ( -4.413487131858317092, -13.60933900866529456, 26.22402424356074135 ) ) ;
#3131 = CARTESIAN_POINT ( 'NONE',  ( -15.55396293943023700, 8.162176275805515857, 10.10873011518104470 ) ) ;
#3132 = CARTESIAN_POINT ( 'NONE',  ( -17.22008482952734454, 0.1903070434163378066, -12.78326715407485814 ) ) ;
#3133 = CARTESIAN_POINT ( 'NONE',  ( -4.999999999999997335, -11.33002742434163324, 31.51843978945202807 ) ) ;
#3134 = CARTESIAN_POINT ( 'NONE',  ( -20.00000000000142464, 2.514723945115095116, 9.734224471387696198 ) ) ;
#3135 = CARTESIAN_POINT ( 'NONE',  ( -19.56697123698695862, 8.889120282175104748, -1.934951690842813266 ) ) ;
#3136 = CARTESIAN_POINT ( 'NONE',  ( -15.35321993893088077, -0.2453161490672825795, 15.98679925827726400 ) ) ;
#3137 = CARTESIAN_POINT ( 'NONE',  ( -4.849999999999996980, 15.83029285988829926, -14.57518039206973448 ) ) ;
#3138 = CARTESIAN_POINT ( 'NONE',  ( -5.419073952988581411, 15.48265785182928056, -19.68048788735915622 ) ) ;
#3139 = CARTESIAN_POINT ( 'NONE',  ( -5.010746018675392044, -15.74570159253174673, -19.23068967381411554 ) ) ;
#3140 = CARTESIAN_POINT ( 'NONE',  ( -4.477928939574585598, -14.89709800805350071, -18.62038639764289982 ) ) ;
#3141 = ORIENTED_EDGE ( 'NONE', *, *, #4818, .F. ) ;
#3142 = CARTESIAN_POINT ( 'NONE',  ( 0.02782555748655381189, -16.68409726156771811, -19.99999998913773780 ) ) ;
#3143 = CARTESIAN_POINT ( 'NONE',  ( -14.15516171497739606, -6.290070401011178980, -15.63369998911698744 ) ) ;
#3144 = CARTESIAN_POINT ( 'NONE',  ( -20.00000000000003197, 11.45458667537801922, -0.4079270484668071628 ) ) ;
#3145 = CARTESIAN_POINT ( 'NONE',  ( -4.313238650894223980, 3.473350885083910544, -34.54180763370187890 ) ) ;
#3146 = CARTESIAN_POINT ( 'NONE',  ( -20.00000000000002842, -1.214916148612522839, 13.62188675626260448 ) ) ;
#3147 = CARTESIAN_POINT ( 'NONE',  ( -1.544988095791843227E-15, -9.291097011826639829, -33.85165556364434991 ) ) ;
#3148 = CARTESIAN_POINT ( 'NONE',  ( -13.36073312988420980, -11.43828760957449475, 1.852195388196167247 ) ) ;
#3149 = CARTESIAN_POINT ( 'NONE',  ( -18.99999999999999645, 4.914222602090049463, 8.305036096532640855 ) ) ;
#3150 = SURFACE_STYLE_FILL_AREA ( #5022 ) ;
#3151 = ORIENTED_EDGE ( 'NONE', *, *, #5964, .F. ) ;
#3152 = CARTESIAN_POINT ( 'NONE',  ( -3.076464353878439084, -15.44240221442549910, 20.05007081302309757 ) ) ;
#3153 = CARTESIAN_POINT ( 'NONE',  ( -4.447943917857707596, -14.91247498159333240, -20.33173905893121614 ) ) ;
#3154 = CARTESIAN_POINT ( 'NONE',  ( -17.72398643204295965, 9.786163166300877236, 1.044808532511977139 ) ) ;
#3155 = CARTESIAN_POINT ( 'NONE',  ( -5.849563815159213753, -12.70104110449546830, 27.49908934262106897 ) ) ;
#3156 = CARTESIAN_POINT ( 'NONE',  ( -13.08187186938318547, 9.469961662321983553, -12.65609565057095942 ) ) ;
#3157 = CARTESIAN_POINT ( 'NONE',  ( -5.848817038762163634, -12.66932590993915575, -27.50805362723849257 ) ) ;
#3158 = CARTESIAN_POINT ( 'NONE',  ( -16.08091148122877101, 6.800751944033185836, 11.39083783316086773 ) ) ;
#3159 = CARTESIAN_POINT ( 'NONE',  ( -20.00000000000003197, 1.200849385227503507, -13.62377014152819577 ) ) ;
#3160 = CARTESIAN_POINT ( 'NONE',  ( -4.978410145119994468, -15.75863594195200257, -2.938321500209383874 ) ) ;
#3161 = CARTESIAN_POINT ( 'NONE',  ( -14.30658682569349338, -8.680428888577631952, 11.68635659607869037 ) ) ;
#3162 = CARTESIAN_POINT ( 'NONE',  ( -17.99983249292699483, -6.514610724919856821, -8.394438569361067692 ) ) ;
#3163 = EDGE_CURVE ( 'NONE', #479, #6116, #2058, .T. ) ;
#3164 = EDGE_LOOP ( 'NONE', ( #4664, #7337, #5301, #3291, #4435, #4685 ) ) ;
#3165 = CARTESIAN_POINT ( 'NONE',  ( -17.37827905993955113, 6.847244300052290455, 8.974987181951089354 ) ) ;
#3166 = CARTESIAN_POINT ( 'NONE',  ( -16.66501505708606601, 5.665613796533643054, -11.51523720229914183 ) ) ;
#3167 = CARTESIAN_POINT ( 'NONE',  ( -18.15349819461674130, -3.349495751363209539, 12.51475645371272982 ) ) ;
#3168 = CARTESIAN_POINT ( 'NONE',  ( 0.0000000000000000000, -17.74999999999999289, -19.99999999999995381 ) ) ;
#3169 = CARTESIAN_POINT ( 'NONE',  ( -4.999999999999990230, -2.758187410050815469, 35.57511223967436820 ) ) ;
#3170 = CARTESIAN_POINT ( 'NONE',  ( -19.14599170615713319, -3.907751662957472671, 8.630919140561136516 ) ) ;
#3171 = CARTESIAN_POINT ( 'NONE',  ( -20.00000000000002842, -11.36862438319049673, -1.593006461297458598 ) ) ;
#3172 = CARTESIAN_POINT ( 'NONE',  ( -4.326051341067878475, -6.981162239632529243, 33.22731152883275740 ) ) ;
#3173 = CARTESIAN_POINT ( 'NONE',  ( -9.411240756272311714, 11.85744962702406369, 15.01840734053168802 ) ) ;
#3174 = CARTESIAN_POINT ( 'NONE',  ( -17.22112503493400482, 0.8988023607785270430, -12.74138873094121749 ) ) ;
#3175 = CARTESIAN_POINT ( 'NONE',  ( -5.050000000000004263, -6.096263341294843485, 34.93416988771191001 ) ) ;
#3176 = DIRECTION ( 'NONE',  ( 0.0000000000000000000, 0.0000000000000000000, -1.000000000000000000 ) ) ;
#3177 = B_SPLINE_CURVE_WITH_KNOTS ( 'NONE', 3,
 ( #4392, #5080, #1859, #5126 ),
 .UNSPECIFIED., .F., .F.,
 ( 4, 4 ),
 ( 0.06096376080775083028, 0.06103046569930679205 ),
 .UNSPECIFIED. ) ;
#3178 = CARTESIAN_POINT ( 'NONE',  ( -16.45553348542843963, 10.11720022713455336, -2.433279947226752338 ) ) ;
#3179 = CARTESIAN_POINT ( 'NONE',  ( -17.84592752016019546, -0.1721062367460798326, 11.70932023906746977 ) ) ;
#3180 = CARTESIAN_POINT ( 'NONE',  ( -5.424519428694576817, 15.47891528386841031, -19.70343557249676891 ) ) ;
#3181 = CARTESIAN_POINT ( 'NONE',  ( -4.546795794782256372, -15.93128168208711060, 19.85753540949966123 ) ) ;
#3182 = CARTESIAN_POINT ( 'NONE',  ( -9.421563361288571414, -11.91324410345010065, -14.50809747068138122 ) ) ;
#3183 = CARTESIAN_POINT ( 'NONE',  ( 0.0000000000000000000, -17.74999999999999645, -22.26495387113477520 ) ) ;
#3184 = CARTESIAN_POINT ( 'NONE',  ( -16.05609324016120354, -6.291938511759490815, -11.98544219325374272 ) ) ;
#3185 = B_SPLINE_SURFACE_WITH_KNOTS ( 'NONE', 3, 3, ( 
 ( #4695, #3258, #6617, #7245, #74, #2664, #2624, #1364, #5293, #3936, #4535, #6575, #7835 ),
 ( #850, #5873, #810, #770, #5252, #3975, #2074, #5332, #3428, #7204, #6496, #1992, #4013 ),
 ( #1442, #7079, #4574, #3342, #1321, #4656, #3387, #2746, #7873, #5213, #1484, #7796, #228 ),
 ( #3895, #6454, #731, #5172, #692, #7753, #7118, #111, #2035, #4615, #7162, #1405, #2193 ),
 ( #1605, #4261, #5534, #2865, #6782, #4136, #7413, #5454, #8001, #1011, #2153, #4221, #6076 ),
 ( #7287, #3601, #4778, #3517, #393, #6157, #4094, #1694, #7454, #6033, #2949, #4177, #8091 ),
 ( #2783, #2319, #4909, #5371, #7912, #6823, #1050, #2232, #268, #4821, #3641, #4736, #310 ),
 ( #2823, #6737, #6199, #7329, #4866, #1524, #1564, #7369, #6653, #890, #970, #3560, #6117 ),
 ( #3471, #350, #5413, #7956, #2907, #6693, #930, #5494, #8046, #2276, #1649, #2605, #672 ),
 ( #1384, #2645, #7098, #5233, #8281, #2520, #3237, #2359, #5854, #7650, #1890, #6393, #4556 ),
 ( #3838, #5110, #6350, #7734, #631, #2988, #92, #6978, #3195, #3795, #4470, #3875, #7021 ),
 ( #1260, #1214, #1345, #591, #5726, #3918, #6476, #5192, #4302, #5769, #16, #1734, #712 ),
 ( #7773, #6434, #2560, #1973, #5575, #5153, #4516, #8129, #7060, #3279, #1300, #2014, #3153 ),
 ( #7693, #5812, #3956, #4949, #7493, #1932, #56, #4595, #7141, #436, #7225, #2726, #3993 ),
 ( #171, #5933, #2766, #5352, #7978, #909, #6596, #2173, #7855, #2802, #832, #3408, #4758 ),
 ( #7935, #1463, #1543, #2686, #7308, #5313, #4033, #4114, #6672, #7816, #5433, #2843, #1424 ),
 ( #3492, #6054, #4637, #2211, #4798, #5893, #6555, #5271, #2055, #3448, #288, #7892, #4716 ),
 ( #7348, #751, #6516, #1583, #3323, #132, #2093, #7185, #246, #791, #3365, #4676, #5392 ),
 ( #5975, #210, #2134, #7265, #1504, #4072, #6635, #870, #6012, #6220, #7432, #5014, #951 ),
 ( #2298, #4930, #5593, #6843, #4968, #6712, #7510, #8147, #1072, #6761, #3661, #990, #452 ),
 ( #2342, #1714, #1756, #7391, #3008, #328, #7472, #8023, #414, #8110, #4322, #6885, #370 ),
 ( #2381, #4239, #6803, #1115, #3540, #3700, #1673, #6258, #2886, #492, #6136, #4886, #3051 ),
 ( #5474, #5630, #8186, #1627, #2425, #2971, #7553, #4156, #6095, #2254, #4843, #4199, #3579 ),
 ( #2926, #1030, #5513, #3620, #8068, #6178, #5555, #4280, #5056, #623, #4548, #1205, #3867 ),
 ( #6341, #7641, #1159, #3741, #4460, #3184, #5759, #8232, #3227, #7, #7725, #5225, #1249 ),
 ( #579, #1798, #7596, #48, #4366, #6426, #1923, #6925, #2635, #3907, #2595, #6465, #2513 ),
 ( #4504, #6298, #1965, #2552, #5802, #533, #1838, #3143, #2467, #5184, #4413, #6970, #7091 ),
 ( #664, #5673, #3785, #3827, #3096, #1336, #5142, #7685, #703, #3270, #5718, #5845, #84 ),
 ( #8273, #5101, #1882, #7013, #6385, #7051, #1292, #7132, #161, #7808, #2676, #6587, #2164 ),
 ( #1495, #281, #3985, #5304, #1375, #3947, #2085, #822, #3399, #5885, #862, #5966, #5385 ),
 ( #7885, #6509, #4748, #6545, #781, #7846, #3439, #7300, #2717, #1416, #5264, #6628, #4668 ),
 ( #7924, #2125, #2835, #1535, #203, #6004, #743, #2047, #3355, #123, #239, #4627, #7175 ),
 ( #2794, #4063, #3313, #5924, #7217, #1453, #4107, #2757, #6664, #5344, #4025, #901, #2004 ),
 ( #4707, #4587, #7257, #3483, #6047, #7764, #320, #4958, #2917, #2331, #6250, #1575, #4148 ),
 ( #3612, #5585, #5546, #4789, #6129, #1618, #2877, #2999, #7382, #4832, #1662, #4231, #6875 ),
 ( #5504, #1061, #6750, #1704, #8058, #2289, #3653, #7341, #6833, #362, #445, #6705, #6213 ),
 ( #4876, #8138, #2369, #942, #4312, #1746, #5465, #7503, #1105, #7968, #5426, #3689, #484 ),
 ( #4190, #2204, #7463, #3530, #6086, #8013, #4271, #6793, #2244, #981, #3571, #7424, #1022 ),
 ( #6168, #8101, #405, #2959, #4920, #4402, #566, #7041, #2585, #6331, #5044, #522, #1913 ),
 ( #5621, #39, #1147, #3132, #6287, #7585, #6373, #1827, #2413, #4493, #3817, #5174, #1955 ),
 ( #1281, #7001, #5707, #1869, #8303, #3218, #7081, #5133, #6958, #8221, #3857, #1237, #653 ),
 ( #2457, #611, #8176, #3174, #6416, #5749, #7673, #3084, #7716, #8262, #2543, #3897, #7542 ),
 ( #1192, #5793, #4537, #1323, #5000, #3771, #2499, #5662, #6456, #5090, #7629, #4447, #3040 ),
 ( #1787, #4354, #6915, #3730, #2037, #7164, #1444, #1366, #4015, #7914, #1526, #5994, #733 ),
 ( #1994, #6577, #5875, #5835, #4053, #5295, #3260, #7247, #694, #1486, #230, #7120, #2155 ),
 ( #76, #6498, #5215, #4576, #5955, #2785, #7837, #7206, #2666, #2076, #6619, #852, #2626 ),
 ( #3430, #7755, #3938, #5373, #4738, #3345, #3302, #772, #7289, #113, #1407, #5254, #7798 ),
 ( #4096, #4617, #2748, #3977, #6537, #5915, #152, #2707, #4658, #812, #3389, #194, #2116 ),
 ( #5334, #7875, #4697, #6825, #5456, #6655, #4138, #4911, #892, #395, #6784, #1736, #7495 ),
 ( #7456, #2990, #7371, #1052, #1013, #3473, #3643, #7415, #2321, #5415, #6695, #2867, #7331 ),
 ( #932, #3519, #1696, #4263, #2951, #2195, #312, #6119, #7958, #6201, #1651, #438, #4223 ),
 ( #5536, #1607, #6035, #270, #8093, #4823, #3603, #5577, #6159, #8131, #2826, #2361, #4951 ),
 ( #6078, #4780, #8003, #1566, #2234, #4868, #4179, #6739, #972, #3562, #352, #2909, #5496 ),
 ( #2278, #8048, #4484, #513, #8168, #5783, #5652, #2447, #5079, #4991, #7620, #3207, #5165 ),
 ( #4345, #4304, #5613, #1858, #1138, #1096, #7663, #556, #6865, #2533, #3075, #8211, #1818 ),
 ( #3850, #7576, #6279, #1779, #3166, #4391, #3681, #1272, #2404, #6947, #7534, #5036, #4437 ),
 ( #6242, #5739, #6992, #6406, #29, #1182, #8293, #8252, #3763, #3121, #1228, #7033, #2575 ),
 ( #3809, #644, #6362, #3721, #603, #474, #6321, #2488, #3031, #5125, #1905, #7705, #6907 ),
 ( #5696, #7788, #7197, #2776, #6447, #685, #724, #144, #2106, #2066, #1314, #2657, #6489 ),
 ( #7866, #3930, #1357, #6528, #763, #3418, #4688, #2027, #5946, #3293, #6567, #4607, #7153 ),
 ( #3888, #3377, #5244, #5324, #3250, #184, #5866, #1396, #7238, #2738, #5826, #843, #6610 ),
 ( #1945, #1476, #4044, #68, #5985, #220, #2618, #7746, #5204, #1986, #1435, #5364, #3335 ),
 ( #104, #4529, #7072, #4567, #7112, #3968, #5906, #2698, #5284, #4006, #7828, #4649, #803 ),
 ( #4169, #4251, #2310, #4727, #6774, #6067, #7321, #1556, #8036, #1515, #4899, #4770, #7279 ),
 ( #6726, #2146, #6149, #7904, #383, #7445, #6025, #6815, #3632, #4084, #5405, #6645, #3462 ),
 ( #1685, #962, #6107, #4127, #1041, #882, #260, #2940, #6190, #424, #6684, #5526, #1640 ),
 ( #2815, #7947, #4211, #3551, #2980, #2185, #922, #1002, #302, #3508, #2856, #2268, #5446 ),
 ( #7991, #2223, #4812, #3593, #7359, #1596, #341, #2898, #8081, #5486, #4857, #7404, #3672 ),
 ( #464, #1769, #546, #4333, #4940, #6982, #6309, #7653, #4473, #3712, #1217, #1171, #3063 ),
 ( #2478, #5729, #1263, #7609, #6897, #2392, #4424, #3752, #3156, #1849, #504, #6396, #2351 ),
 ( #6269, #3109, #3798, #8242, #6353, #8121, #594, #8284, #5068, #8158, #2523, #4981, #5113 ),
 ( #5685, #1894, #3021, #7024, #1725, #3841, #1082, #1809, #634, #5564, #7484, #1128, #6231 ),
 ( #5642, #8200, #4293, #5604, #6855, #7523, #2437, #5026, #7564, #4378, #6936, #3958, #675 ),
 ( #5195, #2608, #7775, #2016, #4678, #5935, #3282, #7187, #4558, #7818, #5856, #94, #1426 ),
 ( #4639, #6478, #6557, #7696, #3995, #7737, #3920, #793, #3367, #4519, #2095, #7857, #6437 ),
 ( #4597, #173, #2728, #3198, #5315, #7227, #5772, #19, #1465, #4035, #2647, #3240, #5235 ),
 ( #2564, #714, #5816, #59, #7143, #6598, #1975, #5273, #5156, #7100, #1386, #1936, #7063 ),
 ( #6518, #753, #1303, #3878, #3325, #1347, #5895, #134, #2688, #2057, #943, #6752, #7504 ),
 ( #3001, #1063, #4357, #1790, #3042, #1748, #5623, #1663, #1107, #3654, #3532, #3691, #1705 ),
 ( #8015, #982, #5505, #1619, #4314, #3572, #6130, #6877, #4960, #5587, #4834, #2918, #406 ),
 ( #6252, #4272, #486, #6835, #363, #8140, #6087, #8059, #4921, #321, #7464, #2371, #6214 ),
 ( #8179, #2878, #2416, #5003, #446, #2290, #7545, #4878, #5466, #2245, #7383, #4191, #7425 ),
 ( #4232, #6795, #1023, #3613, #6169, #2960, #5548, #8103, #2332, #5047, #570, #7005, #5710 ),
 ( #1830, #7588, #5665, #4450, #2460, #4405, #3774, #6334, #6376, #1240, #6961, #7632, #1196 ),
 ( #3135, #8265, #3087, #2503, #614, #3178, #3820, #8225, #6918, #526, #5093, #1874, #3733 ),
 ( #1150, #6290, #5111, #2476, #7651, #1891, #6853, #1261, #4471, #1080, #3670, #3839, #7022 ),
 ( #4331, #6934, #6394, #6229, #7562, #6895, #1767, #5683, #632, #6267, #592, #7694, #3060 ),
 ( #462, #3019, #1169, #8240, #5066, #4979, #8282, #7607, #3196, #1933, #6307, #5770, #5639 ),
 ( #1126, #17, #5601, #3154, #6979, #8156, #2389, #2562, #5154, #7521, #1807, #3710, #1215 ),
 ( #501, #1847, #2521, #8198, #2435, #5024, #4376, #3749, #544, #3107, #4422, #3796, #5727 ),
 ( #6351, #4062, #5813, #2834, #7923, #4147, #2163, #4024, #6663, #7061, #6586, #238, #1301 ),
 ( #3876, #6046, #7884, #7967, #673, #280, #821, #5343, #2203, #5425, #57, #3529, #2876 ),
 ( #4788, #2793, #7340, #1574, #4517, #6704, #941, #6435, #3238, #6085, #319, #7256, #2084 ),
 ( #5464, #2606, #2124, #4667, #7735, #3438, #8012, #3398, #900, #5193, #5965, #4706, #7216 ),
 ( #1494, #6003, #5384, #1452, #202, #4747, #2756, #6627, #861, #7299, #1534, #4106, #3482 ),
 ( #4831, #4311, #2368, #5661, #3083, #4353, #483, #6914, #2958, #2412, #4957, #2243, #4999 ),
 ( #6249, #980, #2288, #6792, #2916, #3039, #4875, #7423, #5620, #8175, #6874, #6128, #4230 ),
 ( #3570, #7541, #5584, #1786, #8137, #1661, #1104, #7381, #1021, #6212, #1617, #444, #3688 ),
 ( #7502, #1703, #5503, #4189, #1146, #6749, #361, #3611, #2998, #3729, #1745, #8057, #5545 ),
 ( #6167, #6286, #404, #8100, #6832, #1060, #521, #2330, #4919, #7462, #4270, #3652, #8302 ),
 ( #6455, #4446, #5706, #5834, #1868, #7628, #4492, #7040, #1365, #2625, #2542, #3896, #1236 ),
 ( #6372, #652, #565, #3217, #7119, #732, #5214, #8261, #8220, #1191, #5792, #5089, #5043 ),
 ( #3937, #3301, #1280, #7754, #693, #1993, #6330, #6497, #2456, #7584, #2498, #4401, #3770 ),
 ( #4575, #3856, #6415, #7000, #1826, #6957, #3131, #3259, #3816, #610, #3173, #75, #1954 ),
 ( #5748, #5132, #4536, #38, #7672, #1912, #2584, #7080, #5173, #7715, #1322, #5993, #7797 ),
 ( #4657, #7205, #3388, #1525, #5414, #811, #7836, #3344, #4737, #5954, #112, #2825, #3976 ),
 ( #771, #2075, #851, #1443, #5253, #7288, #6618, #7957, #4779, #4014, #4095, #1485, #193 ),
 ( #2784, #6034, #1565, #7913, #6576, #2706, #6654, #4052, #3472, #2154, #2747, #6694, #2665 ),
 ( #5333, #3429, #891, #229, #7874, #2115, #5914, #4696, #5372, #151, #269, #5294, #2194 ),
 ( #7330, #4137, #931, #1406, #7246, #5874, #2036, #4616, #7163, #6536, #4990, #4867, #1650 ),
 ( #4178, #6824, #2403, #4344, #473, #3561, #3518, #4822, #4262, #351, #311, #6864, #7533 ),
 ( #3030, #1735, #5612, #1606, #1778, #6906, #2866, #971, #8002, #7370, #437, #8167, #2320 ),
 ( #5495, #6241, #6077, #5455, #4303, #2233, #6738, #8047, #1095, #5576, #6118, #2908, #2277 ),
 ( #8092, #7414, #4222, #6783, #2360, #1012, #3602, #6158, #3642, #394, #2950, #5535, #4910 ),
 ( #7494, #7455, #1695, #1051, #6200, #4950, #2989, #8130, #3680, #7575, #6991, #4390, #5695 ),
 ( #8251, #512, #2574, #1904, #3249, #67, #7619, #5164, #5124, #1227, #8292, #6405, #1313 ),
 ( #3206, #2487, #6320, #28, #7662, #7071, #5782, #4436, #1985, #6278, #7704, #1857, #4483 ),
 ( #3849, #3120, #3808, #6946, #6361, #643, #3762, #1944, #555, #4528, #3887, #7032, #1271 ),
 ( #1181, #6446, #5651, #684, #5825, #5203, #2617, #5078, #602, #7745, #4566, #1137, #3720 ),
 ( #3074, #8210, #2446, #3165, #5035, #1817, #5738, #2532, #1434, #2026, #7827, #1475, #1395 ),
 ( #3967, #3417, #7903, #5323, #4687, #2145, #4606, #6609, #3292, #2105, #2656, #3376, #2737 ) ),
 .UNSPECIFIED., .F., .F., .F.,
 ( 4, 3, 3, 3, 3, 3, 3, 3, 3, 3, 3, 3, 3, 3, 3, 3, 3, 3, 3, 3, 3, 3, 3, 3, 3, 3, 3, 3, 3, 3, 3, 3, 3, 3, 3, 3, 3, 3, 3, 3, 4 ),
 ( 4, 3, 3, 3, 4 ),
 ( -1.221245327087672194E-15, 0.0002441406249997985552, 0.0004882812500008183558, 0.0009765625000028579569, 0.001953125000006937159, 0.003906250000015095564, 0.007812500000031412373, 0.01562500000006404599, 0.03125000000012931323, 0.06250000000025984770, 0.07812500000032511493, 0.09375000000039038217, 0.1093750000004556494, 0.1250000000005209166, 0.1406250000005861978, 0.1562500000006514511, 0.1718750000007167045, 0.1875000000007819856, 0.2031250000008472667, 0.2187500000009125201, 0.2343750000009777734, 0.2421875000010104140, 0.2441406250010185741, 0.2451171875010226542, 0.2460937500010267343, 0.2500000000010430545, 0.2812500000011736168, 0.3125000000013041235, 0.3437500000014346302, 0.3750000000015651924, 0.4062500000016957546, 0.4375000000018262614, 0.4687500000019567681, 0.4843750000020220492, 0.4921875000020546898, 0.4960937500020710100, 0.4980468750020791702, 0.4990234375020832225, 0.4995117187520852764, 0.4997558593770863311, 0.5000000000020873303 ),
 ( 0.003115458641129713324, 0.1277260263110426564, 0.2523365939809555925, 0.5015577293207814646, 1.000000000000433209 ),
 .UNSPECIFIED. ) ;
#3186 = CARTESIAN_POINT ( 'NONE',  ( -20.00000000000003197, 11.18472425957132543, 2.845952193465463687 ) ) ;
#3187 = LINE ( 'NONE', #5144, #4468 ) ;
#3188 = CARTESIAN_POINT ( 'NONE',  ( -18.16406727694411316, -4.063518799524135972, 12.15146099668473489 ) ) ;
#3189 = DIRECTION ( 'NONE',  ( -1.000000000000000000, -0.0000000000000000000, -0.0000000000000000000 ) ) ;
#3190 = CARTESIAN_POINT ( 'NONE',  ( -18.31388447101267047, -9.300626788388093757, -2.547459634931541927 ) ) ;
#3191 = CARTESIAN_POINT ( 'NONE',  ( -18.99999999999999645, 5.430695016571320366, 7.949033957656987504 ) ) ;
#3192 = B_SPLINE_CURVE_WITH_KNOTS ( 'NONE', 3,
 ( #5928, #3318, #166, #2721, #1927, #1458 ),
 .UNSPECIFIED., .F., .F.,
 ( 4, 2, 4 ),
 ( -8.458842819180094254E-05, 0.004322843845055469002, 0.008730276118302737753 ),
 .UNSPECIFIED. ) ;
#3193 = CARTESIAN_POINT ( 'NONE',  ( -1.524320983685931274, -16.06004538694127959, 20.33846917622119932 ) ) ;
#3194 = ORIENTED_EDGE ( 'NONE', *, *, #8042, .F. ) ;
#3195 = CARTESIAN_POINT ( 'NONE',  ( -13.07363621006937926, -9.420842179430406915, -12.84532666883409391 ) ) ;
#3196 = CARTESIAN_POINT ( 'NONE',  ( -13.36460635797156193, 11.47143332669332771, 0.2867032524747182287 ) ) ;
#3197 = CARTESIAN_POINT ( 'NONE',  ( -3.711209543747077344, -12.94773934513907676, 29.85864561103482373 ) ) ;
#3198 = CARTESIAN_POINT ( 'NONE',  ( -17.39655189794518009, 7.059814609197098356, -8.658922220931424718 ) ) ;
#3199 = CARTESIAN_POINT ( 'NONE',  ( -5.873198981077821124, -9.804669676916342169, -30.67192141531486271 ) ) ;
#3200 = CARTESIAN_POINT ( 'NONE',  ( -18.49050707686677697, 2.945254926710412668, 10.08309764835794198 ) ) ;
#3201 = CARTESIAN_POINT ( 'NONE',  ( -19.99999999999931433, -0.5067861984332590053, -9.992365692245433806 ) ) ;
#3202 = CARTESIAN_POINT ( 'NONE',  ( -5.037630249172002195, 15.73494790032944479, 19.88056205907519924 ) ) ;
#3203 = CARTESIAN_POINT ( 'NONE',  ( -17.39479219487427031, -7.008557288588580292, 8.732222260348674325 ) ) ;
#3204 = CARTESIAN_POINT ( 'NONE',  ( -17.38382686811058164, -6.880619018874590154, -8.921697134759682513 ) ) ;
#3205 = FACE_OUTER_BOUND ( 'NONE', #5650, .T. ) ;
#3206 = CARTESIAN_POINT ( 'NONE',  ( -19.23667321386957241, 5.796258762594243663, 7.337304519785119439 ) ) ;
#3207 = CARTESIAN_POINT ( 'NONE',  ( -6.714813568619943496, 11.27734356014503980, -24.83355509775919501 ) ) ;
#3208 = CARTESIAN_POINT ( 'NONE',  ( -18.21420864737705614, -5.951446591501113659, 10.76386204698984272 ) ) ;
#3209 = EDGE_CURVE ( 'NONE', #4343, #3214, #4070, .T. ) ;
#3210 = CARTESIAN_POINT ( 'NONE',  ( -4.241405348406693143, -15.83905820272401854, -22.66348376872493020 ) ) ;
#3211 = CARTESIAN_POINT ( 'NONE',  ( -4.999999999999999112, -15.74999999999998579, -8.001412032943022723E-14 ) ) ;
#3212 = CARTESIAN_POINT ( 'NONE',  ( -11.66534916358009788, -7.338721366601044238, 19.34993833360428539 ) ) ;
#3213 = CARTESIAN_POINT ( 'NONE',  ( -20.00000000000002842, -3.247383698692886345, -13.11759578409763272 ) ) ;
#3214 = VERTEX_POINT ( 'NONE', #416 ) ;
#3215 = VECTOR ( 'NONE', #1550, 1000.000000000000000 ) ;
#3216 = CARTESIAN_POINT ( 'NONE',  ( -5.442155035477674652, 15.46707408163523922, -19.77457844633281425 ) ) ;
#3217 = CARTESIAN_POINT ( 'NONE',  ( -17.41301356691602464, 7.243060049986918436, 8.377078130049246951 ) ) ;
#3218 = CARTESIAN_POINT ( 'NONE',  ( -15.97422572217648984, 0.6495325930176154561, -14.90967517487320038 ) ) ;
#3219 = CARTESIAN_POINT ( 'NONE',  ( -0.0000000000000000000, -17.75000000000000355, 22.26495387113480717 ) ) ;
#3220 = CARTESIAN_POINT ( 'NONE',  ( -18.55909113997017457, 9.896111823530159057, 4.131631881583590626 ) ) ;
#3221 = CARTESIAN_POINT ( 'NONE',  ( -18.46930392986361369, -0.4416931039148797589, 10.63433835746346645 ) ) ;
#3222 = CARTESIAN_POINT ( 'NONE',  ( -3.076614618946284185, -13.00445577791551166, -28.51335963528587314 ) ) ;
#3223 = CARTESIAN_POINT ( 'NONE',  ( -5.542444504879057376, -15.35931927377841788, 20.59442808307959183 ) ) ;
#3224 = CARTESIAN_POINT ( 'NONE',  ( -4.472737363979278236, -14.90029216232049158, -19.07572108637792141 ) ) ;
#3225 = VERTEX_POINT ( 'NONE', #1717 ) ;
#3226 = CARTESIAN_POINT ( 'NONE',  ( -1.524319402891385344, -16.06323927741654245, -19.97128346838319857 ) ) ;
#3227 = CARTESIAN_POINT ( 'NONE',  ( -12.96254557992883250, -8.292006673528291572, -15.55083260617928076 ) ) ;
#3228 = DIRECTION ( 'NONE',  ( 0.0000000000000000000, 0.0000000000000000000, 1.000000000000000000 ) ) ;
#3229 = SURFACE_STYLE_USAGE ( .BOTH. , #6467 ) ;
#3230 = CARTESIAN_POINT ( 'NONE',  ( -19.99999999999711520, -1.699381788197990462, 9.896811017327209470 ) ) ;
#3231 = FACE_BOUND ( 'NONE', #4947, .T. ) ;
#3232 = CARTESIAN_POINT ( 'NONE',  ( -12.11860462995809762, -11.94105644220675799, -1.441300510188537221 ) ) ;
#3233 = CARTESIAN_POINT ( 'NONE',  ( 0.0000000000000000000, -17.74999999999999645, -22.26495387113477520 ) ) ;
#3234 = VERTEX_POINT ( 'NONE', #6223 ) ;
#3235 = EDGE_CURVE ( 'NONE', #4420, #7825, #7476, .T. ) ;
#3236 = CARTESIAN_POINT ( 'NONE',  ( -3.076573991124036400, -12.75688979862881212, 28.88027019727694267 ) ) ;
#3237 = CARTESIAN_POINT ( 'NONE',  ( -15.52954044411773182, -7.913973927857533397, -10.66430040339974639 ) ) ;
#3238 = CARTESIAN_POINT ( 'NONE',  ( -13.29328201315963831, 11.04836716486303594, 5.587229805198227872 ) ) ;
#3239 = CARTESIAN_POINT ( 'NONE',  ( -3.403487578793396029, 1.059969556207849717, 36.36341869624227741 ) ) ;
#3240 = CARTESIAN_POINT ( 'NONE',  ( -6.944279385188677267, 13.36969808944272664, -17.08009530767030171 ) ) ;
#3241 = CARTESIAN_POINT ( 'NONE',  ( -4.394941706366481959, -15.95281560807818089, -21.14679242326900876 ) ) ;
#3242 = CARTESIAN_POINT ( 'NONE',  ( -19.11032678608981428, 2.404939303792808847, 9.231531836282442782 ) ) ;
#3243 = CARTESIAN_POINT ( 'NONE',  ( -18.63872190586814170, 10.49627411497066554, 0.8620031484038738201 ) ) ;
#3244 = CARTESIAN_POINT ( 'NONE',  ( -3.659713190701908481, -12.21303276403516058, 30.78705828430879166 ) ) ;
#3245 = CARTESIAN_POINT ( 'NONE',  ( -9.400149262428321606, -11.78142573083249012, 15.69540812775142768 ) ) ;
#3246 = CARTESIAN_POINT ( 'NONE',  ( -14.30777414888833654, -8.687769589848773677, -11.66423983499800521 ) ) ;
#3247 = CYLINDRICAL_SURFACE ( 'NONE', #3928, 17.75000000000000711 ) ;
#3248 = CIRCLE ( 'NONE', #2296, 24.25000000000000000 ) ;
#3249 = CARTESIAN_POINT ( 'NONE',  ( -16.76292500484312598, 7.220332917950620377, 9.495179741785079841 ) ) ;
#3250 = CARTESIAN_POINT ( 'NONE',  ( -16.72816708476054259, 6.829220640862970093, -10.11506642921950672 ) ) ;
#3251 = CARTESIAN_POINT ( 'NONE',  ( -5.045668337871158649, 15.73173266485157029, -20.07506537479786957 ) ) ;
#3252 = CARTESIAN_POINT ( 'NONE',  ( -3.657308905437075097, -12.22456435407805841, -30.81541579829425714 ) ) ;
#3253 = CARTESIAN_POINT ( 'NONE',  ( -5.000000000000000000, -15.74999999999999645, -9.508162284858814317 ) ) ;
#3254 = CARTESIAN_POINT ( 'NONE',  ( -19.19568169667214974, -5.104526436674162504, 7.900977031934837136 ) ) ;
#3255 = CARTESIAN_POINT ( 'NONE',  ( -4.525595326351329106, -15.93976186945951490, -19.99999998973650506 ) ) ;
#3256 = VERTEX_POINT ( 'NONE', #3909 ) ;
#3257 = ADVANCED_FACE ( 'NONE', ( #4670 ), #125, .F. ) ;
#3258 = CARTESIAN_POINT ( 'NONE',  ( -18.61281003497275677, -6.128759097757795260, -7.894504426476610881 ) ) ;
#3259 = CARTESIAN_POINT ( 'NONE',  ( -14.32531002747269255, 8.883368529152889437, 11.10519588761455445 ) ) ;
#3260 = CARTESIAN_POINT ( 'NONE',  ( -15.35788460409012934, 2.489510520071936739, -15.62703181283079878 ) ) ;
#3261 = CARTESIAN_POINT ( 'NONE',  ( -5.050000000000006040, -4.094814765043253146E-14, 36.12857331602422306 ) ) ;
#3262 = CARTESIAN_POINT ( 'NONE',  ( -20.00000000000000711, 5.311341243216009644, 8.598138658734844952 ) ) ;
#3263 = CARTESIAN_POINT ( 'NONE',  ( -17.84970506960259939, -1.446776336073550828, 11.58135410475139260 ) ) ;
#3264 = CARTESIAN_POINT ( 'NONE',  ( 0.02787060289258593004, -5.033988214869072664, -35.93627093003703266 ) ) ;
#3265 = CARTESIAN_POINT ( 'NONE',  ( -4.546795794782281241, -15.93128168208708040, -19.85753540949963991 ) ) ;
#3266 = CARTESIAN_POINT ( 'NONE',  ( -14.32730986426459019, -8.882171895028530884, -11.10358579743158103 ) ) ;
#3267 = ORIENTED_EDGE ( 'NONE', *, *, #6873, .F. ) ;
#3268 = ORIENTED_EDGE ( 'NONE', *, *, #4948, .T. ) ;
#3269 = CARTESIAN_POINT ( 'NONE',  ( -5.000000000000000000, 15.75000000000001421, -22.11634652988779592 ) ) ;
#3270 = CARTESIAN_POINT ( 'NONE',  ( -11.65449622629055249, -6.853284442815822608, -19.81221943371535943 ) ) ;
#3271 = LINE ( 'NONE', #744, #6608 ) ;
#3272 = DIRECTION ( 'NONE',  ( 0.9921760120055589383, 0.0000000000000000000, 0.1248469511071249316 ) ) ;
#3273 = CARTESIAN_POINT ( 'NONE',  ( -4.560880098586848952, -15.92564796056527499, 19.71732719990504279 ) ) ;
#3274 = CARTESIAN_POINT ( 'NONE',  ( 3.000000000000000000, 18.00000000000000000, 36.49999999999999289 ) ) ;
#3275 = CARTESIAN_POINT ( 'NONE',  ( -17.72665170782069666, -9.785138896805625208, -1.044613764817735824 ) ) ;
#3276 = CARTESIAN_POINT ( 'NONE',  ( -5.049999999999999822, -15.72999999999998977, -22.11486045647533771 ) ) ;
#3277 = ORIENTED_EDGE ( 'NONE', *, *, #4501, .F. ) ;
#3278 = CARTESIAN_POINT ( 'NONE',  ( -3.076464662192564870, -15.44201186685265093, 20.10617674392967658 ) ) ;
#3279 = CARTESIAN_POINT ( 'NONE',  ( -11.84172721808964646, -10.18276157570249474, -13.97691945896654886 ) ) ;
#3280 = EDGE_CURVE ( 'NONE', #1180, #4079, #2334, .T. ) ;
#3281 = CARTESIAN_POINT ( 'NONE',  ( -5.030050156412495532, 13.60170766332276848, 27.93440551008347228 ) ) ;
#3282 = CARTESIAN_POINT ( 'NONE',  ( -15.54273158577602487, 8.045070247929963614, -10.37260083266320443 ) ) ;
#3283 = CARTESIAN_POINT ( 'NONE',  ( -5.045870273681047458, -15.73165189052750890, -20.08961666515676114 ) ) ;
#3284 = CARTESIAN_POINT ( 'NONE',  ( -6.647962932759146959, 6.729653341916450593, 29.19165133335303253 ) ) ;
#3285 = CARTESIAN_POINT ( 'NONE',  ( -20.00000000000002842, -7.269772505116604222, -10.34260940026843123 ) ) ;
#3286 = CARTESIAN_POINT ( 'NONE',  ( -3.506266046224306265, -8.600937603369136042, 33.91140796918851663 ) ) ;
#3287 = CARTESIAN_POINT ( 'NONE',  ( -18.66974142691677585, -6.792274227713644308, 7.149846724443077228 ) ) ;
#3288 = EDGE_CURVE ( 'NONE', #1225, #7046, #4505, .T. ) ;
#3289 = CARTESIAN_POINT ( 'NONE',  ( -19.23920093420370492, -5.787444583055941116, -7.341034507799769848 ) ) ;
#3290 = ORIENTED_EDGE ( 'NONE', *, *, #4315, .T. ) ;
#3291 = ORIENTED_EDGE ( 'NONE', *, *, #5640, .F. ) ;
#3292 = CARTESIAN_POINT ( 'NONE',  ( -13.07991854679609212, 9.451362342579077591, 12.72506686623713890 ) ) ;
#3293 = CARTESIAN_POINT ( 'NONE',  ( -11.77961400814901261, 9.827429612316159080, -15.34926490795366405 ) ) ;
#3294 = CARTESIAN_POINT ( 'NONE',  ( -5.512130246460876570, 15.40172985374787018, -20.27126907213455453 ) ) ;
#3295 = CARTESIAN_POINT ( 'NONE',  ( -3.869183479688690142, 14.53772104486842842, -27.23267884017025864 ) ) ;
#3296 = CARTESIAN_POINT ( 'NONE',  ( -4.849999999999992539, 9.336730092468661368, 33.09950458711317367 ) ) ;
#3297 = CARTESIAN_POINT ( 'NONE',  ( -4.849999999999998757, -15.80651549583910231, -8.329708450771633466E-14 ) ) ;
#3298 = CARTESIAN_POINT ( 'NONE',  ( -9.339794915151458099, -11.58485734662210298, 17.13573358466749852 ) ) ;
#3299 = CARTESIAN_POINT ( 'NONE',  ( -20.00000000000002842, 1.200849385227455768, -13.62377014152820642 ) ) ;
#3300 = DIRECTION ( 'NONE',  ( -1.000000000000000000, -0.0000000000000000000, -0.0000000000000000000 ) ) ;
#3301 = CARTESIAN_POINT ( 'NONE',  ( -18.63905941711899672, 6.454187189485638854, 7.533742605193609165 ) ) ;
#3302 = CARTESIAN_POINT ( 'NONE',  ( -15.36433323538537010, 3.332672920925016324, -15.31382070611183188 ) ) ;
#3303 = CARTESIAN_POINT ( 'NONE',  ( -3.076464363268386126, 15.44238129326575582, 14.26175634465217712 ) ) ;
#3304 = AXIS2_PLACEMENT_3D ( 'NONE', #2168, #2294, #7974 ) ;
#3305 = CARTESIAN_POINT ( 'NONE',  ( -18.29299047481637075, 7.291258927660281053, 9.218254750709647283 ) ) ;
#3306 = CARTESIAN_POINT ( 'NONE',  ( -11.61977767932604166, -2.979756430250312338, 21.99219192253367083 ) ) ;
#3307 = CARTESIAN_POINT ( 'NONE',  ( -4.628829283222990476, -7.454389346098698965, -32.81009875160000178 ) ) ;
#3308 = CARTESIAN_POINT ( 'NONE',  ( -5.480542964804784312, -15.43518503283593901, -19.99999999967030107 ) ) ;
#3309 = ORIENTED_EDGE ( 'NONE', *, *, #5032, .T. ) ;
#3310 = CARTESIAN_POINT ( 'NONE',  ( -19.27294538856047268, -6.228530812044795084, -6.922333492533864430 ) ) ;
#3311 = EDGE_LOOP ( 'NONE', ( #6830, #1816, #5108, #7440, #601 ) ) ;
#3312 = CARTESIAN_POINT ( 'NONE',  ( -4.999999999999990230, 6.105812355250463064, -34.95264392807928999 ) ) ;
#3313 = CARTESIAN_POINT ( 'NONE',  ( -17.85115534590307362, -2.048581559428195753, -11.44695546548735976 ) ) ;
#3314 = CARTESIAN_POINT ( 'NONE',  ( -4.850000000000012079, -12.53930110472460768, -30.25304579492187784 ) ) ;
#3315 = LINE ( 'NONE', #4027, #5656 ) ;
#3316 = EDGE_CURVE ( 'NONE', #5140, #3886, #1665, .T. ) ;
#3317 = CARTESIAN_POINT ( 'NONE',  ( -4.583883206294020241, -15.91644671748240825, 19.05358291874610899 ) ) ;
#3318 = CARTESIAN_POINT ( 'NONE',  ( -5.021497738102176811, 15.74140090475913212, 2.938319935284356976 ) ) ;
#3319 = CARTESIAN_POINT ( 'NONE',  ( -13.36791844292401521, -11.47965008069579085, 0.7820092191227456802 ) ) ;
#3320 = CARTESIAN_POINT ( 'NONE',  ( 0.0000000000000000000, 17.75000000000000000, 9.833252326675960830 ) ) ;
#3321 = TOROIDAL_SURFACE ( 'NONE', #5087, 22.24999999999999645, 2.000000000000000000 ) ;
#3322 = CARTESIAN_POINT ( 'NONE',  ( -1.524319402891596509, -16.06323927741646429, 15.62978596565529976 ) ) ;
#3323 = CARTESIAN_POINT ( 'NONE',  ( -16.73918240596639251, -6.966150239715735104, -9.909933620018788858 ) ) ;
#3324 = CARTESIAN_POINT ( 'NONE',  ( -5.014117842680151149, 10.32761087078429973, 31.89521433514206805 ) ) ;
#3325 = CARTESIAN_POINT ( 'NONE',  ( -16.85299737575303425, 8.151510611820025787, -7.811458009306329942 ) ) ;
#3326 = CARTESIAN_POINT ( 'NONE',  ( -4.546795794782275024, -15.93128168208709283, -19.85753540949962215 ) ) ;
#3327 = CARTESIAN_POINT ( 'NONE',  ( -15.38015538744892829, 4.481378360384984383, 14.70283798634869576 ) ) ;
#3328 = CARTESIAN_POINT ( 'NONE',  ( -18.28712913506016591, -7.219311810907366400, -9.317354549155488996 ) ) ;
#3329 = CARTESIAN_POINT ( 'NONE',  ( -4.628609323645896723, -14.82152330911474714, 1.473925204877783113 ) ) ;
#3330 = CIRCLE ( 'NONE', #4810, 2.000000000000008882 ) ;
#3331 = CARTESIAN_POINT ( 'NONE',  ( -13.08542975601137925, -9.485997345186246932, 12.59103403769534779 ) ) ;
#3332 = CARTESIAN_POINT ( 'NONE',  ( -13.08256798997291881, -9.458853093510587229, -12.69176441526619215 ) ) ;
#3333 = CARTESIAN_POINT ( 'NONE',  ( -3.076496597496495511, 11.29697389477622593, 30.56581941317726603 ) ) ;
#3334 = CARTESIAN_POINT ( 'NONE',  ( -4.606436108494832204, 14.83039259517518360, 9.582170002816090104 ) ) ;
#3335 = CARTESIAN_POINT ( 'NONE',  ( -4.409497255371349844, 14.89518900913106592, -21.27136670296620480 ) ) ;
#3336 = CARTESIAN_POINT ( 'NONE',  ( -5.047788054467310381, 15.72123460941341300, -20.57486144542933815 ) ) ;
#3337 = CARTESIAN_POINT ( 'NONE',  ( -4.293813755452879910, 15.89982344826717053, -22.11951786738919523 ) ) ;
#3338 = CARTESIAN_POINT ( 'NONE',  ( -4.525605378064583739, 15.93975784877417468, -19.99994097450848329 ) ) ;
#3339 = CARTESIAN_POINT ( 'NONE',  ( -4.999999999999990230, -2.758187410050815469, 35.57511223967436820 ) ) ;
#3340 = CARTESIAN_POINT ( 'NONE',  ( -17.97356114297947727, -6.180597982812969349, 8.798938849570197007 ) ) ;
#3341 = EDGE_CURVE ( 'NONE', #4964, #5099, #2739, .T. ) ;
#3342 = CARTESIAN_POINT ( 'NONE',  ( -17.37742399293418316, -6.838054926207428608, -8.988506806412729588 ) ) ;
#3343 = EDGE_CURVE ( 'NONE', #2933, #8145, #278, .T. ) ;
#3344 = CARTESIAN_POINT ( 'NONE',  ( -14.31741700239421533, 8.806072590810885004, 11.32965392395056803 ) ) ;
#3345 = CARTESIAN_POINT ( 'NONE',  ( -15.98677050090568663, 3.090536066331444953, -14.32351849600328109 ) ) ;
#3346 = CARTESIAN_POINT ( 'NONE',  ( -4.628609323645901164, 14.82152330911475069, 12.42604799108337410 ) ) ;
#3347 = CARTESIAN_POINT ( 'NONE',  ( -20.00000000000003197, 7.651345334568694589, 9.896621883024302235 ) ) ;
#3348 = CARTESIAN_POINT ( 'NONE',  ( -15.97914261000891578, -1.484303743371763185, 14.78315815083096219 ) ) ;
#3349 = AXIS2_PLACEMENT_3D ( 'NONE', #649, #4443, #1910 ) ;
#3350 = CARTESIAN_POINT ( 'NONE',  ( -3.076495096742203561, -1.990131959880096391, -35.33884824517454604 ) ) ;
#3351 = CARTESIAN_POINT ( 'NONE',  ( -5.871357141566908133, -6.075835201263286578, 32.99444614625343064 ) ) ;
#3352 = ORIENTED_EDGE ( 'NONE', *, *, #6449, .T. ) ;
#3354 = CARTESIAN_POINT ( 'NONE',  ( -5.000000000000000000, 15.75000000000001776, 22.11634652988783500 ) ) ;
#3353 = VECTOR ( 'NONE', #7295, 1000.000000000000000 ) ;
#3355 = CARTESIAN_POINT ( 'NONE',  ( -12.87411517656713933, -4.271549066572835507, -19.29092125314688388 ) ) ;
#3356 = CARTESIAN_POINT ( 'NONE',  ( 3.000000000000000000, -21.24999999999997868, -45.25000000000000711 ) ) ;
#3357 = DIRECTION ( 'NONE',  ( 0.0000000000000000000, 0.0000000000000000000, -1.000000000000000000 ) ) ;
#3358 = CARTESIAN_POINT ( 'NONE',  ( -4.891455830621167955, -15.79341766775153921, 9.558788256710501585 ) ) ;
#3359 = DIRECTION ( 'NONE',  ( -1.000000000000000000, -0.0000000000000000000, -0.0000000000000000000 ) ) ;
#3360 = CARTESIAN_POINT ( 'NONE',  ( -12.12147048531195281, -11.95630484370060920, 0.8315912603475951181 ) ) ;
#3361 = CARTESIAN_POINT ( 'NONE',  ( -5.049999999999980282, 14.86851507317540211, 26.29689931354196375 ) ) ;
#3362 = ORIENTED_EDGE ( 'NONE', *, *, #2433, .T. ) ;
#3363 = EDGE_CURVE ( 'NONE', #4478, #997, #2422, .T. ) ;
#3364 = CARTESIAN_POINT ( 'NONE',  ( 0.02782555748655154634, -16.68409726156771811, 6.888343520884053106 ) ) ;
#3365 = CARTESIAN_POINT ( 'NONE',  ( -9.357676899252178160, -11.66437963814581558, -16.69196263275814118 ) ) ;
#3366 = CARTESIAN_POINT ( 'NONE',  ( -4.025112538106179194, 15.34557246907484362, 25.11535261543672348 ) ) ;
#3367 = CARTESIAN_POINT ( 'NONE',  ( -13.09189107412744946, 9.563739709056470417, -12.30663977129143660 ) ) ;
#3368 = CARTESIAN_POINT ( 'NONE',  ( -5.691435640056935696, -14.94979681385411396, -22.59088383397642019 ) ) ;
#3369 = CARTESIAN_POINT ( 'NONE',  ( -18.47676620202795661, 1.843575452743148491, 10.42964450561797563 ) ) ;
#3370 = CARTESIAN_POINT ( 'NONE',  ( -19.99999999999731060, -7.741875738488653624, -6.434586294641508886 ) ) ;
#3371 = CARTESIAN_POINT ( 'NONE',  ( -3.437129731782987641, -5.251076335898837044, 35.51967730772353349 ) ) ;
#3372 = CARTESIAN_POINT ( 'NONE',  ( -18.63435624375772548, -6.360902250571045080, 7.635909919043302629 ) ) ;
#3373 = CARTESIAN_POINT ( 'NONE',  ( -16.76516655721475857, -7.215816274166248157, -9.498089384162028637 ) ) ;
#3374 =( BOUNDED_SURFACE ( )  B_SPLINE_SURFACE ( 3, 2, ( 
 ( #6611, #844, #3421 ),
 ( #7747, #4650, #2029 ),
 ( #2777, #2067, #105 ),
 ( #5245, #1987, #145 ),
 ( #4689, #5365, #7905 ),
 ( #2147, #3889, #1436 ),
 ( #5286, #3251, #7867 ),
 ( #69, #7113, #1358 ),
 ( #3931, #6490, #3969 ),
 ( #1397, #725, #3294 ),
 ( #7789, #4608, #5325 ),
 ( #7154, #6529, #186 ),
 ( #764, #3336, #2740 ),
 ( #5907, #2699, #6568 ),
 ( #804, #6685, #923 ),
 ( #4086, #2311, #2981 ),
 ( #6108, #4252, #5527 ),
 ( #7280, #1686, #8083 ),
 ( #6646, #6816, #4900 ),
 ( #4771, #7360, #5565 ),
 ( #2857, #7446, #5406 ),
 ( #2224, #3509, #1042 ),
 ( #3463, #883, #2186 ),
 ( #3552, #3633, #6191 ),
 ( #6150, #5447, #6068 ),
 ( #7406, #6026, #426 ),
 ( #303, #4813, #2941 ),
 ( #1597, #7992, #7322 ),
 ( #4170, #1516, #8122 ),
 ( #6728, #1557, #384 ),
 ( #2816, #261, #2352 ),
 ( #4128, #963, #7948 ),
 ( #1003, #342, #2899 ),
 ( #5487, #8037, #2269 ),
 ( #4858, #1641, #3594 ),
 ( #4212, #6775, #7485 ),
 ( #3799, #5686, #6983 ),
 ( #4379, #5605, #5773 ),
 ( #3673, #8159, #5730 ),
 ( #5114, #5069, #4294 ),
 ( #1129, #2393, #2524 ),
 ( #635, #6856, #7654 ),
 ( #1895, #3713, #465 ),
 ( #5643, #4982, #4474 ),
 ( #1084, #1726, #6270 ),
 ( #3753, #7524, #8285 ),
 ( #547, #6232, #3111 ),
 ( #8243, #1218, #1770 ),
 ( #4334, #20, #7025 ),
 ( #6898, #1264, #505 ),
 ( #7610, #3022, #8201 ),
 ( #4425, #3064, #3842 ),
 ( #2438, #6397, #3199 ),
 ( #5027, #7565, #6354 ),
 ( #2479, #6310, #1810 ),
 ( #6937, #1172, #1850 ),
 ( #595, #4941, #3157 ),
 ( #3879, #1466, #834 ),
 ( #7858, #794, #2096 ),
 ( #4036, #6599, #1937 ),
 ( #7064, #6438, #7819 ),
 ( #2648, #3410, #3368 ),
 ( #5936, #676, #6558 ),
 ( #3241, #4640, #5977 ),
 ( #95, #4520, #1304 ),
 ( #3959, #1387, #5817 ),
 ( #6519, #174, #2565 ),
 ( #2729, #1348, #5157 ),
 ( #5316, #7697, #7188 ),
 ( #60, #2609, #4679 ),
 ( #7228, #3283, #5196 ),
 ( #7738, #1976, #4559 ),
 ( #1427, #5857, #7101 ),
 ( #3921, #6480, #715 ),
 ( #3996, #5236, #7776 ),
 ( #2017, #4598, #5896 ),
 ( #135, #7144, #754 ),
 ( #3326, #2689, #5274 ) ),
 .UNSPECIFIED., .F., .F., .F. ) 
 B_SPLINE_SURFACE_WITH_KNOTS ( ( 4, 2, 2, 2, 2, 2, 2, 2, 2, 2, 2, 2, 2, 2, 2, 2, 2, 2, 2, 2, 2, 2, 2, 2, 2, 2, 2, 2, 2, 2, 2, 2, 2, 2, 2, 2, 2, 2, 4 ),
 ( 3, 3 ),
 ( -1.040834085586084257E-17, 7.154697437987272166E-05, 0.0001073204615698142934, 0.0001252072051647850725, 0.0001430939487597558517, 0.0002861878975195221116, 0.0005723757950390546316, 0.001144751590078119672, 0.002289503180156249752, 0.003434254770234380048, 0.004579006360312509911, 0.006868509540468770505, 0.008013261130546900368, 0.009158012720625030231, 0.01144751590078129169, 0.01259226749085942156, 0.01373701908093755142, 0.01488177067101568128, 0.01602652226109381114, 0.01831602544125007087, 0.01946077703132820247, 0.02060552862140633060, 0.02289503180156259032, 0.02403978339164072192, 0.02518453498171885352, 0.02632928657179698512, 0.02747403816187511325, 0.02976354134203137297, 0.03090829293210950457, 0.03205304452218763617, 0.03434254770234389242, 0.03548729929242202402, 0.03605967508746109329, 0.03634586298498062445, 0.03648895693374039351, 0.03650684367733536551, 0.03652473042093033750, 0.03656050390812027456, 0.03663205088250015562 ),
 ( 0.0000000000000000000, 1.000000000000000000 ),
 .UNSPECIFIED. ) 
 GEOMETRIC_REPRESENTATION_ITEM ( )  RATIONAL_B_SPLINE_SURFACE ( (
 ( 1.000000000000000000, 0.9942922516927479304, 1.000000000000000000),
 ( 1.000000000000000000, 0.9941714236937544413, 1.000000000000000000),
 ( 1.000000000000000000, 0.9940502025211860326, 1.000000000000000000),
 ( 1.000000000000000000, 0.9938679945886103040, 1.000000000000000000),
 ( 1.000000000000000000, 0.9938071956342711122, 1.000000000000000000),
 ( 1.000000000000000000, 0.9937159258631891312, 1.000000000000000000),
 ( 1.000000000000000000, 0.9936854906815841826, 1.000000000000000000),
 ( 1.000000000000000000, 0.9936246000400046352, 1.000000000000000000),
 ( 1.000000000000000000, 0.9935901031510954162, 1.000000000000000000),
 ( 1.000000000000000000, 0.9933589651088509109, 1.000000000000000000),
 ( 1.000000000000000000, 0.9931564301865876132, 1.000000000000000000),
 ( 1.000000000000000000, 0.9925369625856559352, 1.000000000000000000),
 ( 1.000000000000000000, 0.9921176380207404888, 1.000000000000000000),
 ( 1.000000000000000000, 0.9908450638743504513, 1.000000000000000000),
 ( 1.000000000000000000, 0.9899773946349440523, 1.000000000000000000),
 ( 1.000000000000000000, 0.9873435577248581563, 1.000000000000000000),
 ( 1.000000000000000000, 0.9855479373112199237, 1.000000000000000000),
 ( 1.000000000000000000, 0.9819677114975131627, 1.000000000000000000),
 ( 1.000000000000000000, 0.9801822714511093659, 1.000000000000000000),
 ( 1.000000000000000000, 0.9766733684735832144, 1.000000000000000000),
 ( 1.000000000000000000, 0.9749731081303080193, 1.000000000000000000),
 ( 1.000000000000000000, 0.9701946269604105888, 1.000000000000000000),
 ( 1.000000000000000000, 0.9673160504256074210, 1.000000000000000000),
 ( 1.000000000000000000, 0.9633401056938043494, 1.000000000000000000),
 ( 1.000000000000000000, 0.9620728397746080018, 1.000000000000000000),
 ( 1.000000000000000000, 0.9596550684382060270, 1.000000000000000000),
 ( 1.000000000000000000, 0.9585485613327298093, 1.000000000000000000),
 ( 1.000000000000000000, 0.9554820893232697232, 1.000000000000000000),
 ( 1.000000000000000000, 0.9537230478785887477, 1.000000000000000000),
 ( 1.000000000000000000, 0.9514625037490982429, 1.000000000000000000),
 ( 1.000000000000000000, 0.9507767809433013140, 1.000000000000000000),
 ( 1.000000000000000000, 0.9495403526504883063, 1.000000000000000000),
 ( 1.000000000000000000, 0.9489854907634327486, 1.000000000000000000),
 ( 1.000000000000000000, 0.9480141460816096100, 1.000000000000000000),
 ( 1.000000000000000000, 0.9475903184624667741, 1.000000000000000000),
 ( 1.000000000000000000, 0.9468544596126862167, 1.000000000000000000),
 ( 1.000000000000000000, 0.9465420434309467224, 1.000000000000000000),
 ( 1.000000000000000000, 0.9458163055997937940, 1.000000000000000000),
 ( 1.000000000000000000, 0.9455962818494900723, 1.000000000000000000),
 ( 1.000000000000000000, 0.9455921606651038758, 1.000000000000000000),
 ( 1.000000000000000000, 0.9456468198702197014, 1.000000000000000000),
 ( 1.000000000000000000, 0.9458771499059674959, 1.000000000000000000),
 ( 1.000000000000000000, 0.9460515360074444047, 1.000000000000000000),
 ( 1.000000000000000000, 0.9467681418196669529, 1.000000000000000000),
 ( 1.000000000000000000, 0.9474928433328524413, 1.000000000000000000),
 ( 1.000000000000000000, 0.9489592554537794600, 1.000000000000000000),
 ( 1.000000000000000000, 0.9495197694597501403, 1.000000000000000000),
 ( 1.000000000000000000, 0.9507534372364585540, 1.000000000000000000),
 ( 1.000000000000000000, 0.9514290959509745793, 1.000000000000000000),
 ( 1.000000000000000000, 0.9529147575813821103, 1.000000000000000000),
 ( 1.000000000000000000, 0.9537273058281189320, 1.000000000000000000),
 ( 1.000000000000000000, 0.9554999033061198910, 1.000000000000000000),
 ( 1.000000000000000000, 0.9564625013863834457, 1.000000000000000000),
 ( 1.000000000000000000, 0.9595385539243727058, 1.000000000000000000),
 ( 1.000000000000000000, 0.9619227128178126085, 1.000000000000000000),
 ( 1.000000000000000000, 0.9658966104750766890, 1.000000000000000000),
 ( 1.000000000000000000, 0.9672976399936566994, 1.000000000000000000),
 ( 1.000000000000000000, 0.9702321654192488376, 1.000000000000000000),
 ( 1.000000000000000000, 0.9717506546541184731, 1.000000000000000000),
 ( 1.000000000000000000, 0.9764938077835040309, 1.000000000000000000),
 ( 1.000000000000000000, 0.9800360249371173893, 1.000000000000000000),
 ( 1.000000000000000000, 0.9854819854791839751, 1.000000000000000000),
 ( 1.000000000000000000, 0.9873081542867986338, 1.000000000000000000),
 ( 1.000000000000000000, 0.9899651168256904388, 1.000000000000000000),
 ( 1.000000000000000000, 0.9908381980464723293, 1.000000000000000000),
 ( 1.000000000000000000, 0.9921154606231993300, 1.000000000000000000),
 ( 1.000000000000000000, 0.9925357788991278074, 1.000000000000000000),
 ( 1.000000000000000000, 0.9931559189215120043, 1.000000000000000000),
 ( 1.000000000000000000, 0.9933608025034984523, 1.000000000000000000),
 ( 1.000000000000000000, 0.9935893491415738188, 1.000000000000000000),
 ( 1.000000000000000000, 0.9936240295914441356, 1.000000000000000000),
 ( 1.000000000000000000, 0.9936849199974805424, 1.000000000000000000),
 ( 1.000000000000000000, 0.9937153587497272733, 1.000000000000000000),
 ( 1.000000000000000000, 0.9938066505653656568, 1.000000000000000000),
 ( 1.000000000000000000, 0.9938674793237631810, 1.000000000000000000),
 ( 1.000000000000000000, 0.9940498241585310479, 1.000000000000000000),
 ( 1.000000000000000000, 0.9941711999151011669, 1.000000000000000000),
 ( 1.000000000000000000, 0.9942922516927520382, 1.000000000000000000) ) ) 
 REPRESENTATION_ITEM ( '' )  SURFACE ( )  );
#3375 = CARTESIAN_POINT ( 'NONE',  ( 0.02799046218476012801, 10.17536730072398399, 33.25660713947353031 ) ) ;
#3376 = CARTESIAN_POINT ( 'NONE',  ( -6.932385835317106171, 13.33208292130917982, 17.94372263030487602 ) ) ;
#3377 = CARTESIAN_POINT ( 'NONE',  ( -18.58280141665417062, 5.701105184490301347, -8.323061858729934315 ) ) ;
#3378 = DIRECTION ( 'NONE',  ( 0.9921760119837182978, 0.0000000000000000000, -0.1248469512806958670 ) ) ;
#3379 = CARTESIAN_POINT ( 'NONE',  ( -3.506266046224267185, 8.600937603368924655, -33.91140796918868006 ) ) ;
#3380 = CARTESIAN_POINT ( 'NONE',  ( -4.850000000000000533, -15.84037421174401139, -18.20067515676985792 ) ) ;
#3381 = CARTESIAN_POINT ( 'NONE',  ( -4.849999999999993427, 2.779248481945860494, 35.83101590996618313 ) ) ;
#3382 = CARTESIAN_POINT ( 'NONE',  ( -14.21673171437716832, -7.752970084760741898, 13.70479802974560890 ) ) ;
#3383 = CARTESIAN_POINT ( 'NONE',  ( -20.00000000000003553, -6.936812886090943486, 10.69196510623881480 ) ) ;
#3384 = ORIENTED_EDGE ( 'NONE', *, *, #7368, .F. ) ;
#3385 = CIRCLE ( 'NONE', #3531, 22.74999999999999645 ) ;
#3386 = AXIS2_PLACEMENT_3D ( 'NONE', #2790, #897, #3478 ) ;
#3387 = CARTESIAN_POINT ( 'NONE',  ( -15.53277001061759499, -7.939663473564666063, -10.60641765263161140 ) ) ;
#3388 = CARTESIAN_POINT ( 'NONE',  ( -18.00739060520862012, 6.640832758845624184, 8.237632121652007200 ) ) ;
#3389 = CARTESIAN_POINT ( 'NONE',  ( -9.144565966549857094, 6.462686641250437347, -24.79902444171415965 ) ) ;
#3390 = CARTESIAN_POINT ( 'NONE',  ( -3.076464363268383462, 15.44238129326575937, 19.76185866277559455 ) ) ;
#3391 = CARTESIAN_POINT ( 'NONE',  ( -20.00000000000003197, 6.055296905953363229, 11.49053528291012150 ) ) ;
#3392 = EDGE_CURVE ( 'NONE', #7453, #4444, #536, .T. ) ;
#3393 = CARTESIAN_POINT ( 'NONE',  ( -11.61770376126173510, -2.333985296527469000, 22.14205664845005828 ) ) ;
#3394 = CARTESIAN_POINT ( 'NONE',  ( 0.02799046218484662132, -10.17536730072401774, -33.25660713947355873 ) ) ;
#3395 = CARTESIAN_POINT ( 'NONE',  ( -5.828506126801867637, 13.39395970265502633, 26.34924243433938429 ) ) ;
#3396 = VERTEX_POINT ( 'NONE', #2006 ) ;
#3397 = CARTESIAN_POINT ( 'NONE',  ( 0.0000000000000000000, -17.75000000000000355, 16.54963531164968060 ) ) ;
#3398 = CARTESIAN_POINT ( 'NONE',  ( -14.50361963706036761, 10.30370436379451071, 6.159793178560928339 ) ) ;
#3399 = CARTESIAN_POINT ( 'NONE',  ( -12.88434684714640532, -5.274130207681319682, -18.71819399372278170 ) ) ;
#3400 = CARTESIAN_POINT ( 'NONE',  ( -4.966436608663475027, 15.76342535653460430, -1.469191753873182682 ) ) ;
#3401 = DIRECTION ( 'NONE',  ( -1.000000000000000000, 0.0000000000000000000, 0.0000000000000000000 ) ) ;
#3402 = CARTESIAN_POINT ( 'NONE',  ( -5.414805885921159856, -15.48561854015316008, 19.65465880222388861 ) ) ;
#3403 = DIRECTION ( 'NONE',  ( 0.0000000000000000000, 0.0000000000000000000, -1.000000000000000000 ) ) ;
#3404 = CARTESIAN_POINT ( 'NONE',  ( -13.31967649718177604, -11.19603920291409160, -4.538793833350688978 ) ) ;
#3405 = CARTESIAN_POINT ( 'NONE',  ( -19.00000000000000000, 5.913675711300967919, 7.556202739479930486 ) ) ;
#3406 = ORIENTED_EDGE ( 'NONE', *, *, #4004, .F. ) ;
#3407 = CARTESIAN_POINT ( 'NONE',  ( 0.02782555748655090450, -16.68409726156772166, 18.50818780383580986 ) ) ;
#3408 = CARTESIAN_POINT ( 'NONE',  ( -6.910315163797224436, -13.31389928247017274, -18.42371659085085156 ) ) ;
#3409 = CARTESIAN_POINT ( 'NONE',  ( -5.874001096744368766, 8.682277296672101130, 31.53158385671617125 ) ) ;
#3410 = CARTESIAN_POINT ( 'NONE',  ( -5.050923544281491928, -15.52801904797459898, -22.56339027104417738 ) ) ;
#3411 = CARTESIAN_POINT ( 'NONE',  ( -9.127404569044877292, 3.550803153593712125, 26.17123559234686425 ) ) ;
#3412 = CARTESIAN_POINT ( 'NONE',  ( -20.00000000000001776, -11.08906000191399954, -3.200807422438823657 ) ) ;
#3413 = CARTESIAN_POINT ( 'NONE',  ( -4.013320712504276244, 15.29961877127700376, 25.26332053311532277 ) ) ;
#3414 = CARTESIAN_POINT ( 'NONE',  ( -16.85550951204178460, -8.150197568991236707, 7.809846268756086118 ) ) ;
#3415 = CARTESIAN_POINT ( 'NONE',  ( -6.933456003220224595, -13.33200940289668956, -17.93135519635463382 ) ) ;
#3416 = CARTESIAN_POINT ( 'NONE',  ( 0.02797424324967785064, 9.387261330638848378, 33.82570157383032949 ) ) ;
#3417 = CARTESIAN_POINT ( 'NONE',  ( -18.61281003496591779, 6.128759097670284817, 7.894504426570009947 ) ) ;
#3418 = CARTESIAN_POINT ( 'NONE',  ( -16.09556780259714870, 7.015507728095006890, -11.03831055689745355 ) ) ;
#3419 = EDGE_CURVE ( 'NONE', #5883, #4481, #3187, .T. ) ;
#3420 = AXIS2_PLACEMENT_3D ( 'NONE', #86, #164, #6547 ) ;
#3421 = CARTESIAN_POINT ( 'NONE',  ( -5.480542964803920114, 15.43518503283622323, -19.99999999967443287 ) ) ;
#3422 = CARTESIAN_POINT ( 'NONE',  ( -5.442155009999251725, -15.46707409796410460, -19.77457845605775333 ) ) ;
#3423 = CARTESIAN_POINT ( 'NONE',  ( -4.540801338077889326, 15.93367946476885066, -19.90517418718410170 ) ) ;
#3424 = CARTESIAN_POINT ( 'NONE',  ( -19.99999999999995737, -7.720714011170461966, 6.477051582354677706 ) ) ;
#3425 = CARTESIAN_POINT ( 'NONE',  ( -15.46620331915503677, -7.195041929715142892, 12.00507935610960430 ) ) ;
#3426 = CARTESIAN_POINT ( 'NONE',  ( 3.000000000000000000, -22.74999999999999289, 20.00000000000000000 ) ) ;
#3427 = VERTEX_POINT ( 'NONE', #5307 ) ;
#3428 = CARTESIAN_POINT ( 'NONE',  ( -13.07969388331702376, -9.449216248064526980, -12.73301827439488676 ) ) ;
#3429 = CARTESIAN_POINT ( 'NONE',  ( -18.61924595242716762, 6.210967671971464377, 7.806051678473418853 ) ) ;
#3430 = CARTESIAN_POINT ( 'NONE',  ( -19.10038634208281394, 1.920618916952448796, -9.362724516928940588 ) ) ;
#3431 = CARTESIAN_POINT ( 'NONE',  ( -1.524319402890896180, 16.06323927741675206, 17.57259495320793619 ) ) ;
#3432 = CARTESIAN_POINT ( 'NONE',  ( -18.63984368718955764, 10.50449527785766080, -0.7625732135402366607 ) ) ;
#3433 = CARTESIAN_POINT ( 'NONE',  ( -17.22670436989450593, -1.596368806379115268, 12.62296982824487301 ) ) ;
#3434 = CARTESIAN_POINT ( 'NONE',  ( -3.076401602700351567, 0.6674327114485486545, -35.45407321744747264 ) ) ;
#3435 = DIRECTION ( 'NONE',  ( 0.0000000000000000000, 0.0000000000000000000, 1.000000000000000000 ) ) ;
#3436 = EDGE_LOOP ( 'NONE', ( #3780, #1333, #5852, #7881, #3006 ) ) ;
#3437 = CARTESIAN_POINT ( 'NONE',  ( -5.000000000000007994, 15.75000000000001421, 10.17227422567050965 ) ) ;
#3438 = CARTESIAN_POINT ( 'NONE',  ( -16.36194966780501403, 9.469354383644898121, 5.458117138962891524 ) ) ;
#3439 = CARTESIAN_POINT ( 'NONE',  ( -15.36835763802726262, -3.702712713601700401, -15.12942067763731835 ) ) ;
#3440 = CARTESIAN_POINT ( 'NONE',  ( -4.849999999999997868, 15.83029285988830992, 14.57518039206526872 ) ) ;
#3441 = CARTESIAN_POINT ( 'NONE',  ( 9.757819552369539906E-16, 16.67296703857310902, 19.99999998914173105 ) ) ;
#3442 = CARTESIAN_POINT ( 'NONE',  ( -4.565611294295780276, -15.92375548228170246, 19.62187866442464923 ) ) ;
#3443 = LINE ( 'NONE', #7345, #3804 ) ;
#3444 = CARTESIAN_POINT ( 'NONE',  ( -15.74477785430452847, -9.746451182852325701, -5.691151449358019754 ) ) ;
#3445 = ORIENTED_EDGE ( 'NONE', *, *, #299, .T. ) ;
#3446 = ADVANCED_FACE ( 'NONE', ( #4508 ), #2637, .F. ) ;
#3447 = CARTESIAN_POINT ( 'NONE',  ( -4.628609323645900275, -14.82152330911475424, 19.52726586118627239 ) ) ;
#3448 = CARTESIAN_POINT ( 'NONE',  ( -11.82536611862680154, -10.11026578735057591, -14.31317069468701142 ) ) ;
#3449 = CARTESIAN_POINT ( 'NONE',  ( -3.534381588602785840, 9.514037337230687896, 33.28961325853710917 ) ) ;
#3450 = CARTESIAN_POINT ( 'NONE',  ( -3.252606517456518725E-16, -16.48956537701585390, 22.50713440908804586 ) ) ;
#3451 = CARTESIAN_POINT ( 'NONE',  ( -11.62613756870675630, 4.170817273674023440, 21.55292947201937537 ) ) ;
#3452 = CARTESIAN_POINT ( 'NONE',  ( -20.00000000000001776, -6.988859322250665862, -10.63936390900282802 ) ) ;
#3453 = CARTESIAN_POINT ( 'NONE',  ( 9.757819552369539906E-16, 16.67296703857310902, 19.99999998914173105 ) ) ;
#3454 = CARTESIAN_POINT ( 'NONE',  ( -18.16881059536692788, -8.215946973655178454, 5.752053988819502806 ) ) ;
#3455 = ORIENTED_EDGE ( 'NONE', *, *, #1226, .T. ) ;
#3456 = FACE_BOUND ( 'NONE', #6487, .T. ) ;
#3457 = CARTESIAN_POINT ( 'NONE',  ( 0.02782555748655283698, 16.68409726156773232, 19.99999998913771648 ) ) ;
#3458 = MANIFOLD_SOLID_BREP ( 'Cut-Extrude-Thin2[2]', #5941 ) ;
#3459 = CARTESIAN_POINT ( 'NONE',  ( -4.628609323645894946, 14.82152330911474714, -19.05947443545670694 ) ) ;
#3460 = COLOUR_RGB ( '',0.2509803921568627416, 0.2509803921568627416, 0.2509803921568627416 ) ;
#3461 = CARTESIAN_POINT ( 'NONE',  ( 5.000000000000000000, 1.008120388923670203E-14, -19.99999999999998934 ) ) ;
#3462 = CARTESIAN_POINT ( 'NONE',  ( -4.450698472002626360, 14.91236502913951689, -20.26683064935660283 ) ) ;
#3463 = CARTESIAN_POINT ( 'NONE',  ( -3.816299211898082522, 14.11470588717881469, -28.06806336620073239 ) ) ;
#3464 = CARTESIAN_POINT ( 'NONE',  ( -19.23868425029248641, 5.780318912322472080, 7.347406884058521825 ) ) ;
#3465 = CARTESIAN_POINT ( 'NONE',  ( -5.863637528166371737, 11.77462192968412857, -28.68962748915044259 ) ) ;
#3466 = CARTESIAN_POINT ( 'NONE',  ( -5.000000000000000000, -15.75000000000000711, 18.09415738323123790 ) ) ;
#3467 = CARTESIAN_POINT ( 'NONE',  ( -11.84184062321310371, -10.17612668790372332, 14.00354000373561369 ) ) ;
#3468 = CARTESIAN_POINT ( 'NONE',  ( -15.53971938822371079, -7.987246453401567692, -10.49602513129545756 ) ) ;
#3469 = CARTESIAN_POINT ( 'NONE',  ( -20.00000000000002487, -2.035471164199226912, 13.51137270263861900 ) ) ;
#3470 = EDGE_CURVE ( 'NONE', #6801, #6735, #3315, .T. ) ;
#3471 = CARTESIAN_POINT ( 'NONE',  ( -19.23307426771803463, -5.746323902586581767, -7.381827487638983776 ) ) ;
#3472 = CARTESIAN_POINT ( 'NONE',  ( -13.08716075769564213, 9.519783793148699047, 12.47078372196882334 ) ) ;
#3473 = CARTESIAN_POINT ( 'NONE',  ( -16.00009959660778591, 4.194466191486537987, -13.76984845210755459 ) ) ;
#3474 = CARTESIAN_POINT ( 'NONE',  ( -1.524319402890894404, 16.06323927741675206, 19.51381935248271660 ) ) ;
#3475 = CARTESIAN_POINT ( 'NONE',  ( -20.00000000000002842, 7.826864099398714636, -9.680950551107672553 ) ) ;
#3476 = CARTESIAN_POINT ( 'NONE',  ( -17.87349762955000543, -3.553918712346519015, 10.86154016750750095 ) ) ;
#3477 = CARTESIAN_POINT ( 'NONE',  ( -4.628691095977337966, 5.570137349356206080, -33.76157755900619861 ) ) ;
#3478 = DIRECTION ( 'NONE',  ( 0.0000000000000000000, 0.0000000000000000000, 1.000000000000000000 ) ) ;
#3479 = ORIENTED_EDGE ( 'NONE', *, *, #745, .F. ) ;
#3480 = VERTEX_POINT ( 'NONE', #1294 ) ;
#3481 = LINE ( 'NONE', #7422, #3526 ) ;
#3482 = CARTESIAN_POINT ( 'NONE',  ( -4.565034835497843169, 14.84935207531995260, 11.35169699041196267 ) ) ;
#3483 = CARTESIAN_POINT ( 'NONE',  ( -17.22618527303012570, -1.914024014939084584, -12.54567454276170224 ) ) ;
#3484 = CARTESIAN_POINT ( 'NONE',  ( -4.999999999999997335, -2.268150944839675276E-12, -35.86672095836963337 ) ) ;
#3485 = CARTESIAN_POINT ( 'NONE',  ( -4.850000000000012079, -12.53930110472460768, -30.25304579492187784 ) ) ;
#3486 = CARTESIAN_POINT ( 'NONE',  ( 0.0000000000000000000, 2.733323094352584069E-15, 37.75000000000000711 ) ) ;
#3487 = CARTESIAN_POINT ( 'NONE',  ( 0.0000000000000000000, 22.00000000000000000, -38.50000000000000711 ) ) ;
#3488 = CARTESIAN_POINT ( 'NONE',  ( -16.29336748149605185, -8.934805096340454611, -7.076525907219255451 ) ) ;
#3489 = EDGE_LOOP ( 'NONE', ( #4623, #3290, #6987, #8075 ) ) ;
#3490 = AXIS2_PLACEMENT_3D ( 'NONE', #222, #6109, #3595 ) ;
#3491 = CARTESIAN_POINT ( 'NONE',  ( -3.076464363268369695, -15.44238129326576114, 17.60829020062459804 ) ) ;
#3492 = CARTESIAN_POINT ( 'NONE',  ( -19.21980570542963207, -5.552818509629561028, -7.548701682598020213 ) ) ;
#3493 = CARTESIAN_POINT ( 'NONE',  ( -4.424169746347407894, 15.95828880363769997, 20.87788887643831970 ) ) ;
#3494 = CARTESIAN_POINT ( 'NONE',  ( 2.886688284242659105E-15, -16.67296703857309481, 18.89322051145946446 ) ) ;
#3495 = CARTESIAN_POINT ( 'NONE',  ( -19.09438545245988905, 0.8846523599286680861, 9.529682533203759576 ) ) ;
#3496 = AXIS2_PLACEMENT_3D ( 'NONE', #2759, #6754, #4791 ) ;
#3497 =( GEOMETRIC_REPRESENTATION_CONTEXT ( 3 ) GLOBAL_UNCERTAINTY_ASSIGNED_CONTEXT ( ( #4799 ) ) GLOBAL_UNIT_ASSIGNED_CONTEXT ( ( #3104, #7479, #4936 ) ) REPRESENTATION_CONTEXT ( 'NONE', 'WORKASPACE' ) );
#3498 = CARTESIAN_POINT ( 'NONE',  ( -20.00000000000002487, -5.910533861914887943, 8.189295576468301974 ) ) ;
#3499 = CARTESIAN_POINT ( 'NONE',  ( -5.692061405548906167E-16, 11.15922633546622933, -32.42526806431014563 ) ) ;
#3500 = EDGE_CURVE ( 'NONE', #1572, #4584, #1760, .T. ) ;
#3501 = CARTESIAN_POINT ( 'NONE',  ( -9.486741195060220733, -12.26944951502877501, 11.15259520949113714 ) ) ;
#3502 = ORIENTED_EDGE ( 'NONE', *, *, #7373, .F. ) ;
#3503 = DIRECTION ( 'NONE',  ( 0.0000000000000000000, 0.0000000000000000000, 1.000000000000000000 ) ) ;
#3504 = B_SPLINE_CURVE_WITH_KNOTS ( 'NONE', 3,
 ( #7527, #1221, #8288, #98, #3924, #5319, #3962, #679, #3413, #4562, #6522, #1351, #7861, #5860, #1979, #2612, #5939, #7231, #798, #1509, #6441, #2651, #7106, #5199, #178, #1469, #7270, #5357, #4601, #2099, #2061, #757, #5278, #3371, #6602, #2140, #2732, #5239, #3286, #4682, #4643, #4039, #3244, #7781, #7191, #5820, #1430, #837, #4000, #5980, #6483, #5900, #718, #63, #215, #7741, #2021, #2771 ),
 .UNSPECIFIED., .F., .F.,
 ( 4, 2, 2, 2, 2, 2, 2, 2, 2, 2, 2, 2, 2, 2, 2, 2, 2, 2, 2, 2, 2, 2, 2, 2, 2, 2, 2, 2, 4 ),
 ( -6.000000000932466272E-08, 0.0008033763831659236458, 0.001606812766331856476, 0.003213685532663732546, 0.006427431065327483817, 0.008034303831659357284, 0.009641176597991230751, 0.01285492213065498809, 0.01446179489698685983, 0.01606866766331873156, 0.01767554042965060329, 0.01928241319598246808, 0.02249615872864621849, 0.02410303149497809369, 0.02570990426130996889, 0.02892364979397371930, 0.03053052256030559450, 0.03213739532663747317, 0.03374426809296934837, 0.03535114085930122357, 0.03856488639196498092, 0.04017175915829686306, 0.04177863192462873826, 0.04499237745729250254, 0.04659925022362437774, 0.04820612298995625294, 0.04981299575628813509, 0.05061643213945406922, 0.05141986852262000335 ),
 .UNSPECIFIED. ) ;
#3505 = CARTESIAN_POINT ( 'NONE',  ( -4.628924877384392289, 11.33952017729430750, 29.54404176858928821 ) ) ;
#3506 = CARTESIAN_POINT ( 'NONE',  ( -1.524319402890893738, 16.06323927741675206, 4.561502075150435154 ) ) ;
#3507 = CARTESIAN_POINT ( 'NONE',  ( -5.503889303940809441, -15.41155171809282365, 20.18746106425056297 ) ) ;
#3508 = CARTESIAN_POINT ( 'NONE',  ( -11.85051148310056135, 10.21643644972360576, -13.80326398680092126 ) ) ;
#3509 = CARTESIAN_POINT ( 'NONE',  ( -5.033257099611817331, 14.12357388072898701, -27.02101958571394391 ) ) ;
#3510 = CARTESIAN_POINT ( 'NONE',  ( -5.262019370869595036, -15.61208463504788213, 14.57948966490483933 ) ) ;
#3511 = CARTESIAN_POINT ( 'NONE',  ( -4.850000000000000533, -15.83029285988828505, -14.57518039206583715 ) ) ;
#3512 = CARTESIAN_POINT ( 'NONE',  ( -5.398910516360565737, 15.50013076432763448, 19.08531268655032420 ) ) ;
#3513 = CARTESIAN_POINT ( 'NONE',  ( -15.52693160418969143, -7.872529816467112695, 10.75072722857188090 ) ) ;
#3514 = CARTESIAN_POINT ( 'NONE',  ( -14.31356109537158616, -8.746497617231451471, -11.49617572037629287 ) ) ;
#3515 = FACE_OUTER_BOUND ( 'NONE', #1753, .T. ) ;
#3516 = EDGE_LOOP ( 'NONE', ( #1777, #6605, #2113, #4103 ) ) ;
#3517 = CARTESIAN_POINT ( 'NONE',  ( -17.37657267391742977, -6.828847395812039700, -9.002006775120278803 ) ) ;
#3518 = CARTESIAN_POINT ( 'NONE',  ( -15.53746810471569084, 7.988602492862798776, 10.49796126677023977 ) ) ;
#3519 = CARTESIAN_POINT ( 'NONE',  ( -18.49266838151870118, 3.234300692282349399, -9.967716982844954998 ) ) ;
#3520 = CARTESIAN_POINT ( 'NONE',  ( 0.0000000000000000000, 2.733323094352584069E-15, 19.99999999999999645 ) ) ;
#3521 = CARTESIAN_POINT ( 'NONE',  ( -19.99999999999860378, 9.356244403882143956, 3.577193580527417538 ) ) ;
#3522 = B_SPLINE_SURFACE_WITH_KNOTS ( 'NONE', 3, 1, ( 
 ( #5507, #2796, #2127 ),
 ( #1498, #1537, #6006 ),
 ( #4065, #241, #5387 ),
 ( #6630, #6666, #3485 ),
 ( #2837, #7343, #945 ),
 ( #4359, #5624, #6215 ),
 ( #3044, #5005, #1666 ),
 ( #6836, #487, #6963 ),
 ( #1832, #7505, #3089 ),
 ( #3735, #8227, #8180 ),
 ( #1749, #1025, #4234 ),
 ( #6797, #1108, #572 ),
 ( #4274, #3615, #2462 ),
 ( #8267, #6253, #4407 ),
 ( #1198, #5550, #6336 ),
 ( #6171, #4923, #408 ),
 ( #6920, #3776, #2417 ),
 ( #1152, #6292, #3137 ),
 ( #5667, #5713, #8105 ),
 ( #2505, #3655, #4961 ),
 ( #2962, #4316, #7548 ),
 ( #2335, #528, #5588 ),
 ( #1064, #1792, #7466 ),
 ( #447, #3002, #6878 ),
 ( #7427, #2373, #8141 ),
 ( #5049, #3692, #1708 ),
 ( #7590, #2702, #108 ),
 ( #4612, #728, #1242 ),
 ( #5989, #6029, #4089 ),
 ( #6614, #807, #5289 ),
 ( #2110, #5368, #886 ),
 ( #2032, #4048, #3381 ),
 ( #7242, #148, #264 ),
 ( #1480, #3339, #5950 ),
 ( #7870, #7157, #7832 ),
 ( #5910, #1439, #189 ),
 ( #4010, #847, #224 ),
 ( #2743, #2780, #2661 ),
 ( #3822, #5328, #7634 ),
 ( #6649, #4692, #1400 ),
 ( #7908, #3466, #5095 ),
 ( #3424, #2150, #4731 ),
 ( #7283, #1519, #1876 ),
 ( #4452, #7007, #2070 ),
 ( #4653, #6378, #3297 ),
 ( #5870, #7792, #7201 ),
 ( #3972, #5248, #6532 ),
 ( #767, #6571, #7449 ),
 ( #7488, #5568, #7951 ),
 ( #966, #2227, #4816 ) ),
 .UNSPECIFIED., .T., .F., .F.,
 ( 4, 1, 1, 1, 1, 1, 1, 1, 1, 1, 1, 1, 1, 1, 2, 1, 1, 1, 1, 1, 1, 1, 2, 1, 1, 1, 1, 1, 1, 1, 1, 1, 1, 1, 1, 1, 2, 1, 1, 1, 1, 1, 1, 1, 4 ),
 ( 2, 1, 2 ),
 ( 0.0000000000000000000, 0.03055139436660387828, 0.06110278873320775656, 0.07637848591650969743, 0.09165418309981163136, 0.09929203169146262609, 0.1069298802831135931, 0.1222055774664155131, 0.1374812746497174609, 0.1451191232413684140, 0.1527569718330193949, 0.1680326690163213565, 0.1833083661996232627, 0.2138597605662271861, 0.2444111549328310540, 0.2763597605662274082, 0.3083083661996237623, 0.3402569718330201165, 0.3722055774664164707, 0.4041541830998127693, 0.4361027887332091790, 0.4680513943666054777, 0.5000000000000017764, 0.5305513943666073651, 0.5611027887332131758, 0.5763784859165160812, 0.5916541830998189866, 0.5992920316914701617, 0.6069298802831216699, 0.6222055774664245753, 0.6374812746497273697, 0.6451191232413787668, 0.6527569718330301640, 0.6680326690163330694, 0.6833083661996357527, 0.7138597605662414525, 0.7444111549328472632, 0.7763597605662413415, 0.8083083661996354197, 0.8402569718330294979, 0.8722055774664236871, 0.9041541830998178764, 0.9361027887332118436, 0.9680513943666058108, 1.000000000000000000 ),
 ( 0.0000000000000000000, 1.000000000000000000, 1.010000000000000009 ),
 .UNSPECIFIED. ) ;
#3523 = CARTESIAN_POINT ( 'NONE',  ( -4.179080153415744014, -10.29843331062289025, 31.19997360395794672 ) ) ;
#3524 = CARTESIAN_POINT ( 'NONE',  ( -3.076502048093070041, 2.430828586524679036, -35.24941712633146551 ) ) ;
#3525 = LINE ( 'NONE', #4396, #1872 ) ;
#3526 = VECTOR ( 'NONE', #6084, 1000.000000000000000 ) ;
#3527 = ADVANCED_FACE ( 'NONE', ( #5428 ), #825, .T. ) ;
#3528 = CARTESIAN_POINT ( 'NONE',  ( 3.000000000000000000, 21.24999999999999645, 41.24999999999999289 ) ) ;
#3529 = CARTESIAN_POINT ( 'NONE',  ( -7.102045858885889018, 13.78739746027030222, 6.012226180426581301 ) ) ;
#3530 = CARTESIAN_POINT ( 'NONE',  ( -17.22025580152667956, -0.5197411663613148436, -12.77623930687860820 ) ) ;
#3531 = AXIS2_PLACEMENT_3D ( 'NONE', #6831, #8056, #1059 ) ;
#3532 = CARTESIAN_POINT ( 'NONE',  ( -9.485733737349402617, 12.26997837901369692, -11.15313068650991823 ) ) ;
#3533 = CARTESIAN_POINT ( 'NONE',  ( -19.99999999999998224, 9.803586301204585851, -2.410269670471581804 ) ) ;
#3534 = ADVANCED_FACE ( 'NONE', ( #7972 ), #2247, .T. ) ;
#3535 = CARTESIAN_POINT ( 'NONE',  ( -4.557495357453012375, -14.84996889559189093, -17.34653188127287038 ) ) ;
#3536 = CARTESIAN_POINT ( 'NONE',  ( -5.262019551041649201, -15.61208450477579390, -14.57949508883078593 ) ) ;
#3537 = FACE_OUTER_BOUND ( 'NONE', #1680, .T. ) ;
#3538 = CARTESIAN_POINT ( 'NONE',  ( -18.25960921344074350, -8.919521024790249442, -4.046853799626642711 ) ) ;
#3539 = CARTESIAN_POINT ( 'NONE',  ( -4.628609323645896723, -14.82152330911474714, -0.7348543292867671939 ) ) ;
#3540 = CARTESIAN_POINT ( 'NONE',  ( -16.71202365002569223, -6.602410448332035386, -10.43283541033468964 ) ) ;
#3541 = CARTESIAN_POINT ( 'NONE',  ( 3.000000000000000000, -18.00000000000000355, 38.49999999999999289 ) ) ;
#3542 = CARTESIAN_POINT ( 'NONE',  ( -8.944667923005452996E-16, 15.99831810372121232, 24.71886387429448817 ) ) ;
#3543 = CARTESIAN_POINT ( 'NONE',  ( -12.86562148844575937, 2.628272742755047187, 19.92189618581502231 ) ) ;
#3544 = CARTESIAN_POINT ( 'NONE',  ( -18.64414875756133583, -10.53598292230548950, 0.4007275762010599762 ) ) ;
#3545 = CARTESIAN_POINT ( 'NONE',  ( -1.301042606982601179E-15, 7.176280103320831216, -35.08024199095382301 ) ) ;
#3546 = CARTESIAN_POINT ( 'NONE',  ( -16.27618686658807690, -8.783099439864995972, 7.428507365598653323 ) ) ;
#3547 = DIRECTION ( 'NONE',  ( 1.000000000000000000, 0.0000000000000000000, 0.0000000000000000000 ) ) ;
#3548 = CARTESIAN_POINT ( 'NONE',  ( -3.076532480216008114, -3.306827472267332091, 35.10952067455553305 ) ) ;
#3549 = CARTESIAN_POINT ( 'NONE',  ( -3.076464363268386126, 15.44238129326575226, 8.481254252451046582 ) ) ;
#3550 = CARTESIAN_POINT ( 'NONE',  ( -5.044751573602137107, -15.73209937055915653, 20.03168891278781771 ) ) ;
#3551 = CARTESIAN_POINT ( 'NONE',  ( -17.37704794682618115, 6.833991732152865595, -8.994467347045352668 ) ) ;
#3552 = CARTESIAN_POINT ( 'NONE',  ( -3.736126670133062433, 13.25747593433324134, -29.42018769927263477 ) ) ;
#3553 = FACE_OUTER_BOUND ( 'NONE', #5163, .T. ) ;
#3554 = CARTESIAN_POINT ( 'NONE',  ( -5.873906949695632207, -8.954739617955864261, -31.33807589880849420 ) ) ;
#3555 = CARTESIAN_POINT ( 'NONE',  ( -4.727253765535129659, 15.85909849378596270, 14.70860102675687031 ) ) ;
#3556 = CARTESIAN_POINT ( 'NONE',  ( -19.23577217561354047, -5.739904046327012566, 7.383410892457297869 ) ) ;
#3557 = CARTESIAN_POINT ( 'NONE',  ( -19.24283527150853956, -5.837219556791130692, -7.296180641787345600 ) ) ;
#3558 = DIRECTION ( 'NONE',  ( 0.0000000000000000000, 0.0000000000000000000, 1.000000000000000000 ) ) ;
#3559 = VECTOR ( 'NONE', #4837, 1000.000000000000000 ) ;
#3560 = CARTESIAN_POINT ( 'NONE',  ( -6.927874025493382604, -13.32978347800350782, -18.03939713009463830 ) ) ;
#3561 = CARTESIAN_POINT ( 'NONE',  ( -16.15138953804654065, 7.618806610738238838, 9.969983129472938188 ) ) ;
#3562 = CARTESIAN_POINT ( 'NONE',  ( -11.67307333112077572, 7.776227028308473344, -18.91102715978439974 ) ) ;
#3563 = DIRECTION ( 'NONE',  ( -1.000000000000000000, -0.0000000000000000000, -0.0000000000000000000 ) ) ;
#3564 = CARTESIAN_POINT ( 'NONE',  ( -18.42008358038714633, 8.707637336936194572, -6.996892852479958513 ) ) ;
#3565 = CARTESIAN_POINT ( 'NONE',  ( -16.62435022342654278, -3.881203024159705084, 12.84514234792056619 ) ) ;
#3566 = CARTESIAN_POINT ( 'NONE',  ( -1.524175373938985167, 12.09775106265642819, -30.56728707881056195 ) ) ;
#3567 = CARTESIAN_POINT ( 'NONE',  ( -5.819942661765499459, 13.62387817875638873, 25.92910948676269101 ) ) ;
#3568 = ORIENTED_EDGE ( 'NONE', *, *, #1403, .F. ) ;
#3569 = DIRECTION ( 'NONE',  ( 1.000000000000000000, 0.0000000000000000000, -0.0000000000000000000 ) ) ;
#3570 = CARTESIAN_POINT ( 'NONE',  ( -19.32547227191109940, 6.866310444560072668, 6.219887902428579807 ) ) ;
#3571 = CARTESIAN_POINT ( 'NONE',  ( -9.120692720319558688, -1.185188601243433837, -26.65806071338520056 ) ) ;
#3572 = CARTESIAN_POINT ( 'NONE',  ( -16.31086671872782645, 9.093431278957353925, -6.653498693453713031 ) ) ;
#3573 = CARTESIAN_POINT ( 'NONE',  ( -20.00000000000001421, 1.173336053456186745, -9.933494670614553712 ) ) ;
#3574 = CARTESIAN_POINT ( 'NONE',  ( -4.616117605756461906, -14.82651999627052142, -7.642938022811819110 ) ) ;
#3575 = DIRECTION ( 'NONE',  ( 0.0000000000000000000, 0.0000000000000000000, 1.000000000000000000 ) ) ;
#3576 = CARTESIAN_POINT ( 'NONE',  ( -39.99999999999999289, 0.0000000000000000000, 0.0000000000000000000 ) ) ;
#3577 = CARTESIAN_POINT ( 'NONE',  ( -15.77730630327938144, -9.978196419503451153, -4.825167137804506012 ) ) ;
#3578 = CARTESIAN_POINT ( 'NONE',  ( -3.076464363268367475, -15.44238129326574516, -19.40448797885493093 ) ) ;
#3579 = CARTESIAN_POINT ( 'NONE',  ( -4.329798950761561294, -14.59557402775737955, -23.60943539536554070 ) ) ;
#3580 = ADVANCED_FACE ( 'NONE', ( #7259 ), #5969, .T. ) ;
#3581 = CARTESIAN_POINT ( 'NONE',  ( -20.00000000000000711, 7.786634424342957495, 9.741577485477609599 ) ) ;
#3582 = CARTESIAN_POINT ( 'NONE',  ( -1.219727444046192488E-15, -0.6436615868461462719, 36.66807167062971473 ) ) ;
#3583 = AXIS2_PLACEMENT_3D ( 'NONE', #7730, #6591, #3403 ) ;
#3584 = CARTESIAN_POINT ( 'NONE',  ( -4.136305808408361706, 1.602559353043709889, 35.20049307173306374 ) ) ;
#3585 = CARTESIAN_POINT ( 'NONE',  ( -20.00000000000002487, -7.756149632754866907, 9.768784642402922103 ) ) ;
#3586 = CARTESIAN_POINT ( 'NONE',  ( -1.138412281109779064E-15, 16.64734749930406821, -21.03840441416948792 ) ) ;
#3587 = CARTESIAN_POINT ( 'NONE',  ( -4.515416832580662287, -14.87495731894257922, 15.44688768196496298 ) ) ;
#3588 = VERTEX_POINT ( 'NONE', #903 ) ;
#3589 = CARTESIAN_POINT ( 'NONE',  ( 0.0000000000000000000, -21.25000000000000355, -41.25000000000000711 ) ) ;
#3590 = CARTESIAN_POINT ( 'NONE',  ( -3.076501643865532376, 4.591590917427427421, 34.77062595484010643 ) ) ;
#3591 = CARTESIAN_POINT ( 'NONE',  ( -4.628609323645894058, 14.82152330911474536, -7.097492869762526801 ) ) ;
#3592 = CARTESIAN_POINT ( 'NONE',  ( -5.050765132305890859, -15.60728780875322030, 22.02724863198032068 ) ) ;
#3593 = CARTESIAN_POINT ( 'NONE',  ( -17.37818333130302406, 6.846267020876748433, -8.976465853563802000 ) ) ;
#3594 = CARTESIAN_POINT ( 'NONE',  ( -5.868949624126083009, 4.559422528984241829, -33.56512083915843192 ) ) ;
#3595 = DIRECTION ( 'NONE',  ( 0.0000000000000000000, 0.0000000000000000000, -1.000000000000000000 ) ) ;
#3596 = CARTESIAN_POINT ( 'NONE',  ( -18.19879701341024969, 5.523545776015038378, -11.14418382795654772 ) ) ;
#3597 = CARTESIAN_POINT ( 'NONE',  ( -5.013352589915445634, 15.74465896403386544, 19.66142092799241681 ) ) ;
#3598 = CARTESIAN_POINT ( 'NONE',  ( -16.75845313514853530, -7.147443209645129691, 9.613606259413700172 ) ) ;
#3599 = CARTESIAN_POINT ( 'NONE',  ( -15.54379690250463497, -8.030929998889181576, -10.39901954047459576 ) ) ;
#3600 = ORIENTED_EDGE ( 'NONE', *, *, #2813, .T. ) ;
#3601 = CARTESIAN_POINT ( 'NONE',  ( -18.61148345942698157, -6.111717454650929859, -7.912659001091309818 ) ) ;
#3602 = CARTESIAN_POINT ( 'NONE',  ( -15.53544101969938218, 7.966700466811278858, 10.54641378457269774 ) ) ;
#3603 = CARTESIAN_POINT ( 'NONE',  ( -15.39142204778622336, 5.213014550509645240, -14.17728458714743311 ) ) ;
#3604 = CARTESIAN_POINT ( 'NONE',  ( 3.000000000000000000, 19.99999999999999645, 36.49999999999999289 ) ) ;
#3605 = CARTESIAN_POINT ( 'NONE',  ( -20.00000000000002842, 10.87084679216417982, 4.022391844035962727 ) ) ;
#3606 = CARTESIAN_POINT ( 'NONE',  ( -9.152666929500444581, -7.082016591547290574, 24.33387388935919304 ) ) ;
#3607 = CARTESIAN_POINT ( 'NONE',  ( 0.02798781839315124878, 8.141508014492497836, -34.56260827004690839 ) ) ;
#3608 = DIRECTION ( 'NONE',  ( 0.0000000000000000000, 0.0000000000000000000, -1.000000000000000000 ) ) ;
#3609 = EDGE_CURVE ( 'NONE', #6735, #4481, #2880, .T. ) ;
#3610 = CARTESIAN_POINT ( 'NONE',  ( 3.000000000000000000, -22.00000000000000711, 38.49999999999999289 ) ) ;
#3611 = CARTESIAN_POINT ( 'NONE',  ( -14.37035385128420906, 9.295784375851239290, 9.865604681802141229 ) ) ;
#3612 = CARTESIAN_POINT ( 'NONE',  ( -19.09290069644798749, -1.140212852034656388, -9.504459837512904130 ) ) ;
#3613 = CARTESIAN_POINT ( 'NONE',  ( -17.65310108513476806, 9.303522731482548380, -3.830440429683075632 ) ) ;
#3614 = CARTESIAN_POINT ( 'NONE',  ( -20.00000000000000355, 9.803586301204731512, 2.410269670471037351 ) ) ;
#3615 = CARTESIAN_POINT ( 'NONE',  ( -5.000000000000003553, 9.267497339530446965, -32.86814749682162073 ) ) ;
#3616 = CARTESIAN_POINT ( 'NONE',  ( -5.109317519573178146, 15.70372480611182553, -9.565602428967277859 ) ) ;
#3617 = CARTESIAN_POINT ( 'NONE',  ( -18.18194863591597255, -5.026283187742206948, -11.57109370057946585 ) ) ;
#3618 = CARTESIAN_POINT ( 'NONE',  ( -14.37235841693192029, -9.294670494005115913, -9.864244918201784174 ) ) ;
#3619 = CARTESIAN_POINT ( 'NONE',  ( -1.524319402891594954, -16.06323927741646074, -0.7239134328983434230 ) ) ;
#3620 = CARTESIAN_POINT ( 'NONE',  ( -17.30486876955556497, -5.761277471894048041, -10.31409670261138700 ) ) ;
#3621 = CARTESIAN_POINT ( 'NONE',  ( -4.527447172550189691, 15.93902113097994722, 19.98905819223440261 ) ) ;
#3622 = CARTESIAN_POINT ( 'NONE',  ( 1.382357769919015590E-15, 11.59372540465834689, 32.02159873510414201 ) ) ;
#3623 = CARTESIAN_POINT ( 'NONE',  ( -20.00000000000002487, -11.47167663921492498, 0.4304412401304772984 ) ) ;
#3624 = FACE_OUTER_BOUND ( 'NONE', #6840, .T. ) ;
#3625 = CARTESIAN_POINT ( 'NONE',  ( -18.94754040443880427, -9.132597087119201262, 2.036563201618115659 ) ) ;
#3626 = VERTEX_POINT ( 'NONE', #4109 ) ;
#3627 = CYLINDRICAL_SURFACE ( 'NONE', #4841, 3.999999999999996447 ) ;
#3628 = VERTEX_POINT ( 'NONE', #7385 ) ;
#3629 = CARTESIAN_POINT ( 'NONE',  ( -4.628691095977352177, -5.570137349356167888, 33.76157755900618440 ) ) ;
#3630 = CARTESIAN_POINT ( 'NONE',  ( -1.524319402890893072, 16.06323927741675206, -18.05081910727867012 ) ) ;
#3631 = CARTESIAN_POINT ( 'NONE',  ( 0.0000000000000000000, -17.74999999999999289, -19.99999999999995381 ) ) ;
#3632 = CARTESIAN_POINT ( 'NONE',  ( -13.07233653401374873, 9.414446644665238395, -12.87031280129639121 ) ) ;
#3633 = CARTESIAN_POINT ( 'NONE',  ( -5.025954032425726581, 12.77824421813235567, -29.20385727828772104 ) ) ;
#3634 = CARTESIAN_POINT ( 'NONE',  ( -17.96206497116732237, 6.067447769047007888, 8.957220465148040489 ) ) ;
#3635 = CARTESIAN_POINT ( 'NONE',  ( -18.17971665186246355, 4.835127557013504607, -11.66909969803939973 ) ) ;
#3636 = CARTESIAN_POINT ( 'NONE',  ( -4.999999999999999112, 15.75000000000000711, 4.407281562874309166 ) ) ;
#3637 = ORIENTED_EDGE ( 'NONE', *, *, #4315, .F. ) ;
#3638 = CARTESIAN_POINT ( 'NONE',  ( -15.53459100808183280, -7.934913864360238378, 10.61212091834630300 ) ) ;
#3639 = CARTESIAN_POINT ( 'NONE',  ( -18.61999344700084436, -6.181992811279786615, -7.833167212450127259 ) ) ;
#3640 = ORIENTED_EDGE ( 'NONE', *, *, #6263, .T. ) ;
#3641 = CARTESIAN_POINT ( 'NONE',  ( -9.392985156022348292, -11.75657936563562878, -15.93684631872857871 ) ) ;
#3642 = CARTESIAN_POINT ( 'NONE',  ( -13.08171920815025047, 9.468515479939913604, 12.66146601624205026 ) ) ;
#3643 = CARTESIAN_POINT ( 'NONE',  ( -15.37832882408025270, 4.508957878336771863, -14.68988134452206396 ) ) ;
#3644 = CARTESIAN_POINT ( 'NONE',  ( 0.02782555748663794598, 16.68409726156776429, 19.90692246478960215 ) ) ;
#3645 = CARTESIAN_POINT ( 'NONE',  ( -20.00000000000012790, 5.830001608856372641, -8.247263855911777242 ) ) ;
#3646 = CARTESIAN_POINT ( 'NONE',  ( -6.669706323889524668, -8.998896238480087462, 27.53576259014954530 ) ) ;
#3647 = CARTESIAN_POINT ( 'NONE',  ( -4.628609323645894946, 14.82152330911474714, -19.93546193717640591 ) ) ;
#3648 = DIRECTION ( 'NONE',  ( 1.000000000000000000, 0.0000000000000000000, 0.0000000000000000000 ) ) ;
#3649 = CIRCLE ( 'NONE', #7129, 22.74999999999999645 ) ;
#3650 = LINE ( 'NONE', #6210, #2969 ) ;
#3651 = EDGE_CURVE ( 'NONE', #7661, #7843, #7127, .T. ) ;
#3652 = CARTESIAN_POINT ( 'NONE',  ( -6.966046977002696927, 13.43555962565161011, 15.56201906965468318 ) ) ;
#3653 = CARTESIAN_POINT ( 'NONE',  ( -15.35344542458006956, -1.574843477828874017, -15.85702082367683019 ) ) ;
#3654 = CARTESIAN_POINT ( 'NONE',  ( -11.95480543659495787, 10.99232648233993892, -9.811009832970752242 ) ) ;
#3655 = CARTESIAN_POINT ( 'NONE',  ( -5.000000000000000000, 15.75000000000001066, -4.707529648109743725 ) ) ;
#3656 = CARTESIAN_POINT ( 'NONE',  ( -4.641744592741117614, 15.89330216290355402, -17.28337659812625660 ) ) ;
#3657 = CARTESIAN_POINT ( 'NONE',  ( -5.403452494964808395, -15.49603401906629507, -19.24655187332451689 ) ) ;
#3658 = CARTESIAN_POINT ( 'NONE',  ( -14.34750280230278108, -9.072324214271056064, -10.54138976533884886 ) ) ;
#3659 = CIRCLE ( 'NONE', #1496, 1.000000000000000444 ) ;
#3660 = CARTESIAN_POINT ( 'NONE',  ( -4.628609323645895834, -14.82152330911473470, -16.24072696541344385 ) ) ;
#3661 = CARTESIAN_POINT ( 'NONE',  ( -9.336492398802711534, -11.58083115027013399, -17.18440958460881163 ) ) ;
#3662 = CARTESIAN_POINT ( 'NONE',  ( -20.00000000000002487, 8.755232043913590445, 8.428812389385367254 ) ) ;
#3663 = CARTESIAN_POINT ( 'NONE',  ( -1.219727444046192488E-15, 16.67296703857311257, 20.94870582583202179 ) ) ;
#3664 = CARTESIAN_POINT ( 'NONE',  ( -18.31404633529737680, -7.555739316942129413, 8.846148125198135759 ) ) ;
#3665 = CARTESIAN_POINT ( 'NONE',  ( 0.0000000000000000000, 18.00000000000000000, 36.49999999999999289 ) ) ;
#3666 = CARTESIAN_POINT ( 'NONE',  ( -4.629792917380581407, -14.82105074628458574, 4.203806338868692372 ) ) ;
#3667 = ORIENTED_EDGE ( 'NONE', *, *, #6403, .F. ) ;
#3668 = DIRECTION ( 'NONE',  ( 0.0000000000000000000, 0.0000000000000000000, 1.000000000000000000 ) ) ;
#3669 = CARTESIAN_POINT ( 'NONE',  ( -1.524280377155025512, 1.158066445113303589, 36.04881209641698803 ) ) ;
#3670 = CARTESIAN_POINT ( 'NONE',  ( -9.621802500416768211, 12.88641266854573075, -2.203045984629494303 ) ) ;
#3671 = CARTESIAN_POINT ( 'NONE',  ( -4.469968182237605170, -15.95550406739910976, 20.47306345360386004 ) ) ;
#3672 = CARTESIAN_POINT ( 'NONE',  ( -4.462825889823810677, 14.90662363328356221, -19.99066030736942068 ) ) ;
#3673 = CARTESIAN_POINT ( 'NONE',  ( -3.402506605804388240, 1.096582707018215697, -36.38821064028262953 ) ) ;
#3674 = CARTESIAN_POINT ( 'NONE',  ( -12.91507018705732079, 7.038347719235656719, 17.30548017262053406 ) ) ;
#3675 = CARTESIAN_POINT ( 'NONE',  ( -5.573930971027798442, -15.30555747459893645, -20.95115042434374075 ) ) ;
#3676 = CARTESIAN_POINT ( 'NONE',  ( -5.109317519607364133, 15.70372480609504073, 9.565602429124256290 ) ) ;
#3677 = CARTESIAN_POINT ( 'NONE',  ( -17.99733192097117040, -6.483786539360793633, 8.433158029839001202 ) ) ;
#3678 = CARTESIAN_POINT ( 'NONE',  ( -15.53870536896169874, -7.976295439120687725, -10.52024657066722924 ) ) ;
#3679 = EDGE_LOOP ( 'NONE', ( #542, #4338, #1899, #1135, #7933, #7744, #7273 ) ) ;
#3680 = CARTESIAN_POINT ( 'NONE',  ( -13.08126854118549431, 9.464229546118241743, 12.67736467610368756 ) ) ;
#3681 = CARTESIAN_POINT ( 'NONE',  ( -15.42636644944966129, 6.450571922840804717, -13.00499174983490747 ) ) ;
#3682 = CARTESIAN_POINT ( 'NONE',  ( -18.48336385819348493, -9.274787103578209013, 5.816139479981884186 ) ) ;
#3683 = CARTESIAN_POINT ( 'NONE',  ( -19.99999999999729638, 4.423395072282229279, -9.091520290454765174 ) ) ;
#3684 = CARTESIAN_POINT ( 'NONE',  ( -4.244890541973313169, -13.29449769821803784, 27.14668551961328191 ) ) ;
#3685 = CARTESIAN_POINT ( 'NONE',  ( -1.524246980840133103, 14.29073369209166877, -27.56487431906693431 ) ) ;
#3686 =( NAMED_UNIT ( * ) SI_UNIT ( $, .STERADIAN. ) SOLID_ANGLE_UNIT ( ) );
#3687 = DIRECTION ( 'NONE',  ( -0.0000000000000000000, -0.0000000000000000000, -1.000000000000000000 ) ) ;
#3688 = CARTESIAN_POINT ( 'NONE',  ( -4.514433410272816083, 14.87572254729009913, 15.52531424629261636 ) ) ;
#3689 = CARTESIAN_POINT ( 'NONE',  ( -6.630176196904897346, -2.326545999419457722, -30.76507100047976806 ) ) ;
#3690 = CARTESIAN_POINT ( 'NONE',  ( -18.99999999999999645, 5.131251956226082989, -8.161905301771589905 ) ) ;
#3691 = CARTESIAN_POINT ( 'NONE',  ( -7.012540791867426293, 13.56561020301105458, -12.46859106517516302 ) ) ;
#3692 = CARTESIAN_POINT ( 'NONE',  ( -5.000000000000000000, 15.75000000000001776, 21.82249421427287928 ) ) ;
#3693 = CARTESIAN_POINT ( 'NONE',  ( 3.000000000000000000, 18.00000000000000000, 36.49999999999999289 ) ) ;
#3694 = CARTESIAN_POINT ( 'NONE',  ( -4.565452173915284462, -15.92381913043387343, -19.62690799444234457 ) ) ;
#3695 = CARTESIAN_POINT ( 'NONE',  ( -7.000859928310157798, -13.53247492026903842, -13.27020009491455532 ) ) ;
#3696 = EDGE_LOOP ( 'NONE', ( #2987, #2509, #4544, #420 ) ) ;
#3697 = B_SPLINE_CURVE_WITH_KNOTS ( 'NONE', 3,
 ( #8153, #7648, #8279, #670, #6432, #7691, #3834, #1929, #540, #2558, #2518, #1763, #4328, #6891, #5148, #8238, #4466, #3103, #3706, #498, #5637, #7019, #1211, #5679, #3791, #5107, #4513, #6265, #1256, #3747, #2431, #8193, #6347, #5021, #1844, #2473, #7559, #1804, #6391, #5062, #585, #629, #3149, #3191, #7096, #3405 ),
 .UNSPECIFIED., .F., .F.,
 ( 4, 2, 2, 2, 2, 2, 2, 2, 2, 2, 2, 2, 2, 2, 2, 2, 2, 2, 2, 2, 2, 2, 4 ),
 ( 0.006402328758677767843, 0.008266587152258884907, 0.01013084554584000110, 0.01199510393942111730, 0.01292723313621167540, 0.01385936233300223350, 0.01572362072658334969, 0.01758787912016446589, 0.01852000831695502572, 0.01945213751374558209, 0.02131639590732669481, 0.02224852510411725465, 0.02318065430090781101, 0.02504491269448892721, 0.02597704189127948357, 0.02690917108807003993, 0.02877342948165115266, 0.03063768787523226886, 0.03156981707202282522, 0.03250194626881338505, 0.03436620466239449778, 0.03529833385918505761, 0.03623046305597561051 ),
 .UNSPECIFIED. ) ;
#3698 = ORIENTED_EDGE ( 'NONE', *, *, #5212, .F. ) ;
#3699 = CARTESIAN_POINT ( 'NONE',  ( -4.628609323645896723, -14.82152330911474003, -14.33583445418266678 ) ) ;
#3700 = CARTESIAN_POINT ( 'NONE',  ( -16.09522235195382223, -6.993332549338870940, -11.05801558791657513 ) ) ;
#3701 = CARTESIAN_POINT ( 'NONE',  ( -20.00000000000002842, 1.200849385227455768, -13.62377014152820642 ) ) ;
#3702 = CARTESIAN_POINT ( 'NONE',  ( -4.606513547267643283, 14.83036161966604638, -9.651585356035528918 ) ) ;
#3703 = CARTESIAN_POINT ( 'NONE',  ( -19.99999999999930722, -5.717192075080363090, 8.326571459482700277 ) ) ;
#3704 = CARTESIAN_POINT ( 'NONE',  ( 7.318364664277153943E-16, -16.65098431828553061, -20.86053599454235652 ) ) ;
#3705 = CARTESIAN_POINT ( 'NONE',  ( -15.76180533879286294, -9.866528874806837379, 5.223927426372689808 ) ) ;
#3706 = CARTESIAN_POINT ( 'NONE',  ( -18.99999999999998579, -8.452417177517578040, 4.132736114216182699 ) ) ;
#3707 = CARTESIAN_POINT ( 'NONE',  ( -5.480542964915151138, 15.43518503273607756, 20.00000000041540460 ) ) ;
#3708 = EDGE_CURVE ( 'NONE', #3396, #4795, #283, .T. ) ;
#3709 = CARTESIAN_POINT ( 'NONE',  ( -1.524343427975093812, -2.548613060295399357, 35.85926315209034243 ) ) ;
#3710 = CARTESIAN_POINT ( 'NONE',  ( -7.133085834655111590, 13.85823164092577287, 1.780862560997380717 ) ) ;
#3711 = CARTESIAN_POINT ( 'NONE',  ( -5.019534574039765218, -11.46058717342475930, 30.80512846051173526 ) ) ;
#3712 = CARTESIAN_POINT ( 'NONE',  ( -11.85294083928799580, 10.23014796598056542, -13.73375640310237777 ) ) ;
#3713 = CARTESIAN_POINT ( 'NONE',  ( -5.001003153103927623, -2.541519752431865786, -35.55114642412911508 ) ) ;
#3714 = CARTESIAN_POINT ( 'NONE',  ( -14.20189442787207490, 7.481803292272098282, 14.12758250075610356 ) ) ;
#3715 = CARTESIAN_POINT ( 'NONE',  ( -5.819942661753158220, -13.62387817906265042, -25.92910948618304801 ) ) ;
#3716 = CARTESIAN_POINT ( 'NONE',  ( -4.560880098549826123, 15.92564796058008447, 19.71732720041729792 ) ) ;
#3717 = CARTESIAN_POINT ( 'NONE',  ( -18.00055197809345842, -6.523436398161936545, 8.383326789582797645 ) ) ;
#3718 = CARTESIAN_POINT ( 'NONE',  ( -9.400021595618849091, -11.78061516939459707, -15.70267852162610112 ) ) ;
#3719 = ORIENTED_EDGE ( 'NONE', *, *, #7618, .T. ) ;
#3720 = CARTESIAN_POINT ( 'NONE',  ( -4.462739277134252447, 14.90658376116488704, 19.97087856676279216 ) ) ;
#3721 = CARTESIAN_POINT ( 'NONE',  ( -17.30622436198957104, 5.774089096818372902, -10.29170272787657403 ) ) ;
#3722 = CARTESIAN_POINT ( 'NONE',  ( -18.61088007029026059, -10.29151849410621544, 2.562672121028569450 ) ) ;
#3723 = CARTESIAN_POINT ( 'NONE',  ( 3.000000000000000000, 2.733323094352584069E-15, 42.74999999999999289 ) ) ;
#3724 = CARTESIAN_POINT ( 'NONE',  ( -17.28786372955416439, -5.279753377238994183, 10.76322475509211429 ) ) ;
#3725 = CARTESIAN_POINT ( 'NONE',  ( -1.524319402890892627, 16.06323927741675561, -19.99345117077897882 ) ) ;
#3726 = FILL_AREA_STYLE_COLOUR ( '', #7376 ) ;
#3727 = EDGE_CURVE ( 'NONE', #7574, #3396, #365, .T. ) ;
#3728 = CARTESIAN_POINT ( 'NONE',  ( -4.311341198058553204, 2.529624723252845264, 34.74678094816281515 ) ) ;
#3729 = CARTESIAN_POINT ( 'NONE',  ( -11.90889501565276198, 10.67506174127250596, 11.52047592338635162 ) ) ;
#3730 = CARTESIAN_POINT ( 'NONE',  ( -17.22403957565459010, 1.597008681714347844, -12.62742518542363612 ) ) ;
#3731 = CARTESIAN_POINT ( 'NONE',  ( 0.0000000000000000000, -17.75000000000000355, 3.122502256758252770E-14 ) ) ;
#3732 = CARTESIAN_POINT ( 'NONE',  ( -19.00000000000000355, -3.244061007696997123, -9.142708420823382198 ) ) ;
#3733 = CARTESIAN_POINT ( 'NONE',  ( -4.629792917380622264, 14.82105074628458752, -4.203806338870185400 ) ) ;
#3734 = CARTESIAN_POINT ( 'NONE',  ( -12.86080607845411983, -0.9163113834266701785, 20.24432889711005501 ) ) ;
#3735 = CARTESIAN_POINT ( 'NONE',  ( -20.00000000000000000, 0.6520802205258716677, -9.984745210496337009 ) ) ;
#3736 = CARTESIAN_POINT ( 'NONE',  ( 0.02782555748663913947, -16.68409726156775008, -19.99999998913769517 ) ) ;
#3737 = CARTESIAN_POINT ( 'NONE',  ( -4.578687744803422000, -15.91852490207861948, -19.21451488297629595 ) ) ;
#3738 = CARTESIAN_POINT ( 'NONE',  ( -6.977945525177384312, -13.46882204439951458, -14.78402721885358950 ) ) ;
#3739 = ORIENTED_EDGE ( 'NONE', *, *, #1414, .F. ) ;
#3740 = CARTESIAN_POINT ( 'NONE',  ( -3.076464363268367919, -15.44238129326574516, -19.52363587901242781 ) ) ;
#3741 = CARTESIAN_POINT ( 'NONE',  ( -17.29467432518510961, -5.511959292792658616, -10.54832841038838431 ) ) ;
#3742 = CARTESIAN_POINT ( 'NONE',  ( -5.000000000000003553, -15.75000000000000000, -4.407281562878547554 ) ) ;
#3743 = CARTESIAN_POINT ( 'NONE',  ( -4.338737862103139165, -8.869168125872564090, -32.02332017856696211 ) ) ;
#3744 = DIRECTION ( 'NONE',  ( 0.0000000000000000000, -1.000000000000000000, 0.0000000000000000000 ) ) ;
#3745 = CARTESIAN_POINT ( 'NONE',  ( 3.000000000000000000, -20.00000000000000355, 38.49999999999999289 ) ) ;
#3746 = CARTESIAN_POINT ( 'NONE',  ( -19.57001413992518124, -8.887924215978722842, 1.934452546577970056 ) ) ;
#3747 = CARTESIAN_POINT ( 'NONE',  ( -18.99999999999999645, -3.470096904959578232, 9.053757001758567569 ) ) ;
#3748 = CARTESIAN_POINT ( 'NONE',  ( -4.628803974228882012, -13.75948862797326377, 25.51041047693997044 ) ) ;
#3749 = CARTESIAN_POINT ( 'NONE',  ( -14.59815576451198460, 10.91678263908681323, 2.268470391095533056 ) ) ;
#3750 = EDGE_CURVE ( 'NONE', #5611, #3214, #1474, .T. ) ;
#3751 = CARTESIAN_POINT ( 'NONE',  ( -5.005793531650442496, -6.939915233252098581, 34.14544759352300929 ) ) ;
#3752 = CARTESIAN_POINT ( 'NONE',  ( -14.30786000215780973, 8.710271745482605965, -11.60521707240111233 ) ) ;
#3753 = CARTESIAN_POINT ( 'NONE',  ( -3.462395889197523058, -6.751632817075082116, -34.91762699043106721 ) ) ;
#3754 = CARTESIAN_POINT ( 'NONE',  ( -11.72553803618451340, 9.105421919891053761, 16.96566874239692879 ) ) ;
#3755 = CARTESIAN_POINT ( 'NONE',  ( -18.48327344034199626, 9.271164400535781169, 5.805167450857255496 ) ) ;
#3756 = DIRECTION ( 'NONE',  ( 1.000000000000000000, 0.0000000000000000000, 0.0000000000000000000 ) ) ;
#3757 = CARTESIAN_POINT ( 'NONE',  ( -19.24196914293239402, -5.825419666290210685, 7.306875762829302623 ) ) ;
#3758 = CARTESIAN_POINT ( 'NONE',  ( -4.463381924476784945, -14.90617475682355675, -19.91269142797907321 ) ) ;
#3759 = ORIENTED_EDGE ( 'NONE', *, *, #840, .F. ) ;
#3760 = CIRCLE ( 'NONE', #3900, 3.999999999999996447 ) ;
#3761 = EDGE_LOOP ( 'NONE', ( #2496, #2043, #1693, #5737 ) ) ;
#3762 = CARTESIAN_POINT ( 'NONE',  ( -15.53417807268199091, 7.952990027059278155, 10.57667489353941193 ) ) ;
#3763 = CARTESIAN_POINT ( 'NONE',  ( -12.96284568491905631, 8.325279275715626426, -15.52170572141029936 ) ) ;
#3764 = CARTESIAN_POINT ( 'NONE',  ( 3.000000000000000000, 22.00000000000000000, -36.50000000000000711 ) ) ;
#3765 = CARTESIAN_POINT ( 'NONE',  ( -20.00000000000004619, 4.323109584280680373, -12.63562117353738046 ) ) ;
#3766 = CARTESIAN_POINT ( 'NONE',  ( -19.99999999999998224, -4.668421124400762956, 8.898953193294596886 ) ) ;
#3767 = CARTESIAN_POINT ( 'NONE',  ( -12.91718597938450941, -7.027190751173169048, 17.24507748172196031 ) ) ;
#3768 = CARTESIAN_POINT ( 'NONE',  ( -4.628610592183083128, 14.82038279247246848, -20.21319301886906672 ) ) ;
#3769 = CARTESIAN_POINT ( 'NONE',  ( -4.361231251754961846, 10.98311535775888004, 30.13236421330396553 ) ) ;
#3770 = CARTESIAN_POINT ( 'NONE',  ( -4.477928939574567835, 14.89709800805353801, 18.62038639764258718 ) ) ;
#3771 = CARTESIAN_POINT ( 'NONE',  ( -15.97673143257197914, 1.484766855028637478, -14.78722738340875154 ) ) ;
#3772 = CARTESIAN_POINT ( 'NONE',  ( -19.00000000000000355, 9.304724211114812960, -0.5057626549132702154 ) ) ;
#3773 = DIRECTION ( 'NONE',  ( -0.0000000000000000000, -0.0000000000000000000, 1.000000000000000000 ) ) ;
#3774 = CARTESIAN_POINT ( 'NONE',  ( -15.81621323932135326, 10.25307138683633390, -3.446977418039227192 ) ) ;
#3775 = CARTESIAN_POINT ( 'NONE',  ( -17.84571834879986696, 0.1486281993978121885, 11.71647874048986893 ) ) ;
#3776 = CARTESIAN_POINT ( 'NONE',  ( -4.999999999999999112, 15.75000000000000355, -18.09415738323545142 ) ) ;
#3777 = DIRECTION ( 'NONE',  ( 0.0000000000000000000, 0.0000000000000000000, 1.000000000000000000 ) ) ;
#3778 = CARTESIAN_POINT ( 'NONE',  ( -5.347423416513775507, -15.54444169806071407, -17.31134211534817524 ) ) ;
#3779 = CARTESIAN_POINT ( 'NONE',  ( -16.79000590684315952, -7.491099979967036582, -9.023901203319029563 ) ) ;
#3780 = ORIENTED_EDGE ( 'NONE', *, *, #5285, .F. ) ;
#3781 = VECTOR ( 'NONE', #4417, 1000.000000000000000 ) ;
#3782 = ORIENTED_EDGE ( 'NONE', *, *, #3727, .F. ) ;
#3783 = B_SPLINE_CURVE_WITH_KNOTS ( 'NONE', 3,
 ( #6120, #6740, #974, #2910 ),
 .UNSPECIFIED., .F., .F.,
 ( 4, 4 ),
 ( 0.0000000000000000000, 1.000000000000000000 ),
 .UNSPECIFIED. ) ;
#3784 = CARTESIAN_POINT ( 'NONE',  ( 0.0000000000000000000, -16.87193170087698846, -26.83855367616387966 ) ) ;
#3785 = CARTESIAN_POINT ( 'NONE',  ( -17.87064705357368410, -3.531634053245712668, -10.87066043063779119 ) ) ;
#3786 = CARTESIAN_POINT ( 'NONE',  ( -4.966436608258910645, -15.76342535669644107, -1.469191730943942620 ) ) ;
#3787 = CARTESIAN_POINT ( 'NONE',  ( -4.444141984249366573, 14.17787531619327090, -24.61251626583244700 ) ) ;
#3788 = CARTESIAN_POINT ( 'NONE',  ( -19.99999999999932143, -5.646685420811706102, 8.374643526154486040 ) ) ;
#3789 = CARTESIAN_POINT ( 'NONE',  ( 7.318364664277177609E-16, -16.66745899929705388, -20.49174628689953437 ) ) ;
#3790 = CARTESIAN_POINT ( 'NONE',  ( -14.60667396404651441, -10.95585026759741432, 1.733820702200418173 ) ) ;
#3791 = CARTESIAN_POINT ( 'NONE',  ( -19.00000000000001066, -6.326917513578575125, 7.187332056023651106 ) ) ;
#3792 = CARTESIAN_POINT ( 'NONE',  ( -5.107349442401247330, 15.70459547662709632, 9.494320549186372915 ) ) ;
#3793 = ORIENTED_EDGE ( 'NONE', *, *, #3341, .F. ) ;
#3794 = CARTESIAN_POINT ( 'NONE',  ( 0.02782430271962743618, -16.67757065066957622, 20.46397545929851347 ) ) ;
#3795 = CARTESIAN_POINT ( 'NONE',  ( -11.84509125239559602, -10.19618579092253263, -13.90970622090970643 ) ) ;
#3796 = CARTESIAN_POINT ( 'NONE',  ( -7.126089329531107630, 13.84256552132105256, 3.185903538028436177 ) ) ;
#3797 = CARTESIAN_POINT ( 'NONE',  ( -4.999732265111333618, -1.045383012935091172, 35.74929124119601198 ) ) ;
#3798 = CARTESIAN_POINT ( 'NONE',  ( -17.99778334548507175, 6.525028365487162141, -8.385732347565744149 ) ) ;
#3799 = CARTESIAN_POINT ( 'NONE',  ( -3.419711208898930987, 3.731649416616517279, -35.95990504860357362 ) ) ;
#3800 = CARTESIAN_POINT ( 'NONE',  ( -18.55704695048508057, 5.230534044096862623, 8.756736491453798621 ) ) ;
#3801 = CARTESIAN_POINT ( 'NONE',  ( -18.61098302283067696, 10.29310810474207827, 2.551710774682066862 ) ) ;
#3802 = DIRECTION ( 'NONE',  ( 0.0000000000000000000, 0.0000000000000000000, -1.000000000000000000 ) ) ;
#3803 = CARTESIAN_POINT ( 'NONE',  ( -14.30985803210236895, -8.709040209970643431, 11.60349901684774565 ) ) ;
#3804 = VECTOR ( 'NONE', #4838, 1000.000000000000000 ) ;
#3805 = CARTESIAN_POINT ( 'NONE',  ( -16.15220919740569627, -7.600087818259044781, -10.00142261309750680 ) ) ;
#3806 = ORIENTED_EDGE ( 'NONE', *, *, #3280, .T. ) ;
#3807 = ORIENTED_EDGE ( 'NONE', *, *, #4501, .T. ) ;
#3808 = CARTESIAN_POINT ( 'NONE',  ( -17.99518455071852330, 6.493101655152511142, 8.425898980934235283 ) ) ;
#3809 = CARTESIAN_POINT ( 'NONE',  ( -19.17025556261861396, 4.632786463331312277, -8.221371980817981040 ) ) ;
#3810 = PLANE ( 'NONE',  #7971 ) ;
#3811 = CARTESIAN_POINT ( 'NONE',  ( -20.00000000000003197, 4.983664442507362402, -8.814585799291002388 ) ) ;
#3812 = CARTESIAN_POINT ( 'NONE',  ( -5.000000000000000000, -15.75000000000001066, 14.49500089890032051 ) ) ;
#3813 = CARTESIAN_POINT ( 'NONE',  ( -4.213298649792666772, -12.30130007063012698, 28.87111419126473777 ) ) ;
#3814 = CARTESIAN_POINT ( 'NONE',  ( -20.00000000000002842, -11.17697812767406873, -2.799129945231753958 ) ) ;
#3815 = CARTESIAN_POINT ( 'NONE',  ( -4.482771149309443537, 14.66406238625500436, 22.60362567121674005 ) ) ;
#3816 = CARTESIAN_POINT ( 'NONE',  ( -13.09822176392227533, 9.621380143288289943, 12.08992965226131844 ) ) ;
#3817 = CARTESIAN_POINT ( 'NONE',  ( -9.120431189258150440, 0.4333886651977117421, -26.68214667772161519 ) ) ;
#3818 = CARTESIAN_POINT ( 'NONE',  ( 0.0000000000000000000, -12.98752371685959695, 32.77349878216986667 ) ) ;
#3819 = CARTESIAN_POINT ( 'NONE',  ( -20.00000000000002842, -1.214916148612522839, 13.62188675626260448 ) ) ;
#3820 = CARTESIAN_POINT ( 'NONE',  ( -15.83325789389883376, 10.36384575321544510, -2.530074360528788535 ) ) ;
#3821 = CARTESIAN_POINT ( 'NONE',  ( -17.22275037878311110, -0.1902295218380784803, 12.77869306792107551 ) ) ;
#3822 = CARTESIAN_POINT ( 'NONE',  ( -19.99999999999998224, -4.668421124400762956, 8.898953193294596886 ) ) ;
#3823 = CARTESIAN_POINT ( 'NONE',  ( -5.471983146745904136, 15.44293272405366402, -19.94218731177911863 ) ) ;
#3824 = CARTESIAN_POINT ( 'NONE',  ( -5.385162085993676406, -15.51236931666462837, -18.60156858065010610 ) ) ;
#3825 = CARTESIAN_POINT ( 'NONE',  ( -11.88134082504029543, -10.45157158997802149, -12.64152254575486722 ) ) ;
#3826 = CARTESIAN_POINT ( 'NONE',  ( -3.076464363268366586, -15.44238129326574338, -19.76185866277559455 ) ) ;
#3827 = CARTESIAN_POINT ( 'NONE',  ( -17.24887291880968121, -3.855230959411202640, -11.76803912853477208 ) ) ;
#3828 = AXIS2_PLACEMENT_3D ( 'NONE', #5804, #4629, #5887 ) ;
#3829 = CARTESIAN_POINT ( 'NONE',  ( -20.00000000000002487, 2.807733923549210253, -13.27090752841146148 ) ) ;
#3830 = DIRECTION ( 'NONE',  ( 1.000000000000000000, 0.0000000000000000000, -0.0000000000000000000 ) ) ;
#3831 = CARTESIAN_POINT ( 'NONE',  ( -20.00000000000002487, -7.559704883456878299, 10.00530460702737123 ) ) ;
#3832 = CARTESIAN_POINT ( 'NONE',  ( 5.692061405548906167E-16, -3.597335752952527610, -36.28655199013535793 ) ) ;
#3833 = CARTESIAN_POINT ( 'NONE',  ( -14.60018524702845610, -10.91598883101367434, -2.268215341581080402 ) ) ;
#3834 = CARTESIAN_POINT ( 'NONE',  ( -18.99999999999999645, -8.724533708742363558, -3.491492997664461750 ) ) ;
#3835 = ORIENTED_EDGE ( 'NONE', *, *, #3470, .F. ) ;
#3836 = ADVANCED_FACE ( 'NONE', ( #6707 ), #3522, .T. ) ;
#3837 = CARTESIAN_POINT ( 'NONE',  ( -3.076603404071925674, -8.995736678044536916, 32.67494328019334660 ) ) ;
#3838 = CARTESIAN_POINT ( 'NONE',  ( -19.23155131123784045, -5.724888996183732814, -7.400757647741559531 ) ) ;
#3839 = CARTESIAN_POINT ( 'NONE',  ( -7.130244526577035558, 13.85191773397060189, -2.431149633095764706 ) ) ;
#3840 = CARTESIAN_POINT ( 'NONE',  ( -5.000662837339501010, -2.056224426703368913, 35.64816385846499713 ) ) ;
#3841 = CARTESIAN_POINT ( 'NONE',  ( -16.15156540312107936, 7.620752284805552002, -9.966207345443685028 ) ) ;
#3842 = CARTESIAN_POINT ( 'NONE',  ( -5.873579245651850300, -9.435925310019133150, -30.97247094602190742 ) ) ;
#3843 = CARTESIAN_POINT ( 'NONE',  ( -16.00808084307100998, 4.506445417764806116, 13.55751603196608457 ) ) ;
#3844 = CARTESIAN_POINT ( 'NONE',  ( -5.025861443881033175, 15.73965542244763682, 19.75614238858108962 ) ) ;
#3845 = CARTESIAN_POINT ( 'NONE',  ( -19.29123720324355062, -6.469815769267460936, 6.695717831990455338 ) ) ;
#3846 = CARTESIAN_POINT ( 'NONE',  ( -14.30897394997610306, -8.700034201950625601, -11.62923540933044997 ) ) ;
#3847 = EDGE_LOOP ( 'NONE', ( #6445, #3119, #4893, #6543 ) ) ;
#3848 = LINE ( 'NONE', #6404, #6473 ) ;
#3849 = CARTESIAN_POINT ( 'NONE',  ( -19.23641446584291259, 5.792698712103003800, 7.340498178290473241 ) ) ;
#3850 = CARTESIAN_POINT ( 'NONE',  ( -19.15079397568871045, 4.152969250713242744, -8.510536326876179558 ) ) ;
#3851 = DIRECTION ( 'NONE',  ( 1.000000000000000000, 0.0000000000000000000, 0.0000000000000000000 ) ) ;
#3852 = CARTESIAN_POINT ( 'NONE',  ( 3.000000000000000000, 17.99999999999999645, -36.50000000000000711 ) ) ;
#3853 = CARTESIAN_POINT ( 'NONE',  ( -5.000000000000000000, -15.75000000000001066, 21.82249421427285441 ) ) ;
#3854 = CARTESIAN_POINT ( 'NONE',  ( -15.42863752890453100, -6.449125988485644889, 13.00226401578245472 ) ) ;
#3855 = CARTESIAN_POINT ( 'NONE',  ( -5.415063198153102775, 15.48538022064635022, -19.66397487614528927 ) ) ;
#3856 = CARTESIAN_POINT ( 'NONE',  ( -18.63457553295803493, 6.400738220647336441, 7.595409602412106054 ) ) ;
#3857 = CARTESIAN_POINT ( 'NONE',  ( -9.120773590431499045, 1.240797277828344258, -26.65248131761921613 ) ) ;
#3858 = CARTESIAN_POINT ( 'NONE',  ( -5.000000000000004441, -6.105812355250412438, 34.95264392807920473 ) ) ;
#3859 = CARTESIAN_POINT ( 'NONE',  ( -19.00000000000000711, 7.172075706509003723, -6.256353534176169795 ) ) ;
#3860 = ADVANCED_FACE ( 'NONE', ( #2355 ), #7669, .T. ) ;
#3861 = CARTESIAN_POINT ( 'NONE',  ( -9.121104245666133536, 0.3739931332884779969, 26.71006688884198610 ) ) ;
#3862 = CARTESIAN_POINT ( 'NONE',  ( -5.011150982471034077, 15.74553960701120481, -19.55284903416495723 ) ) ;
#3863 = CARTESIAN_POINT ( 'NONE',  ( -5.480542964804859807, -15.43518503283589460, 19.99999999967038988 ) ) ;
#3864 = CARTESIAN_POINT ( 'NONE',  ( -6.946757722781361721, -13.37554873244339682, -16.93825194892960795 ) ) ;
#3865 = ORIENTED_EDGE ( 'NONE', *, *, #1934, .T. ) ;
#3866 = CARTESIAN_POINT ( 'NONE',  ( -1.524319402891593400, -16.06323927741645363, -19.87842135475352379 ) ) ;
#3867 = CARTESIAN_POINT ( 'NONE',  ( -4.304310247715729787, -14.36658098502955738, -24.52559005028314942 ) ) ;
#3868 = CARTESIAN_POINT ( 'NONE',  ( -4.541520267650519749, -14.85635893151288123, -19.93414036259472155 ) ) ;
#3869 = FILL_AREA_STYLE_COLOUR ( '', #823 ) ;
#3870 = CARTESIAN_POINT ( 'NONE',  ( -18.27327628792286873, -7.037056577862659701, 9.559456398954925049 ) ) ;
#3871 = CARTESIAN_POINT ( 'NONE',  ( -4.566963717153397440, -15.92321451313865843, 19.69725813711783147 ) ) ;
#3872 = CARTESIAN_POINT ( 'NONE',  ( -17.06971405907756889, -9.798390946609693231, -2.785810471857661508 ) ) ;
#3873 = DIRECTION ( 'NONE',  ( -0.0000000000000000000, -3.469446951953619119E-16, 1.000000000000000000 ) ) ;
#3874 = CARTESIAN_POINT ( 'NONE',  ( -1.524212801110690796, -14.96193336043344502, 25.84612101052300659 ) ) ;
#3875 = CARTESIAN_POINT ( 'NONE',  ( -6.923410045839587745, -13.32683773916288850, -18.13523462067163905 ) ) ;
#3876 = CARTESIAN_POINT ( 'NONE',  ( -19.53142631215249381, 8.639415242941876016, 2.989189527809503311 ) ) ;
#3877 = CARTESIAN_POINT ( 'NONE',  ( -3.402427642487120263, 0.5185262594316434326, 36.39022265537268197 ) ) ;
#3878 = CARTESIAN_POINT ( 'NONE',  ( -17.47030338393476612, 7.832543577593773954, -7.414082864751301294 ) ) ;
#3879 = CARTESIAN_POINT ( 'NONE',  ( -3.879581330290194252, -14.56204680085195591, -27.11484131836314759 ) ) ;
#3880 = CARTESIAN_POINT ( 'NONE',  ( -11.63587139862599962, 5.313727518203621436, 20.93770276400143970 ) ) ;
#3881 = CARTESIAN_POINT ( 'NONE',  ( -18.13935257772035570, -1.572881485250030575, -13.05775311165358588 ) ) ;
#3882 = CARTESIAN_POINT ( 'NONE',  ( 5.000000000000000000, 2.733323094352584069E-15, 42.74999999999999289 ) ) ;
#3883 = CARTESIAN_POINT ( 'NONE',  ( -13.09364197176030409, -9.562671353548838127, 12.30520521663573241 ) ) ;
#3884 = EDGE_CURVE ( 'NONE', #1625, #1732, #7911, .T. ) ;
#3885 = CARTESIAN_POINT ( 'NONE',  ( -17.38142796472649110, -6.852144389773357602, -8.963329094823963672 ) ) ;
#3886 = VERTEX_POINT ( 'NONE', #2527 ) ;
#3887 = CARTESIAN_POINT ( 'NONE',  ( -9.396569369476269529, 11.76563549229248906, 15.84357756869164646 ) ) ;
#3888 = CARTESIAN_POINT ( 'NONE',  ( -19.20646204119870148, 5.338458137561258532, -7.721932563255390569 ) ) ;
#3889 = CARTESIAN_POINT ( 'NONE',  ( -5.045547438307635524, 15.73178102467691097, -20.06784878485278512 ) ) ;
#3890 = CARTESIAN_POINT ( 'NONE',  ( -3.532640297873600232, -9.461856105537398420, -33.32755506616265961 ) ) ;
#3891 = CARTESIAN_POINT ( 'NONE',  ( -19.99999999999999645, -0.6520802205262173912, 9.984745210496312140 ) ) ;
#3892 = CARTESIAN_POINT ( 'NONE',  ( -19.20951140343670360, -5.336685081520256446, 7.718993389023160567 ) ) ;
#3893 = CARTESIAN_POINT ( 'NONE',  ( -20.00000000000002487, -10.77320125505826631, -4.395361389704695476 ) ) ;
#3894 =( GEOMETRIC_REPRESENTATION_CONTEXT ( 3 ) GLOBAL_UNCERTAINTY_ASSIGNED_CONTEXT ( ( #6713 ) ) GLOBAL_UNIT_ASSIGNED_CONTEXT ( ( #5086, #4996, #3686 ) ) REPRESENTATION_CONTEXT ( 'NONE', 'WORKASPACE' ) );
#3895 = CARTESIAN_POINT ( 'NONE',  ( -19.23486589515679412, -5.771311867916373295, -7.359625172205327637 ) ) ;
#3896 = CARTESIAN_POINT ( 'NONE',  ( -6.960349654341021264, 13.41878453691907325, 15.95085144530966303 ) ) ;
#3897 = CARTESIAN_POINT ( 'NONE',  ( -6.629947848484418316, 2.403471682401838283, -30.78515869954396322 ) ) ;
#3898 = CARTESIAN_POINT ( 'NONE',  ( -5.000000000000000000, -15.74999999999999289, -19.99999998980443294 ) ) ;
#3899 = CARTESIAN_POINT ( 'NONE',  ( -20.00000000000002842, 8.755232044156702642, 8.428812389538817840 ) ) ;
#3900 = AXIS2_PLACEMENT_3D ( 'NONE', #5482, #5361, #4165 ) ;
#3901 = CARTESIAN_POINT ( 'NONE',  ( -15.98917977814281599, -3.089603624630448575, 14.31968403351479857 ) ) ;
#3902 = CARTESIAN_POINT ( 'NONE',  ( -3.076577703901655969, -8.586480965418179068, -32.86457050387844703 ) ) ;
#3903 = CARTESIAN_POINT ( 'NONE',  ( -5.033728863774769913, -15.73650845449081714, -19.83110598952680448 ) ) ;
#3904 = CARTESIAN_POINT ( 'NONE',  ( -19.25126423180819302, -5.950229282013939525, -7.191921055816535180 ) ) ;
#3905 = ADVANCED_FACE ( 'NONE', ( #6273 ), #638, .T. ) ;
#3906 = CARTESIAN_POINT ( 'NONE',  ( 0.0000000000000000000, 17.75000000000000000, 9.833252326675960830 ) ) ;
#3907 = CARTESIAN_POINT ( 'NONE',  ( -11.69247859746172935, -8.548742126633905869, -17.99966037487184778 ) ) ;
#3908 = CARTESIAN_POINT ( 'NONE',  ( -5.000000000000000000, -15.74999999999998579, -19.99999999256572991 ) ) ;
#3909 = CARTESIAN_POINT ( 'NONE',  ( -5.415063198154287605, 15.48538022064591857, 19.66397487614012007 ) ) ;
#3910 = CARTESIAN_POINT ( 'NONE',  ( -5.005237627886276464, -15.74790494884345726, 14.72016524991931874 ) ) ;
#3911 = AXIS2_PLACEMENT_3D ( 'NONE', #4709, #323, #6049 ) ;
#3912 = LINE ( 'NONE', #6430, #2561 ) ;
#3913 = CARTESIAN_POINT ( 'NONE',  ( -12.12003755763502433, -11.94868064295368271, -0.3048546249204709402 ) ) ;
#3914 = CARTESIAN_POINT ( 'NONE',  ( -5.050000000000004263, -1.457167719820517959E-14, -36.12857331602400279 ) ) ;
#3915 = VERTEX_POINT ( 'NONE', #508 ) ;
#3916 = CARTESIAN_POINT ( 'NONE',  ( -1.524320007295163260, -16.06207973884222895, 20.22357005404458974 ) ) ;
#3917 = ORIENTED_EDGE ( 'NONE', *, *, #6145, .F. ) ;
#3918 = CARTESIAN_POINT ( 'NONE',  ( -16.14112362993520833, -7.517732409679870997, -10.16631101526079561 ) ) ;
#3919 = CARTESIAN_POINT ( 'NONE',  ( -5.854420299993578602, 12.38900531323912091, 27.90294174697201512 ) ) ;
#3920 = CARTESIAN_POINT ( 'NONE',  ( -15.54685378687815778, 8.088489126174541965, -10.27531404683096561 ) ) ;
#3921 = CARTESIAN_POINT ( 'NONE',  ( -4.533261634186662725, -15.93669534632532070, -19.95326331744752579 ) ) ;
#3922 = CARTESIAN_POINT ( 'NONE',  ( -12.87589080258576679, 4.270852731203637731, 19.28809580530223400 ) ) ;
#3923 = CARTESIAN_POINT ( 'NONE',  ( -19.99999999999931788, -9.694364322241087351, -2.500217770542030316 ) ) ;
#3924 = CARTESIAN_POINT ( 'NONE',  ( -4.375176362889810378, 15.94620803301527800, 21.33231702291489640 ) ) ;
#3925 = CARTESIAN_POINT ( 'NONE',  ( -19.24824285301304627, -5.910483089775475207, 7.229368514188499795 ) ) ;
#3926 = CARTESIAN_POINT ( 'NONE',  ( -14.30849369847318542, -8.695129998680581451, -11.64323766168369190 ) ) ;
#3927 = EDGE_LOOP ( 'NONE', ( #1311, #6679, #1010, #4989, #336, #119, #6276, #4644 ) ) ;
#3928 = AXIS2_PLACEMENT_3D ( 'NONE', #5944, #4725, #182 ) ;
#3929 = DIRECTION ( 'NONE',  ( 0.0000000000000000000, 0.0000000000000000000, 1.000000000000000000 ) ) ;
#3930 = CARTESIAN_POINT ( 'NONE',  ( -18.56861827288069478, 5.475160550919184743, -8.535280348577826359 ) ) ;
#3931 = CARTESIAN_POINT ( 'NONE',  ( -4.526462448945288486, 15.93941562055231564, -19.99292969288685384 ) ) ;
#3932 = CARTESIAN_POINT ( 'NONE',  ( -4.462793826091503213, -15.95811992437401194, -20.53337214704968616 ) ) ;
#3933 = CARTESIAN_POINT ( 'NONE',  ( -4.850000000000008527, -4.916294434658062151, 35.25554179684061040 ) ) ;
#3934 = CARTESIAN_POINT ( 'NONE',  ( -15.49878715959853359, -7.601920903004040220, 11.29670149007489321 ) ) ;
#3935 = EDGE_CURVE ( 'NONE', #5628, #5380, #5382, .T. ) ;
#3936 = CARTESIAN_POINT ( 'NONE',  ( -11.85194766074515371, -10.22158341147143368, -13.77535928363789530 ) ) ;
#3937 = CARTESIAN_POINT ( 'NONE',  ( -19.26116185483018128, 6.119358197651207476, 7.033652430076672957 ) ) ;
#3938 = CARTESIAN_POINT ( 'NONE',  ( -17.85423645193579745, 2.377256150120700351, -11.34943143430088064 ) ) ;
#3939 = CARTESIAN_POINT ( 'NONE',  ( -3.076464363268381685, 15.44238129326575937, 19.52363587901242425 ) ) ;
#3940 = CARTESIAN_POINT ( 'NONE',  ( -18.36297978408540743, 8.116618700747324056, 7.996039723167776003 ) ) ;
#3941 = CARTESIAN_POINT ( 'NONE',  ( -6.638828780426284659, -5.119048495059352000, 29.98715032933465707 ) ) ;
#3942 = CARTESIAN_POINT ( 'NONE',  ( -4.628682725292783573, -2.723627378545014466, -34.56870966832222081 ) ) ;
#3943 = CARTESIAN_POINT ( 'NONE',  ( -5.873661020417877410, -7.783682884498401400, 32.11254650019706958 ) ) ;
#3944 = CARTESIAN_POINT ( 'NONE',  ( -9.406102942681831891, -11.81885337422929361, -15.35933262329571036 ) ) ;
#3945 = EDGE_LOOP ( 'NONE', ( #4490, #3267, #254, #1383 ) ) ;
#3946 = CARTESIAN_POINT ( 'NONE',  ( 0.0000000000000000000, 17.75000000000001066, 22.26495387113481428 ) ) ;
#3947 = CARTESIAN_POINT ( 'NONE',  ( -15.99472096778795382, -3.811229682773170424, -13.98564946546220611 ) ) ;
#3948 = CARTESIAN_POINT ( 'NONE',  ( -20.00000000000000000, -6.186885977935716596, -7.856363146903436956 ) ) ;
#3949 = CIRCLE ( 'NONE', #5968, 1.999999999999998224 ) ;
#3950 = CARTESIAN_POINT ( 'NONE',  ( -4.483201755572149949, -14.71230095125513415, -22.57530366301031677 ) ) ;
#3951 = CARTESIAN_POINT ( 'NONE',  ( -4.610040115960097218, -15.90598395361597284, 18.24893453205793392 ) ) ;
#3952 = CARTESIAN_POINT ( 'NONE',  ( -4.610046165867063728, -15.90598153365318801, 18.24874963287161478 ) ) ;
#3953 = CARTESIAN_POINT ( 'NONE',  ( -17.73052410880227470, -9.810981099000644079, 0.6027318802385803753 ) ) ;
#3954 = CARTESIAN_POINT ( 'NONE',  ( -5.049999999999995381, -11.31345246141639471, -31.50588919952483735 ) ) ;
#3955 = CARTESIAN_POINT ( 'NONE',  ( -3.076464363268371027, -15.44238129326576292, 19.51725455397339815 ) ) ;
#3956 = CARTESIAN_POINT ( 'NONE',  ( -17.98580047089432910, -6.378955751818921271, -8.567547902576363228 ) ) ;
#3957 = CARTESIAN_POINT ( 'NONE',  ( -5.036105300612156555, 14.31884336883988951, 26.54807889254423259 ) ) ;
#3958 = CARTESIAN_POINT ( 'NONE',  ( -6.935945327655734793, 13.34347061586530891, -17.68225541577652749 ) ) ;
#3959 = CARTESIAN_POINT ( 'NONE',  ( -4.469887265215739092, -15.95551959507213269, -20.47376325814495246 ) ) ;
#3960 = CARTESIAN_POINT ( 'NONE',  ( -17.25153301123587468, 3.853846572460898567, 11.76419992885615962 ) ) ;
#3961 = CARTESIAN_POINT ( 'NONE',  ( -19.99999999999856470, -5.331992344376922155, -8.585316180973597611 ) ) ;
#3962 = CARTESIAN_POINT ( 'NONE',  ( -4.241405348406654952, 15.83905820272405585, 22.66348376872508652 ) ) ;
#3963 = CARTESIAN_POINT ( 'NONE',  ( -19.24405781401527094, -5.853790120420857335, 7.281076523299137015 ) ) ;
#3964 = CARTESIAN_POINT ( 'NONE',  ( -4.462739277134276428, -14.90658376116483907, -19.97087856676305151 ) ) ;
#3965 = ADVANCED_FACE ( 'NONE', ( #7700 ), #6901, .F. ) ;
#3966 = CARTESIAN_POINT ( 'NONE',  ( 0.02798847763106136408, 16.36154987694685303, 23.77756691961422675 ) ) ;
#3967 = CARTESIAN_POINT ( 'NONE',  ( -19.23563895481360220, 5.782014226725208594, 7.350068851229539568 ) ) ;
#3968 = CARTESIAN_POINT ( 'NONE',  ( -16.12938324698889758, 7.407700131461354864, -10.37568360114296340 ) ) ;
#3969 = CARTESIAN_POINT ( 'NONE',  ( -5.504732804049773165, 15.41056313960597635, -20.19585386769223945 ) ) ;
#3970 = CARTESIAN_POINT ( 'NONE',  ( -4.148049479019431551, 15.67109542424463875, -23.68542649370461461 ) ) ;
#3971 = DIRECTION ( 'NONE',  ( 0.0000000000000000000, 0.0000000000000000000, -1.000000000000000000 ) ) ;
#3972 = CARTESIAN_POINT ( 'NONE',  ( -20.00000000000006040, -8.969214178198907206, -4.617297917537867669 ) ) ;
#3973 = CARTESIAN_POINT ( 'NONE',  ( -4.282804680024846711, -14.09610315543385006, 25.36554249611272738 ) ) ;
#3974 = CARTESIAN_POINT ( 'NONE',  ( -5.442155010133753024, 15.46707409787584453, 19.77457845627399990 ) ) ;
#3975 = CARTESIAN_POINT ( 'NONE',  ( -16.14698633778057868, -7.569740094378720308, -10.06482225342999826 ) ) ;
#3976 = CARTESIAN_POINT ( 'NONE',  ( -4.470151480982470282, 14.90190770142931420, 19.30563376824545330 ) ) ;
#3977 = CARTESIAN_POINT ( 'NONE',  ( -17.23519657308646558, 2.941543922650116549, -12.21617265681738118 ) ) ;
#3978 = CARTESIAN_POINT ( 'NONE',  ( -3.076464363268383018, 15.44238129326575937, 19.04694790534338722 ) ) ;
#3979 = CARTESIAN_POINT ( 'NONE',  ( -20.00000000000002842, 6.726363014895356152, 7.503441066929159575 ) ) ;
#3980 = CARTESIAN_POINT ( 'NONE',  ( -12.87624598297895417, -4.307681667012299265, 19.27034979270395354 ) ) ;
#3981 = CARTESIAN_POINT ( 'NONE',  ( 0.02810016704162298512, -11.63822931814203976, -31.99447739621458808 ) ) ;
#3982 = CARTESIAN_POINT ( 'NONE',  ( -5.844248390941406690, -12.92517944036428013, 27.16255321627389563 ) ) ;
#3983 = EDGE_LOOP ( 'NONE', ( #2419, #6000, #6990, #8045 ) ) ;
#3984 = CARTESIAN_POINT ( 'NONE',  ( 0.0000000000000000000, 12.98752371685956852, -32.77349878216976009 ) ) ;
#3985 = CARTESIAN_POINT ( 'NONE',  ( -17.86114226669580063, -2.954806987820196351, -11.13950308432910496 ) ) ;
#3986 = CARTESIAN_POINT ( 'NONE',  ( -20.00000000000001066, -4.668421124401161748, -8.898953193294371289 ) ) ;
#3987 = CARTESIAN_POINT ( 'NONE',  ( 3.000000000000000000, 19.99999999999999645, -36.50000000000000711 ) ) ;
#3988 = CARTESIAN_POINT ( 'NONE',  ( -5.011049831672515609, -15.74558006733049176, 19.47230657033448864 ) ) ;
#3989 = CARTESIAN_POINT ( 'NONE',  ( -4.546795794782256372, -15.93128168208711060, 19.85753540949966123 ) ) ;
#3990 = CARTESIAN_POINT ( 'NONE',  ( -15.82557136443084644, -10.29795463916643961, -3.019968032813803660 ) ) ;
#3991 = CARTESIAN_POINT ( 'NONE',  ( 0.0000000000000000000, 17.75000000000001066, 22.26495387113481428 ) ) ;
#3992 = CARTESIAN_POINT ( 'NONE',  ( -3.076464363268369251, -15.44238129326576292, 19.87453125307301960 ) ) ;
#3993 = CARTESIAN_POINT ( 'NONE',  ( -4.443200701065048719, -14.91313130461516856, -20.44266903888824416 ) ) ;
#3994 = CARTESIAN_POINT ( 'NONE',  ( -5.873389594445911577, 7.504106191394089187, 32.27527200212509229 ) ) ;
#3995 = CARTESIAN_POINT ( 'NONE',  ( -16.77565136250058586, 7.363942484632207908, -9.250771738181301274 ) ) ;
#3996 = CARTESIAN_POINT ( 'NONE',  ( -4.535112294198523131, -15.93595508232057867, -19.94131948971380908 ) ) ;
#3997 = CARTESIAN_POINT ( 'NONE',  ( -18.49552904190741387, 3.211574676460847044, 9.967246577483489745 ) ) ;
#3998 = EDGE_CURVE ( 'NONE', #6125, #6863, #7067, .T. ) ;
#3999 = CARTESIAN_POINT ( 'NONE',  ( -18.31688061124298983, -7.589926029771675964, -8.796590354853744742 ) ) ;
#4000 = CARTESIAN_POINT ( 'NONE',  ( -4.018412613708132852, -15.28066104619642296, 25.23138399402826337 ) ) ;
#4001 = CARTESIAN_POINT ( 'NONE',  ( -16.77815781343761614, -7.362483053682324474, 9.248675011126715972 ) ) ;
#4002 = CARTESIAN_POINT ( 'NONE',  ( -11.85429886643840725, -10.22796807651362982, -13.73849390519164615 ) ) ;
#4003 = CARTESIAN_POINT ( 'NONE',  ( -1.524247946258324937, 10.44911274559130021, 32.19978476767330022 ) ) ;
#4004 = EDGE_CURVE ( 'NONE', #2602, #1354, #8000, .T. ) ;
#4005 = DIRECTION ( 'NONE',  ( 0.0000000000000000000, -2.602085213965213107E-16, 1.000000000000000000 ) ) ;
#4006 = CARTESIAN_POINT ( 'NONE',  ( -11.82700076404748657, 10.12201408344499676, -14.27376461565733834 ) ) ;
#4007 = CARTESIAN_POINT ( 'NONE',  ( 0.0000000000000000000, 21.24999999999999645, 41.24999999999999289 ) ) ;
#4008 = CARTESIAN_POINT ( 'NONE',  ( -3.493692212184557278, -8.130217660153761017, -34.19754659190017776 ) ) ;
#4009 = CARTESIAN_POINT ( 'NONE',  ( 5.000000000000000000, -22.74999999999999289, 20.00000000000000000 ) ) ;
#4010 = CARTESIAN_POINT ( 'NONE',  ( -20.00000000000000355, -2.344222045968781476, 9.732438467498983670 ) ) ;
#4011 = CARTESIAN_POINT ( 'NONE',  ( -17.93917718744652845, -5.623050124742245082, 9.388477685112702531 ) ) ;
#4012 = CARTESIAN_POINT ( 'NONE',  ( -5.463778351736912064, -15.45035907152923293, 19.88677255517550435 ) ) ;
#4013 = CARTESIAN_POINT ( 'NONE',  ( -4.462257558527268131, -14.90689081199587385, -20.01456380831183068 ) ) ;
#4014 = CARTESIAN_POINT ( 'NONE',  ( -11.86051645304432789, 10.29451945826575354, 13.42009360397570283 ) ) ;
#4015 = CARTESIAN_POINT ( 'NONE',  ( -12.86405798621702168, 2.668304417056889921, -19.91380199736879320 ) ) ;
#4016 = CARTESIAN_POINT ( 'NONE',  ( -3.076464363268381685, 15.44238129326575937, 19.64275132736911189 ) ) ;
#4017 = CARTESIAN_POINT ( 'NONE',  ( -20.00000000000003197, 7.876782932378485924, 9.618087072061351606 ) ) ;
#4018 = CARTESIAN_POINT ( 'NONE',  ( -19.09808888697103058, -1.412593541498104122, 9.458248460291619253 ) ) ;
#4019 = AXIS2_PLACEMENT_3D ( 'NONE', #8296, #4993, #7622 ) ;
#4020 = CARTESIAN_POINT ( 'NONE',  ( -1.524196277174048930, -14.49958774534409578, -27.15710404529734490 ) ) ;
#4021 = DIRECTION ( 'NONE',  ( 0.0000000000000000000, 0.0000000000000000000, 1.000000000000000000 ) ) ;
#4022 = ORIENTED_EDGE ( 'NONE', *, *, #6505, .T. ) ;
#4023 = CARTESIAN_POINT ( 'NONE',  ( 0.0000000000000000000, -7.060713750807398270, -36.80004796480862694 ) ) ;
#4024 = CARTESIAN_POINT ( 'NONE',  ( -14.57938471094146315, 10.79877278174752142, 3.253340586964245773 ) ) ;
#4025 = CARTESIAN_POINT ( 'NONE',  ( -9.133712656632969384, -5.035427115468745995, -25.59542235798653209 ) ) ;
#4026 = CARTESIAN_POINT ( 'NONE',  ( -9.370809252467577011, -11.77844156834207645, -15.89666657705876851 ) ) ;
#4027 = CARTESIAN_POINT ( 'NONE',  ( 5.000000000000000000, -22.74999999999999289, 20.00000000000000000 ) ) ;
#4028 = CARTESIAN_POINT ( 'NONE',  ( -5.000730809703195945, -15.74970767615931244, 9.564097620773345909 ) ) ;
#4029 = CARTESIAN_POINT ( 'NONE',  ( -4.641750209289613238, -15.89329991628416927, 17.28320684624993930 ) ) ;
#4030 = CARTESIAN_POINT ( 'NONE',  ( -19.38694653107852162, -7.453035479948781017, -5.443515510435524618 ) ) ;
#4031 = CARTESIAN_POINT ( 'NONE',  ( -5.000000000000000000, 15.75000000000001421, -22.11634652988779592 ) ) ;
#4032 = CARTESIAN_POINT ( 'NONE',  ( -3.076464363268369695, -15.44238129326576114, 19.27893444175658644 ) ) ;
#4033 = CARTESIAN_POINT ( 'NONE',  ( -15.51828579007148967, -7.818508418691468620, -10.87152436383089871 ) ) ;
#4034 = CARTESIAN_POINT ( 'NONE',  ( -5.011640498247619924, 9.529028327377005780, 32.54477140510346089 ) ) ;
#4035 = CARTESIAN_POINT ( 'NONE',  ( -11.86675587203223081, 10.34631960874736123, -13.16625822552746072 ) ) ;
#4036 = CARTESIAN_POINT ( 'NONE',  ( -4.025112538153114983, -15.34557246926618923, -25.11535261480617010 ) ) ;
#4037 = CARTESIAN_POINT ( 'NONE',  ( -15.35759675459444829, 2.020110460426115750, 15.75459543182551592 ) ) ;
#4038 = CARTESIAN_POINT ( 'NONE',  ( -20.00000000000002487, -6.189353477264264214, -7.969962722014654943 ) ) ;
#4039 = CARTESIAN_POINT ( 'NONE',  ( -3.638115803601932985, -11.86017469857219808, 31.18662041715854727 ) ) ;
#4040 = CARTESIAN_POINT ( 'NONE',  ( -14.42480917115346628, -9.718367081327084378, 8.460786117696695641 ) ) ;
#4041 = CARTESIAN_POINT ( 'NONE',  ( -16.14962187732373877, -7.571202667435004585, -10.05717004957244143 ) ) ;
#4042 = CARTESIAN_POINT ( 'NONE',  ( 0.02816219650885593007, 12.31206933540538451, 31.30128931706891748 ) ) ;
#4043 = CARTESIAN_POINT ( 'NONE',  ( -18.21364541428797423, 5.947610145094098577, 10.77331355365428500 ) ) ;
#4044 = CARTESIAN_POINT ( 'NONE',  ( -17.97078887217930543, 6.182259141616140319, -8.801553644874047677 ) ) ;
#4045 = FACE_OUTER_BOUND ( 'NONE', #6184, .T. ) ;
#4046 = FACE_OUTER_BOUND ( 'NONE', #6314, .T. ) ;
#4047 = CARTESIAN_POINT ( 'NONE',  ( -4.525598676922071739, 15.93976052923123632, -19.99998031799382758 ) ) ;
#4048 = CARTESIAN_POINT ( 'NONE',  ( -4.999999999999992895, 2.758187410050618293, 35.57511223967440372 ) ) ;
#4049 = CARTESIAN_POINT ( 'NONE',  ( -17.32022461527897761, -6.011686490596093613, 10.04484755393863438 ) ) ;
#4050 = CARTESIAN_POINT ( 'NONE',  ( -20.00000000000002487, -7.223155661937053829, 10.39333948227505822 ) ) ;
#4051 = DIRECTION ( 'NONE',  ( 0.0000000000000000000, 0.0000000000000000000, 1.000000000000000000 ) ) ;
#4052 = CARTESIAN_POINT ( 'NONE',  ( -14.31350296118934295, 8.767233713586712440, 11.44181814278057097 ) ) ;
#4053 = CARTESIAN_POINT ( 'NONE',  ( -16.60333930452611995, 2.121861248759651541, -13.57390525172464457 ) ) ;
#4054 = CARTESIAN_POINT ( 'NONE',  ( 0.02782555748663788353, 16.68409726156776429, 18.02205736100592404 ) ) ;
#4055 = CARTESIAN_POINT ( 'NONE',  ( -18.52854509426960661, 9.651619021115553920, 4.861620870979376008 ) ) ;
#4056 = CARTESIAN_POINT ( 'NONE',  ( -17.85436036476452060, -2.068383478195882752, 11.42996689872045124 ) ) ;
#4057 = CIRCLE ( 'NONE', #4742, 3.999999999999996447 ) ;
#4058 = CARTESIAN_POINT ( 'NONE',  ( -4.628709751488695900, 3.970219317557676764, -34.30468046610123878 ) ) ;
#4059 = CARTESIAN_POINT ( 'NONE',  ( -5.873442094829150584, 7.353276739859468947, 32.38594812370015319 ) ) ;
#4060 = ORIENTED_EDGE ( 'NONE', *, *, #7421, .T. ) ;
#4061 = CARTESIAN_POINT ( 'NONE',  ( 0.0000000000000000000, 17.75000000000002842, 3.209238430557093125E-14 ) ) ;
#4062 = CARTESIAN_POINT ( 'NONE',  ( -18.93307518185950400, 9.053580853670856854, 2.427337508429135315 ) ) ;
#4063 = CARTESIAN_POINT ( 'NONE',  ( -18.47384785863105705, -1.844521782798574261, -10.43439077029120021 ) ) ;
#4064 = CARTESIAN_POINT ( 'NONE',  ( -4.999999999999990230, 12.44862432635456173, -30.04695997521286444 ) ) ;
#4065 = CARTESIAN_POINT ( 'NONE',  ( -20.00000000000001066, -4.668421124401161748, -8.898953193294371289 ) ) ;
#4066 = CARTESIAN_POINT ( 'NONE',  ( -4.564944858494801139, -15.92402205660209802, 19.64199407744151671 ) ) ;
#4067 = CARTESIAN_POINT ( 'NONE',  ( -5.480542964804801187, -15.43518503283592835, -19.99999999967035791 ) ) ;
#4068 = CARTESIAN_POINT ( 'NONE',  ( -13.29505194072897822, -11.04760081554919537, -5.586694553633639870 ) ) ;
#4069 = CIRCLE ( 'NONE', #5697, 17.75000000000000711 ) ;
#4070 = B_SPLINE_CURVE_WITH_KNOTS ( 'NONE', 3,
 ( #5476, #8070, #4845, #2804, #6057, #3494, #2175, #992, #2256, #7267, #5354, #3450, #7394, #4801, #4888, #2928, #7894, #1629, #6674, #4760, #7310, #372, #1545, #212, #6014, #4158, #4201, #953, #6763, #248, #7981, #872, #1032, #5515, #1506, #5394, #3582, #4116, #2300, #331, #2136, #6138, #911, #8025, #4074, #7434, #4241, #6637, #1675, #6806, #3622, #290, #2846, #5435, #2213, #7350, #2768, #6715, #1586, #3542, #6097, #2888, #5017, #3663, #1207 ),
 .UNSPECIFIED., .F., .F.,
 ( 4, 1, 1, 1, 1, 2, 2, 2, 2, 2, 2, 2, 2, 2, 2, 2, 2, 2, 2, 1, 2, 2, 2, 2, 2, 2, 2, 2, 2, 2, 2, 2, 2, 2, 4 ),
 ( 0.01227433086780336385, 0.03518361315354627539, 0.04663825429641772768, 0.04950191458213559770, 0.05093374472499452577, 0.05164965979642399674, 0.05236557486785345383, 0.05379740501071237496, 0.05522923515357128915, 0.05666106529643021028, 0.05809289543928912447, 0.06095655572500697367, 0.06238838586786589480, 0.06382021601072482286, 0.06668387629644265124, 0.06811570643930159319, 0.06954753658216050738, 0.07241119686787834964, 0.07384302701073727770, 0.07527485715359619189, 0.07670668729645510608, 0.07813851743931404803, 0.08100217772503187641, 0.08243400786789079060, 0.08386583801074973255, 0.08672949829646756092, 0.08816132843932650287, 0.08959315858218541706, 0.09245681886790324544, 0.09388864901076215963, 0.09532047915362107382, 0.09818413943933890220, 0.09961596958219781639, 0.1010477997250567306, 0.1039114600107745312 ),
 .UNSPECIFIED. ) ;
#4071 = CARTESIAN_POINT ( 'NONE',  ( -1.524319402891596287, -16.06323927741646784, 19.81109529201005159 ) ) ;
#4072 = CARTESIAN_POINT ( 'NONE',  ( -16.11942258520510052, -7.297657937510908077, -10.56687288302144445 ) ) ;
#4073 = CARTESIAN_POINT ( 'NONE',  ( -5.871538173613278566, 10.86010523768580782, 29.72706489976039990 ) ) ;
#4074 = CARTESIAN_POINT ( 'NONE',  ( 1.951563910473918236E-15, 6.845205247411959348, 35.23450292157697561 ) ) ;
#4075 = CARTESIAN_POINT ( 'NONE',  ( -17.84801173949848874, 1.107640549010551645, 11.63815416136891834 ) ) ;
#4076 = CARTESIAN_POINT ( 'NONE',  ( -19.99999999999789679, -9.596967693432091551, -2.855856087294377676 ) ) ;
#4077 = CARTESIAN_POINT ( 'NONE',  ( -1.301042606982605518E-15, 8.431359614832693694, -34.39143127051306692 ) ) ;
#4078 = CARTESIAN_POINT ( 'NONE',  ( -16.20181277181588086, -8.131263375668664750, 8.950733579956446917 ) ) ;
#4079 = VERTEX_POINT ( 'NONE', #4523 ) ;
#4080 = FACE_BOUND ( 'NONE', #1019, .T. ) ;
#4081 = EDGE_CURVE ( 'NONE', #1450, #5790, #5350, .T. ) ;
#4082 = CARTESIAN_POINT ( 'NONE',  ( -3.076447294346214001, 15.12487768665658727, 23.58765876710526754 ) ) ;
#4083 = CARTESIAN_POINT ( 'NONE',  ( 3.000000000000000000, 22.75000000000001066, -19.99999999999998934 ) ) ;
#4084 = CARTESIAN_POINT ( 'NONE',  ( -11.84367284147359456, 10.19084478521813253, -13.93762554533208409 ) ) ;
#4085 = AXIS2_PLACEMENT_3D ( 'NONE', #1338, #7810, #3357 ) ;
#4086 = CARTESIAN_POINT ( 'NONE',  ( -4.311471137853509106, 15.91563844169075281, -21.94160984207452358 ) ) ;
#4087 = CARTESIAN_POINT ( 'NONE',  ( -5.480542964804801187, -15.43518503283592835, -19.99999999967035791 ) ) ;
#4088 = CARTESIAN_POINT ( 'NONE',  ( -4.533658809870940942, 15.93653647605163393, -19.95265565960224308 ) ) ;
#4089 = CARTESIAN_POINT ( 'NONE',  ( -4.849999999999992539, 9.336730092468661368, 33.09950458711317367 ) ) ;
#4090 = CARTESIAN_POINT ( 'NONE',  ( -14.30093297851115430, -8.644530669991187466, 11.79271109107675741 ) ) ;
#4091 = CARTESIAN_POINT ( 'NONE',  ( -19.24702498922583160, -5.893883359279562306, -7.244406032437570531 ) ) ;
#4092 = CARTESIAN_POINT ( 'NONE',  ( -20.00000000000002487, -2.819666251264572487, 13.29407006157534177 ) ) ;
#4093 = ORIENTED_EDGE ( 'NONE', *, *, #5523, .T. ) ;
#4094 = CARTESIAN_POINT ( 'NONE',  ( -15.53179625924419938, -7.931994815111941044, -10.62379700659706394 ) ) ;
#4095 = CARTESIAN_POINT ( 'NONE',  ( -9.403570379310059124, 11.80996147808863128, 15.44574665827372506 ) ) ;
#4096 = CARTESIAN_POINT ( 'NONE',  ( -19.10372163529634904, 2.173098653918160039, -9.300798582121572622 ) ) ;
#4097 = CARTESIAN_POINT ( 'NONE',  ( 0.02782555748663787312, 16.68409726156776429, 19.38018422768855942 ) ) ;
#4098 = CARTESIAN_POINT ( 'NONE',  ( -20.00000000000002842, 11.32827320336383892, -2.038408162454219852 ) ) ;
#4099 = CARTESIAN_POINT ( 'NONE',  ( -19.11497201896744613, -2.673769797127754533, 9.148316999210068801 ) ) ;
#4100 = CARTESIAN_POINT ( 'NONE',  ( -3.076464294015571088, 10.40450087255288381, -31.54978292478883972 ) ) ;
#4101 = CARTESIAN_POINT ( 'NONE',  ( -5.843495387312382938, 12.89428239575701518, 27.17107331892358246 ) ) ;
#4102 = EDGE_LOOP ( 'NONE', ( #5931, #1492, #777, #5054, #5211, #5745, #4197, #7170, #5399, #392 ) ) ;
#4103 = ORIENTED_EDGE ( 'NONE', *, *, #1922, .T. ) ;
#4104 = CARTESIAN_POINT ( 'NONE',  ( -20.01000000000003709, 0.0000000000000000000, 0.0000000000000000000 ) ) ;
#4105 = EDGE_CURVE ( 'NONE', #1732, #4458, #5733, .T. ) ;
#4106 = CARTESIAN_POINT ( 'NONE',  ( -7.045601332684870322, 13.65181658980935353, 10.31121705236110309 ) ) ;
#4107 = CARTESIAN_POINT ( 'NONE',  ( -15.36060417575282777, -2.885163727187937344, -15.49303042011163001 ) ) ;
#4108 = CARTESIAN_POINT ( 'NONE',  ( -5.000000000000001776, 2.758187410048219768, -35.57511223967486558 ) ) ;
#4109 = CARTESIAN_POINT ( 'NONE',  ( 3.000000000000000000, -17.99999999999999645, -38.50000000000000711 ) ) ;
#4110 = CARTESIAN_POINT ( 'NONE',  ( -4.999747900060251382, 15.75010084009121059, -6.983900148905604510 ) ) ;
#4111 = CARTESIAN_POINT ( 'NONE',  ( 0.0000000000000000000, 19.99999999999999645, 40.49999999999999289 ) ) ;
#4112 = CARTESIAN_POINT ( 'NONE',  ( -15.71224940532967373, -9.514705946201198472, -6.557135760911533495 ) ) ;
#4113 = CARTESIAN_POINT ( 'NONE',  ( -1.524319402891595621, -16.06323927741646784, 19.93266287798615011 ) ) ;
#4114 = CARTESIAN_POINT ( 'NONE',  ( -14.28915214963710589, -8.578045354478238238, -11.98449852801819659 ) ) ;
#4115 = CARTESIAN_POINT ( 'NONE',  ( -20.00000000000003197, 3.976677903174558271, 12.80822018635550208 ) ) ;
#4116 = CARTESIAN_POINT ( 'NONE',  ( 8.131516293641285720E-17, -0.1592999393533390262, 36.68001583990713499 ) ) ;
#4117 = CARTESIAN_POINT ( 'NONE',  ( -17.84956535096164387, 1.424236424577811633, 11.58554105178253835 ) ) ;
#4118 = CARTESIAN_POINT ( 'NONE',  ( -18.60687467255073813, -10.26154767384958078, 2.683738539328994754 ) ) ;
#4119 = CARTESIAN_POINT ( 'NONE',  ( 3.000000000000000000, 18.00000000000000355, 38.49999999999999289 ) ) ;
#4120 = CARTESIAN_POINT ( 'NONE',  ( -4.555829081660229818, -14.85376747709116962, 12.10011713126001709 ) ) ;
#4121 = VERTEX_POINT ( 'NONE', #3882 ) ;
#4122 = PLANE ( 'NONE',  #6304 ) ;
#4123 = CARTESIAN_POINT ( 'NONE',  ( 0.02804523991766497831, 15.72634513090368635, 25.57286388996186588 ) ) ;
#4124 = CARTESIAN_POINT ( 'NONE',  ( 0.02782555748663983683, 16.68409726156776784, -18.50818780383580275 ) ) ;
#4125 = VECTOR ( 'NONE', #2891, 1000.000000000000000 ) ;
#4126 = CARTESIAN_POINT ( 'NONE',  ( -4.424409575418665419, -15.95829538947682380, 20.87573813881287776 ) ) ;
#4127 = CARTESIAN_POINT ( 'NONE',  ( -17.37477717787248821, 6.809441154705099919, -9.030470334008455779 ) ) ;
#4128 = CARTESIAN_POINT ( 'NONE',  ( -3.472990527790603466, 7.256522166004179653, -34.67326126775388673 ) ) ;
#4129 = EDGE_CURVE ( 'NONE', #1625, #2261, #468, .T. ) ;
#4130 = CARTESIAN_POINT ( 'NONE',  ( -5.021880573005919501, 15.74124777079765813, -2.937513495616418613 ) ) ;
#4131 = CARTESIAN_POINT ( 'NONE',  ( -5.646494838579705799, 15.12655362522308700, -21.88570913158465814 ) ) ;
#4132 = CARTESIAN_POINT ( 'NONE',  ( -4.565611294279460886, 15.92375548228823057, 19.62187866493511024 ) ) ;
#4133 = CARTESIAN_POINT ( 'NONE',  ( -13.05881133198811028, -9.332510193115625796, 13.16919669566936868 ) ) ;
#4134 = CARTESIAN_POINT ( 'NONE',  ( -16.76940623614922643, -7.264210644162552910, -9.416385335520256916 ) ) ;
#4135 = LINE ( 'NONE', #2230, #2539 ) ;
#4136 = CARTESIAN_POINT ( 'NONE',  ( -16.14600665300324422, -7.561746511446512997, -10.08071351353258116 ) ) ;
#4137 = CARTESIAN_POINT ( 'NONE',  ( -18.61816607822993674, 6.197311527410644061, 7.820890637428894898 ) ) ;
#4138 = CARTESIAN_POINT ( 'NONE',  ( -15.37334635491462365, 4.123735364721180296, -14.90718881157824249 ) ) ;
#4139 = CARTESIAN_POINT ( 'NONE',  ( -4.628609323645895834, 14.82152330911475424, 19.85431106715676108 ) ) ;
#4140 = CARTESIAN_POINT ( 'NONE',  ( -20.00000000000003553, 10.00032771546642252, -0.3646735971528373144 ) ) ;
#4141 = CARTESIAN_POINT ( 'NONE',  ( -15.99302145049232671, -3.469037222962184419, 14.15207869102893490 ) ) ;
#4142 = CARTESIAN_POINT ( 'NONE',  ( -4.628795002928447033, 7.090335254704469570, -33.01532313018417852 ) ) ;
#4143 = DIRECTION ( 'NONE',  ( 0.0000000000000000000, 0.0000000000000000000, 1.000000000000000000 ) ) ;
#4144 = EDGE_LOOP ( 'NONE', ( #7582, #8055, #276, #6998 ) ) ;
#4145 = ADVANCED_FACE ( 'NONE', ( #8162 ), #2396, .F. ) ;
#4146 = CARTESIAN_POINT ( 'NONE',  ( 3.000000000000000000, 21.24999999999997158, -45.25000000000000711 ) ) ;
#4147 = CARTESIAN_POINT ( 'NONE',  ( -16.44524359201352581, 10.04892043803207002, 2.903922430578051994 ) ) ;
#4148 = CARTESIAN_POINT ( 'NONE',  ( -4.146706818467250422, -5.786784327647144011, -34.08641687262689146 ) ) ;
#4149 = CARTESIAN_POINT ( 'NONE',  ( -20.00000000000000000, 5.684183303242675400, 8.252241503224189145 ) ) ;
#4150 = CARTESIAN_POINT ( 'NONE',  ( -4.628118166007417322, -14.82171977217013570, -4.571108464481322464 ) ) ;
#4151 = CARTESIAN_POINT ( 'NONE',  ( -5.480542964804836714, -15.43518503283591414, 19.99999999967037567 ) ) ;
#4152 = CARTESIAN_POINT ( 'NONE',  ( 3.000000000000000000, -21.24999999999997868, 45.24999999999999289 ) ) ;
#4153 = CARTESIAN_POINT ( 'NONE',  ( -12.02683459526389242, -11.43000073816417483, -7.073646039466832569 ) ) ;
#4154 = AXIS2_PLACEMENT_3D ( 'NONE', #2831, #4873, #5340 ) ;
#4155 = CARTESIAN_POINT ( 'NONE',  ( 0.02782555748655342331, -16.68409726156771100, -18.76199814005737210 ) ) ;
#4156 = CARTESIAN_POINT ( 'NONE',  ( -14.22804917095960242, -7.978777277439811577, -13.33746575112962596 ) ) ;
#4157 = CARTESIAN_POINT ( 'NONE',  ( -20.00000000000004263, 6.055296905668408058, 11.49053528255961254 ) ) ;
#4158 = CARTESIAN_POINT ( 'NONE',  ( 9.757819552369535962E-16, -10.00162531096493979, 33.34788498957560421 ) ) ;
#4159 = CARTESIAN_POINT ( 'NONE',  ( -9.131066168863865684, 4.292937213776593985, 25.88250638060998199 ) ) ;
#4160 = VECTOR ( 'NONE', #4382, 1000.000000000000000 ) ;
#4161 = CARTESIAN_POINT ( 'NONE',  ( -20.00000000000002487, -11.47260856358032477, -0.3815177444085164349 ) ) ;
#4162 = CARTESIAN_POINT ( 'NONE',  ( -6.505213034913032521E-16, 16.21806143061500194, -23.89518065570084104 ) ) ;
#4163 = CARTESIAN_POINT ( 'NONE',  ( -15.62297554861898163, -8.800906998201659448, 8.596810614681105633 ) ) ;
#4164 = VERTEX_POINT ( 'NONE', #8246 ) ;
#4165 = DIRECTION ( 'NONE',  ( 0.0000000000000000000, 0.0000000000000000000, 1.000000000000000000 ) ) ;
#4166 = CARTESIAN_POINT ( 'NONE',  ( -4.628761608559404550, 6.722029892652547467, 33.23660270286302421 ) ) ;
#4167 = CARTESIAN_POINT ( 'NONE',  ( -4.628609323645899387, 14.82152330911474714, 8.554256162889020132 ) ) ;
#4168 = FACE_OUTER_BOUND ( 'NONE', #3164, .T. ) ;
#4169 = CARTESIAN_POINT ( 'NONE',  ( -19.22871948823844335, 5.684376708078220375, -7.436148313123255527 ) ) ;
#4170 = CARTESIAN_POINT ( 'NONE',  ( -3.549177260952778745, 9.988430468290175668, -32.96320352791605757 ) ) ;
#4171 = CARTESIAN_POINT ( 'NONE',  ( -5.000000000751258611, 15.75000000206136619, 1.468985952425423624 ) ) ;
#4172 = CARTESIAN_POINT ( 'NONE',  ( -5.872086416150744448, 6.510800501198986012, -32.79526013972304810 ) ) ;
#4173 = CARTESIAN_POINT ( 'NONE',  ( -5.347423416517471217, 15.54444169805580067, 17.31134211578718407 ) ) ;
#4174 = CARTESIAN_POINT ( 'NONE',  ( -17.37299245740250697, -6.758192976422964016, 9.099480760987203709 ) ) ;
#4175 = CARTESIAN_POINT ( 'NONE',  ( -13.08709268388347624, -9.501636036234424765, -12.53285825064805614 ) ) ;
#4176 = DIRECTION ( 'NONE',  ( -0.0000000000000000000, -0.0000000000000000000, 1.000000000000000000 ) ) ;
#4177 = CARTESIAN_POINT ( 'NONE',  ( -6.929560552171291299, -13.33071833184840926, -18.00350057502963708 ) ) ;
#4178 = CARTESIAN_POINT ( 'NONE',  ( -19.23979060324301926, 5.838905007517976919, 7.298805645482672411 ) ) ;
#4179 = CARTESIAN_POINT ( 'NONE',  ( -15.39856447561834152, 5.552779281377191012, -13.90975862636008387 ) ) ;
#4180 = FACE_OUTER_BOUND ( 'NONE', #2379, .T. ) ;
#4181 = CARTESIAN_POINT ( 'NONE',  ( -18.51123191854691186, 9.509813410393846311, -5.236444624716722451 ) ) ;
#4182 = CARTESIAN_POINT ( 'NONE',  ( -9.159753085975774312, -7.701797657482001291, 23.87029777781496875 ) ) ;
#4183 = CARTESIAN_POINT ( 'NONE',  ( -4.628906040419301426, 11.06406502277842208, -29.86232383986803640 ) ) ;
#4184 = CARTESIAN_POINT ( 'NONE',  ( -5.865927004331274119, 0.9436706533612190251, 34.24177982303680778 ) ) ;
#4185 = ORIENTED_EDGE ( 'NONE', *, *, #155, .F. ) ;
#4186 = AXIS2_PLACEMENT_3D ( 'NONE', #8185, #4365, #1334 ) ;
#4187 = EDGE_CURVE ( 'NONE', #650, #169, #3504, .T. ) ;
#4188 = CARTESIAN_POINT ( 'NONE',  ( -5.049999999999999822, -15.72999999999999332, -16.77828324328958587 ) ) ;
#4189 = CARTESIAN_POINT ( 'NONE',  ( -17.44983830229620025, 7.626462964759348928, 7.751499506315655097 ) ) ;
#4190 = CARTESIAN_POINT ( 'NONE',  ( -19.08940661554351692, -0.3743643735346862123, -9.572536802075388707 ) ) ;
#4191 = CARTESIAN_POINT ( 'NONE',  ( -7.075670177525553939, 13.72486620120993805, -8.102233863860746510 ) ) ;
#4192 = CARTESIAN_POINT ( 'NONE',  ( -19.99999999999997513, 7.720714011170230151, -6.477051582354958370 ) ) ;
#4193 = DIRECTION ( 'NONE',  ( 0.0000000000000000000, 0.0000000000000000000, 1.000000000000000000 ) ) ;
#4194 = CARTESIAN_POINT ( 'NONE',  ( 3.000000000000000000, 19.99999999999999645, -36.50000000000000711 ) ) ;
#4195 = FACE_OUTER_BOUND ( 'NONE', #877, .T. ) ;
#4196 = CARTESIAN_POINT ( 'NONE',  ( -17.04834870991533791, -9.653880148649793824, -3.622288492190085751 ) ) ;
#4197 = ORIENTED_EDGE ( 'NONE', *, *, #7467, .T. ) ;
#4198 = CARTESIAN_POINT ( 'NONE',  ( -3.076464363268367030, -15.44238129326574338, -18.56984493480788245 ) ) ;
#4199 = CARTESIAN_POINT ( 'NONE',  ( -6.809799359106269101, -12.92397863666895397, -21.05831339174240568 ) ) ;
#4200 = CARTESIAN_POINT ( 'NONE',  ( -5.501262963569274689, 15.41454488141359924, 20.16237407066278564 ) ) ;
#4201 = CARTESIAN_POINT ( 'NONE',  ( 1.626303258728256651E-16, -9.608646460679535650, 33.63334545260644859 ) ) ;
#4202 = CARTESIAN_POINT ( 'NONE',  ( -9.134727768682854077, 5.035071273959474070, 25.59377716887309617 ) ) ;
#4203 = CARTESIAN_POINT ( 'NONE',  ( -18.29120955859539066, -7.269112818033871548, 9.248795633410974659 ) ) ;
#4204 = CARTESIAN_POINT ( 'NONE',  ( -7.318364664277231843E-16, 0.2060251383760359489, -36.67949577231793512 ) ) ;
#4205 = CARTESIAN_POINT ( 'NONE',  ( -9.434705068067243516, -11.99495559504050668, 13.77362387076279049 ) ) ;
#4206 = CARTESIAN_POINT ( 'NONE',  ( 5.000000000000000000, 22.75000000000000000, 19.99999999999999645 ) ) ;
#4207 = CARTESIAN_POINT ( 'NONE',  ( -3.076457535291005296, -5.849187640484370121, 34.31979597621993605 ) ) ;
#4208 = CARTESIAN_POINT ( 'NONE',  ( -1.524319402890894848, 16.06323927741674495, -14.66397107090058860 ) ) ;
#4209 = EDGE_CURVE ( 'NONE', #4584, #2231, #4605, .T. ) ;
#4210 = CARTESIAN_POINT ( 'NONE',  ( -5.518537433295868766, -15.39346925407611621, 20.33799987763652695 ) ) ;
#4211 = CARTESIAN_POINT ( 'NONE',  ( -17.99347211420093018, 6.472426786601162441, -8.451856161339298623 ) ) ;
#4212 = CARTESIAN_POINT ( 'NONE',  ( -3.424928288707291379, 4.257025975436308229, -35.82594176451198109 ) ) ;
#4213 = CARTESIAN_POINT ( 'NONE',  ( 3.000000000000000000, 25.24999999999999645, -41.24999999999997158 ) ) ;
#4214 = CARTESIAN_POINT ( 'NONE',  ( -18.15347490613728354, 3.348443600934706055, -12.51554141625513417 ) ) ;
#4215 = CARTESIAN_POINT ( 'NONE',  ( -5.414805885935285445, 15.48561854014008965, 19.65465880273528398 ) ) ;
#4216 = CARTESIAN_POINT ( 'NONE',  ( -6.926494245733994859, -13.32861700894338597, 18.07870159114543540 ) ) ;
#4217 = CARTESIAN_POINT ( 'NONE',  ( -13.08891124834593001, -9.518706388590894463, -12.46932179329932211 ) ) ;
#4218 = EDGE_LOOP ( 'NONE', ( #2540, #621, #6625, #5122 ) ) ;
#4219 = ORIENTED_EDGE ( 'NONE', *, *, #6747, .T. ) ;
#4220 = AXIS2_PLACEMENT_3D ( 'NONE', #3604, #4224, #1014 ) ;
#4221 = CARTESIAN_POINT ( 'NONE',  ( -6.930123925236222782, -13.33101380451186735, -17.99153915486103372 ) ) ;
#4222 = CARTESIAN_POINT ( 'NONE',  ( -17.99652609956287819, 6.509608440871289758, 8.405159361698167686 ) ) ;
#4223 = CARTESIAN_POINT ( 'NONE',  ( -4.188953500881205549, 11.02898545856908896, -30.45932357322430306 ) ) ;
#4224 = DIRECTION ( 'NONE',  ( -1.000000000000000000, -0.0000000000000000000, -0.0000000000000000000 ) ) ;
#4225 = CARTESIAN_POINT ( 'NONE',  ( -20.00000000000679279, 7.715107785179657007, -6.467399676126681207 ) ) ;
#4226 = CARTESIAN_POINT ( 'NONE',  ( -11.65610642010754638, -6.902129988083199663, 19.79088298001342494 ) ) ;
#4227 = CARTESIAN_POINT ( 'NONE',  ( -1.524343427974386822, 2.548613060295463306, -35.85926315209055559 ) ) ;
#4228 = LINE ( 'NONE', #7670, #920 ) ;
#4229 = CARTESIAN_POINT ( 'NONE',  ( 0.0000000000000000000, 21.24999999999997158, 45.24999999999999289 ) ) ;
#4230 = CARTESIAN_POINT ( 'NONE',  ( -4.524692932747188756, 14.87018002306181508, 14.67729742290092787 ) ) ;
#4231 = CARTESIAN_POINT ( 'NONE',  ( -6.634543036303777619, -4.171390687736383995, -30.33741436731267527 ) ) ;
#4232 = CARTESIAN_POINT ( 'NONE',  ( -19.51625965808410257, 8.532121938312092979, -3.299542978718233321 ) ) ;
#4233 = CARTESIAN_POINT ( 'NONE',  ( -4.850000000000000533, 15.85065816696707941, -21.95819674138759936 ) ) ;
#4234 = CARTESIAN_POINT ( 'NONE',  ( -4.850000000000002309, 4.916294434655378076, -35.25554179684144174 ) ) ;
#4235 = CARTESIAN_POINT ( 'NONE',  ( -5.000000000000000000, -15.75000000000000355, -4.407281562881768089 ) ) ;
#4236 = DIRECTION ( 'NONE',  ( 0.0000000000000000000, 1.000000000000000000, 0.0000000000000000000 ) ) ;
#4237 = CARTESIAN_POINT ( 'NONE',  ( -19.28191453036376046, -6.337591376518347808, -6.810008946044491474 ) ) ;
#4238 = CARTESIAN_POINT ( 'NONE',  ( -3.076464363268370139, -15.44238129326575404, -8.481254252451053688 ) ) ;
#4239 = CARTESIAN_POINT ( 'NONE',  ( -18.56834459147608030, -5.456206969420596131, -8.544886779932941323 ) ) ;
#4240 = CARTESIAN_POINT ( 'NONE',  ( -5.048969433172768362, 15.70251575476389760, 20.97713492328261253 ) ) ;
#4241 = CARTESIAN_POINT ( 'NONE',  ( -2.358139725155971750E-15, 8.934986710161661350, 34.08400230033318934 ) ) ;
#4242 = VECTOR ( 'NONE', #827, 1000.000000000000000 ) ;
#4243 = CARTESIAN_POINT ( 'NONE',  ( -18.36119815972074676, -8.097455979460631781, 8.026948444045746811 ) ) ;
#4244 = CARTESIAN_POINT ( 'NONE',  ( 3.000000000000000000, -25.25000000000000355, 41.24999999999995737 ) ) ;
#4245 = CARTESIAN_POINT ( 'NONE',  ( -15.81849312435739208, -10.25214625487705256, 3.446489081189120895 ) ) ;
#4246 = PLANE ( 'NONE',  #3079 ) ;
#4247 = CARTESIAN_POINT ( 'NONE',  ( -1.524289284467342354, -5.250520549365742085, 35.18107075454834387 ) ) ;
#4248 = B_SPLINE_SURFACE_WITH_KNOTS ( 'NONE', 3, 1, ( 
 ( #6924, #2466, #1881 ),
 ( #7012, #1964, #3183 ),
 ( #532, #3095, #3784 ),
 ( #5055, #1204, #1837 ),
 ( #6968, #2512, #4023 ),
 ( #4626, #122, #1374 ),
 ( #5884, #3312, #160 ),
 ( #5381, #6626, #3984 ),
 ( #5263, #201, #6544 ),
 ( #2123, #3269, #5342 ),
 ( #7255, #5844, #780 ),
 ( #1493, #4705, #5223 ),
 ( #237, #7131, #4061 ),
 ( #859, #3437, #3906 ),
 ( #6002, #6464, #702 ),
 ( #2792, #3354, #3946 ),
 ( #7922, #83, #2162 ),
 ( #5963, #7763, #2674 ),
 ( #2003, #4746, #7215 ),
 ( #1451, #7806, #2755 ),
 ( #2046, #7845, #2634 ),
 ( #4666, #7883, #6584 ),
 ( #4585, #7298, #6508 ),
 ( #742, #5923, #820 ),
 ( #7174, #2083, #3397 ),
 ( #1415, #2715, #5303 ),
 ( #6127, #360, #2997 ),
 ( #1616, #5544, #2875 ),
 ( #4188, #6748, #8099 ),
 ( #2957, #4830, #4918 ) ),
 .UNSPECIFIED., .T., .F., .F.,
 ( 4, 1, 1, 1, 1, 1, 1, 1, 2, 1, 1, 1, 2, 1, 1, 1, 1, 1, 1, 1, 2, 1, 1, 1, 4 ),
 ( 2, 1, 2 ),
 ( 0.0000000000000000000, 0.03547738969190539216, 0.07095477938381078431, 0.1064321690757161903, 0.1419095587676215686, 0.1773869484595269885, 0.2128643381514323807, 0.2483417278433377451, 0.2838191175352431372, 0.3378643381514323529, 0.3919095587676216241, 0.4459547793838108953, 0.5000000000000001110, 0.5354773896919053922, 0.5709547793838108953, 0.6064321690757161765, 0.6419095587676215686, 0.6773869484595269608, 0.7128643381514322419, 0.7483417278433377451, 0.7838191175352430262, 0.8378643381514321309, 0.8919095587676215686, 0.9459547793838107843, 1.000000000000000000 ),
 ( -0.01000000000000000021, 0.0000000000000000000, 1.000000000000000000 ),
 .UNSPECIFIED. ) ;
#4249 = CARTESIAN_POINT ( 'NONE',  ( -4.628609323645894946, 14.82152330911474536, -16.70795183997176991 ) ) ;
#4250 = CARTESIAN_POINT ( 'NONE',  ( -5.659841933070596909, -15.08238394565463558, 22.07937313669428292 ) ) ;
#4251 = CARTESIAN_POINT ( 'NONE',  ( -18.60567943016019044, 6.035324263661220989, -7.992894792575956586 ) ) ;
#4252 = CARTESIAN_POINT ( 'NONE',  ( -5.050919686796907726, 15.53090610900567015, -22.54436503546261861 ) ) ;
#4253 = CARTESIAN_POINT ( 'NONE',  ( -17.34412737459064857, 6.450592346212305372, 9.553919616904144263 ) ) ;
#4254 = CARTESIAN_POINT ( 'NONE',  ( -5.870581314981430765, -11.13207430863576519, -29.44646662413179783 ) ) ;
#4255 = CARTESIAN_POINT ( 'NONE',  ( -5.005237627901808040, 15.74790494885668579, 14.72016525027039435 ) ) ;
#4256 = CARTESIAN_POINT ( 'NONE',  ( -18.61062986773058014, -6.061124547768674375, 7.961789195381260065 ) ) ;
#4257 = CARTESIAN_POINT ( 'NONE',  ( -16.77260620413953163, -7.300385310174430487, -9.354922828758153841 ) ) ;
#4258 = ORIENTED_EDGE ( 'NONE', *, *, #3288, .T. ) ;
#4259 = ORIENTED_EDGE ( 'NONE', *, *, #2138, .T. ) ;
#4260 = ORIENTED_EDGE ( 'NONE', *, *, #4891, .T. ) ;
#4261 = CARTESIAN_POINT ( 'NONE',  ( -18.61174795432100382, -6.115127856154773944, -7.909033715436131651 ) ) ;
#4262 = CARTESIAN_POINT ( 'NONE',  ( -13.08352652054090903, 9.485637073119089990, 12.59788560452529538 ) ) ;
#4263 = CARTESIAN_POINT ( 'NONE',  ( -17.24894044304458518, 3.881487381381565793, -11.76156611738801239 ) ) ;
#4264 = CARTESIAN_POINT ( 'NONE',  ( -4.628609323645682672, 14.82152330911483951, 19.97260660869934412 ) ) ;
#4265 = CARTESIAN_POINT ( 'NONE',  ( -20.00000000000003197, 9.999995006072847303, 0.3736908681941086274 ) ) ;
#4266 = CARTESIAN_POINT ( 'NONE',  ( -15.99776387168794933, -3.831146301455379266, 13.95918178495220374 ) ) ;
#4267 = CARTESIAN_POINT ( 'NONE',  ( -4.628612720027124539, 14.81838260859067624, -20.32266525401188773 ) ) ;
#4268 = ORIENTED_EDGE ( 'NONE', *, *, #4586, .T. ) ;
#4269 = DIRECTION ( 'NONE',  ( 0.0000000000000000000, 0.0000000000000000000, 1.000000000000000000 ) ) ;
#4270 = CARTESIAN_POINT ( 'NONE',  ( -9.433225430166599423, 11.98745808163494253, 13.83698428207462783 ) ) ;
#4271 = CARTESIAN_POINT ( 'NONE',  ( -15.35113064859912413, -0.6705492255823553016, -15.97981143630824619 ) ) ;
#4272 = CARTESIAN_POINT ( 'NONE',  ( -18.82499672359490361, 8.253908607701024636, -4.819611102528995161 ) ) ;
#4273 = CARTESIAN_POINT ( 'NONE',  ( -4.999999999999992895, 2.758187410050618293, 35.57511223967440372 ) ) ;
#4274 = CARTESIAN_POINT ( 'NONE',  ( -20.00000000000000711, 2.344222045968414658, -9.732438467499067158 ) ) ;
#4275 = DIRECTION ( 'NONE',  ( -1.000000000000000000, -0.0000000000000000000, -0.0000000000000000000 ) ) ;
#4276 = CARTESIAN_POINT ( 'NONE',  ( -5.012280524407466409, -15.74508779023693883, -19.65489910925322192 ) ) ;
#4277 = CARTESIAN_POINT ( 'NONE',  ( -18.68815301092265813, -6.974788692509446442, -6.893677985127568242 ) ) ;
#4278 = ORIENTED_EDGE ( 'NONE', *, *, #691, .F. ) ;
#4279 = CARTESIAN_POINT ( 'NONE',  ( -1.524319402891594732, -16.06323927741645363, -14.18767823512173187 ) ) ;
#4280 = CARTESIAN_POINT ( 'NONE',  ( -14.21298296761193214, -7.747734338361706108, -13.74043827990883315 ) ) ;
#4281 = CARTESIAN_POINT ( 'NONE',  ( -20.00000000000002842, -0.3943611330258409153, 13.73240080988658640 ) ) ;
#4282 = CARTESIAN_POINT ( 'NONE',  ( -4.322792230440889227, -6.373277863521824571, -33.53252174813193420 ) ) ;
#4283 = CARTESIAN_POINT ( 'NONE',  ( -20.00000000000002842, -8.500723320294458318, 8.794915161232212952 ) ) ;
#4284 = CARTESIAN_POINT ( 'NONE',  ( 2.439454888092384977E-16, -4.985821826071920704, -35.91719596222828415 ) ) ;
#4285 = CARTESIAN_POINT ( 'NONE',  ( -7.120543533195958119, -13.82843084231723552, 3.841542143737733728 ) ) ;
#4286 = VERTEX_POINT ( 'NONE', #139 ) ;
#4287 = AXIS2_PLACEMENT_3D ( 'NONE', #3077, #1907, #6827 ) ;
#4288 = CARTESIAN_POINT ( 'NONE',  ( -5.344851504652893048, 15.55042087340789259, 17.12159658729254730 ) ) ;
#4289 = EDGE_CURVE ( 'NONE', #2399, #2180, #7897, .T. ) ;
#4290 = CARTESIAN_POINT ( 'NONE',  ( -4.628545485977437757, -0.6350802025552249042, 34.83246812774137879 ) ) ;
#4291 = CARTESIAN_POINT ( 'NONE',  ( 0.02782555748664109277, 16.68409726156777140, -3.084950268089941883 ) ) ;
#4292 = CARTESIAN_POINT ( 'NONE',  ( -5.045120943075526831, -15.73195162276982018, 20.04617381071006932 ) ) ;
#4293 = CARTESIAN_POINT ( 'NONE',  ( -17.99994445324218617, 6.551349682920125872, -8.352372430860029340 ) ) ;
#4294 = CARTESIAN_POINT ( 'NONE',  ( -5.865652596578841305, -0.4437480024255131550, -34.26454496133509053 ) ) ;
#4295 = CARTESIAN_POINT ( 'NONE',  ( -6.725793295878359501, 11.76700819423877320, 24.16195117044224716 ) ) ;
#4296 = CARTESIAN_POINT ( 'NONE',  ( -18.22192599981181971, 6.165967062438000745, -10.57332011461437027 ) ) ;
#4297 = B_SPLINE_CURVE_WITH_KNOTS ( 'NONE', 1,
 ( #5921, #7047 ),
 .UNSPECIFIED., .F., .F.,
 ( 2, 2 ),
 ( 0.1138837659859640444, 0.9723291201230527259 ),
 .UNSPECIFIED. ) ;
#4298 = CARTESIAN_POINT ( 'NONE',  ( -4.999747900986459825, 15.75010083968005681, 6.983900148989363288 ) ) ;
#4299 = CARTESIAN_POINT ( 'NONE',  ( -4.462825889823764491, -14.90662363328384998, 19.99066030736783972 ) ) ;
#4300 = CARTESIAN_POINT ( 'NONE',  ( -19.24023650066390800, -5.801682902914644835, -7.328258833974371278 ) ) ;
#4301 = EDGE_LOOP ( 'NONE', ( #3637, #7844, #3352, #7184 ) ) ;
#4302 = CARTESIAN_POINT ( 'NONE',  ( -13.07208847539681784, -9.412973631935207308, -12.87538327742771394 ) ) ;
#4303 = CARTESIAN_POINT ( 'NONE',  ( -16.76424685979178264, 7.235470624048064181, 9.469664184903386683 ) ) ;
#4304 = CARTESIAN_POINT ( 'NONE',  ( -18.51849476724811794, 4.267981204456285482, -9.420372600676284236 ) ) ;
#4305 = DIRECTION ( 'NONE',  ( 1.000000000000000000, 0.0000000000000000000, -0.0000000000000000000 ) ) ;
#4306 = CARTESIAN_POINT ( 'NONE',  ( -19.99999999999986500, 5.724363875645670952, -8.321625664261681266 ) ) ;
#4307 = CARTESIAN_POINT ( 'NONE',  ( -15.41888568091314937, -6.158219584952984604, 13.30948115562261691 ) ) ;
#4308 = CARTESIAN_POINT ( 'NONE',  ( -4.628668194735774399, 14.39997375021805759, -23.90980247096652533 ) ) ;
#4309 = VERTEX_POINT ( 'NONE', #7822 ) ;
#4310 = CARTESIAN_POINT ( 'NONE',  ( -5.480542964803912120, 15.43518503283621435, -19.99999999967443287 ) ) ;
#4311 = CARTESIAN_POINT ( 'NONE',  ( -18.76367121875726696, 7.743771622448856640, 5.775580903515932008 ) ) ;
#4312 = CARTESIAN_POINT ( 'NONE',  ( -16.59826324061458180, -0.9542947728462011225, -13.79714638161368434 ) ) ;
#4313 = CARTESIAN_POINT ( 'NONE',  ( -18.14124804672013980, 1.931355175939545754, 12.98009767691376304 ) ) ;
#4314 = CARTESIAN_POINT ( 'NONE',  ( -16.92893647898916498, 8.799189389617684043, -6.355189268857725615 ) ) ;
#4315 = EDGE_CURVE ( 'NONE', #7976, #5064, #2178, .T. ) ;
#4316 = CARTESIAN_POINT ( 'NONE',  ( -5.000000000000005329, 15.75000000000001776, -2.245165858782982582E-12 ) ) ;
#4317 = CARTESIAN_POINT ( 'NONE',  ( -5.025861443807776219, 15.73965542247682237, -19.75614238794511479 ) ) ;
#4318 = CARTESIAN_POINT ( 'NONE',  ( -4.570928180908222060, -15.92162872763670123, -19.45591497028825145 ) ) ;
#4319 = CARTESIAN_POINT ( 'NONE',  ( -9.459935270075304103, -12.13056557225568710, -12.50634616989572656 ) ) ;
#4320 = EDGE_LOOP ( 'NONE', ( #4715, #2013, #4268, #3194 ) ) ;
#4321 = CARTESIAN_POINT ( 'NONE',  ( -3.076464363268370139, -15.44238129326575404, -10.41409985894730106 ) ) ;
#4322 = CARTESIAN_POINT ( 'NONE',  ( -9.323335496660956068, -11.51102118375841421, -17.51378944876105948 ) ) ;
#4323 = CARTESIAN_POINT ( 'NONE',  ( -20.00000000000002132, 11.43548951492447863, 0.8287260009879232614 ) ) ;
#4324 = CARTESIAN_POINT ( 'NONE',  ( -4.370218209995758940, 11.56212498199559313, -29.44297061352223110 ) ) ;
#4325 = CARTESIAN_POINT ( 'NONE',  ( -18.27759646574579477, -7.096220932292532702, 9.482471533747990122 ) ) ;
#4326 = CYLINDRICAL_SURFACE ( 'NONE', #6593, 2.000000000000001776 ) ;
#4327 = CARTESIAN_POINT ( 'NONE',  ( -9.610941193119490578, -12.83621810935189167, 3.475564171052506257 ) ) ;
#4328 = CARTESIAN_POINT ( 'NONE',  ( -19.00000000000000711, -9.329745908868865456, 0.1918275208834565593 ) ) ;
#4329 = LINE ( 'NONE', #1212, #1873 ) ;
#4330 = CARTESIAN_POINT ( 'NONE',  ( -4.628715509635144443, 3.553615122577968855, 34.41348949069355712 ) ) ;
#4331 = CARTESIAN_POINT ( 'NONE',  ( -19.59716591129470942, 9.096737617467050896, -0.5228216005005571487 ) ) ;
#4332 = CARTESIAN_POINT ( 'NONE',  ( -3.407818915244996028, 2.133524492293103147, 36.25604541541223114 ) ) ;
#4333 = CARTESIAN_POINT ( 'NONE',  ( -17.37923552064474109, 6.858999643181073580, -8.957904374798781433 ) ) ;
#4334 = CARTESIAN_POINT ( 'NONE',  ( -3.507203101894492026, -8.633964822529673455, -33.89034542008660367 ) ) ;
#4335 = CARTESIAN_POINT ( 'NONE',  ( -12.99332962841922168, 8.833913961897540190, 14.64398813403241562 ) ) ;
#4336 = CARTESIAN_POINT ( 'NONE',  ( -5.874211729645459457, 8.998502427518269897, -31.33362671805226540 ) ) ;
#4337 = CARTESIAN_POINT ( 'NONE',  ( -5.000000000000000000, -15.75000000000001066, 4.407281562877018111 ) ) ;
#4338 = ORIENTED_EDGE ( 'NONE', *, *, #7084, .T. ) ;
#4339 = CARTESIAN_POINT ( 'NONE',  ( -18.61589079734455154, -6.129419542728660630, 7.889519190673841997 ) ) ;
#4340 = EDGE_CURVE ( 'NONE', #1124, #997, #1034, .T. ) ;
#4341 = CARTESIAN_POINT ( 'NONE',  ( -18.00037112528523053, -6.521202402200977133, -8.386122757757172863 ) ) ;
#4342 = ORIENTED_EDGE ( 'NONE', *, *, #7784, .F. ) ;
#4343 = VERTEX_POINT ( 'NONE', #8028 ) ;
#4344 = CARTESIAN_POINT ( 'NONE',  ( -17.38225838782624422, 6.894794324314418077, 8.905449872224602714 ) ) ;
#4345 = CARTESIAN_POINT ( 'NONE',  ( -19.14293852166370868, 3.909504303962236804, -8.634760340990734306 ) ) ;
#4346 = CARTESIAN_POINT ( 'NONE',  ( -18.62838743738146974, -10.42478548471002853, -1.973004964133022510 ) ) ;
#4347 = CARTESIAN_POINT ( 'NONE',  ( -20.00000000000002842, 3.956813143931623422, -12.81767086883769124 ) ) ;
#4348 = CARTESIAN_POINT ( 'NONE',  ( -17.27104265103242753, -4.746111505261169761, 11.19360089020774573 ) ) ;
#4349 = CARTESIAN_POINT ( 'NONE',  ( -1.524178621379848275, 15.63313302877577371, -24.12736770197919611 ) ) ;
#4350 = CYLINDRICAL_SURFACE ( 'NONE', #1461, 2.000000000000001776 ) ;
#4351 = AXIS2_PLACEMENT_3D ( 'NONE', #6448, #4568, #5947 ) ;
#4352 = CARTESIAN_POINT ( 'NONE',  ( -4.332140311857322068, 7.979894230713130199, 32.64650327754144854 ) ) ;
#4353 = CARTESIAN_POINT ( 'NONE',  ( -16.29097712765609174, 8.935976373131369499, 7.077772388638309486 ) ) ;
#4354 = CARTESIAN_POINT ( 'NONE',  ( -18.46978895637089835, 1.300017863807743757, -10.54431022189388578 ) ) ;
#4355 = CARTESIAN_POINT ( 'NONE',  ( -5.049999999999999822, -15.73000000000001464, 10.17566444466042341 ) ) ;
#4356 = DIRECTION ( 'NONE',  ( -0.0000000000000000000, 1.000000000000000000, 0.0000000000000000000 ) ) ;
#4357 = CARTESIAN_POINT ( 'NONE',  ( -18.12682311794350554, 7.865409109426537704, -6.385058797482566995 ) ) ;
#4358 = CARTESIAN_POINT ( 'NONE',  ( -15.35347177307026278, -0.7024255232418135098, 15.97330937071087043 ) ) ;
#4359 = CARTESIAN_POINT ( 'NONE',  ( -20.00000000000001776, -1.694183542896624983, -9.861515702345736045 ) ) ;
#4360 = CARTESIAN_POINT ( 'NONE',  ( -4.628609323645894058, -14.82152330911472937, -19.99999998980442939 ) ) ;
#4361 = CARTESIAN_POINT ( 'NONE',  ( -4.999747904814302757, -15.75010083815606343, -6.983900148903867233 ) ) ;
#4362 = CARTESIAN_POINT ( 'NONE',  ( -17.45247833734358522, -7.625061232133978351, -7.749674535026443323 ) ) ;
#4363 = ORIENTED_EDGE ( 'NONE', *, *, #8295, .F. ) ;
#4364 = EDGE_CURVE ( 'NONE', #620, #4478, #2849, .T. ) ;
#4365 = DIRECTION ( 'NONE',  ( -1.000000000000000000, -0.0000000000000000000, -0.0000000000000000000 ) ) ;
#4366 = CARTESIAN_POINT ( 'NONE',  ( -16.65362348625201250, -5.394283756305939370, -11.79855062984798941 ) ) ;
#4367 = CARTESIAN_POINT ( 'NONE',  ( -4.999999999999998224, -15.75000000000000000, -4.407281562878460512 ) ) ;
#4368 = CARTESIAN_POINT ( 'NONE',  ( -4.480132908254017998, 14.68431537474943838, -22.73234503632722792 ) ) ;
#4369 = CARTESIAN_POINT ( 'NONE',  ( -5.344851010506055822, 15.55042133572604612, -17.12157810901691235 ) ) ;
#4370 = CARTESIAN_POINT ( 'NONE',  ( 1.626303258728282536E-16, -15.83750803498044313, -25.23415204577796089 ) ) ;
#4371 = CARTESIAN_POINT ( 'NONE',  ( -12.06601974061990035, -11.65647365314094941, 5.357824860049067439 ) ) ;
#4372 = CARTESIAN_POINT ( 'NONE',  ( 0.0000000000000000000, -21.24999999999997868, -45.25000000000000711 ) ) ;
#4373 = ORIENTED_EDGE ( 'NONE', *, *, #2286, .F. ) ;
#4374 = CARTESIAN_POINT ( 'NONE',  ( -4.628795002928456803, -7.090335254704465129, 33.01532313018415010 ) ) ;
#4375 = VECTOR ( 'NONE', #6799, 1000.000000000000000 ) ;
#4376 = CARTESIAN_POINT ( 'NONE',  ( -15.84335527634396179, 10.43025150200591078, 2.109478274602786474 ) ) ;
#4377 = CARTESIAN_POINT ( 'NONE',  ( -5.041959771430915005, -14.72331160133197692, 25.57281473048122322 ) ) ;
#4378 = CARTESIAN_POINT ( 'NONE',  ( -11.85635914242421585, 10.25936632133492665, -13.59156877315082745 ) ) ;
#4379 = CARTESIAN_POINT ( 'NONE',  ( -3.406928044928390076, 2.155875302852744202, -36.27963159035290630 ) ) ;
#4380 = CARTESIAN_POINT ( 'NONE',  ( -4.326194747336993274, 14.69206656887669915, 23.62255712241675809 ) ) ;
#4381 = CARTESIAN_POINT ( 'NONE',  ( -18.48317640385768712, 9.273169113988696921, -5.819846967736565624 ) ) ;
#4382 = DIRECTION ( 'NONE',  ( -1.000000000000000000, -0.0000000000000000000, -0.0000000000000000000 ) ) ;
#4383 = ORIENTED_EDGE ( 'NONE', *, *, #8187, .F. ) ;
#4384 = CARTESIAN_POINT ( 'NONE',  ( -14.31082093501997043, -8.718836543568087905, 11.57549091422105114 ) ) ;
#4385 = CARTESIAN_POINT ( 'NONE',  ( -9.398136843430711096, -11.76860316554253671, -15.81039126039376974 ) ) ;
#4386 = ADVANCED_FACE ( 'NONE', ( #4934 ), #418, .T. ) ;
#4387 = EDGE_LOOP ( 'NONE', ( #1413, #6240, #434, #6574 ) ) ;
#4388 = B_SPLINE_CURVE_WITH_KNOTS ( 'NONE', 3,
 ( #8190, #1208, #2428, #8276, #4369, #1801 ),
 .UNSPECIFIED., .F., .F.,
 ( 4, 2, 4 ),
 ( -8.458908996512999026E-05, 0.007548003705084822303, 0.01518059650013477493 ),
 .UNSPECIFIED. ) ;
#4389 = EDGE_CURVE ( 'NONE', #5064, #7367, #4547, .T. ) ;
#4390 = CARTESIAN_POINT ( 'NONE',  ( -6.933416779200339164, 13.33539293803424108, 17.86771362306274114 ) ) ;
#4391 = CARTESIAN_POINT ( 'NONE',  ( -16.04568684001626266, 6.056262808300031608, -12.26114465892025684 ) ) ;
#4392 = CARTESIAN_POINT ( 'NONE',  ( -4.540487515936262319, -14.85677203219858100, -19.99999998979184213 ) ) ;
#4393 = CARTESIAN_POINT ( 'NONE',  ( -18.14654217553382765, 2.648505038003125200, -12.77410610515016209 ) ) ;
#4394 = CARTESIAN_POINT ( 'NONE',  ( -12.95086397302224235, -8.040852983283075517, 15.97026736131941149 ) ) ;
#4395 = CARTESIAN_POINT ( 'NONE',  ( -3.076464662192574639, 15.44201186685264204, -20.10617674392968013 ) ) ;
#4396 = CARTESIAN_POINT ( 'NONE',  ( 3.000000000000000000, -17.74999999999999289, -19.99999999999995381 ) ) ;
#4397 = ORIENTED_EDGE ( 'NONE', *, *, #4105, .T. ) ;
#4398 = CIRCLE ( 'NONE', #7213, 17.75000000000000355 ) ;
#4399 = ORIENTED_EDGE ( 'NONE', *, *, #719, .T. ) ;
#4400 = CARTESIAN_POINT ( 'NONE',  ( -4.309464759419501689, 1.235149618090840118, 34.90175312005970198 ) ) ;
#4401 = CARTESIAN_POINT ( 'NONE',  ( -6.949063072857839529, 13.38448855280719840, 16.74024091914833434 ) ) ;
#4402 = CARTESIAN_POINT ( 'NONE',  ( -15.97374430442001092, -0.1958537192695962714, -14.93346936979898487 ) ) ;
#4403 = CARTESIAN_POINT ( 'NONE',  ( -19.00000000000000000, 5.913675711300967919, 7.556202739479930486 ) ) ;
#4404 = CARTESIAN_POINT ( 'NONE',  ( -19.99999999999858602, 1.990833280452083187, 9.839444056959241180 ) ) ;
#4405 = CARTESIAN_POINT ( 'NONE',  ( -16.43793502623531211, 10.00078841124388340, -3.313810201339766781 ) ) ;
#4406 = CARTESIAN_POINT ( 'NONE',  ( -16.59980191133436023, -0.5966102246996366487, 13.83776456158021873 ) ) ;
#4407 = CARTESIAN_POINT ( 'NONE',  ( -4.849999999999990763, 12.53930110472182236, -30.25304579492555135 ) ) ;
#4408 = CARTESIAN_POINT ( 'NONE',  ( -4.546795794781147926, 15.93128168208755113, -19.85753540950339158 ) ) ;
#4409 = CARTESIAN_POINT ( 'NONE',  ( -5.109317519664346996, -15.70372480606629217, -9.565602428958188241 ) ) ;
#4410 = CARTESIAN_POINT ( 'NONE',  ( -4.493560086150228727, -14.88772474600052576, -17.27559816963575301 ) ) ;
#4411 = ADVANCED_FACE ( 'NONE', ( #3624 ), #6182, .F. ) ;
#4412 = CARTESIAN_POINT ( 'NONE',  ( 0.02782555748655403047, -16.68409726156771455, -19.81388415548734372 ) ) ;
#4413 = CARTESIAN_POINT ( 'NONE',  ( -9.185722130284425191, -9.299858217416488770, -22.32336079085035507 ) ) ;
#4414 = CARTESIAN_POINT ( 'NONE',  ( 3.000000000000000000, 21.24999999999997158, 45.24999999999999289 ) ) ;
#4415 = CARTESIAN_POINT ( 'NONE',  ( -4.360697751909427211, 10.92185526277880570, -30.18288223752704269 ) ) ;
#4416 = CARTESIAN_POINT ( 'NONE',  ( -4.525595326351320224, 15.93976186945954687, 19.99999998973654058 ) ) ;
#4417 = DIRECTION ( 'NONE',  ( -1.000000000000000000, -0.0000000000000000000, -0.0000000000000000000 ) ) ;
#4418 = CARTESIAN_POINT ( 'NONE',  ( -16.47554276080476399, -10.23267936302682557, 1.552514245489599709 ) ) ;
#4419 = CARTESIAN_POINT ( 'NONE',  ( 0.0000000000000000000, -17.75000000000000711, 20.00000000000000000 ) ) ;
#4420 = VERTEX_POINT ( 'NONE', #7940 ) ;
#4421 = CARTESIAN_POINT ( 'NONE',  ( -4.628724671236599697, -6.346712535868883620, 33.42085797416607562 ) ) ;
#4422 = CARTESIAN_POINT ( 'NONE',  ( -9.616966805495192006, 12.86645433932600291, 2.885701434270594223 ) ) ;
#4423 = CARTESIAN_POINT ( 'NONE',  ( -5.007625438579697885, -7.844093195054419709, 33.66342705287933512 ) ) ;
#4424 = CARTESIAN_POINT ( 'NONE',  ( -15.53561224490955084, 7.968550429409824609, -10.54232117418443693 ) ) ;
#4425 = CARTESIAN_POINT ( 'NONE',  ( -3.582465021110003534, -10.76266274352447638, -32.27573741558516929 ) ) ;
#4426 = CARTESIAN_POINT ( 'NONE',  ( -16.03606563213603309, 5.780070522777938535, 12.57450176335512637 ) ) ;
#4427 = VECTOR ( 'NONE', #3773, 1000.000000000000000 ) ;
#4428 = CARTESIAN_POINT ( 'NONE',  ( -18.55672044484289884, 9.877975119765224576, -4.210775802190775963 ) ) ;
#4429 = DIRECTION ( 'NONE',  ( 0.0000000000000000000, 0.0000000000000000000, 1.000000000000000000 ) ) ;
#4430 = ORIENTED_EDGE ( 'NONE', *, *, #691, .T. ) ;
#4431 = CARTESIAN_POINT ( 'NONE',  ( -18.61695967212075686, -6.143178251702545722, 7.874840085258505873 ) ) ;
#4432 = CARTESIAN_POINT ( 'NONE',  ( -13.08437263728151834, -9.475991667837059040, -12.62818614264103267 ) ) ;
#4433 = ORIENTED_EDGE ( 'NONE', *, *, #5280, .F. ) ;
#4434 = AXIS2_PLACEMENT_3D ( 'NONE', #2263, #458, #3058 ) ;
#4435 = ORIENTED_EDGE ( 'NONE', *, *, #4187, .F. ) ;
#4436 = CARTESIAN_POINT ( 'NONE',  ( -14.30673581833685581, 8.698816405712966215, 11.63796194504986303 ) ) ;
#4437 = CARTESIAN_POINT ( 'NONE',  ( -4.262192456371055371, 13.74350578255165090, -26.27005192662764088 ) ) ;
#4438 = CARTESIAN_POINT ( 'NONE',  ( 3.000000000000000000, 17.75000000000000000, 19.99999999999998934 ) ) ;
#4439 = CARTESIAN_POINT ( 'NONE',  ( -18.14104750980703429, 1.897976467049055760, -12.98813264309018933 ) ) ;
#4440 = CARTESIAN_POINT ( 'NONE',  ( -5.000000000000000888, 4.879235440784648326, 35.00482845895728445 ) ) ;
#4441 = CARTESIAN_POINT ( 'NONE',  ( -4.201126075336939714, -11.66514276459995969, 29.66521888224415093 ) ) ;
#4442 = CARTESIAN_POINT ( 'NONE',  ( -3.076464363268382129, 15.44238129326575582, -19.93406240758127979 ) ) ;
#4443 = DIRECTION ( 'NONE',  ( -1.000000000000000000, -0.0000000000000000000, -0.0000000000000000000 ) ) ;
#4444 = VERTEX_POINT ( 'NONE', #4119 ) ;
#4445 = CARTESIAN_POINT ( 'NONE',  ( -4.540487515936259655, 14.85677203219860587, 19.99999998979182791 ) ) ;
#4446 = CARTESIAN_POINT ( 'NONE',  ( -18.65720413435161973, 6.666319143737128528, 7.284007153546851576 ) ) ;
#4447 = CARTESIAN_POINT ( 'NONE',  ( -6.632385610617566485, 3.318244872991292560, -30.55134749328230370 ) ) ;
#4448 = CARTESIAN_POINT ( 'NONE',  ( -5.049999999999999822, -15.72999999999998977, -19.99999998981159166 ) ) ;
#4449 = CARTESIAN_POINT ( 'NONE',  ( -20.00000000000002487, 2.838024613175346822, 13.26102507804349884 ) ) ;
#4450 = CARTESIAN_POINT ( 'NONE',  ( -17.68136462714190316, 9.498102473116508904, -3.043115495837370066 ) ) ;
#4451 = CARTESIAN_POINT ( 'NONE',  ( -11.61562984319742675, -1.688214162804620999, 22.29192137436644217 ) ) ;
#4452 = CARTESIAN_POINT ( 'NONE',  ( -19.99999999999991473, -9.803586301204642695, 2.410269670471482328 ) ) ;
#4453 = CARTESIAN_POINT ( 'NONE',  ( -4.556044778184181965, 15.92758208872633396, -19.77749288275595063 ) ) ;
#4454 = ORIENTED_EDGE ( 'NONE', *, *, #3118, .F. ) ;
#4455 = CARTESIAN_POINT ( 'NONE',  ( -5.009526619024169847, -15.74618935239401019, -18.26416052225572528 ) ) ;
#4456 = CARTESIAN_POINT ( 'NONE',  ( -16.17066862971385532, -7.800195009169813787, -9.608561687218443836 ) ) ;
#4457 = EDGE_CURVE ( 'NONE', #3214, #4343, #1062, .T. ) ;
#4458 = VERTEX_POINT ( 'NONE', #5105 ) ;
#4459 = CARTESIAN_POINT ( 'NONE',  ( -1.524319402891593400, -16.06323927741645363, -19.90881432520125927 ) ) ;
#4460 = CARTESIAN_POINT ( 'NONE',  ( -16.67488022124007330, -5.898691938424915016, -11.26838467485326056 ) ) ;
#4461 = CARTESIAN_POINT ( 'NONE',  ( -20.00000000000002842, 9.810351881443363453, 6.688757908066391700 ) ) ;
#4462 = CARTESIAN_POINT ( 'NONE',  ( -4.388694418230331351, -12.59782837745735939, -27.99505199011942125 ) ) ;
#4463 = CARTESIAN_POINT ( 'NONE',  ( -4.546795794717419348, 15.93128168211304896, 19.85753541001508538 ) ) ;
#4464 = DIRECTION ( 'NONE',  ( 1.000000000000000000, 0.0000000000000000000, 0.0000000000000000000 ) ) ;
#4465 = CARTESIAN_POINT ( 'NONE',  ( -9.617981710865498357, -12.86605656748724869, -2.885579306100767294 ) ) ;
#4466 = CARTESIAN_POINT ( 'NONE',  ( -19.00000000000000000, -8.791193050979222434, 3.255192585670655614 ) ) ;
#4467 = CIRCLE ( 'NONE', #4735, 3.999999999999996447 ) ;
#4468 = VECTOR ( 'NONE', #7219, 1000.000000000000000 ) ;
#4469 = CARTESIAN_POINT ( 'NONE',  ( -1.524341052793894979, -16.00432448732704316, 22.29159504909464218 ) ) ;
#4470 = CARTESIAN_POINT ( 'NONE',  ( -9.388001337048027750, -11.74687301390678584, -16.03846532506092615 ) ) ;
#4471 = CARTESIAN_POINT ( 'NONE',  ( -13.35895666681508409, 11.43897553618145402, -1.852363320493162657 ) ) ;
#4472 = CARTESIAN_POINT ( 'NONE',  ( -5.021649105659125034, -11.80800568675919493, 30.42306363090385801 ) ) ;
#4473 = CARTESIAN_POINT ( 'NONE',  ( -13.08096934929972299, 9.461395423162420215, -12.68788932649360035 ) ) ;
#4474 = CARTESIAN_POINT ( 'NONE',  ( -5.868522611253046861, -3.644143562970374450, -33.84422315273612725 ) ) ;
#4475 = CARTESIAN_POINT ( 'NONE',  ( -18.48292212339202578, 2.398456292974586734, 10.27121831376303440 ) ) ;
#4476 = CARTESIAN_POINT ( 'NONE',  ( -18.14136071016882568, -1.949819887857342948, -12.97559133664317521 ) ) ;
#4477 = CARTESIAN_POINT ( 'NONE',  ( -39.99999999999999289, 22.24999999999999645, 0.0000000000000000000 ) ) ;
#4478 = VERTEX_POINT ( 'NONE', #1886 ) ;
#4479 = CARTESIAN_POINT ( 'NONE',  ( -6.931008692056971121, -13.33088077280068973, 17.98303928597320933 ) ) ;
#4480 = CARTESIAN_POINT ( 'NONE',  ( -16.15091392674865389, -7.585654182274052637, -10.02930793169148416 ) ) ;
#4481 = VERTEX_POINT ( 'NONE', #1842 ) ;
#4482 = EDGE_CURVE ( 'NONE', #660, #3626, #3330, .T. ) ;
#4483 = CARTESIAN_POINT ( 'NONE',  ( -4.463060545977416638, 14.90637919716325044, 19.94177572296616674 ) ) ;
#4484 = CARTESIAN_POINT ( 'NONE',  ( -17.88929978727204073, 4.379195514769406827, -10.38728566747501780 ) ) ;
#4485 = DIRECTION ( 'NONE',  ( -1.000000000000000000, -0.0000000000000000000, -0.0000000000000000000 ) ) ;
#4486 = CARTESIAN_POINT ( 'NONE',  ( -3.494004935789727817, 8.142389390922314618, -34.19040792508891968 ) ) ;
#4487 = CARTESIAN_POINT ( 'NONE',  ( -19.99999999999991473, -9.803586301204642695, 2.410269670471482328 ) ) ;
#4488 = CARTESIAN_POINT ( 'NONE',  ( -16.66753929383125055, -5.664029536712486212, 11.51219446145387693 ) ) ;
#4489 = CARTESIAN_POINT ( 'NONE',  ( -20.00000000000002842, -10.49810653315517861, -5.163686501687027253 ) ) ;
#4490 = ORIENTED_EDGE ( 'NONE', *, *, #7235, .F. ) ;
#4491 = CARTESIAN_POINT ( 'NONE',  ( -4.317158932028602791, 5.047520889971607971, 34.07214103044339026 ) ) ;
#4492 = CARTESIAN_POINT ( 'NONE',  ( -15.57521188278886903, 8.374736529324714240, 9.618027572331266484 ) ) ;
#4493 = CARTESIAN_POINT ( 'NONE',  ( -11.61263383447636777, 0.3578539083968604873, -22.40558254581029374 ) ) ;
#4494 = CARTESIAN_POINT ( 'NONE',  ( -5.050000000000023803, 11.31345246141635386, 31.50588919952490485 ) ) ;
#4495 = CARTESIAN_POINT ( 'NONE',  ( -19.00000000000001066, -2.946372465047909728, -9.249529352103241564 ) ) ;
#4496 = CARTESIAN_POINT ( 'NONE',  ( -4.138055630982215405, 2.674251316088533059, 35.00661109485739075 ) ) ;
#4497 = CARTESIAN_POINT ( 'NONE',  ( -1.524319402904173337, -16.06323927741142299, -21.83785733187402300 ) ) ;
#4498 = CARTESIAN_POINT ( 'NONE',  ( -5.593005084223586998, -15.26490945235040009, 21.18436301475324512 ) ) ;
#4499 = CARTESIAN_POINT ( 'NONE',  ( -13.11122955691615921, -9.720735333241981024, -11.70823508329160845 ) ) ;
#4500 = ORIENTED_EDGE ( 'NONE', *, *, #7467, .F. ) ;
#4501 = EDGE_CURVE ( 'NONE', #1049, #2399, #6302, .T. ) ;
#4502 = CARTESIAN_POINT ( 'NONE',  ( 0.02782555748655319433, -16.68409726156771455, -19.68988513657536998 ) ) ;
#4503 = B_SPLINE_CURVE_WITH_KNOTS ( 'NONE', 3,
 ( #3989, #3871, #4511, #2599, #6550, #3952, #4029, #2089, #7055, #786, #5849, #7094, #1340 ),
 .UNSPECIFIED., .F., .F.,
 ( 4, 2, 1, 2, 2, 2, 4 ),
 ( 0.0000000000000000000, 0.0004830672539829265972, 0.0009661345079658531943, 0.001932269015931716797, 0.003864538031863443569, 0.007729076063726913158, 0.01545815212745385060 ),
 .UNSPECIFIED. ) ;
#4504 = CARTESIAN_POINT ( 'NONE',  ( -19.12700759312118137, -3.404206570573252488, -8.890018320713256372 ) ) ;
#4505 = CIRCLE ( 'NONE', #4085, 2.000000000000001776 ) ;
#4506 = ADVANCED_FACE ( 'NONE', ( #496 ), #7514, .T. ) ;
#4507 = FACE_OUTER_BOUND ( 'NONE', #2713, .T. ) ;
#4508 = FACE_OUTER_BOUND ( 'NONE', #4144, .T. ) ;
#4509 = CARTESIAN_POINT ( 'NONE',  ( -18.17705254242551405, -4.728497703913893346, 11.74642551869335350 ) ) ;
#4510 = B_SPLINE_CURVE_WITH_KNOTS ( 'NONE', 3,
 ( #5680, #4288, #541, #3792, #1721, #1166 ),
 .UNSPECIFIED., .F., .F.,
 ( 4, 2, 4 ),
 ( -5.813000053188905030E-08, 0.007632479193077281766, 0.01526501651615509540 ),
 .UNSPECIFIED. ) ;
#4511 = CARTESIAN_POINT ( 'NONE',  ( -4.568348605393784290, -15.92266055784249268, 19.53616496997119611 ) ) ;
#4512 = CARTESIAN_POINT ( 'NONE',  ( -15.85731130762136765, -10.50363545173353153, -1.179482105736433750 ) ) ;
#4513 = CARTESIAN_POINT ( 'NONE',  ( -18.99999999999999645, -5.131587602809985604, 8.181123386109138806 ) ) ;
#4514 = CARTESIAN_POINT ( 'NONE',  ( -3.076495815740998285, -14.36062870977559669, 25.67844889083781368 ) ) ;
#4515 =( BOUNDED_SURFACE ( )  B_SPLINE_SURFACE ( 3, 2, ( 
 ( #7507, #489, #2337 ),
 ( #5626, #4361, #1794 ),
 ( #4409, #6922, #574 ),
 ( #1200, #2964, #5715 ),
 ( #5552, #8107, #8269 ),
 ( #8182, #449, #3046 ),
 ( #3778, #6880, #6338 ),
 ( #6965, #4455, #1066 ),
 ( #3824, #1751, #2420 ),
 ( #4925, #5007, #1154 ),
 ( #3657, #3139, #3737 ),
 ( #7550, #2507, #4318 ),
 ( #3004, #5097, #7469 ),
 ( #3091, #6380, #1710 ),
 ( #7637, #1878, #3694 ),
 ( #5669, #4276, #6838 ),
 ( #7010, #6294, #7592 ),
 ( #6217, #5590, #8143 ),
 ( #1244, #2376, #5052 ),
 ( #4963, #530, #1110 ),
 ( #8229, #6255, #2464 ),
 ( #1834, #3903, #1449 ),
 ( #2671, #7087, #1372 ),
 ( #3308, #2590, #3265 ) ),
 .UNSPECIFIED., .F., .F., .T. ) 
 B_SPLINE_SURFACE_WITH_KNOTS ( ( 4, 2, 2, 2, 2, 2, 2, 2, 2, 2, 2, 4 ),
 ( 3, 3 ),
 ( -8.575211445968337789E-05, 0.007643560639025735737, 0.01150821701576844498, 0.01344054520413980047, 0.01440670929832547735, 0.01488979134541831492, 0.01513133236896473457, 0.01514642868293638624, 0.01516152499690803790, 0.01519171762485133949, 0.01525210288073794440, 0.01537287339251115423 ),
 ( 0.0000000000000000000, 1.000000000000000000 ),
 .UNSPECIFIED. ) 
 GEOMETRIC_REPRESENTATION_ITEM ( )  RATIONAL_B_SPLINE_SURFACE ( (
 ( 1.000000000000000000, 1.000000000000000000, 1.000000000000000000),
 ( 1.000000000000000000, 1.000010640293928166, 1.000000000000000000),
 ( 1.000000000000000000, 0.9998819698203355033, 1.000000000000000000),
 ( 1.000000000000000000, 0.9987728769424716324, 1.000000000000000000),
 ( 1.000000000000000000, 0.9982544079682605931, 1.000000000000000000),
 ( 1.000000000000000000, 0.9972671256068452728, 1.000000000000000000),
 ( 1.000000000000000000, 0.9969039703760361748, 1.000000000000000000),
 ( 1.000000000000000000, 0.9963161219681464509, 1.000000000000000000),
 ( 1.000000000000000000, 0.9961130204808010813, 1.000000000000000000),
 ( 1.000000000000000000, 0.9957988750267773304, 1.000000000000000000),
 ( 1.000000000000000000, 0.9956925789391211090, 1.000000000000000000),
 ( 1.000000000000000000, 0.9955309270409106182, 1.000000000000000000),
 ( 1.000000000000000000, 0.9954766751663874924, 1.000000000000000000),
 ( 1.000000000000000000, 0.9954186564292669681, 1.000000000000000000),
 ( 1.000000000000000000, 0.9954304042184745072, 1.000000000000000000),
 ( 1.000000000000000000, 0.9953869714091421184, 1.000000000000000000),
 ( 1.000000000000000000, 0.9953601966793086397, 1.000000000000000000),
 ( 1.000000000000000000, 0.9952872320058192557, 1.000000000000000000),
 ( 1.000000000000000000, 0.9952383905680316500, 1.000000000000000000),
 ( 1.000000000000000000, 0.9950913412260842250, 1.000000000000000000),
 ( 1.000000000000000000, 0.9949926101527382105, 1.000000000000000000),
 ( 1.000000000000000000, 0.9946947990550401020, 1.000000000000000000),
 ( 1.000000000000000000, 0.9944941108170413102, 1.000000000000000000),
 ( 1.000000000000000000, 0.9942922516927518162, 1.000000000000000000) ) ) 
 REPRESENTATION_ITEM ( '' )  SURFACE ( )  );
#4516 = CARTESIAN_POINT ( 'NONE',  ( -15.52572470320489018, -7.882673743479625017, -10.73357856816318723 ) ) ;
#4517 = CARTESIAN_POINT ( 'NONE',  ( -17.01583649004936660, 9.447746856970727691, 4.439904834870026740 ) ) ;
#4518 = CARTESIAN_POINT ( 'NONE',  ( -5.868324934433743145, -3.668692082716201952, 33.81694116766136915 ) ) ;
#4519 = CARTESIAN_POINT ( 'NONE',  ( -11.86325585100228430, 10.31752068131596012, -13.30772417841967581 ) ) ;
#4520 = CARTESIAN_POINT ( 'NONE',  ( -5.048969433174539390, -15.70251575480816442, -20.97713492257806678 ) ) ;
#4521 = CARTESIAN_POINT ( 'NONE',  ( -9.145601930525657508, 6.397042904531127228, 24.80951505291900361 ) ) ;
#4522 = CARTESIAN_POINT ( 'NONE',  ( -18.13650726399402302, 0.7504008403080311140, -13.17490761414584632 ) ) ;
#4523 = CARTESIAN_POINT ( 'NONE',  ( 0.0000000000000000000, 17.75000000000000000, -19.99999999999995381 ) ) ;
#4524 = CARTESIAN_POINT ( 'NONE',  ( -18.62556423211297485, -6.252661392417925512, 7.756655753578237444 ) ) ;
#4525 = CARTESIAN_POINT ( 'NONE',  ( -11.85388165697729690, -10.22217954330276690, -13.76568304820200339 ) ) ;
#4526 = ORIENTED_EDGE ( 'NONE', *, *, #4756, .F. ) ;
#4527 = VERTEX_POINT ( 'NONE', #11 ) ;
#4528 = CARTESIAN_POINT ( 'NONE',  ( -11.85258515082311881, 10.22707735748703328, 13.74866866447091418 ) ) ;
#4529 = CARTESIAN_POINT ( 'NONE',  ( -18.59749598224879463, 5.925466663346561802, -8.106958395579230370 ) ) ;
#4530 = CARTESIAN_POINT ( 'NONE',  ( -18.37190319608747302, -8.217211061259744653, 7.839945358310946411 ) ) ;
#4531 = DIRECTION ( 'NONE',  ( -0.0000000000000000000, 1.000000000000000000, 0.0000000000000000000 ) ) ;
#4532 = CARTESIAN_POINT ( 'NONE',  ( -19.99999999999996803, -7.720714011170767499, -6.477051582354347303 ) ) ;
#4533 = CARTESIAN_POINT ( 'NONE',  ( -9.289197097840975914, -11.27241946786775273, 18.45345298734597250 ) ) ;
#4534 = ADVANCED_FACE ( 'NONE', ( #2385 ), #4326, .F. ) ;
#4535 = CARTESIAN_POINT ( 'NONE',  ( -9.396005888622928737, -11.76202554916030074, -15.87594411882514045 ) ) ;
#4536 = CARTESIAN_POINT ( 'NONE',  ( -18.01178145465398828, 6.693025725954827365, 8.170061592923593352 ) ) ;
#4537 = CARTESIAN_POINT ( 'NONE',  ( -17.84552095644383840, 1.130416207150955143, -11.63289301378338791 ) ) ;
#4538 = CARTESIAN_POINT ( 'NONE',  ( -19.00000000000000355, 6.817348528564758148, 6.701017174113475861 ) ) ;
#4539 = CARTESIAN_POINT ( 'NONE',  ( -20.00000000000002842, 6.315695020541390647, 7.864400275800026208 ) ) ;
#4540 = CARTESIAN_POINT ( 'NONE',  ( -12.86021830261978849, 0.2762457280697798168, 20.28417335435135982 ) ) ;
#4541 = CARTESIAN_POINT ( 'NONE',  ( -1.524265653644923280, -5.681381189283266409, -35.02535394480929654 ) ) ;
#4542 = CARTESIAN_POINT ( 'NONE',  ( -5.871298726690264758, -10.79933178716648356, 29.75809686682366006 ) ) ;
#4543 = CARTESIAN_POINT ( 'NONE',  ( -17.39353505964636426, -6.993820184486802205, -8.753958644029886216 ) ) ;
#4544 = ORIENTED_EDGE ( 'NONE', *, *, #5358, .T. ) ;
#4545 = CARTESIAN_POINT ( 'NONE',  ( -3.076464363268367475, -15.44238129326574516, -19.88093953899733535 ) ) ;
#4546 = AXIS2_PLACEMENT_3D ( 'NONE', #5659, #3648, #8098 ) ;
#4547 = CIRCLE ( 'NONE', #1707, 24.25000000000000000 ) ;
#4548 = CARTESIAN_POINT ( 'NONE',  ( -9.265277162704466107, -11.02866803171402665, -19.15714665070256828 ) ) ;
#4549 = DIRECTION ( 'NONE',  ( 0.0000000000000000000, 0.0000000000000000000, 1.000000000000000000 ) ) ;
#4550 = CARTESIAN_POINT ( 'NONE',  ( -5.010746018672677771, -15.74570159253204871, 19.23068967381558636 ) ) ;
#4551 = DIRECTION ( 'NONE',  ( 0.0000000000000000000, -1.224646799147353454E-16, 1.000000000000000000 ) ) ;
#4552 = CARTESIAN_POINT ( 'NONE',  ( -4.624642827523186561, -14.82311975257305647, -5.035117511624971343 ) ) ;
#4553 = CARTESIAN_POINT ( 'NONE',  ( 0.0000000000000000000, 17.75000000000001066, -16.54963531164962021 ) ) ;
#4554 = ORIENTED_EDGE ( 'NONE', *, *, #8066, .T. ) ;
#4555 = CARTESIAN_POINT ( 'NONE',  ( -3.076468804811103741, -15.43596555234623224, 20.44271846507624346 ) ) ;
#4556 = CARTESIAN_POINT ( 'NONE',  ( -4.455119607701362838, -14.91055874910507129, -20.16560224799993861 ) ) ;
#4557 = CARTESIAN_POINT ( 'NONE',  ( -5.867236668745761108, 2.287385169269780860, 34.09508486996692511 ) ) ;
#4558 = CARTESIAN_POINT ( 'NONE',  ( -13.08821841484921045, 9.529784600103495151, -12.43362733443404977 ) ) ;
#4559 = CARTESIAN_POINT ( 'NONE',  ( -5.502161547854684365, -15.41353390804182943, -20.17079999115155431 ) ) ;
#4560 = CARTESIAN_POINT ( 'NONE',  ( -15.36632024769527227, 3.302503966611819219, 15.32246590110375628 ) ) ;
#4561 = CARTESIAN_POINT ( 'NONE',  ( -20.00000000000153122, -3.319035883407868592, -9.533210339475457928 ) ) ;
#4562 = CARTESIAN_POINT ( 'NONE',  ( -3.904896737082104163, 14.72551454028055673, 26.74549530040710010 ) ) ;
#4563 = CARTESIAN_POINT ( 'NONE',  ( -16.15498658457611469, -7.630838577662065525, 9.941797149133725142 ) ) ;
#4564 = CARTESIAN_POINT ( 'NONE',  ( -16.15065523420021520, -7.582765437893599803, -10.03488238331314442 ) ) ;
#4565 = VERTEX_POINT ( 'NONE', #1761 ) ;
#4566 = CARTESIAN_POINT ( 'NONE',  ( -9.396381431062899026, 11.76443258473488029, 15.85436350552728690 ) ) ;
#4567 = CARTESIAN_POINT ( 'NONE',  ( -17.36158536344769132, 6.659996291229388632, -9.244180563815934448 ) ) ;
#4568 = DIRECTION ( 'NONE',  ( -1.000000000000000000, -0.0000000000000000000, -0.0000000000000000000 ) ) ;
#4569 = CARTESIAN_POINT ( 'NONE',  ( -3.547127471621835504, 9.931874255660430251, -33.00722082680617575 ) ) ;
#4570 = CARTESIAN_POINT ( 'NONE',  ( -20.00000000000001066, 1.173336053456726980, 9.933494670614491540 ) ) ;
#4571 = CARTESIAN_POINT ( 'NONE',  ( -14.23129489771381451, -7.993907240266785230, 13.30632900687752418 ) ) ;
#4572 = CARTESIAN_POINT ( 'NONE',  ( -20.00000000000003197, -9.387416503909681964, 7.424885781730827361 ) ) ;
#4573 = CIRCLE ( 'NONE', #3490, 2.000000000000001776 ) ;
#4574 = CARTESIAN_POINT ( 'NONE',  ( -17.99383352776347778, -6.476716450461239560, -8.446469805552423438 ) ) ;
#4575 = CARTESIAN_POINT ( 'NONE',  ( -19.25679040656683583, 6.063962878421294000, 7.088124503601227921 ) ) ;
#4576 = CARTESIAN_POINT ( 'NONE',  ( -17.22891260901850785, 2.277675127219852769, -12.44390755015166405 ) ) ;
#4577 = CARTESIAN_POINT ( 'NONE',  ( -1.524319402890894848, 16.06323927741675206, 19.27088717542598673 ) ) ;
#4578 = CARTESIAN_POINT ( 'NONE',  ( -20.00000000000002842, 6.964204447726070946, 10.66436313208646069 ) ) ;
#4579 = STYLED_ITEM ( 'NONE', ( #1805 ), #576 ) ;
#4580 = CARTESIAN_POINT ( 'NONE',  ( -19.09608733996115504, -1.158078839123882764, 9.496829494359277035 ) ) ;
#4581 = CARTESIAN_POINT ( 'NONE',  ( 0.02806086985894942418, -14.13726309282363758, -29.06449061267725398 ) ) ;
#4582 = CARTESIAN_POINT ( 'NONE',  ( -5.727789201760725923, -14.74818998677756277, 23.26151916405250830 ) ) ;
#4583 = CARTESIAN_POINT ( 'NONE',  ( -19.25551846426222724, -6.006474410457336433, -7.139218254973770605 ) ) ;
#4584 = VERTEX_POINT ( 'NONE', #583 ) ;
#4585 = CARTESIAN_POINT ( 'NONE',  ( -5.049999999999998934, -14.86851507317534704, 26.29689931354197086 ) ) ;
#4586 = EDGE_CURVE ( 'NONE', #479, #1332, #1719, .T. ) ;
#4587 = CARTESIAN_POINT ( 'NONE',  ( -18.47175178890496738, -1.562014881443720693, -10.49102816553857309 ) ) ;
#4588 = CARTESIAN_POINT ( 'NONE',  ( -14.17723036257287106, 8.768668806639690061, 11.77728218045725228 ) ) ;
#4589 =( NAMED_UNIT ( * ) SI_UNIT ( $, .STERADIAN. ) SOLID_ANGLE_UNIT ( ) );
#4590 = CARTESIAN_POINT ( 'NONE',  ( -5.000000000000001776, -15.75000000000000355, 4.407281562880182690 ) ) ;
#4591 = LINE ( 'NONE', #6512, #4242 ) ;
#4592 = CARTESIAN_POINT ( 'NONE',  ( -16.48224415937442089, -10.27596078572648963, -0.2400729448273059841 ) ) ;
#4593 = CARTESIAN_POINT ( 'NONE',  ( -5.049999999999990052, 14.86851507317537369, -26.29689931354198151 ) ) ;
#4594 = CARTESIAN_POINT ( 'NONE',  ( -4.628609323645900275, -14.82152330911475424, 19.76056400881151376 ) ) ;
#4595 = CARTESIAN_POINT ( 'NONE',  ( -14.29455482870456784, -8.616378993499100858, -11.87857210927617935 ) ) ;
#4596 = CARTESIAN_POINT ( 'NONE',  ( -5.044701839120207865, 14.91424770956803947, 25.11451283772063903 ) ) ;
#4597 = CARTESIAN_POINT ( 'NONE',  ( -19.25375211258482722, 6.024337361285822645, -7.125838136914490306 ) ) ;
#4598 = CARTESIAN_POINT ( 'NONE',  ( -5.043378757436937754, -15.73264849702536239, -19.98821895228917356 ) ) ;
#4599 = CARTESIAN_POINT ( 'NONE',  ( -14.13061854036667775, 4.682702073076836946, 16.82383468171452634 ) ) ;
#4600 = CARTESIAN_POINT ( 'NONE',  ( -20.00000000000002487, -7.891424302845579497, -9.599574632398107710 ) ) ;
#4601 = CARTESIAN_POINT ( 'NONE',  ( -3.402431913498461302, 0.5155819943149089202, 36.39011387485488314 ) ) ;
#4602 = CARTESIAN_POINT ( 'NONE',  ( -11.86825795077319867, -10.34540425380434137, 13.16505236344397467 ) ) ;
#4603 = CARTESIAN_POINT ( 'NONE',  ( -9.397948676119112221, -11.76740080928479770, -15.82117062358107873 ) ) ;
#4604 = ORIENTED_EDGE ( 'NONE', *, *, #8166, .T. ) ;
#4605 = B_SPLINE_CURVE_WITH_KNOTS ( 'NONE', 3,
 ( #4721, #7147, #3329, #1390 ),
 .UNSPECIFIED., .F., .F.,
 ( 4, 4 ),
 ( 0.0000000000000000000, 1.000000000000000000 ),
 .UNSPECIFIED. ) ;
#4606 = CARTESIAN_POINT ( 'NONE',  ( -15.53342171303315311, 7.944756220263851532, 10.59482396677686111 ) ) ;
#4607 = CARTESIAN_POINT ( 'NONE',  ( -6.837891465183196793, 13.11432757191792753, -20.21519648740132880 ) ) ;
#4608 = CARTESIAN_POINT ( 'NONE',  ( -5.046572505253285712, 15.73003230029296873, -20.23910315007217875 ) ) ;
#4609 = EDGE_CURVE ( 'NONE', #3480, #2933, #3101, .T. ) ;
#4610 = CARTESIAN_POINT ( 'NONE',  ( -3.809917960045854812, -14.01911015055077137, -28.18648512099067105 ) ) ;
#4611 = CARTESIAN_POINT ( 'NONE',  ( -5.573765756079183120, 15.30586606439687181, -20.94922235690056667 ) ) ;
#4612 = CARTESIAN_POINT ( 'NONE',  ( -19.99999999999998224, 3.380946489629051754, 9.438378003943999062 ) ) ;
#4613 = CARTESIAN_POINT ( 'NONE',  ( -4.393055095784101916, -14.85532299185212501, 21.72377896041174594 ) ) ;
#4614 = CARTESIAN_POINT ( 'NONE',  ( -20.00000000000002487, -11.31652481237564167, -1.995768754685811386 ) ) ;
#4615 = CARTESIAN_POINT ( 'NONE',  ( -11.85065128429848968, -10.21694176630708739, -13.80054175754094459 ) ) ;
#4616 = CARTESIAN_POINT ( 'NONE',  ( -14.31059254421187887, 8.737965533185850120, 11.52589629333984256 ) ) ;
#4617 = CARTESIAN_POINT ( 'NONE',  ( -18.48000553320622075, 2.421185679807540847, -10.27433315166938854 ) ) ;
#4618 = CARTESIAN_POINT ( 'NONE',  ( -4.628609323645898499, 14.82152330911475246, 16.24072696541343319 ) ) ;
#4619 = CARTESIAN_POINT ( 'NONE',  ( -20.00000000000002842, 3.608491806858448836, 9.416128240631504553 ) ) ;
#4620 = CARTESIAN_POINT ( 'NONE',  ( -15.36661574412630848, -3.331785001691490056, 15.31018921577642722 ) ) ;
#4621 = CARTESIAN_POINT ( 'NONE',  ( -3.076516549796463718, -13.90819859843690232, -26.94572491539070214 ) ) ;
#4622 = CARTESIAN_POINT ( 'NONE',  ( -5.000000000000000000, 15.75000000000000355, -4.407281562884904247 ) ) ;
#4623 = ORIENTED_EDGE ( 'NONE', *, *, #6090, .T. ) ;
#4624 = CARTESIAN_POINT ( 'NONE',  ( -16.79882905529828463, -7.585554099367652903, -8.857128282479823866 ) ) ;
#4625 = ORIENTED_EDGE ( 'NONE', *, *, #4457, .T. ) ;
#4626 = CARTESIAN_POINT ( 'NONE',  ( -5.050000000000004263, -1.457167719820517959E-14, -36.12857331602400279 ) ) ;
#4627 = CARTESIAN_POINT ( 'NONE',  ( -6.647455393502773369, -6.729855132547894137, -29.19245776831353822 ) ) ;
#4628 = CARTESIAN_POINT ( 'NONE',  ( -6.959211650694602014, 13.31506399197331625, 17.92100683738747335 ) ) ;
#4629 = DIRECTION ( 'NONE',  ( 1.000000000000000000, 0.0000000000000000000, 0.0000000000000000000 ) ) ;
#4630 = CARTESIAN_POINT ( 'NONE',  ( -5.003875441489767262, -15.74844982338369093, 13.43050131771683908 ) ) ;
#4631 = FACE_OUTER_BOUND ( 'NONE', #3927, .T. ) ;
#4632 = CARTESIAN_POINT ( 'NONE',  ( -4.635023354567508136, -14.81891596757386687, -3.483018935431692942 ) ) ;
#4633 = CARTESIAN_POINT ( 'NONE',  ( -5.049999999999999822, 15.73000000000001819, 22.11486045647536614 ) ) ;
#4634 = ORIENTED_EDGE ( 'NONE', *, *, #7003, .F. ) ;
#4635 = EDGE_CURVE ( 'NONE', #7617, #1094, #456, .T. ) ;
#4636 = CARTESIAN_POINT ( 'NONE',  ( -1.524319402891595177, -16.06323927741646784, 18.05081910727868078 ) ) ;
#4637 = CARTESIAN_POINT ( 'NONE',  ( -17.97759387779704099, -6.273268721483434618, -8.694441407295318669 ) ) ;
#4638 = CARTESIAN_POINT ( 'NONE',  ( -5.660535879211151311, 15.08010599131119100, 22.08940091632983282 ) ) ;
#4639 = CARTESIAN_POINT ( 'NONE',  ( -19.24944623846690561, 5.968455515129544864, -7.179325680428723544 ) ) ;
#4640 = CARTESIAN_POINT ( 'NONE',  ( -5.049545462923345163, -15.68333386579109145, -21.24309150086818221 ) ) ;
#4641 = CARTESIAN_POINT ( 'NONE',  ( -19.10319575202522202, 1.901106898691657721, 9.362134605718551938 ) ) ;
#4642 = CARTESIAN_POINT ( 'NONE',  ( -20.00000000000003197, -9.830293904186909515, -6.649212510313362579 ) ) ;
#4643 = CARTESIAN_POINT ( 'NONE',  ( -3.579095496537584964, -10.74667393282671135, 32.32596352826459452 ) ) ;
#4644 = ORIENTED_EDGE ( 'NONE', *, *, #7726, .T. ) ;
#4645 = CARTESIAN_POINT ( 'NONE',  ( -17.43436897809052866, -7.456330015221632301, 8.052923930577234657 ) ) ;
#4646 = CARTESIAN_POINT ( 'NONE',  ( -18.61678039823022957, -6.140851425985101031, -7.877303388885051660 ) ) ;
#4647 = CARTESIAN_POINT ( 'NONE',  ( -3.076614618946273083, 13.00445577791552410, 28.51335963528591932 ) ) ;
#4648 = DIRECTION ( 'NONE',  ( 0.0000000000000000000, 0.0000000000000000000, -1.000000000000000000 ) ) ;
#4649 = CARTESIAN_POINT ( 'NONE',  ( -6.899738434909590268, 13.30393824394218427, -18.65588845860270695 ) ) ;
#4650 = CARTESIAN_POINT ( 'NONE',  ( -5.042099668501265342, 15.73316013259986157, -19.95894042799415047 ) ) ;
#4651 = CARTESIAN_POINT ( 'NONE',  ( 0.0000000000000000000, -19.99999999999999645, -38.50000000000000711 ) ) ;
#4652 = CARTESIAN_POINT ( 'NONE',  ( -5.727789201763471283, 14.74818998675991466, -23.26151916410835341 ) ) ;
#4653 = CARTESIAN_POINT ( 'NONE',  ( -20.00000000000009948, -10.09845041608851623, 2.482822974991805154E-13 ) ) ;
#4654 = CARTESIAN_POINT ( 'NONE',  ( -4.360170776609589183, -14.77559095729378491, 22.62860347530573435 ) ) ;
#4655 = CARTESIAN_POINT ( 'NONE',  ( -20.00000000000002842, -5.373257331987876917, 12.00161969014799013 ) ) ;
#4656 = CARTESIAN_POINT ( 'NONE',  ( -16.14662453122279828, -7.567195948181332454, -10.06998560736675508 ) ) ;
#4657 = CARTESIAN_POINT ( 'NONE',  ( -19.24822077692444111, 5.951895186461243270, 7.194473156379948442 ) ) ;
#4658 = CARTESIAN_POINT ( 'NONE',  ( -12.87922885844420584, 4.820327830504359312, -18.99678497575793656 ) ) ;
#4659 = CARTESIAN_POINT ( 'NONE',  ( 0.02782555748663762332, 16.68409726156776074, 14.11360012559122623 ) ) ;
#4660 = CARTESIAN_POINT ( 'NONE',  ( -20.00000000000000711, 7.585322088526337048, 9.975176469881633423 ) ) ;
#4661 = CARTESIAN_POINT ( 'NONE',  ( -4.140365194707524843, -3.813140916156287474, 34.75428990292246567 ) ) ;
#4662 = CARTESIAN_POINT ( 'NONE',  ( 0.02816219650894366544, -12.31206933540542892, -31.30128931706889617 ) ) ;
#4663 = CARTESIAN_POINT ( 'NONE',  ( -4.891457714933409306, -15.79341691402664694, -9.558719784841626321 ) ) ;
#4664 = ORIENTED_EDGE ( 'NONE', *, *, #3097, .T. ) ;
#4665 = EDGE_CURVE ( 'NONE', #7046, #5790, #6345, .T. ) ;
#4666 = CARTESIAN_POINT ( 'NONE',  ( -5.049999999999997158, -11.31345246141645333, 31.50588919952485156 ) ) ;
#4667 = CARTESIAN_POINT ( 'NONE',  ( -17.60111551329682200, 8.918474082727845698, 4.983923077747228092 ) ) ;
#4668 = CARTESIAN_POINT ( 'NONE',  ( -4.163035882530161658, -8.586514397543055566, -32.54530932060504256 ) ) ;
#4669 = CARTESIAN_POINT ( 'NONE',  ( -16.58030099447289984, -7.308572267112955601, -9.682145146941641300 ) ) ;
#4670 = FACE_OUTER_BOUND ( 'NONE', #3847, .T. ) ;
#4671 = CARTESIAN_POINT ( 'NONE',  ( -4.556044778185572852, -15.92758208872578329, 19.77749288275269279 ) ) ;
#4672 = CARTESIAN_POINT ( 'NONE',  ( 3.000000000000000000, -20.00000000000000355, 40.49999999999999289 ) ) ;
#4673 = CARTESIAN_POINT ( 'NONE',  ( -17.56854670752803926, -8.651506538483072717, -5.722824215134588499 ) ) ;
#4674 = CARTESIAN_POINT ( 'NONE',  ( -5.050000000000005151, -14.86851507317535415, -26.29689931354193533 ) ) ;
#4675 = CARTESIAN_POINT ( 'NONE',  ( 0.02782555748655164349, -16.68409726156771811, 3.084950268089962311 ) ) ;
#4676 = CARTESIAN_POINT ( 'NONE',  ( -6.889426623092856694, -13.27887560360043473, -18.90730753341857451 ) ) ;
#4677 = CARTESIAN_POINT ( 'NONE',  ( -5.005761569571738789, 6.923475423738579160, 34.15352828925316686 ) ) ;
#4678 = CARTESIAN_POINT ( 'NONE',  ( -16.77134051076751931, 7.315987908587086253, -9.333160284161628795 ) ) ;
#4679 = CARTESIAN_POINT ( 'NONE',  ( -5.504748119182796273, -15.41054497146025426, -20.19600965165182416 ) ) ;
#4680 = CARTESIAN_POINT ( 'NONE',  ( -17.22884966309501920, 1.913265554960489778, 12.54128041642891134 ) ) ;
#4681 = CARTESIAN_POINT ( 'NONE',  ( -18.29626732916245402, -7.333933599301774464, -9.159145772249170037 ) ) ;
#4682 = CARTESIAN_POINT ( 'NONE',  ( -3.547127471621860373, -9.931874255660527950, 33.00722082680608338 ) ) ;
#4683 = CARTESIAN_POINT ( 'NONE',  ( -18.62125292183014835, -6.197976427653712150, 7.815869038217564402 ) ) ;
#4684 = CARTESIAN_POINT ( 'NONE',  ( -17.38116205798862168, -6.848976775365732905, -8.967948151036795323 ) ) ;
#4685 = ORIENTED_EDGE ( 'NONE', *, *, #2028, .F. ) ;
#4686 = CARTESIAN_POINT ( 'NONE',  ( 0.02810016704153546485, 11.63822931814199002, 31.99447739621458808 ) ) ;
#4687 = CARTESIAN_POINT ( 'NONE',  ( -16.76160645174908836, 7.205176255657496753, 9.520665833515428389 ) ) ;
#4688 = CARTESIAN_POINT ( 'NONE',  ( -15.47902708001733174, 7.411529639979876904, -11.65817155059277610 ) ) ;
#4689 = CARTESIAN_POINT ( 'NONE',  ( -4.533278388005018478, 15.93668864479799652, -19.95315633409341061 ) ) ;
#4690 = CARTESIAN_POINT ( 'NONE',  ( -4.966436608575036438, 15.76342535656998223, 1.469191730938802953 ) ) ;
#4691 = CARTESIAN_POINT ( 'NONE',  ( -5.593005084224918377, 15.26490945234660224, -21.18436301477636263 ) ) ;
#4692 = CARTESIAN_POINT ( 'NONE',  ( -5.000000000000000000, -15.75000000000001066, 21.82249421427285441 ) ) ;
#4693 = CARTESIAN_POINT ( 'NONE',  ( -6.868787766156843944, -13.21765321341625388, 19.43414873524315567 ) ) ;
#4694 = CARTESIAN_POINT ( 'NONE',  ( -4.566963719062011151, 15.92321451237521401, 19.69725812218073813 ) ) ;
#4695 = CARTESIAN_POINT ( 'NONE',  ( -19.23563895482023156, -5.782014226816844626, -7.350068851147615767 ) ) ;
#4696 = CARTESIAN_POINT ( 'NONE',  ( -14.31156268320436808, 8.747721593319470301, 11.49787024315341988 ) ) ;
#4697 = CARTESIAN_POINT ( 'NONE',  ( -17.86169360714159637, 2.973944843995003584, -11.12480996414919332 ) ) ;
#4698 = CARTESIAN_POINT ( 'NONE',  ( -1.524319402890896180, 16.06323927741674851, 14.18767823512170345 ) ) ;
#4699 = CARTESIAN_POINT ( 'NONE',  ( -20.00000000000003197, 5.850042378150549283, 8.232980664937926463 ) ) ;
#4700 = CARTESIAN_POINT ( 'NONE',  ( -14.11182604020615550, -2.357275551421703419, 17.82924798660560128 ) ) ;
#4701 = CIRCLE ( 'NONE', #5636, 22.24999999999999645 ) ;
#4702 = CARTESIAN_POINT ( 'NONE',  ( -3.076445220123050994, -6.252252667515300288, -34.14848714625685488 ) ) ;
#4703 = CARTESIAN_POINT ( 'NONE',  ( -5.868398747274431670, -3.816218494491945723, 33.77984450849384501 ) ) ;
#4704 = EDGE_LOOP ( 'NONE', ( #4373, #8291, #5341, #3445 ) ) ;
#4705 = CARTESIAN_POINT ( 'NONE',  ( -5.000000000000007105, 15.75000000000000355, -10.17227422567046524 ) ) ;
#4706 = CARTESIAN_POINT ( 'NONE',  ( -7.065351741785398154, 13.69991533595440991, 8.872525423080736218 ) ) ;
#4707 = CARTESIAN_POINT ( 'NONE',  ( -19.09510063923404743, -1.394499228675973201, -9.462491052184205387 ) ) ;
#4708 = DIRECTION ( 'NONE',  ( 1.000000000000000000, 0.0000000000000000000, -0.0000000000000000000 ) ) ;
#4709 = CARTESIAN_POINT ( 'NONE',  ( 3.000000000000000000, 21.99999999999999645, 36.49999999999999289 ) ) ;
#4710 = EDGE_CURVE ( 'NONE', #5064, #3628, #5800, .T. ) ;
#4711 = CARTESIAN_POINT ( 'NONE',  ( -5.398910516345925004, -15.50013076434057702, 19.08531268605764097 ) ) ;
#4712 = CARTESIAN_POINT ( 'NONE',  ( 3.000000000000000000, -22.00000000000000711, 36.49999999999999289 ) ) ;
#4713 = CARTESIAN_POINT ( 'NONE',  ( -19.42742748697315136, -7.806334593864618476, -4.873414732485910505 ) ) ;
#4714 = CARTESIAN_POINT ( 'NONE',  ( -3.076464363268370139, -15.44238129326576292, 16.65249965256160181 ) ) ;
#4715 = ORIENTED_EDGE ( 'NONE', *, *, #4665, .F. ) ;
#4716 = CARTESIAN_POINT ( 'NONE',  ( -4.424786892171657549, -14.90698245684605538, -20.88864635778478984 ) ) ;
#4717 = CARTESIAN_POINT ( 'NONE',  ( -5.004780400449356570, 6.454652802155884217, 34.37429142430420370 ) ) ;
#4718 = CARTESIAN_POINT ( 'NONE',  ( 3.000000000000000000, -22.00000000000000711, 36.49999999999999289 ) ) ;
#4719 = CARTESIAN_POINT ( 'NONE',  ( -4.142617330357507122, 4.792677378260530752, 34.50171464751588957 ) ) ;
#4720 = CARTESIAN_POINT ( 'NONE',  ( -20.00000000000003908, -7.667298119351321439, -9.877444079551127132 ) ) ;
#4721 = CARTESIAN_POINT ( 'NONE',  ( -4.628609323646398543, -14.82152330911453575, -4.407281562884317161 ) ) ;
#4722 = CARTESIAN_POINT ( 'NONE',  ( -17.47294436479677771, -7.831178993455503168, 7.412382788514119802 ) ) ;
#4723 = ORIENTED_EDGE ( 'NONE', *, *, #4129, .T. ) ;
#4724 = DIRECTION ( 'NONE',  ( 0.0000000000000000000, 0.0000000000000000000, -1.000000000000000000 ) ) ;
#4725 = DIRECTION ( 'NONE',  ( -1.000000000000000000, -0.0000000000000000000, -0.0000000000000000000 ) ) ;
#4726 = CARTESIAN_POINT ( 'NONE',  ( -4.620579295220201388, 14.82473532048501852, 6.670649812692453828 ) ) ;
#4727 = CARTESIAN_POINT ( 'NONE',  ( -17.37035412490626030, 6.759756695733690535, -9.101847028474381318 ) ) ;
#4728 = DIRECTION ( 'NONE',  ( 1.000000000000000000, 0.0000000000000000000, -0.0000000000000000000 ) ) ;
#4729 = CARTESIAN_POINT ( 'NONE',  ( -5.000000000000000888, 15.75000000000001421, 4.407281562877828129 ) ) ;
#4730 = PLANE ( 'NONE',  #2171 ) ;
#4731 = CARTESIAN_POINT ( 'NONE',  ( -4.850000000000000533, -15.83029285988830637, 14.57518039206577498 ) ) ;
#4732 = CARTESIAN_POINT ( 'NONE',  ( -13.07408742137741697, -9.413346238534909816, 12.86878388398105244 ) ) ;
#4733 = CARTESIAN_POINT ( 'NONE',  ( -4.594280336027946277, 15.91228786558884423, 18.73152466192121324 ) ) ;
#4734 = EDGE_CURVE ( 'NONE', #4565, #2602, #4503, .T. ) ;
#4735 = AXIS2_PLACEMENT_3D ( 'NONE', #3528, #3569, #2833 ) ;
#4736 = CARTESIAN_POINT ( 'NONE',  ( -6.928998376611987808, -13.33040671390010878, -18.01546609338463867 ) ) ;
#4737 = CARTESIAN_POINT ( 'NONE',  ( -13.09082806507420216, 9.553758484127483186, 12.34377774144893891 ) ) ;
#4738 = CARTESIAN_POINT ( 'NONE',  ( -16.60917251524084293, 2.850224659840646435, -13.33273885177799478 ) ) ;
#4739 = CARTESIAN_POINT ( 'NONE',  ( 0.02782555748663731801, 16.68409726156776074, 17.53030617917576706 ) ) ;
#4740 = CARTESIAN_POINT ( 'NONE',  ( -20.00000000000003908, 7.858755480301331531, -9.640823106082599736 ) ) ;
#4741 = CARTESIAN_POINT ( 'NONE',  ( -17.25160051466035327, -3.880092188094791616, 11.75773279568191043 ) ) ;
#4742 = AXIS2_PLACEMENT_3D ( 'NONE', #7886, #4708, #3228 ) ;
#4743 = CARTESIAN_POINT ( 'NONE',  ( -4.628839625883700570, 9.929509541871993861, -31.13623739018231973 ) ) ;
#4744 = CARTESIAN_POINT ( 'NONE',  ( 3.000000000000000000, -19.99999999999999645, -34.49999999999999289 ) ) ;
#4745 = EDGE_LOOP ( 'NONE', ( #3568, #4454, #4397, #682 ) ) ;
#4746 = CARTESIAN_POINT ( 'NONE',  ( -4.999999999999982236, 6.105812355250487045, 34.95264392807915499 ) ) ;
#4747 = CARTESIAN_POINT ( 'NONE',  ( -16.32845584897360425, 9.225786507056243479, 6.282458043961751670 ) ) ;
#4748 = CARTESIAN_POINT ( 'NONE',  ( -17.85756872399190698, -2.655065177617740968, -11.24791865697348392 ) ) ;
#4749 =( NAMED_UNIT ( * ) PLANE_ANGLE_UNIT ( ) SI_UNIT ( $, .RADIAN. ) );
#4750 = CARTESIAN_POINT ( 'NONE',  ( -20.00000000000000000, 5.684183303242139829, -8.252241503224556851 ) ) ;
#4751 = DIRECTION ( 'NONE',  ( -1.000000000000000000, -0.0000000000000000000, -0.0000000000000000000 ) ) ;
#4752 = CARTESIAN_POINT ( 'NONE',  ( -5.008314395695323107, 15.74667424173112629, -17.29769910927257826 ) ) ;
#4753 = CARTESIAN_POINT ( 'NONE',  ( -4.541384743094759813, 14.85641314133520652, 19.95609231993991273 ) ) ;
#4754 = CARTESIAN_POINT ( 'NONE',  ( -4.565034835497865373, -14.84935207531992951, -11.35169699041261993 ) ) ;
#4755 = VERTEX_POINT ( 'NONE', #5806 ) ;
#4756 = EDGE_CURVE ( 'NONE', #1225, #1450, #3912, .T. ) ;
#4757 = CARTESIAN_POINT ( 'NONE',  ( -1.524319402891596287, -16.06323927741646784, 19.75032488296015032 ) ) ;
#4758 = CARTESIAN_POINT ( 'NONE',  ( -4.438538270954081710, -14.91254214276328760, -20.55393715258747989 ) ) ;
#4759 = CARTESIAN_POINT ( 'NONE',  ( -5.046299472760379601, 15.73102575376093704, 20.17178554779785316 ) ) ;
#4760 = CARTESIAN_POINT ( 'NONE',  ( 4.065758146820641134E-16, -13.92710222446501511, 29.17768195451303370 ) ) ;
#4761 = CARTESIAN_POINT ( 'NONE',  ( -12.86344340511962336, 2.050778172373507680, 20.06713808457119796 ) ) ;
#4762 = CARTESIAN_POINT ( 'NONE',  ( -20.00000000000001776, -6.392934449258277141, -11.20422379777904531 ) ) ;
#4763 = CARTESIAN_POINT ( 'NONE',  ( 6.708500942254060658E-16, 16.67296703857310547, -11.86518717860120731 ) ) ;
#4764 = CARTESIAN_POINT ( 'NONE',  ( -18.74840490362871392, -7.563037417862986445, 6.031626869148544401 ) ) ;
#4765 = LINE ( 'NONE', #5521, #7902 ) ;
#4766 = CIRCLE ( 'NONE', #5570, 2.000000000000001776 ) ;
#4767 = CARTESIAN_POINT ( 'NONE',  ( 0.0000000000000000000, -19.99999999999999645, -36.50000000000000711 ) ) ;
#4768 = CARTESIAN_POINT ( 'NONE',  ( -3.076464363268384350, 15.44238129326574871, -14.73521286608906422 ) ) ;
#4769 = CARTESIAN_POINT ( 'NONE',  ( -5.690328236425876263, -14.95455900531815097, 22.57277107040161113 ) ) ;
#4770 = CARTESIAN_POINT ( 'NONE',  ( -6.917190334598302570, 13.32130361188320222, -18.27122221020263027 ) ) ;
#4771 = CARTESIAN_POINT ( 'NONE',  ( -4.030627584473938541, 15.32683911223513284, -25.07909817901921201 ) ) ;
#4772 = CARTESIAN_POINT ( 'NONE',  ( 3.000000000000000000, 21.24999999999997158, 45.24999999999999289 ) ) ;
#4773 = CARTESIAN_POINT ( 'NONE',  ( -4.546795794781155919, 15.93128168208754403, -19.85753540950338447 ) ) ;
#4774 = CARTESIAN_POINT ( 'NONE',  ( -4.663114352972975496, 15.88475425881082437, 16.63968347094670364 ) ) ;
#4775 = CARTESIAN_POINT ( 'NONE',  ( -15.52944147141377762, -7.893670723855061411, 10.70465900351172017 ) ) ;
#4776 = CARTESIAN_POINT ( 'NONE',  ( -17.39135809050542036, -6.968791767653635283, -8.791449377279834110 ) ) ;
#4777 = CARTESIAN_POINT ( 'NONE',  ( -20.00000000000003197, -5.031940705992866469, 12.22740908199992660 ) ) ;
#4778 = CARTESIAN_POINT ( 'NONE',  ( -17.99301533956809251, -6.466996592516073505, -8.458668660932476158 ) ) ;
#4779 = CARTESIAN_POINT ( 'NONE',  ( -13.08898948991146227, 9.536798448354314672, 12.40726707682668994 ) ) ;
#4780 = CARTESIAN_POINT ( 'NONE',  ( -18.50403516203077103, 3.759486278394954972, -9.715339414560995479 ) ) ;
#4781 = CARTESIAN_POINT ( 'NONE',  ( 5.000000000000000000, 22.75000000000000000, 19.99999999999999645 ) ) ;
#4782 = CARTESIAN_POINT ( 'NONE',  ( -20.00000000000002842, 7.762642482222615214, -9.760784724516664568 ) ) ;
#4783 = CARTESIAN_POINT ( 'NONE',  ( -16.00250629288357018, -4.193255379948577222, 13.76628487887546903 ) ) ;
#4784 = CARTESIAN_POINT ( 'NONE',  ( -4.628700423733016933, 4.770178333456941644, -34.03312901255371514 ) ) ;
#4785 = CARTESIAN_POINT ( 'NONE',  ( 0.0000000000000000000, -20.00000000000000355, 40.49999999999999289 ) ) ;
#4786 = VERTEX_POINT ( 'NONE', #7689 ) ;
#4787 = FACE_OUTER_BOUND ( 'NONE', #1270, .T. ) ;
#4788 = CARTESIAN_POINT ( 'NONE',  ( -19.49836263413153503, 8.399480055338882423, 3.648466603470723602 ) ) ;
#4789 = CARTESIAN_POINT ( 'NONE',  ( -17.22389196940903133, -1.572382037076336392, -12.63246117792081158 ) ) ;
#4790 = CARTESIAN_POINT ( 'NONE',  ( -4.850000000000001421, 15.80946413698796782, 4.730502247881597455 ) ) ;
#4791 = DIRECTION ( 'NONE',  ( 0.0000000000000000000, 0.0000000000000000000, -1.000000000000000000 ) ) ;
#4792 = CARTESIAN_POINT ( 'NONE',  ( -5.037630249133876248, -15.73494790034845892, 19.88056205844104696 ) ) ;
#4793 = DIRECTION ( 'NONE',  ( 0.0000000000000000000, -0.1319326045680171977, 0.9912586886640133432 ) ) ;
#4794 = CARTESIAN_POINT ( 'NONE',  ( -7.023667863994813132, -13.59475622347137680, -11.76777343811798282 ) ) ;
#4795 = VERTEX_POINT ( 'NONE', #5228 ) ;
#4796 = B_SPLINE_CURVE_WITH_KNOTS ( 'NONE', 3,
 ( #5469, #6050, #3536, #7386, #985, #4235 ),
 .UNSPECIFIED., .F., .F.,
 ( 4, 2, 4 ),
 ( -5.813000052800530497E-08, 0.007632479193076306852, 0.01526501651615314210 ),
 .UNSPECIFIED. ) ;
#4797 = CARTESIAN_POINT ( 'NONE',  ( -1.524319402891593844, -16.06323927741645363, -17.57259495320795040 ) ) ;
#4798 = CARTESIAN_POINT ( 'NONE',  ( -16.74344797239813332, -7.015341663587117971, -9.833131612677300737 ) ) ;
#4799 = UNCERTAINTY_MEASURE_WITH_UNIT (LENGTH_MEASURE( 1.000000000000000082E-05 ), #3104, 'distance_accuracy_value', 'NONE');
#4800 = CARTESIAN_POINT ( 'NONE',  ( -5.603942948852019157, 15.23962959994139155, 21.32196288393490136 ) ) ;
#4801 = CARTESIAN_POINT ( 'NONE',  ( -8.944667923005395803E-16, -16.21084435187006179, 23.92521356657999121 ) ) ;
#4802 = CARTESIAN_POINT ( 'NONE',  ( -18.47257461573997261, 1.278833819582274378, 10.54277967317156950 ) ) ;
#4803 = CARTESIAN_POINT ( 'NONE',  ( -20.00000000000291678, -9.224347846819897612, 3.963403546541623079 ) ) ;
#4804 = DIRECTION ( 'NONE',  ( 0.0000000000000000000, -0.0000000000000000000, -1.000000000000000000 ) ) ;
#4805 = CARTESIAN_POINT ( 'NONE',  ( -19.48386176101044143, -8.255543849330511108, 3.927355541210761469 ) ) ;
#4806 = CARTESIAN_POINT ( 'NONE',  ( -11.85344867030593718, -10.22064193581895353, -13.77407545448272685 ) ) ;
#4807 = AXIS2_PLACEMENT_3D ( 'NONE', #3036, #1701, #7581 ) ;
#4808 = CARTESIAN_POINT ( 'NONE',  ( -3.076481922071328423, 14.51653814254676078, 25.26669184124800438 ) ) ;
#4809 = CARTESIAN_POINT ( 'NONE',  ( -1.524319402890897734, 16.06323927741674140, -10.80071149188187363 ) ) ;
#4810 = AXIS2_PLACEMENT_3D ( 'NONE', #6889, #4464, #6929 ) ;
#4811 = CARTESIAN_POINT ( 'NONE',  ( -4.311471137854807623, -15.91563844169378505, 21.94160984204487619 ) ) ;
#4812 = CARTESIAN_POINT ( 'NONE',  ( -17.99456331524208252, 6.485385543258415098, -8.435589303613827639 ) ) ;
#4813 = CARTESIAN_POINT ( 'NONE',  ( -5.019534574036986108, 11.46058717331173327, -30.80512846063624366 ) ) ;
#4814 = CARTESIAN_POINT ( 'NONE',  ( -5.000000000000000888, 15.75000000000001421, 4.407281562877791714 ) ) ;
#4815 = CARTESIAN_POINT ( 'NONE',  ( -5.873228065190541969, 7.363826262861016048, -32.35491248390844987 ) ) ;
#4816 = CARTESIAN_POINT ( 'NONE',  ( -4.850000000000000533, -15.84563114022062891, -20.12143636102235078 ) ) ;
#4817 = CARTESIAN_POINT ( 'NONE',  ( -18.60040188448798659, -5.923773617880689457, 8.104284935584193050 ) ) ;
#4818 = EDGE_CURVE ( 'NONE', #1613, #7254, #3649, .T. ) ;
#4819 = CARTESIAN_POINT ( 'NONE',  ( -11.85771485762409583, -10.25720434975431417, -13.59630208505324944 ) ) ;
#4820 = CARTESIAN_POINT ( 'NONE',  ( -5.480542964804859807, -15.43518503283589460, 19.99999999967038988 ) ) ;
#4821 = CARTESIAN_POINT ( 'NONE',  ( -11.84936032698842823, -10.21224000621843153, -13.82572819194519198 ) ) ;
#4822 = CARTESIAN_POINT ( 'NONE',  ( -14.30962523805399478, 8.728194257111915988, 11.55391754136484828 ) ) ;
#4823 = CARTESIAN_POINT ( 'NONE',  ( -16.01253233570798429, 4.863011003851948288, -13.31282411150876754 ) ) ;
#4824 = CARTESIAN_POINT ( 'NONE',  ( -1.524319402890894848, 16.06323927741675206, 19.93920729564899119 ) ) ;
#4825 = CARTESIAN_POINT ( 'NONE',  ( -20.00000000000002842, 11.32683599777560346, 2.047733000115391722 ) ) ;
#4826 = CARTESIAN_POINT ( 'NONE',  ( -18.48689103146450918, -2.692386267507405506, 10.17258101253910496 ) ) ;
#4827 = CARTESIAN_POINT ( 'NONE',  ( 0.02817530820353021659, 11.35578588617884854, -32.37577406752744480 ) ) ;
#4828 = CARTESIAN_POINT ( 'NONE',  ( -5.874025469042207348, 8.562761124469234986, 31.61423126553779994 ) ) ;
#4829 = ORIENTED_EDGE ( 'NONE', *, *, #8090, .F. ) ;
#4830 = CARTESIAN_POINT ( 'NONE',  ( -5.000000000000000000, -15.74999999999999289, -19.99999998980443294 ) ) ;
#4831 = CARTESIAN_POINT ( 'NONE',  ( -19.38391390418100713, 7.454450048478642898, 5.445131228725970551 ) ) ;
#4832 = CARTESIAN_POINT ( 'NONE',  ( -11.61802635554670715, -2.936158688985773590, -22.00755509616667993 ) ) ;
#4833 = CIRCLE ( 'NONE', #5377, 2.000000000000008882 ) ;
#4834 = CARTESIAN_POINT ( 'NONE',  ( -9.511495971278183248, 12.40048356722465783, -9.853157202610812959 ) ) ;
#4835 = CARTESIAN_POINT ( 'NONE',  ( -19.99999999999999289, 4.668421124400374822, -8.898953193294792285 ) ) ;
#4836 = CARTESIAN_POINT ( 'NONE',  ( -20.00000000000003908, -25.25000000000000355, -24.25000000000000000 ) ) ;
#4837 = DIRECTION ( 'NONE',  ( 0.0000000000000000000, 1.734723475976807587E-16, -1.000000000000000000 ) ) ;
#4838 = DIRECTION ( 'NONE',  ( 0.0000000000000000000, 0.0000000000000000000, 1.000000000000000000 ) ) ;
#4839 = CARTESIAN_POINT ( 'NONE',  ( -16.36434746705259613, -9.468281660987742043, -5.457206871932999803 ) ) ;
#4840 = ORIENTED_EDGE ( 'NONE', *, *, #4364, .T. ) ;
#4841 = AXIS2_PLACEMENT_3D ( 'NONE', #6185, #6769, #3503 ) ;
#4842 = CARTESIAN_POINT ( 'NONE',  ( -3.076464363268368363, -15.44238129326575937, -0.7293838810925555860 ) ) ;
#4843 = CARTESIAN_POINT ( 'NONE',  ( -9.286455495904823110, -11.25713379266059988, -18.50077596772385391 ) ) ;
#4844 = CARTESIAN_POINT ( 'NONE',  ( -20.00000000000002842, 2.838024613003423902, 13.26102507761044969 ) ) ;
#4845 = CARTESIAN_POINT ( 'NONE',  ( -2.439454888092383990E-16, -16.67296703857309126, -0.6741761379113010433 ) ) ;
#4846 = CARTESIAN_POINT ( 'NONE',  ( -17.84705145351342637, 0.7887694455523704962, 11.67086672630713551 ) ) ;
#4847 =( GEOMETRIC_REPRESENTATION_CONTEXT ( 3 ) GLOBAL_UNCERTAINTY_ASSIGNED_CONTEXT ( ( #2844 ) ) GLOBAL_UNIT_ASSIGNED_CONTEXT ( ( #586, #4749, #3000 ) ) REPRESENTATION_CONTEXT ( 'NONE', 'WORKASPACE' ) );
#4848 = CARTESIAN_POINT ( 'NONE',  ( -20.00000000000210321, -6.700821787851486633, 7.527359195988656992 ) ) ;
#4849 = CARTESIAN_POINT ( 'NONE',  ( 6.098778157226288615E-31, 11.85084011494887868, -31.76788042222545982 ) ) ;
#4850 = CARTESIAN_POINT ( 'NONE',  ( -4.575022930308400682, -14.84461985168782050, 10.48658110005469446 ) ) ;
#4851 = EDGE_LOOP ( 'NONE', ( #1093, #4829, #4928, #2474, #3479 ) ) ;
#4852 = DIRECTION ( 'NONE',  ( 1.000000000000000000, 0.0000000000000000000, 0.0000000000000000000 ) ) ;
#4853 = ORIENTED_EDGE ( 'NONE', *, *, #6670, .F. ) ;
#4854 = CARTESIAN_POINT ( 'NONE',  ( 0.02799548689577654320, 6.848198160147223490, 35.24584753410975679 ) ) ;
#4855 = CARTESIAN_POINT ( 'NONE',  ( -1.524319402890893072, 16.06323927741675206, -19.02149902228587663 ) ) ;
#4856 = CARTESIAN_POINT ( 'NONE',  ( -5.047343103077209570, -15.72577392360722470, 20.44095885243516619 ) ) ;
#4857 = CARTESIAN_POINT ( 'NONE',  ( -9.396342015715623219, 11.76268898638680405, -15.86907576151541654 ) ) ;
#4858 = CARTESIAN_POINT ( 'NONE',  ( -3.437579096865806871, 5.283686070495764220, -35.50854117978026636 ) ) ;
#4859 = CARTESIAN_POINT ( 'NONE',  ( -19.20563425399108226, 5.323676105845919437, 7.755421427206839802 ) ) ;
#4860 = CARTESIAN_POINT ( 'NONE',  ( -18.13875534339228324, 1.417522656098601175, -13.08225627552810089 ) ) ;
#4861 = CARTESIAN_POINT ( 'NONE',  ( -5.010542961220383340, 15.74578281551003300, 19.06959885433874291 ) ) ;
#4862 = CARTESIAN_POINT ( 'NONE',  ( -17.99405882018667668, -6.444901141407329170, 8.481935125869144443 ) ) ;
#4863 = CARTESIAN_POINT ( 'NONE',  ( -6.937022662318462984, -13.34497900857077290, -17.63992586943647822 ) ) ;
#4864 = ORIENTED_EDGE ( 'NONE', *, *, #2511, .F. ) ;
#4865 = EDGE_CURVE ( 'NONE', #6424, #4164, #5267, .T. ) ;
#4866 = CARTESIAN_POINT ( 'NONE',  ( -16.75924876617525783, -7.181983954532516812, -9.560131520295621854 ) ) ;
#4867 = CARTESIAN_POINT ( 'NONE',  ( -6.935828342304065863, 13.34310027523238951, 17.69075678163797249 ) ) ;
#4868 = CARTESIAN_POINT ( 'NONE',  ( -16.01931124137807316, 5.186948140800481610, -13.07391019582710889 ) ) ;
#4869 = CARTESIAN_POINT ( 'NONE',  ( -1.524319402890894848, 16.06323927741675206, 19.90881432520125927 ) ) ;
#4870 = CARTESIAN_POINT ( 'NONE',  ( -18.57281268507230720, 10.00281610860600878, -3.767983498093184114 ) ) ;
#4871 = CARTESIAN_POINT ( 'NONE',  ( -16.62970339977070466, -4.206265663843063329, 12.65392542385632169 ) ) ;
#4872 = CARTESIAN_POINT ( 'NONE',  ( 0.02783915043840610656, 4.573846411116238464, -36.07398559249298842 ) ) ;
#4873 = DIRECTION ( 'NONE',  ( -1.000000000000000000, -0.0000000000000000000, -0.0000000000000000000 ) ) ;
#4874 = DIRECTION ( 'NONE',  ( 0.0000000000000000000, 0.0000000000000000000, -1.000000000000000000 ) ) ;
#4875 = CARTESIAN_POINT ( 'NONE',  ( -15.63741981142880277, 8.935344126339584747, 8.213782555295093601 ) ) ;
#4876 = CARTESIAN_POINT ( 'NONE',  ( -19.09037257906575391, -0.6297750049806847272, -9.553686905924214656 ) ) ;
#4877 = DIRECTION ( 'NONE',  ( 0.0000000000000000000, 0.0000000000000000000, 1.000000000000000000 ) ) ;
#4878 = CARTESIAN_POINT ( 'NONE',  ( -14.51962116338875752, 10.41147160524173643, -5.648217078956478510 ) ) ;
#4879 = CARTESIAN_POINT ( 'NONE',  ( -4.999999999999994671, 15.75000000000000355, -9.508162284862114788 ) ) ;
#4880 = CARTESIAN_POINT ( 'NONE',  ( -4.598910842274055888, -14.83340270166348063, -10.87748138928894193 ) ) ;
#4881 = CARTESIAN_POINT ( 'NONE',  ( -5.227430674147232281, 15.63260943698751504, -13.43879093198045283 ) ) ;
#4882 = DIRECTION ( 'NONE',  ( 0.0000000000000000000, 0.0000000000000000000, -1.000000000000000000 ) ) ;
#4883 = CARTESIAN_POINT ( 'NONE',  ( -11.92533605869900981, -10.78133191401006741, -10.96225112595028151 ) ) ;
#4884 = EDGE_CURVE ( 'NONE', #1179, #5694, #3192, .T. ) ;
#4885 = CARTESIAN_POINT ( 'NONE',  ( -3.076464363268367475, -15.44238129326574516, -19.28530795435108658 ) ) ;
#4886 = CARTESIAN_POINT ( 'NONE',  ( -6.837262934777278645, -13.07923728495665827, -20.27437460931775703 ) ) ;
#4887 = CARTESIAN_POINT ( 'NONE',  ( -5.045549824452679744, 15.73178007021889613, 20.06798332741059099 ) ) ;
#4888 = CARTESIAN_POINT ( 'NONE',  ( 4.878909776184753190E-16, -16.09009384552363997, 24.39513473637908092 ) ) ;
#4889 = CARTESIAN_POINT ( 'NONE',  ( -18.63079095114685302, -10.43829934122124925, 1.544729306629674115 ) ) ;
#4890 = CARTESIAN_POINT ( 'NONE',  ( 2.439454888092388428E-16, 15.66171454794419660, -25.73972310561608978 ) ) ;
#4891 = EDGE_CURVE ( 'NONE', #8195, #3427, #708, .T. ) ;
#4892 = CARTESIAN_POINT ( 'NONE',  ( -4.638598101452346967, -14.81754168322855492, 2.656901844128046086 ) ) ;
#4893 = ORIENTED_EDGE ( 'NONE', *, *, #2433, .F. ) ;
#4894 = DIRECTION ( 'NONE',  ( -0.0000000000000000000, 1.000000000000000000, 0.0000000000000000000 ) ) ;
#4895 = VERTEX_POINT ( 'NONE', #5188 ) ;
#4896 = CARTESIAN_POINT ( 'NONE',  ( 0.02799175238749408365, 7.723450185754510144, 34.82051238338826238 ) ) ;
#4897 = CARTESIAN_POINT ( 'NONE',  ( 0.02782555748663750536, 16.68409726156775719, 10.24915509194149266 ) ) ;
#4898 = CARTESIAN_POINT ( 'NONE',  ( -5.490277653557699367, -15.42610749128868264, 20.06890197927697628 ) ) ;
#4899 = CARTESIAN_POINT ( 'NONE',  ( -9.382453462914909892, 11.73467014692994681, -16.15374915652441601 ) ) ;
#4900 = CARTESIAN_POINT ( 'NONE',  ( -5.761729958530272810, 14.48781855225245252, -24.00978901227392015 ) ) ;
#4901 = CARTESIAN_POINT ( 'NONE',  ( -6.807016760244215092, 13.00433782879890110, 21.07077559253730925 ) ) ;
#4902 = CARTESIAN_POINT ( 'NONE',  ( -18.27667037697919383, 7.091148486362730985, -9.494451248219766271 ) ) ;
#4903 = CARTESIAN_POINT ( 'NONE',  ( -4.568347260956838518, 15.92266109561727916, 19.53638202317923600 ) ) ;
#4904 = CARTESIAN_POINT ( 'NONE',  ( -16.76312943494812302, -7.194065090393706008, 9.534874775793861446 ) ) ;
#4905 = AXIS2_PLACEMENT_3D ( 'NONE', #7332, #1567, #2991 ) ;
#4906 = CARTESIAN_POINT ( 'NONE',  ( -6.939791163381183736, -13.35375445272432060, -17.43853161628589277 ) ) ;
#4907 = ORIENTED_EDGE ( 'NONE', *, *, #3935, .T. ) ;
#4908 = AXIS2_PLACEMENT_3D ( 'NONE', #3987, #2554, #7053 ) ;
#4909 = CARTESIAN_POINT ( 'NONE',  ( -17.99274361553029422, -6.463752888172767719, -8.462728841627766840 ) ) ;
#4910 = CARTESIAN_POINT ( 'NONE',  ( -4.463703339183237695, 14.90597035793576275, 19.88361330473772171 ) ) ;
#4911 = CARTESIAN_POINT ( 'NONE',  ( -14.12932656095841999, 4.706669001938525554, -16.79588823718621882 ) ) ;
#4912 = CARTESIAN_POINT ( 'NONE',  ( -1.524319402890687236, 16.06323927741683733, 19.97128346838320212 ) ) ;
#4913 = CARTESIAN_POINT ( 'NONE',  ( -20.00000000000073186, 9.979232205485256912, 0.7428679806424316467 ) ) ;
#4914 = CARTESIAN_POINT ( 'NONE',  ( -17.24216763349058112, -3.257292735249940119, 12.06721795197397284 ) ) ;
#4915 = CARTESIAN_POINT ( 'NONE',  ( 0.02787612796940902582, -0.2397342561163742225, -36.68311334823788883 ) ) ;
#4916 = CARTESIAN_POINT ( 'NONE',  ( 0.0000000000000000000, 17.75000000000000000, 19.99999999999998934 ) ) ;
#4917 = ORIENTED_EDGE ( 'NONE', *, *, #2616, .F. ) ;
#4918 = CARTESIAN_POINT ( 'NONE',  ( 0.0000000000000000000, -17.74999999999999645, -19.99999998908850785 ) ) ;
#4919 = CARTESIAN_POINT ( 'NONE',  ( -13.12487004292553827, 9.852616621069627101, 11.20322756349590598 ) ) ;
#4920 = CARTESIAN_POINT ( 'NONE',  ( -16.59680589956640162, -0.1799690642491268422, -13.86272994533278435 ) ) ;
#4921 = CARTESIAN_POINT ( 'NONE',  ( -13.25263340761507358, 10.79052490807288578, -7.101994273680085179 ) ) ;
#4922 = CARTESIAN_POINT ( 'NONE',  ( -20.00000000000001066, 4.668421124400919275, 8.898953193294520503 ) ) ;
#4923 = CARTESIAN_POINT ( 'NONE',  ( -5.000000000000000000, 15.74999999999950440, -21.82249421427707148 ) ) ;
#4924 = CARTESIAN_POINT ( 'NONE',  ( -4.663114353010374025, 15.88475425879584968, -16.63968347054874641 ) ) ;
#4925 = CARTESIAN_POINT ( 'NONE',  ( -5.398910516345732269, -15.50013076434068360, -19.08531268605814191 ) ) ;
#4926 = CARTESIAN_POINT ( 'NONE',  ( -16.80783324332830375, -7.678584756820823642, -8.688421898153176670 ) ) ;
#4927 = ORIENTED_EDGE ( 'NONE', *, *, #7572, .F. ) ;
#4928 = ORIENTED_EDGE ( 'NONE', *, *, #2328, .F. ) ;
#4929 = CARTESIAN_POINT ( 'NONE',  ( 0.02782555748655100511, -16.68409726156771100, -12.17243744592830090 ) ) ;
#4930 = CARTESIAN_POINT ( 'NONE',  ( -18.58159435666404846, -5.685111490056412364, -8.339844210035566974 ) ) ;
#4931 = CARTESIAN_POINT ( 'NONE',  ( -4.543777976321514700, 15.93248880947140833, 19.88151839618868166 ) ) ;
#4932 = CARTESIAN_POINT ( 'NONE',  ( -4.331997475436633493, 7.938693464679409395, -32.66006121741585133 ) ) ;
#4933 = CARTESIAN_POINT ( 'NONE',  ( -18.52822899855500438, -9.655455478017744397, 4.892839066818853944 ) ) ;
#4934 = FACE_OUTER_BOUND ( 'NONE', #7999, .T. ) ;
#4935 = CARTESIAN_POINT ( 'NONE',  ( -17.70273082833923084, -9.623946128196259053, 2.236023815648898516 ) ) ;
#4936 =( NAMED_UNIT ( * ) SI_UNIT ( $, .STERADIAN. ) SOLID_ANGLE_UNIT ( ) );
#4937 = CARTESIAN_POINT ( 'NONE',  ( 0.02780929507390710390, 2.183562493899942503, 36.56863898668689217 ) ) ;
#4938 = CARTESIAN_POINT ( 'NONE',  ( 0.02782555748663922968, 16.68409726156776429, -19.49723193954764255 ) ) ;
#4939 = CARTESIAN_POINT ( 'NONE',  ( -4.529439252002021021, -15.93822429919920403, 19.97701971127528253 ) ) ;
#4940 = CARTESIAN_POINT ( 'NONE',  ( -16.76283835444020553, 7.219356522660433484, -9.496842810982133898 ) ) ;
#4941 = CARTESIAN_POINT ( 'NONE',  ( -5.030050156418194085, -13.60170766361379968, -27.93440550957773993 ) ) ;
#4942 = CARTESIAN_POINT ( 'NONE',  ( -16.69865473191798699, 6.401481506386651255, 10.73554527173389950 ) ) ;
#4943 = CARTESIAN_POINT ( 'NONE',  ( -5.872135189683088896, -6.502164948035516367, -32.82504165222990622 ) ) ;
#4944 = ORIENTED_EDGE ( 'NONE', *, *, #4997, .F. ) ;
#4945 = CARTESIAN_POINT ( 'NONE',  ( -4.463812019717439128, -14.90590139805796532, 19.87380356746738386 ) ) ;
#4946 = CARTESIAN_POINT ( 'NONE',  ( -18.62648308392455831, -6.263875109777982786, -7.744041180603218777 ) ) ;
#4947 = EDGE_LOOP ( 'NONE', ( #1796, #1224, #3698, #3739, #6165 ) ) ;
#4948 = EDGE_CURVE ( 'NONE', #5171, #2933, #88, .T. ) ;
#4949 = CARTESIAN_POINT ( 'NONE',  ( -17.36906435606145038, -6.745222980333315022, -9.122690375139345775 ) ) ;
#4950 = CARTESIAN_POINT ( 'NONE',  ( -16.14879521669948659, 7.589967434560944248, 10.02580121321191164 ) ) ;
#4951 = CARTESIAN_POINT ( 'NONE',  ( -4.201126075336932608, 11.66514276459928645, -29.66521888224498227 ) ) ;
#4952 = PLANE ( 'NONE',  #7706 ) ;
#4953 = CARTESIAN_POINT ( 'NONE',  ( -40.00000000000000000, 0.0000000000000000000, 0.0000000000000000000 ) ) ;
#4954 = CARTESIAN_POINT ( 'NONE',  ( -14.18974398789581848, -7.237886294094899142, 14.49027142134761981 ) ) ;
#4955 = CARTESIAN_POINT ( 'NONE',  ( -1.524319402890893738, 16.06323927741675206, -19.81109529201005159 ) ) ;
#4956 = DIRECTION ( 'NONE',  ( -1.000000000000000000, -0.0000000000000000000, -0.0000000000000000000 ) ) ;
#4957 = CARTESIAN_POINT ( 'NONE',  ( -9.497756432369525825, 12.33383625321142496, 10.54445426974335653 ) ) ;
#4958 = CARTESIAN_POINT ( 'NONE',  ( -14.11249016658475597, -2.815845640442173448, -17.67842479329364735 ) ) ;
#4959 = PLANE ( 'NONE',  #258 ) ;
#4960 = CARTESIAN_POINT ( 'NONE',  ( -13.22118147169263658, 10.58436916178696841, -8.124108249680530136 ) ) ;
#4961 = CARTESIAN_POINT ( 'NONE',  ( -4.850000000000000533, 15.80946413698796427, -4.730502247886125389 ) ) ;
#4962 = DIRECTION ( 'NONE',  ( 0.0000000000000000000, 0.0000000000000000000, -1.000000000000000000 ) ) ;
#4963 = CARTESIAN_POINT ( 'NONE',  ( -5.438169550122450069, -15.46925583945580662, -19.76413587945669192 ) ) ;
#4964 = VERTEX_POINT ( 'NONE', #5309 ) ;
#4965 = CARTESIAN_POINT ( 'NONE',  ( -19.32850773809759914, -6.864799774853620029, -6.217908694500446920 ) ) ;
#4966 = ORIENTED_EDGE ( 'NONE', *, *, #7130, .T. ) ;
#4967 = CARTESIAN_POINT ( 'NONE',  ( -1.524319402891593844, -16.06323927741645008, -18.05733672376442911 ) ) ;
#4968 = CARTESIAN_POINT ( 'NONE',  ( -16.72682303493409250, -6.815537522129203829, -10.13803547583029108 ) ) ;
#4969 = ADVANCED_FACE ( 'NONE', ( #207, #3231, #2639, #2680, #4631, #1378 ), #7179, .T. ) ;
#4970 = CARTESIAN_POINT ( 'NONE',  ( -5.000000000000001776, -15.75000000000000355, 4.407281562879209247 ) ) ;
#4971 = CARTESIAN_POINT ( 'NONE',  ( -4.544302477395353534, 14.85524604761496548, -19.48452043326695815 ) ) ;
#4972 = CARTESIAN_POINT ( 'NONE',  ( -20.00000000000002842, -7.852169137465227600, 9.649039003874959164 ) ) ;
#4973 = CARTESIAN_POINT ( 'NONE',  ( -1.870248747537496332E-15, -8.890394277104716636, -34.11219899683096202 ) ) ;
#4974 = CARTESIAN_POINT ( 'NONE',  ( -9.599064701132533628, -12.78641697167937785, 4.748175152139867627 ) ) ;
#4975 = CARTESIAN_POINT ( 'NONE',  ( -4.525598672276318624, -15.93976053108952051, -19.99998034527443025 ) ) ;
#4976 = SURFACE_STYLE_USAGE ( .BOTH. , #7560 ) ;
#4977 = ORIENTED_EDGE ( 'NONE', *, *, #1604, .T. ) ;
#4978 = CARTESIAN_POINT ( 'NONE',  ( -3.076401602700340909, -0.6674327114485548718, 35.45407321744758633 ) ) ;
#4979 = CARTESIAN_POINT ( 'NONE',  ( -16.47983249213737622, 10.27688553412148487, 0.2401095648660675763 ) ) ;
#4980 = CARTESIAN_POINT ( 'NONE',  ( -3.549177260965619141, -9.988430468460258282, 32.96320352777762253 ) ) ;
#4981 = CARTESIAN_POINT ( 'NONE',  ( -6.934565406970516932, 13.33907158786023039, -17.78324795949359682 ) ) ;
#4982 = CARTESIAN_POINT ( 'NONE',  ( -5.002071820237445010, -4.041570458990396020, -35.25543387287037689 ) ) ;
#4983 = CARTESIAN_POINT ( 'NONE',  ( -4.210112718364801054, 12.35081164956792676, 28.99006188897527281 ) ) ;
#4984 = CARTESIAN_POINT ( 'NONE',  ( -5.866773722363113563, -1.903468914465199946, -34.14995635710823052 ) ) ;
#4985 = DIRECTION ( 'NONE',  ( 0.0000000000000000000, 0.0000000000000000000, 1.000000000000000000 ) ) ;
#4986 = CARTESIAN_POINT ( 'NONE',  ( -9.398640591381864695, -11.77181936252966210, 15.78155552319175037 ) ) ;
#4987 = CARTESIAN_POINT ( 'NONE',  ( -16.15272858402969902, -7.605854048852358495, -9.990259180221604751 ) ) ;
#4988 = ORIENTED_EDGE ( 'NONE', *, *, #4948, .F. ) ;
#4989 = ORIENTED_EDGE ( 'NONE', *, *, #3727, .T. ) ;
#4990 = CARTESIAN_POINT ( 'NONE',  ( -9.399774343056359172, 11.78604742258710658, 15.66047984221896527 ) ) ;
#4991 = CARTESIAN_POINT ( 'NONE',  ( -11.68383803141039223, 8.166394168121756891, -18.43730316382973911 ) ) ;
#4992 = CARTESIAN_POINT ( 'NONE',  ( -18.63223955783060859, -10.44889678737666117, 1.425836834905410688 ) ) ;
#4993 = DIRECTION ( 'NONE',  ( -1.000000000000000000, 0.0000000000000000000, 0.0000000000000000000 ) ) ;
#4994 = CARTESIAN_POINT ( 'NONE',  ( -19.16284964833219817, -4.392630787176410756, 8.369406911228365331 ) ) ;
#4995 = CARTESIAN_POINT ( 'NONE',  ( -1.524319402890892627, 16.06323927741675561, -19.87187458519331784 ) ) ;
#4996 =( NAMED_UNIT ( * ) PLANE_ANGLE_UNIT ( ) SI_UNIT ( $, .RADIAN. ) );
#4997 = EDGE_CURVE ( 'NONE', #5099, #7786, #7812, .T. ) ;
#4998 = CARTESIAN_POINT ( 'NONE',  ( -4.315706127276274451, -4.573607724345137626, 34.23363583297669521 ) ) ;
#4999 = CARTESIAN_POINT ( 'NONE',  ( -4.545211977695934991, 14.85909497460524520, 12.98126377611755622 ) ) ;
#5000 = CARTESIAN_POINT ( 'NONE',  ( -16.59964365414475651, 1.365394835341920077, -13.73592090258146570 ) ) ;
#5001 = CARTESIAN_POINT ( 'NONE',  ( -18.99999999999998934, 9.290033543132361515, 0.7477028421616965792 ) ) ;
#5002 = CARTESIAN_POINT ( 'NONE',  ( -18.99999999999999645, 2.304839099111211098, -9.457738336035257376 ) ) ;
#5003 = CARTESIAN_POINT ( 'NONE',  ( -17.61957572624307744, 9.056150963746198101, -4.583392032037391317 ) ) ;
#5004 = CARTESIAN_POINT ( 'NONE',  ( -15.97663736357123732, -0.6493281138254631824, 14.90554290187016306 ) ) ;
#5005 = CARTESIAN_POINT ( 'NONE',  ( -4.999999999999991118, -4.879235440786425571, -35.00482845895668049 ) ) ;
#5006 = CARTESIAN_POINT ( 'NONE',  ( -5.017902289001205496, 15.74283908439973345, -19.69313998043093861 ) ) ;
#5007 = CARTESIAN_POINT ( 'NONE',  ( -5.010542961221349678, -15.74578281551081105, -19.06959885384645759 ) ) ;
#5008 = CARTESIAN_POINT ( 'NONE',  ( -16.83526429990480722, -7.952764184755765520, -8.176337110330390345 ) ) ;
#5009 = ORIENTED_EDGE ( 'NONE', *, *, #3209, .F. ) ;
#5010 = EDGE_LOOP ( 'NONE', ( #3128, #8165, #3073, #3068 ) ) ;
#5011 = CIRCLE ( 'NONE', #7405, 2.000000000000008882 ) ;
#5012 =( GEOMETRIC_REPRESENTATION_CONTEXT ( 3 ) GLOBAL_UNCERTAINTY_ASSIGNED_CONTEXT ( ( #1584 ) ) GLOBAL_UNIT_ASSIGNED_CONTEXT ( ( #706, #5847, #4589 ) ) REPRESENTATION_CONTEXT ( 'NONE', 'WORKASPACE' ) );
#5013 = CARTESIAN_POINT ( 'NONE',  ( -1.524319402891593400, -16.06323927741645363, -19.93920729564899119 ) ) ;
#5014 = CARTESIAN_POINT ( 'NONE',  ( -6.881520665591996710, -13.25796200885927156, -19.10184733683788849 ) ) ;
#5015 = AXIS2_PLACEMENT_3D ( 'NONE', #2208, #2798, #4793 ) ;
#5016 = CARTESIAN_POINT ( 'NONE',  ( -5.033753996898902017, -15.73706133324870926, -1.468780195422035195 ) ) ;
#5017 = CARTESIAN_POINT ( 'NONE',  ( 9.757819552369380162E-16, 16.59175510028089917, 21.89569331935983953 ) ) ;
#5018 = CARTESIAN_POINT ( 'NONE',  ( -20.00000000000002842, -6.339331671260704404, 11.25112889427031426 ) ) ;
#5019 = DIRECTION ( 'NONE',  ( -1.000000000000000000, -0.0000000000000000000, -0.0000000000000000000 ) ) ;
#5020 = CARTESIAN_POINT ( 'NONE',  ( -17.68402451996231406, -9.497028936328806736, 3.042532755002437472 ) ) ;
#5021 = CARTESIAN_POINT ( 'NONE',  ( -18.99999999999997868, -0.4343890739126759493, 9.741340984363260347 ) ) ;
#5022 = FILL_AREA_STYLE ('',( #5063 ) ) ;
#5023 = CARTESIAN_POINT ( 'NONE',  ( 0.02814127047566332418, -12.61510166339838435, 30.91922875761571277 ) ) ;
#5024 = CARTESIAN_POINT ( 'NONE',  ( -16.46595503225994861, 10.18698593346545778, 2.029982216356412739 ) ) ;
#5025 = CARTESIAN_POINT ( 'NONE',  ( -5.024653030429655054, -12.46982119524327715, 29.61886958446751805 ) ) ;
#5026 = CARTESIAN_POINT ( 'NONE',  ( -14.31075708526456225, 8.739610148786933763, -11.52116069581727942 ) ) ;
#5027 = CARTESIAN_POINT ( 'NONE',  ( -3.661419888317348104, -12.28983662736483318, -30.73984173989995838 ) ) ;
#5028 = CARTESIAN_POINT ( 'NONE',  ( -17.88383151526967296, 4.098097359008292528, 10.58169167536826194 ) ) ;
#5029 = CARTESIAN_POINT ( 'NONE',  ( -20.00000000000002842, -0.4471959328259610955, -13.70183500871808491 ) ) ;
#5030 = CARTESIAN_POINT ( 'NONE',  ( 5.000000000000000000, 2.733323094352584069E-15, 19.99999999999999645 ) ) ;
#5031 = CARTESIAN_POINT ( 'NONE',  ( -6.933265915218459696, -13.33201265472934161, 17.93520813338710340 ) ) ;
#5032 = EDGE_CURVE ( 'NONE', #7574, #5647, #4591, .T. ) ;
#5033 = CARTESIAN_POINT ( 'NONE',  ( -13.08392060579430272, -9.471711184035033426, -12.64407805827242370 ) ) ;
#5034 = EDGE_LOOP ( 'NONE', ( #3151, #6042, #102, #1068, #5076, #7531, #1963, #6423 ) ) ;
#5035 = CARTESIAN_POINT ( 'NONE',  ( -16.76190277137199303, 7.208065782329213356, 9.515725404362024520 ) ) ;
#5036 = CARTESIAN_POINT ( 'NONE',  ( -6.747117389380929531, 12.10269516446889959, -23.33702211144496630 ) ) ;
#5037 = CARTESIAN_POINT ( 'NONE',  ( 3.000000000000000000, 17.99999999999999645, -38.50000000000000711 ) ) ;
#5038 = CARTESIAN_POINT ( 'NONE',  ( -20.00000000000003197, 5.865033061786859570, -8.222247302734430718 ) ) ;
#5039 = CARTESIAN_POINT ( 'NONE',  ( -16.65000057564371616, -5.114661044392539324, 12.00355285234018332 ) ) ;
#5040 = CARTESIAN_POINT ( 'NONE',  ( -1.524319402890893738, 16.06323927741675206, -19.75032488296014677 ) ) ;
#5041 = SURFACE_SIDE_STYLE ('',( #6284 ) ) ;
#5042 = CARTESIAN_POINT ( 'NONE',  ( -4.535323566729429601, -14.85825422715569211, 20.20749535010124376 ) ) ;
#5043 = CARTESIAN_POINT ( 'NONE',  ( -4.483125582404251297, 14.89391708356471966, 18.16650276587792945 ) ) ;
#5044 = CARTESIAN_POINT ( 'NONE',  ( -9.120088788084801834, -0.3740199474329199414, -26.71181203782401070 ) ) ;
#5045 = CARTESIAN_POINT ( 'NONE',  ( -19.00000000000000000, 9.231181460493445456, -1.435276461300682538 ) ) ;
#5046 = CARTESIAN_POINT ( 'NONE',  ( -19.00000000000000355, 6.333757863614476236, -7.180634009845827670 ) ) ;
#5047 = CARTESIAN_POINT ( 'NONE',  ( -12.06450131110295132, 11.65711750318883055, -5.358230265211285648 ) ) ;
#5048 = CARTESIAN_POINT ( 'NONE',  ( -4.136018294307901577, -0.5858870091013511638, 35.23524485491273595 ) ) ;
#5049 = CARTESIAN_POINT ( 'NONE',  ( -20.00000000000000000, 5.684183303242675400, 8.252241503224189145 ) ) ;
#5050 = DIRECTION ( 'NONE',  ( -0.0000000000000000000, -0.0000000000000000000, -1.000000000000000000 ) ) ;
#5051 = ORIENTED_EDGE ( 'NONE', *, *, #4129, .F. ) ;
#5052 = CARTESIAN_POINT ( 'NONE',  ( -4.563871304686254682, -15.92445147812549067, -19.66712303158178088 ) ) ;
#5053 = CARTESIAN_POINT ( 'NONE',  ( -9.434230275138105526, -11.98686666838760395, -13.83628202097480120 ) ) ;
#5054 = ORIENTED_EDGE ( 'NONE', *, *, #5681, .T. ) ;
#5055 = CARTESIAN_POINT ( 'NONE',  ( -5.049999999999995381, -11.31345246141639471, -31.50588919952483735 ) ) ;
#5056 = CARTESIAN_POINT ( 'NONE',  ( -12.97705676260650520, -8.563548565788103417, -15.09833203783611388 ) ) ;
#5057 = CARTESIAN_POINT ( 'NONE',  ( -20.00000000000003553, 7.767361169531810106, -9.765308379485354351 ) ) ;
#5058 = CARTESIAN_POINT ( 'NONE',  ( -4.504721012840783523, 14.85793449166089530, -21.45091161155928816 ) ) ;
#5059 = CARTESIAN_POINT ( 'NONE',  ( -4.525602018360038947, 15.93975919265599650, 19.99996070084375788 ) ) ;
#5060 = CARTESIAN_POINT ( 'NONE',  ( 1.219727444046197221E-15, -16.61850514788972433, -21.34656097390178076 ) ) ;
#5061 = CARTESIAN_POINT ( 'NONE',  ( -13.28144672463359477, -10.95967115498534206, 6.063692396526922046 ) ) ;
#5062 = CARTESIAN_POINT ( 'NONE',  ( -19.00000000000000711, 3.248601032451477799, 9.158073540171287164 ) ) ;
#5063 = FILL_AREA_STYLE_COLOUR ( '', #8184 ) ;
#5064 = VERTEX_POINT ( 'NONE', #747 ) ;
#5065 = CARTESIAN_POINT ( 'NONE',  ( -4.628668194735781505, -14.39997375021805226, 23.90980247096651468 ) ) ;
#5066 = CARTESIAN_POINT ( 'NONE',  ( -17.10287741856194188, 10.03798139938369438, 0.2306131642671844229 ) ) ;
#5067 = CARTESIAN_POINT ( 'NONE',  ( -5.868110291142619950, -3.212548342052895300, 33.92343947827800577 ) ) ;
#5068 = CARTESIAN_POINT ( 'NONE',  ( -13.08277438946664795, 9.478527901481548668, -12.62430197464831849 ) ) ;
#5069 = CARTESIAN_POINT ( 'NONE',  ( -4.999718592414732043, -0.4943185592905893211, -35.75116641607429102 ) ) ;
#5070 = CARTESIAN_POINT ( 'NONE',  ( -18.51905850510568285, 4.255865443620996835, 9.446729185524199934 ) ) ;
#5071 = CARTESIAN_POINT ( 'NONE',  ( -18.63583589678832553, 10.47523191804158671, 1.146174538552935829 ) ) ;
#5072 = CARTESIAN_POINT ( 'NONE',  ( -5.017902289090630852, 15.74283908436382085, 19.69313998107147512 ) ) ;
#5073 = VERTEX_POINT ( 'NONE', #2761 ) ;
#5074 = CARTESIAN_POINT ( 'NONE',  ( -17.99947664883777421, -6.510241220979299470, 8.399935065103200316 ) ) ;
#5075 = CARTESIAN_POINT ( 'NONE',  ( -17.99848940775715533, -6.498110216731763700, -8.415185957067734535 ) ) ;
#5076 = ORIENTED_EDGE ( 'NONE', *, *, #3094, .F. ) ;
#5077 = ORIENTED_EDGE ( 'NONE', *, *, #403, .F. ) ;
#5078 = CARTESIAN_POINT ( 'NONE',  ( -14.30625580003314568, 8.693912279731513593, 11.65196702252717209 ) ) ;
#5079 = CARTESIAN_POINT ( 'NONE',  ( -12.92542248691180085, 7.393213199624722343, -16.83546801457755393 ) ) ;
#5080 = CARTESIAN_POINT ( 'NONE',  ( -4.541036127724892069, -14.85655258748313479, -19.97804329284928215 ) ) ;
#5081 = EDGE_CURVE ( 'NONE', #4755, #5493, #7850, .T. ) ;
#5082 = CARTESIAN_POINT ( 'NONE',  ( -20.00000000000002132, 0.7158505188656336671, -9.979793416838774078 ) ) ;
#5083 = CARTESIAN_POINT ( 'NONE',  ( -4.849999999999993427, 2.779248481945860494, 35.83101590996618313 ) ) ;
#5084 = CARTESIAN_POINT ( 'NONE',  ( -16.64253935255089445, -4.822767530510344791, 12.23317806867829383 ) ) ;
#5085 = CARTESIAN_POINT ( 'NONE',  ( -1.524319398586083896, 16.06326040425254931, -20.05124920992727766 ) ) ;
#5086 =( LENGTH_UNIT ( ) NAMED_UNIT ( * ) SI_UNIT ( .MILLI., .METRE. ) );
#5087 = AXIS2_PLACEMENT_3D ( 'NONE', #8216, #5703, #2326 ) ;
#5088 = CARTESIAN_POINT ( 'NONE',  ( -4.336828767730338541, -8.646484929220941140, 32.19861508377738346 ) ) ;
#5089 = CARTESIAN_POINT ( 'NONE',  ( -6.954680550763601588, 13.40174771672631948, 16.34344116498725086 ) ) ;
#5090 = CARTESIAN_POINT ( 'NONE',  ( -11.61618081820039272, 2.334284661339748990, -22.14462581963420007 ) ) ;
#5091 = CARTESIAN_POINT ( 'NONE',  ( -19.00000000000000355, 8.454287463960774573, -4.128255237748484241 ) ) ;
#5092 = CARTESIAN_POINT ( 'NONE',  ( -19.00000000000000355, -0.1953446027761475967, -9.749085556261901431 ) ) ;
#5093 = CARTESIAN_POINT ( 'NONE',  ( -9.609926696461149831, 12.83662240417785938, -3.475713038028558799 ) ) ;
#5094 = CARTESIAN_POINT ( 'NONE',  ( -15.35341537342419294, 0.6703630429422379189, 15.97589559770904977 ) ) ;
#5095 = CARTESIAN_POINT ( 'NONE',  ( -4.850000000000000533, -15.84037421174403626, 18.20067515676985082 ) ) ;
#5096 = CARTESIAN_POINT ( 'NONE',  ( -5.403452494963424613, 15.49603401906697187, -19.24655187332991702 ) ) ;
#5097 = CARTESIAN_POINT ( 'NONE',  ( -5.011150982472457827, -15.74553960701262234, -19.55284903416008646 ) ) ;
#5098 = CARTESIAN_POINT ( 'NONE',  ( -14.32334128700386344, -8.843643442416938782, -11.21583418466315507 ) ) ;
#5099 = VERTEX_POINT ( 'NONE', #8019 ) ;
#5100 = CARTESIAN_POINT ( 'NONE',  ( -3.076464363268367919, -15.44238129326574516, -19.64275132736911544 ) ) ;
#5101 = CARTESIAN_POINT ( 'NONE',  ( -18.48759024468558110, -2.946651118994399798, -10.08743950516855037 ) ) ;
#5102 = CARTESIAN_POINT ( 'NONE',  ( -20.00000000000002132, 5.377441303295841024, -11.99901289620627232 ) ) ;
#5103 = CARTESIAN_POINT ( 'NONE',  ( -4.317602178211453534, -5.174957506903644422, -34.02559581349324702 ) ) ;
#5104 = CARTESIAN_POINT ( 'NONE',  ( -20.00000000000002842, -4.317428271273614726, 12.63871023845984709 ) ) ;
#5105 = CARTESIAN_POINT ( 'NONE',  ( 5.000000000000000000, -17.74999999999999289, -19.99999999999995381 ) ) ;
#5106 = CARTESIAN_POINT ( 'NONE',  ( -9.603996360151692002, -12.80700752423759958, -4.158389073132903846 ) ) ;
#5107 = CARTESIAN_POINT ( 'NONE',  ( -19.00000000000001421, -5.632069202369964778, 7.814614666955629119 ) ) ;
#5108 = ORIENTED_EDGE ( 'NONE', *, *, #5523, .F. ) ;
#5109 = CARTESIAN_POINT ( 'NONE',  ( 0.02805317731802733916, -15.56335772583132737, 26.01351481195781545 ) ) ;
#5110 = CARTESIAN_POINT ( 'NONE',  ( -18.60859670967322543, -6.074145172337238385, -7.952380716631662239 ) ) ;
#5111 = CARTESIAN_POINT ( 'NONE',  ( -18.34159079215426758, 9.511100257800363167, -1.367864510980281834 ) ) ;
#5112 = CARTESIAN_POINT ( 'NONE',  ( -3.472990527799853400, -7.256522166230928939, 34.67326126763732930 ) ) ;
#5113 = CARTESIAN_POINT ( 'NONE',  ( -4.464455105825030579, 14.90549289715465342, -19.81569130468487216 ) ) ;
#5114 = CARTESIAN_POINT ( 'NONE',  ( -3.402427642486602011, -0.5185262598061184391, -36.39022265536104328 ) ) ;
#5115 = CARTESIAN_POINT ( 'NONE',  ( -18.48635727987394262, 2.673861553988158946, 10.18458945686998085 ) ) ;
#5116 = VECTOR ( 'NONE', #6953, 1000.000000000000000 ) ;
#5117 = CARTESIAN_POINT ( 'NONE',  ( -18.45600701992178827, 9.034382324782407991, -6.336776550344275449 ) ) ;
#5118 = CARTESIAN_POINT ( 'NONE',  ( -5.022902600878327739, 15.74083895964851010, 19.73102819346100389 ) ) ;
#5119 = ORIENTED_EDGE ( 'NONE', *, *, #3708, .T. ) ;
#5120 = CARTESIAN_POINT ( 'NONE',  ( -16.76534391926248091, -7.217869945079518956, 9.494653978399597349 ) ) ;
#5121 = CARTESIAN_POINT ( 'NONE',  ( -17.38275899052873896, -6.867973701532164021, -8.940218142728776130 ) ) ;
#5122 = ORIENTED_EDGE ( 'NONE', *, *, #1483, .T. ) ;
#5123 = ORIENTED_EDGE ( 'NONE', *, *, #5640, .T. ) ;
#5124 = CARTESIAN_POINT ( 'NONE',  ( -13.08104320770311624, 9.462086579207406700, 12.68531400603450798 ) ) ;
#5125 = CARTESIAN_POINT ( 'NONE',  ( -11.74191369437902210, 9.386887358643422274, -16.40887325358914239 ) ) ;
#5126 = CARTESIAN_POINT ( 'NONE',  ( -4.541520267650519749, -14.85635893151288123, -19.93414036259472155 ) ) ;
#5127 = CARTESIAN_POINT ( 'NONE',  ( 3.000000000000000000, -21.25000000000000355, 45.24999999999999289 ) ) ;
#5128 = CARTESIAN_POINT ( 'NONE',  ( -4.999999999999992006, 9.267497339533020906, 32.86814749681995806 ) ) ;
#5129 = CARTESIAN_POINT ( 'NONE',  ( -14.17898657918072125, -6.930581876891967141, 14.85922348029421869 ) ) ;
#5130 = DIRECTION ( 'NONE',  ( 0.0000000000000000000, 0.0000000000000000000, -1.000000000000000000 ) ) ;
#5131 = CARTESIAN_POINT ( 'NONE',  ( -4.389327259627148869, -12.65050423009677338, 27.93109836753504638 ) ) ;
#5132 = CARTESIAN_POINT ( 'NONE',  ( -18.63014377570458180, 6.346873440718665549, 7.656309599018463530 ) ) ;
#5133 = CARTESIAN_POINT ( 'NONE',  ( -14.10510973236807786, 0.8087954028881436663, -18.11232202991579143 ) ) ;
#5134 = CARTESIAN_POINT ( 'NONE',  ( 0.0000000000000000000, -7.060713750807346756, 36.80004796480849905 ) ) ;
#5135 = CARTESIAN_POINT ( 'NONE',  ( -20.00000000000145661, 0.2409872890077139340, 10.00755004908478263 ) ) ;
#5136 = CARTESIAN_POINT ( 'NONE',  ( -15.97615603436115173, 0.1957920966168300303, 14.92932476926648278 ) ) ;
#5137 = CARTESIAN_POINT ( 'NONE',  ( 0.0000000000000000000, -25.25000000000000355, 41.24999999999995737 ) ) ;
#5138 = CARTESIAN_POINT ( 'NONE',  ( -4.568348606386710919, -15.92266055744529929, -19.53616493894796236 ) ) ;
#5139 = CARTESIAN_POINT ( 'NONE',  ( -9.412244640088855974, -11.85682937955062677, -15.01762559919405682 ) ) ;
#5140 = VERTEX_POINT ( 'NONE', #4067 ) ;
#5141 = CARTESIAN_POINT ( 'NONE',  ( -1.524319402891592512, -16.06323927741645363, -19.81764213780453332 ) ) ;
#5142 = CARTESIAN_POINT ( 'NONE',  ( -15.38419763330370316, -4.839306980839443995, -14.45545914500233131 ) ) ;
#5143 = CARTESIAN_POINT ( 'NONE',  ( -4.999999997921363182, -15.74999999662166239, -1.468985952427579678 ) ) ;
#5144 = CARTESIAN_POINT ( 'NONE',  ( 5.000000000000000000, -22.74999999999998579, -19.99999999999998579 ) ) ;
#5145 = CARTESIAN_POINT ( 'NONE',  ( -18.25237292663906175, -6.735865761649754369, 9.940890608510281723 ) ) ;
#5146 = CARTESIAN_POINT ( 'NONE',  ( 9.757819552369551739E-16, -13.42581457754423546, -29.89686023937404968 ) ) ;
#5147 = CARTESIAN_POINT ( 'NONE',  ( -16.46836494792987793, -10.18604473804224142, -2.029672461429357533 ) ) ;
#5148 = CARTESIAN_POINT ( 'NONE',  ( -18.99999999999999289, -9.125285865120902784, 2.058783594620072765 ) ) ;
#5149 = ORIENTED_EDGE ( 'NONE', *, *, #1866, .T. ) ;
#5150 = VECTOR ( 'NONE', #6791, 1000.000000000000000 ) ;
#5151 = VECTOR ( 'NONE', #4021, 1000.000000000000000 ) ;
#5152 = CARTESIAN_POINT ( 'NONE',  ( -1.524175373939681055, -12.09775106265620792, 30.56728707881045182 ) ) ;
#5153 = CARTESIAN_POINT ( 'NONE',  ( -16.13992452849229764, -7.506575288736849316, -10.18762718224757435 ) ) ;
#5154 = CARTESIAN_POINT ( 'NONE',  ( -13.36307144484243636, 11.46253693620178105, 1.355486942914079451 ) ) ;
#5155 = CARTESIAN_POINT ( 'NONE',  ( -5.030058307458860511, -13.63616688210816541, 27.92408930252085852 ) ) ;
#5156 = CARTESIAN_POINT ( 'NONE',  ( -13.12528392710399849, 9.867293942433180476, -11.16463613197213967 ) ) ;
#5157 = CARTESIAN_POINT ( 'NONE',  ( -5.518553396189975757, -15.39344860123409475, -20.33816628885801947 ) ) ;
#5158 = CARTESIAN_POINT ( 'NONE',  ( -15.38647662305083230, 4.838091054483379949, 14.45217904392231567 ) ) ;
#5159 = CARTESIAN_POINT ( 'NONE',  ( -18.53354856010244944, 9.694722148847844778, -4.758359949130282374 ) ) ;
#5160 = CARTESIAN_POINT ( 'NONE',  ( -4.966436608665675934, -15.76342535653373389, -1.469191753872137962 ) ) ;
#5161 = CARTESIAN_POINT ( 'NONE',  ( -11.85700292481702611, -10.25114014040166133, 13.62582540104737561 ) ) ;
#5162 = CARTESIAN_POINT ( 'NONE',  ( -16.76411193203407635, -7.203687011496666237, -9.518467901875739656 ) ) ;
#5163 = EDGE_LOOP ( 'NONE', ( #511, #6882 ) ) ;
#5164 = CARTESIAN_POINT ( 'NONE',  ( -14.30697601118787254, 8.701267555725021197, 11.63095913873798182 ) ) ;
#5165 = CARTESIAN_POINT ( 'NONE',  ( -4.227588627575546099, 12.84548961388331989, -28.02331911260105457 ) ) ;
#5166 = CARTESIAN_POINT ( 'NONE',  ( -18.29067331575594579, -7.265224408167941128, 9.257309008249045235 ) ) ;
#5167 = CARTESIAN_POINT ( 'NONE',  ( -4.403619779984620841, -15.95492888282887556, -21.06613940285060238 ) ) ;
#5168 = CARTESIAN_POINT ( 'NONE',  ( -20.00000000000000000, -1.173336053456537131, 9.933494670614516409 ) ) ;
#5169 = CARTESIAN_POINT ( 'NONE',  ( -12.96461110847593545, -8.324118643200174361, 15.51968869518298000 ) ) ;
#5170 = CARTESIAN_POINT ( 'NONE',  ( 0.0000000000000000000, 19.99999999999999645, 38.49999999999999289 ) ) ;
#5171 = VERTEX_POINT ( 'NONE', #1623 ) ;
#5172 = CARTESIAN_POINT ( 'NONE',  ( -17.37714001197904778, -6.834986758531244710, -8.993007888028945018 ) ) ;
#5173 = CARTESIAN_POINT ( 'NONE',  ( -13.09450521539968015, 9.587678555673821990, 12.21679907069343507 ) ) ;
#5174 = CARTESIAN_POINT ( 'NONE',  ( -6.628225341188508146, 0.5095809586586890205, -30.95869713663974920 ) ) ;
#5175 = CARTESIAN_POINT ( 'NONE',  ( -5.000000000000000000, -15.75000000000001421, 10.17227422567047945 ) ) ;
#5176 = CARTESIAN_POINT ( 'NONE',  ( -20.00000000000000711, 5.673883867822533844, 8.356205241827540320 ) ) ;
#5177 = CARTESIAN_POINT ( 'NONE',  ( -18.47005069478579742, -0.7288044451789511546, 10.61307541607130034 ) ) ;
#5178 = CARTESIAN_POINT ( 'NONE',  ( -3.076533274650056882, -7.820951657741973762, -33.31467092189895141 ) ) ;
#5179 = ORIENTED_EDGE ( 'NONE', *, *, #7421, .F. ) ;
#5180 = CARTESIAN_POINT ( 'NONE',  ( -4.525602027652992909, -15.93975918893882060, 19.99996064628264847 ) ) ;
#5181 = CARTESIAN_POINT ( 'NONE',  ( -16.17498961012502434, -7.845228965659703846, -9.517921196405000117 ) ) ;
#5182 = ORIENTED_EDGE ( 'NONE', *, *, #3651, .T. ) ;
#5183 = FACE_OUTER_BOUND ( 'NONE', #2485, .T. ) ;
#5184 = CARTESIAN_POINT ( 'NONE',  ( -11.67077317556836569, -7.792898250165842811, -18.97969788833480465 ) ) ;
#5185 = CARTESIAN_POINT ( 'NONE',  ( -5.415063198153843516, -15.48538022064614061, 19.66397487614046113 ) ) ;
#5186 = CARTESIAN_POINT ( 'NONE',  ( 0.0000000000000000000, 19.99999999999999645, 36.49999999999999289 ) ) ;
#5187 = CARTESIAN_POINT ( 'NONE',  ( -5.413677176136164171, -15.48632185420931151, 19.65776779973010946 ) ) ;
#5188 = CARTESIAN_POINT ( 'NONE',  ( -20.00000000000002842, 1.200849385227455768, -13.62377014152820642 ) ) ;
#5189 = CARTESIAN_POINT ( 'NONE',  ( -14.61108272767696725, -10.98269443075242791, -1.268346263368655524 ) ) ;
#5190 = CARTESIAN_POINT ( 'NONE',  ( -4.999999999999990230, 6.105812355250463064, -34.95264392807928999 ) ) ;
#5191 = CARTESIAN_POINT ( 'NONE',  ( -4.628839625883694353, -9.929509541872022282, 31.13623739018234815 ) ) ;
#5192 = CARTESIAN_POINT ( 'NONE',  ( -14.29871016459282451, -8.644116482698212423, -11.79893595535353157 ) ) ;
#5193 = CARTESIAN_POINT ( 'NONE',  ( -12.02531957065243695, 11.43069111738167187, 7.074201724917983825 ) ) ;
#5194 = CARTESIAN_POINT ( 'NONE',  ( -5.028596067308338746, 13.33221282948812103, 28.37954607238419058 ) ) ;
#5195 = CARTESIAN_POINT ( 'NONE',  ( -19.24519898143821450, 5.912155854689663315, -7.231946103065689080 ) ) ;
#5196 = CARTESIAN_POINT ( 'NONE',  ( -5.503905307374530764, -15.41153310721907133, -20.18761839752329124 ) ) ;
#5197 = CARTESIAN_POINT ( 'NONE',  ( -17.85678583267853625, 2.354282955802303068, 11.35188116378856193 ) ) ;
#5198 = CARTESIAN_POINT ( 'NONE',  ( -20.00000000000002842, -2.854818440668071222, -13.25549852242240867 ) ) ;
#5199 = CARTESIAN_POINT ( 'NONE',  ( -3.435243246598301603, 5.225033565048670781, 35.55738025628875931 ) ) ;
#5200 = CARTESIAN_POINT ( 'NONE',  ( -14.32451212309622868, -8.854833653726066345, 11.18300702501276156 ) ) ;
#5201 = CARTESIAN_POINT ( 'NONE',  ( -13.08234297151023995, -9.456708116011112608, -12.69971342836161199 ) ) ;
#5202 = ORIENTED_EDGE ( 'NONE', *, *, #403, .T. ) ;
#5203 = CARTESIAN_POINT ( 'NONE',  ( -16.14776073512917876, 7.578413564691721227, 10.04810494533371745 ) ) ;
#5204 = CARTESIAN_POINT ( 'NONE',  ( -13.04565201717066891, 9.260174807139890163, -13.41070024267744287 ) ) ;
#5205 = FACE_OUTER_BOUND ( 'NONE', #6186, .T. ) ;
#5206 = CARTESIAN_POINT ( 'NONE',  ( -3.702943785484419603, -12.88549705387863931, -29.98695158216105128 ) ) ;
#5207 = CARTESIAN_POINT ( 'NONE',  ( -4.849999999999998757, -15.80651549583910231, -8.329708450771633466E-14 ) ) ;
#5208 = CARTESIAN_POINT ( 'NONE',  ( -17.92830690063897947, -5.383992299002571258, 9.601628870392936221 ) ) ;
#5209 = VECTOR ( 'NONE', #668, 1000.000000000000000 ) ;
#5210 = CARTESIAN_POINT ( 'NONE',  ( -20.00000000000002842, -10.47782706891512028, 5.216689543844623245 ) ) ;
#5211 = ORIENTED_EDGE ( 'NONE', *, *, #2219, .T. ) ;
#5212 = EDGE_CURVE ( 'NONE', #7683, #7605, #1283, .T. ) ;
#5213 = CARTESIAN_POINT ( 'NONE',  ( -11.85108250542194774, -10.21849899509007997, -13.79214692905757467 ) ) ;
#5214 = CARTESIAN_POINT ( 'NONE',  ( -15.56661117156949281, 8.290471126024263171, 9.815015087198021959 ) ) ;
#5215 = CARTESIAN_POINT ( 'NONE',  ( -17.85156930815353604, 2.069307300139556993, -11.43449304855200843 ) ) ;
#5216 = CARTESIAN_POINT ( 'NONE',  ( -4.628609323645899387, 14.82152330911475069, 14.33583445418265256 ) ) ;
#5217 = CARTESIAN_POINT ( 'NONE',  ( -20.00000000000003197, 7.748822886637449336, 9.777798356127361146 ) ) ;
#5218 = CARTESIAN_POINT ( 'NONE',  ( -6.643628322139252695, -5.952400135836755979, 29.57357855075433406 ) ) ;
#5219 = CARTESIAN_POINT ( 'NONE',  ( 0.02804523991775025038, -15.72634513090369701, -25.57286388996184456 ) ) ;
#5220 = CARTESIAN_POINT ( 'NONE',  ( -5.863637528165088320, -11.77462192978722477, 28.68962748902626103 ) ) ;
#5221 = CARTESIAN_POINT ( 'NONE',  ( -16.16639125181979253, -7.754825160510751658, -9.698812966758261211 ) ) ;
#5222 = ORIENTED_EDGE ( 'NONE', *, *, #840, .T. ) ;
#5223 = CARTESIAN_POINT ( 'NONE',  ( 0.0000000000000000000, 17.74999999999999645, -9.833252326675911092 ) ) ;
#5224 = AXIS2_PLACEMENT_3D ( 'NONE', #2303, #2975, #4804 ) ;
#5225 = CARTESIAN_POINT ( 'NONE',  ( -6.765899082514155616, -12.38601019371411027, -22.61693619231452601 ) ) ;
#5226 = CARTESIAN_POINT ( 'NONE',  ( -4.849999999999994316, -15.21612629098983938, -25.78416917158412502 ) ) ;
#5227 = CARTESIAN_POINT ( 'NONE',  ( -5.347423416501652760, -15.54444169806808773, 17.31134211535289680 ) ) ;
#5228 = CARTESIAN_POINT ( 'NONE',  ( 0.0000000000000000000, 25.24999999999999289, 41.24999999999995737 ) ) ;
#5229 = CARTESIAN_POINT ( 'NONE',  ( -14.61272810264116018, -10.99282831978832498, -0.2682705648306599744 ) ) ;
#5230 = CARTESIAN_POINT ( 'NONE',  ( -5.049999999999999822, 15.73000000000001108, 16.77828324328961074 ) ) ;
#5231 = ADVANCED_FACE ( 'NONE', ( #6092, #6133 ), #1500, .T. ) ;
#5232 = CARTESIAN_POINT ( 'NONE',  ( 0.02782555748655110225, -16.68409726156772166, 17.52416691918125480 ) ) ;
#5233 = CARTESIAN_POINT ( 'NONE',  ( -17.37460096141739996, -6.807291406444042181, -9.033429153575836423 ) ) ;
#5234 = CARTESIAN_POINT ( 'NONE',  ( -5.033792246983140650, 14.09594788666578502, 27.01659711300550271 ) ) ;
#5235 = CARTESIAN_POINT ( 'NONE',  ( -4.473496961238457637, 14.89982675284674762, -19.00937347492086005 ) ) ;
#5236 = CARTESIAN_POINT ( 'NONE',  ( -5.044755000616260254, -15.73209799975340850, -20.03181184127465997 ) ) ;
#5237 = CARTESIAN_POINT ( 'NONE',  ( -4.156159212261027136, 7.720360246657348213, 33.15090691793396616 ) ) ;
#5238 = CARTESIAN_POINT ( 'NONE',  ( -18.46083726751115961, -9.079823658066919378, -6.262207087711626485 ) ) ;
#5239 = CARTESIAN_POINT ( 'NONE',  ( -3.494004935789724264, -8.142389390922442516, 34.19040792508881310 ) ) ;
#5240 = CARTESIAN_POINT ( 'NONE',  ( -15.54498334109766589, -8.043725198250474051, 10.37070043278677467 ) ) ;
#5241 = CARTESIAN_POINT ( 'NONE',  ( -15.53617672329738930, -7.948882960637279282, -10.58076514361805920 ) ) ;
#5242 = ORIENTED_EDGE ( 'NONE', *, *, #4865, .F. ) ;
#5243 = CARTESIAN_POINT ( 'NONE',  ( 5.000000000000000000, 17.75000000000001066, -19.99999999999995381 ) ) ;
#5244 = CARTESIAN_POINT ( 'NONE',  ( -17.96349046639030789, 6.072692591855997080, -8.922443367630723543 ) ) ;
#5245 = CARTESIAN_POINT ( 'NONE',  ( -4.535127756955637857, 15.93594889721775765, -19.94121825531165371 ) ) ;
#5246 = CARTESIAN_POINT ( 'NONE',  ( -3.730802218334867693, 13.19366942680758648, -29.51285309818863922 ) ) ;
#5247 = DIRECTION ( 'NONE',  ( 0.0000000000000000000, -1.000000000000000000, 0.0000000000000000000 ) ) ;
#5248 = CARTESIAN_POINT ( 'NONE',  ( -5.000000000000000000, -15.74999999999999645, -9.508162284858814317 ) ) ;
#5249 = CARTESIAN_POINT ( 'NONE',  ( -6.812239442791786281, -12.93947829373036207, 21.00266638553234344 ) ) ;
#5250 = LINE ( 'NONE', #6494, #7640 ) ;
#5251 = AXIS2_PLACEMENT_3D ( 'NONE', #3852, #4531, #646 ) ;
#5252 = CARTESIAN_POINT ( 'NONE',  ( -16.76134307269931156, -7.202143038539090547, -9.525760107501618279 ) ) ;
#5253 = CARTESIAN_POINT ( 'NONE',  ( -16.77224614253838908, 7.325889658333103682, 9.315950145577851060 ) ) ;
#5254 = CARTESIAN_POINT ( 'NONE',  ( -6.647920330170781433, 6.785955153435372367, -29.16081206429286610 ) ) ;
#5255 = CARTESIAN_POINT ( 'NONE',  ( -1.524319402890895736, 16.06323927741675206, 18.78522874950386878 ) ) ;
#5256 = CARTESIAN_POINT ( 'NONE',  ( -20.00000000000002842, 9.810351882040082572, 6.688757908446313571 ) ) ;
#5257 = EDGE_CURVE ( 'NONE', #5611, #739, #1287, .T. ) ;
#5258 = CARTESIAN_POINT ( 'NONE',  ( -4.146574080058033296, -5.879027040017853700, 34.08932512783847812 ) ) ;
#5259 = CARTESIAN_POINT ( 'NONE',  ( -4.628761608559409879, -6.722029892652527039, -33.23660270286305973 ) ) ;
#5260 = CARTESIAN_POINT ( 'NONE',  ( -4.663119751153952386, -15.88475209953842437, -16.63952091926691423 ) ) ;
#5261 = ORIENTED_EDGE ( 'NONE', *, *, #5257, .F. ) ;
#5262 = CARTESIAN_POINT ( 'NONE',  ( -4.488342619073839579, -14.89078911966127983, -17.71842336199514278 ) ) ;
#5263 = CARTESIAN_POINT ( 'NONE',  ( -5.049999999999990052, 14.86851507317537369, -26.29689931354198151 ) ) ;
#5264 = CARTESIAN_POINT ( 'NONE',  ( -9.144587130056121893, -6.397489166375990521, -24.81109066303893229 ) ) ;
#5265 = CARTESIAN_POINT ( 'NONE',  ( -17.78276218839815570, -6.596239434225767084, -8.621769381816124067 ) ) ;
#5266 = CARTESIAN_POINT ( 'NONE',  ( -5.385162085993302483, -15.51236931666486463, 18.60156858065133534 ) ) ;
#5267 = LINE ( 'NONE', #5889, #949 ) ;
#5268 = CARTESIAN_POINT ( 'NONE',  ( -17.72858790831148568, -9.798059997903134644, -0.2209409422895776687 ) ) ;
#5269 = CARTESIAN_POINT ( 'NONE',  ( -5.000000000000010658, 11.33002742434157639, -31.51843978945195701 ) ) ;
#5270 = CARTESIAN_POINT ( 'NONE',  ( -3.076464363268370583, -15.44238129326575404, 10.89705904184156893 ) ) ;
#5271 = CARTESIAN_POINT ( 'NONE',  ( -14.28379446763774574, -8.539258245988515128, -12.09033411470317354 ) ) ;
#5272 = CARTESIAN_POINT ( 'NONE',  ( -3.879581330252474647, 14.56204680058878687, 27.11484131893463712 ) ) ;
#5273 = CARTESIAN_POINT ( 'NONE',  ( -14.35420326013973025, 9.164450714656982910, -10.28652334470798735 ) ) ;
#5274 = CARTESIAN_POINT ( 'NONE',  ( -5.480542964804760331, -15.43518503283596033, -19.99999999967030817 ) ) ;
#5275 = ADVANCED_FACE ( 'NONE', ( #3537 ), #7429, .F. ) ;
#5276 = CARTESIAN_POINT ( 'NONE',  ( -15.37495865688668317, 4.100973988397502268, 14.92926595443139171 ) ) ;
#5277 = CARTESIAN_POINT ( 'NONE',  ( -20.00000000000111200, -6.331646725092990202, -7.850836541332834706 ) ) ;
#5278 = CARTESIAN_POINT ( 'NONE',  ( -3.424643106325084396, -4.229791273154310360, 35.83324336459143922 ) ) ;
#5279 = CARTESIAN_POINT ( 'NONE',  ( -16.15915997491682887, -7.676862660626004420, 9.852354675704281917 ) ) ;
#5280 = EDGE_CURVE ( 'NONE', #1246, #7263, #2129, .T. ) ;
#5281 = CARTESIAN_POINT ( 'NONE',  ( -4.463031491478014701, -14.90639739805928521, -19.98622283772077068 ) ) ;
#5282 = CARTESIAN_POINT ( 'NONE',  ( -1.524210609584468967, 15.12138906185110265, 25.41991040411767955 ) ) ;
#5283 = CARTESIAN_POINT ( 'NONE',  ( -18.19263359469415420, 5.336338083398839416, 11.30235603904887931 ) ) ;
#5284 = CARTESIAN_POINT ( 'NONE',  ( -13.05705840157053288, 9.333627890490472367, -13.17077609898190715 ) ) ;
#5285 = EDGE_CURVE ( 'NONE', #4895, #2754, #7943, .T. ) ;
#5286 = CARTESIAN_POINT ( 'NONE',  ( -4.529439252000610594, 15.93822429919976358, -19.97701971128063647 ) ) ;
#5287 = CARTESIAN_POINT ( 'NONE',  ( -4.013320712504322429, -15.29961877127695757, -25.26332053311534054 ) ) ;
#5288 = CARTESIAN_POINT ( 'NONE',  ( -5.480542964803912120, 15.43518503283621435, -19.99999999967443287 ) ) ;
#5289 = CARTESIAN_POINT ( 'NONE',  ( -4.850000000000002309, 6.972997297138873840, 34.46578159907269878 ) ) ;
#5290 = CARTESIAN_POINT ( 'NONE',  ( -16.73859052724488805, -6.930401899326152915, 9.962395365214016252 ) ) ;
#5291 = CARTESIAN_POINT ( 'NONE',  ( -20.00000000000003553, -5.090877302849887265, -12.21799899673905365 ) ) ;
#5292 =( BOUNDED_SURFACE ( )  B_SPLINE_SURFACE ( 3, 2, ( 
 ( #7990, #1040, #1001 ),
 ( #7483, #1555, #6189 ),
 ( #6725, #961, #4898 ),
 ( #1724, #3550, #6106 ),
 ( #423, #4292, #8035 ),
 ( #2222, #2979, #2267 ),
 ( #4939, #7444, #8157 ),
 ( #5525, #5563, #3507 ),
 ( #340, #5445, #8120 ),
 ( #1595, #2350, #6854 ),
 ( #301, #2897, #4210 ),
 ( #5485, #4856, #1081 ),
 ( #3671, #6230, #7403 ),
 ( #4126, #463, #1639 ),
 ( #3020, #1684, #6773 ),
 ( #4811, #3592, #4250 ),
 ( #5603, #7358, #4769 ),
 ( #2939, #2309, #7320 ),
 ( #6683, #921, #8080 ),
 ( #6148, #6066, #2855 ),
 ( #382, #4377, #8199 ),
 ( #7062, #3108, #2563 ),
 ( #5815, #5155, #3155 ),
 ( #1127, #2436, #6935 ),
 ( #3197, #5025, #7563 ),
 ( #6395, #4472, #6268 ),
 ( #1848, #3711, #633 ),
 ( #1935, #8283, #1808 ),
 ( #4980, #1170, #6352 ),
 ( #593, #1262, #5728 ),
 ( #5641, #4423, #3062 ),
 ( #5112, #3751, #7652 ),
 ( #7023, #5771, #2522 ),
 ( #6308, #545, #18 ),
 ( #5684, #6981, #1216 ),
 ( #7695, #2477, #4518 ),
 ( #8241, #1893, #5067 ),
 ( #1768, #3840, #7608 ),
 ( #503, #3797, #1302 ),
 ( #3877, #6436, #674 ),
 ( #3239, #2391, #7522 ),
 ( #4332, #6896, #7266 ),
 ( #7736, #5855, #4557 ),
 ( #5314, #7893, #7186 ),
 ( #2094, #7856, #2135 ),
 ( #6597, #4717, #6636 ),
 ( #833, #4677, #7099 ),
 ( #1974, #2687, #1425 ),
 ( #6477, #1464, #3994 ),
 ( #3449, #7817, #211 ),
 ( #58, #4034, #3409 ),
 ( #5976, #3324, #2767 ),
 ( #6556, #93, #5353 ),
 ( #1505, #1346, #4073 ),
 ( #172, #871, #792 ),
 ( #2607, #5194, #3919 ),
 ( #713, #3281, #2646 ),
 ( #5272, #5234, #133 ),
 ( #7774, #3957, #2015 ),
 ( #3366, #4596, #7142 ),
 ( #1385, #6517, #5894 ),
 ( #2056, #5934, #2727 ),
 ( #752, #7226, #4638 ),
 ( #5475, #6179, #4800 ),
 ( #3493, #4240, #247 ),
 ( #6137, #1073, #6844 ),
 ( #6805, #2343, #6714 ),
 ( #371, #6013, #415 ),
 ( #1674, #4759, #6056 ),
 ( #6673, #1031, #289 ),
 ( #3621, #2972, #8069 ),
 ( #5556, #1716, #2299 ),
 ( #2845, #4887, #4200 ),
 ( #7433, #952, #2803 ),
 ( #1628, #8111, #6762 ),
 ( #910, #8024, #5434 ),
 ( #4931, #2174, #7309 ),
 ( #991, #7473, #2927 ) ),
 .UNSPECIFIED., .F., .F., .F. ) 
 B_SPLINE_SURFACE_WITH_KNOTS ( ( 4, 2, 2, 2, 2, 2, 2, 2, 2, 2, 2, 2, 2, 2, 2, 2, 2, 2, 2, 2, 2, 2, 2, 2, 2, 2, 2, 2, 2, 2, 2, 2, 2, 2, 2, 2, 2, 2, 4 ),
 ( 3, 3 ),
 ( -3.469446951953614189E-18, 7.154697437887617723E-05, 0.0001073204615683160073, 0.0001252072051630359292, 0.0001430939487577558239, 0.0002861878975155151173, 0.0005723757950310337040, 0.001144751590062070877, 0.002289503180124145224, 0.003434254770186219788, 0.004579006360248293918, 0.006868509540372443045, 0.008013261130434518043, 0.009158012720496591305, 0.01144751590062073957, 0.01259226749068281456, 0.01373701908074488956, 0.01488177067080696282, 0.01602652226086903609, 0.01831602544099318608, 0.01946077703105526108, 0.02060552862111733607, 0.02289503180124148607, 0.02403978339130356107, 0.02518453498136563606, 0.02632928657142771106, 0.02747403816148978259, 0.02976354134161392911, 0.03090829293167600411, 0.03205304452173807911, 0.03434254770186222910, 0.03548729929192430410, 0.03605967508695534507, 0.03634586298447085861, 0.03648895693322862233, 0.03650684367682334452, 0.03652473042041805978, 0.03656050390760749724, 0.03663205088198637910 ),
 ( 0.0000000000000000000, 1.000000000000000000 ),
 .UNSPECIFIED. ) 
 GEOMETRIC_REPRESENTATION_ITEM ( )  RATIONAL_B_SPLINE_SURFACE ( (
 ( 1.000000000000000000, 0.9942922516927505949, 1.000000000000000000),
 ( 1.000000000000000000, 0.9941714236937577720, 1.000000000000000000),
 ( 1.000000000000000000, 0.9940502025211936932, 1.000000000000000000),
 ( 1.000000000000000000, 0.9938679945886185196, 1.000000000000000000),
 ( 1.000000000000000000, 0.9938071956342775515, 1.000000000000000000),
 ( 1.000000000000000000, 0.9937159258632028980, 1.000000000000000000),
 ( 1.000000000000000000, 0.9936854906815962840, 1.000000000000000000),
 ( 1.000000000000000000, 0.9936246000400169587, 1.000000000000000000),
 ( 1.000000000000000000, 0.9935901031511202852, 1.000000000000000000),
 ( 1.000000000000000000, 0.9933589651087336714, 1.000000000000000000),
 ( 1.000000000000000000, 0.9931564301865959399, 1.000000000000000000),
 ( 1.000000000000000000, 0.9925369625856970135, 1.000000000000000000),
 ( 1.000000000000000000, 0.9921176380208023282, 1.000000000000000000),
 ( 1.000000000000000000, 0.9908450638743498962, 1.000000000000000000),
 ( 1.000000000000000000, 0.9899773946349729181, 1.000000000000000000),
 ( 1.000000000000000000, 0.9873435577250515571, 1.000000000000000000),
 ( 1.000000000000000000, 0.9855479373113599229, 1.000000000000000000),
 ( 1.000000000000000000, 0.9819677114977033439, 1.000000000000000000),
 ( 1.000000000000000000, 0.9801822714512776757, 1.000000000000000000),
 ( 1.000000000000000000, 0.9766733684738878596, 1.000000000000000000),
 ( 1.000000000000000000, 0.9749731081305690328, 1.000000000000000000),
 ( 1.000000000000000000, 0.9701946269607344409, 1.000000000000000000),
 ( 1.000000000000000000, 0.9673160504258724313, 1.000000000000000000),
 ( 1.000000000000000000, 0.9633401056941923724, 1.000000000000000000),
 ( 1.000000000000000000, 0.9620728397749398475, 1.000000000000000000),
 ( 1.000000000000000000, 0.9596550684386107033, 1.000000000000000000),
 ( 1.000000000000000000, 0.9585485613331333754, 1.000000000000000000),
 ( 1.000000000000000000, 0.9554820893235248525, 1.000000000000000000),
 ( 1.000000000000000000, 0.9537230478786288268, 1.000000000000000000),
 ( 1.000000000000000000, 0.9514625037495605397, 1.000000000000000000),
 ( 1.000000000000000000, 0.9507767809435200279, 1.000000000000000000),
 ( 1.000000000000000000, 0.9495403526508502390, 1.000000000000000000),
 ( 1.000000000000000000, 0.9489854907636965375, 1.000000000000000000),
 ( 1.000000000000000000, 0.9480141460818445331, 1.000000000000000000),
 ( 1.000000000000000000, 0.9475903184627070264, 1.000000000000000000),
 ( 1.000000000000000000, 0.9468544596128525281, 1.000000000000000000),
 ( 1.000000000000000000, 0.9465420434310231057, 1.000000000000000000),
 ( 1.000000000000000000, 0.9458163056000702396, 1.000000000000000000),
 ( 1.000000000000000000, 0.9455962818494904054, 1.000000000000000000),
 ( 1.000000000000000000, 0.9455921606651043199, 1.000000000000000000),
 ( 1.000000000000000000, 0.9456468198699863326, 1.000000000000000000),
 ( 1.000000000000000000, 0.9458771499060323329, 1.000000000000000000),
 ( 1.000000000000000000, 0.9460515360073279423, 1.000000000000000000),
 ( 1.000000000000000000, 0.9467681418193489851, 1.000000000000000000),
 ( 1.000000000000000000, 0.9474928433324967258, 1.000000000000000000),
 ( 1.000000000000000000, 0.9489592554533335944, 1.000000000000000000),
 ( 1.000000000000000000, 0.9495197694592706350, 1.000000000000000000),
 ( 1.000000000000000000, 0.9507534372358382724, 1.000000000000000000),
 ( 1.000000000000000000, 0.9514290959502492706, 1.000000000000000000),
 ( 1.000000000000000000, 0.9529147575807207504, 1.000000000000000000),
 ( 1.000000000000000000, 0.9537273058273121329, 1.000000000000000000),
 ( 1.000000000000000000, 0.9554999033051962964, 1.000000000000000000),
 ( 1.000000000000000000, 0.9564625013852873225, 1.000000000000000000),
 ( 1.000000000000000000, 0.9595385539234367878, 1.000000000000000000),
 ( 1.000000000000000000, 0.9619227128165284135, 1.000000000000000000),
 ( 1.000000000000000000, 0.9658966104735312586, 1.000000000000000000),
 ( 1.000000000000000000, 0.9672976399921839885, 1.000000000000000000),
 ( 1.000000000000000000, 0.9702321654173686749, 1.000000000000000000),
 ( 1.000000000000000000, 0.9717506546523201338, 1.000000000000000000),
 ( 1.000000000000000000, 0.9764938077814809825, 1.000000000000000000),
 ( 1.000000000000000000, 0.9800360249348470942, 1.000000000000000000),
 ( 1.000000000000000000, 0.9854819854768633869, 1.000000000000000000),
 ( 1.000000000000000000, 0.9873081542844274194, 1.000000000000000000),
 ( 1.000000000000000000, 0.9899651168233970511, 1.000000000000000000),
 ( 1.000000000000000000, 0.9908381980441920422, 1.000000000000000000),
 ( 1.000000000000000000, 0.9921154606209494631, 1.000000000000000000),
 ( 1.000000000000000000, 0.9925357788969189077, 1.000000000000000000),
 ( 1.000000000000000000, 0.9931559189193024384, 1.000000000000000000),
 ( 1.000000000000000000, 0.9933608025118643159, 1.000000000000000000),
 ( 1.000000000000000000, 0.9935893491380798359, 1.000000000000000000),
 ( 1.000000000000000000, 0.9936240295888324470, 1.000000000000000000),
 ( 1.000000000000000000, 0.9936849199948710742, 1.000000000000000000),
 ( 1.000000000000000000, 0.9937153587471132532, 1.000000000000000000),
 ( 1.000000000000000000, 0.9938066505627610736, 1.000000000000000000),
 ( 1.000000000000000000, 0.9938674793211506042, 1.000000000000000000),
 ( 1.000000000000000000, 0.9940498241559272419, 1.000000000000000000),
 ( 1.000000000000000000, 0.9941711999124926979, 1.000000000000000000),
 ( 1.000000000000000000, 0.9942922516901492314, 1.000000000000000000) ) ) 
 REPRESENTATION_ITEM ( '' )  SURFACE ( )  );
#5293 = CARTESIAN_POINT ( 'NONE',  ( -13.07991854680626709, -9.451362342627000146, -12.72506686604427095 ) ) ;
#5294 = CARTESIAN_POINT ( 'NONE',  ( -6.936519412536927831, 13.34529662458871968, 17.64033562466340399 ) ) ;
#5295 = CARTESIAN_POINT ( 'NONE',  ( -15.98062242198505523, 2.305010415600943663, -14.60059640844657736 ) ) ;
#5296 = CARTESIAN_POINT ( 'NONE',  ( -4.628609323645894058, 14.82152330911475424, 19.70852100903349324 ) ) ;
#5297 = CARTESIAN_POINT ( 'NONE',  ( -20.00000000000002842, 8.158994845543546148, 9.255108269058284876 ) ) ;
#5298 = CARTESIAN_POINT ( 'NONE',  ( -15.35609429224643918, -1.604564820217890819, 15.83457086875860931 ) ) ;
#5299 = CARTESIAN_POINT ( 'NONE',  ( -4.628869702351845916, -13.31703598684073597, -26.73391610608274149 ) ) ;
#5300 = CARTESIAN_POINT ( 'NONE',  ( -5.830391029254172963, -13.42067154066794288, 26.34551408235075698 ) ) ;
#5301 = ORIENTED_EDGE ( 'NONE', *, *, #8066, .F. ) ;
#5302 = ORIENTED_EDGE ( 'NONE', *, *, #6548, .T. ) ;
#5303 = CARTESIAN_POINT ( 'NONE',  ( 0.0000000000000000000, -17.74999999999998934, 9.833252326675969712 ) ) ;
#5304 = CARTESIAN_POINT ( 'NONE',  ( -17.23892913470228194, -3.238742983183390489, -12.08865806277970378 ) ) ;
#5305 = CARTESIAN_POINT ( 'NONE',  ( -16.58030099447290340, 7.308572267112878329, 9.682145146941653735 ) ) ;
#5306 = CIRCLE ( 'NONE', #6238, 2.000000000000001776 ) ;
#5307 = CARTESIAN_POINT ( 'NONE',  ( 0.0000000000000000000, -21.24999999999997868, -45.25000000000000711 ) ) ;
#5308 = CARTESIAN_POINT ( 'NONE',  ( -5.327916304023383454, -15.56004483522176329, 16.66607435064425502 ) ) ;
#5309 = CARTESIAN_POINT ( 'NONE',  ( 3.000000000000000000, 19.99999999999999645, -34.50000000000000000 ) ) ;
#5310 = CARTESIAN_POINT ( 'NONE',  ( -19.50139867170287999, -8.398212089937263869, -3.647483955126097577 ) ) ;
#5311 = CARTESIAN_POINT ( 'NONE',  ( -18.29174351021106659, -7.275969417318381538, -9.239326243656538651 ) ) ;
#5312 = CARTESIAN_POINT ( 'NONE',  ( -3.076464363268369251, -15.44238129326575759, 3.149196269521899794 ) ) ;
#5313 = CARTESIAN_POINT ( 'NONE',  ( -16.13285261028867978, -7.438739950798083811, -10.31503728173724888 ) ) ;
#5314 = CARTESIAN_POINT ( 'NONE',  ( -3.423703658947679696, 4.230463715604408037, 35.86012889747159704 ) ) ;
#5315 = CARTESIAN_POINT ( 'NONE',  ( -16.78000985878965778, 7.411556847562007277, -9.167903704182567282 ) ) ;
#5316 = CARTESIAN_POINT ( 'NONE',  ( -4.517309230358621086, -15.94307031238447259, -20.06889339430694363 ) ) ;
#5317 = CARTESIAN_POINT ( 'NONE',  ( -15.35457257180172519, 1.122386478585762237, 15.91452682447480349 ) ) ;
#5318 = CARTESIAN_POINT ( 'NONE',  ( -18.27600891781122527, -7.074694532215288767, -9.510638967259184895 ) ) ;
#5319 = CARTESIAN_POINT ( 'NONE',  ( -4.292740000754670326, 15.89897700572879025, 22.13018918365782639 ) ) ;
#5320 = CARTESIAN_POINT ( 'NONE',  ( -18.01142657631092092, -6.654631523494836109, 8.215769509570632678 ) ) ;
#5321 = CARTESIAN_POINT ( 'NONE',  ( -17.99795318386184206, -6.491503936524306795, -8.423472794563366506 ) ) ;
#5322 = CARTESIAN_POINT ( 'NONE',  ( -3.076593878694777739, 9.313968012122108675, 32.34840092603526784 ) ) ;
#5323 = CARTESIAN_POINT ( 'NONE',  ( -17.37799382883509836, 6.844182183245163031, 8.979494815361084292 ) ) ;
#5324 = CARTESIAN_POINT ( 'NONE',  ( -17.34582877557542346, 6.450956616359483142, -9.518754898425115130 ) ) ;
#5325 = CARTESIAN_POINT ( 'NONE',  ( -5.518537433294580907, 15.39346925407640754, -20.33799987764483319 ) ) ;
#5326 = CARTESIAN_POINT ( 'NONE',  ( -4.375176362889851234, -15.94620803301523715, -21.33231702291483600 ) ) ;
#5327 = DIRECTION ( 'NONE',  ( 0.0000000000000000000, -1.734723475976807587E-16, 1.000000000000000000 ) ) ;
#5328 = CARTESIAN_POINT ( 'NONE',  ( -5.000000000000017764, -15.11169356656806606, 25.61698881536387518 ) ) ;
#5329 = CARTESIAN_POINT ( 'NONE',  ( -15.45303439414943725, -6.954921210700187650, 12.34156632844197610 ) ) ;
#5330 = CARTESIAN_POINT ( 'NONE',  ( -4.568348605392818840, 15.92266055784288525, -19.53616496997489094 ) ) ;
#5331 = ADVANCED_FACE ( 'NONE', ( #243 ), #2840, .T. ) ;
#5332 = CARTESIAN_POINT ( 'NONE',  ( -14.30553669292423891, -8.686551536812885388, -11.67297330997688398 ) ) ;
#5333 = CARTESIAN_POINT ( 'NONE',  ( -19.24188385181972905, 5.867244061037975911, 7.272927363178252946 ) ) ;
#5334 = CARTESIAN_POINT ( 'NONE',  ( -19.10782137699674976, 2.424145572112013092, -9.226823717874379938 ) ) ;
#5335 = CARTESIAN_POINT ( 'NONE',  ( -1.524319402890894848, 16.06323927741675206, 19.75686515254801989 ) ) ;
#5336 = VECTOR ( 'NONE', #7387, 1000.000000000000000 ) ;
#5337 = CARTESIAN_POINT ( 'NONE',  ( -20.00000000000002842, 10.31860046705232214, 5.565241967128784495 ) ) ;
#5338 = CARTESIAN_POINT ( 'NONE',  ( -4.151612797220501250, -6.831636623957758836, 33.60148830635410633 ) ) ;
#5339 = CARTESIAN_POINT ( 'NONE',  ( -1.524241095246494426, -7.389280148635021028, -34.29271876815403886 ) ) ;
#5340 = DIRECTION ( 'NONE',  ( 0.0000000000000000000, 0.0000000000000000000, 1.000000000000000000 ) ) ;
#5341 = ORIENTED_EDGE ( 'NONE', *, *, #5602, .T. ) ;
#5342 = CARTESIAN_POINT ( 'NONE',  ( -0.0000000000000000000, 17.75000000000001776, -22.26495387113477165 ) ) ;
#5343 = CARTESIAN_POINT ( 'NONE',  ( -14.56061365737093993, 10.68076292440822783, 4.238210782832957157 ) ) ;
#5344 = CARTESIAN_POINT ( 'NONE',  ( -11.62461519125023557, -4.171345377732928128, -21.55539863405762446 ) ) ;
#5345 = CARTESIAN_POINT ( 'NONE',  ( -4.541520267650519749, -14.85635893151288123, -19.93414036259472155 ) ) ;
#5346 = CARTESIAN_POINT ( 'NONE',  ( 3.000000000000000000, 25.24999999999999289, 41.24999999999995737 ) ) ;
#5347 = CARTESIAN_POINT ( 'NONE',  ( -4.727253765542269726, -15.85909849378310987, 14.70860102641309908 ) ) ;
#5348 = CARTESIAN_POINT ( 'NONE',  ( -4.540487515936259655, 14.85677203219860587, 19.99999998979182791 ) ) ;
#5349 = CARTESIAN_POINT ( 'NONE',  ( -18.29126772215429142, -9.144093137702837382, -3.308495176167256524 ) ) ;
#5350 = CIRCLE ( 'NONE', #6277, 2.000000000000001776 ) ;
#5351 = CARTESIAN_POINT ( 'NONE',  ( -1.524319402891594954, -16.06323927741646074, 10.80071149188191626 ) ) ;
#5352 = CARTESIAN_POINT ( 'NONE',  ( -17.36690026940271991, -6.720141593672728675, -9.158122016705805279 ) ) ;
#5353 = CARTESIAN_POINT ( 'NONE',  ( -5.873198981076678926, 9.804669676553546154, 30.67192141562296115 ) ) ;
#5354 = CARTESIAN_POINT ( 'NONE',  ( -3.252606517456512316E-16, -16.60717786929386364, 21.55029205530622605 ) ) ;
#5355 = CARTESIAN_POINT ( 'NONE',  ( -18.47467040888396284, 1.561204636162711434, 10.48621208939477256 ) ) ;
#5356 = CARTESIAN_POINT ( 'NONE',  ( -20.00000000000002487, -6.009607349372600993, -8.113178018357050547 ) ) ;
#5357 = CARTESIAN_POINT ( 'NONE',  ( -3.403472256162033638, 1.052566111572651009, 36.36380226640117286 ) ) ;
#5358 = EDGE_CURVE ( 'NONE', #7614, #1225, #3443, .T. ) ;
#5359 = CARTESIAN_POINT ( 'NONE',  ( -9.537754176862483391, -12.51696633902775702, 8.574346474192838130 ) ) ;
#5360 = ORIENTED_EDGE ( 'NONE', *, *, #2286, .T. ) ;
#5361 = DIRECTION ( 'NONE',  ( 1.000000000000000000, 0.0000000000000000000, -0.0000000000000000000 ) ) ;
#5362 = CARTESIAN_POINT ( 'NONE',  ( -4.628869702351837034, 13.31703598684076795, 26.73391610608276991 ) ) ;
#5363 = CARTESIAN_POINT ( 'NONE',  ( -4.628130954662524665, 14.82171465670809773, 4.566842796743230792 ) ) ;
#5364 = CARTESIAN_POINT ( 'NONE',  ( -6.883479517870134679, 13.26981638358759419, -19.04432439894847562 ) ) ;
#5365 = CARTESIAN_POINT ( 'NONE',  ( -5.045120943074302033, 15.73195162277032111, -20.04617381071539128 ) ) ;
#5366 = CARTESIAN_POINT ( 'NONE',  ( -4.525595326351320224, 15.93976186945954687, 19.99999998973654058 ) ) ;
#5367 = CARTESIAN_POINT ( 'NONE',  ( -20.00000000000000000, -6.186885977935716596, -7.856363146903436956 ) ) ;
#5368 = CARTESIAN_POINT ( 'NONE',  ( -5.000000000000000888, 4.879235440784648326, 35.00482845895728445 ) ) ;
#5369 = CARTESIAN_POINT ( 'NONE',  ( -13.07103220349955564, -9.397179029451052656, 12.92886644631871818 ) ) ;
#5370 = CARTESIAN_POINT ( 'NONE',  ( -5.442155035575480859, -15.46707408157281094, 19.77457844629419981 ) ) ;
#5371 = CARTESIAN_POINT ( 'NONE',  ( -17.37628993821661183, -6.825773169544471664, -9.006501303965848138 ) ) ;
#5372 = CARTESIAN_POINT ( 'NONE',  ( -13.08534234889772385, 9.502716955839277446, 12.53433085264362035 ) ) ;
#5373 = CARTESIAN_POINT ( 'NONE',  ( -17.23170448358832019, 2.613740404980673393, -12.34108514303943771 ) ) ;
#5374 = CARTESIAN_POINT ( 'NONE',  ( 0.02782555748663725556, 16.68409726156776074, 16.05926303215120399 ) ) ;
#5375 = CARTESIAN_POINT ( 'NONE',  ( -20.00000000000002487, 11.18624383240907605, -2.840364409279489077 ) ) ;
#5376 = CARTESIAN_POINT ( 'NONE',  ( -14.11796328545944590, -3.337024970910970278, 17.48387887498018856 ) ) ;
#5377 = AXIS2_PLACEMENT_3D ( 'NONE', #7603, #7057, #5598 ) ;
#5378 = CARTESIAN_POINT ( 'NONE',  ( -1.524241316558819115, 6.128641395855549234, -34.87786302476395406 ) ) ;
#5379 = CARTESIAN_POINT ( 'NONE',  ( -5.868838747351952989, 4.706221167834628183, 33.54318673172258514 ) ) ;
#5380 = VERTEX_POINT ( 'NONE', #4111 ) ;
#5381 = CARTESIAN_POINT ( 'NONE',  ( -5.050000000000010481, 11.31345246141639649, -31.50588919952478051 ) ) ;
#5382 = CIRCLE ( 'NONE', #6444, 2.000000000000001776 ) ;
#5383 = VECTOR ( 'NONE', #2852, 1000.000000000000000 ) ;
#5384 = CARTESIAN_POINT ( 'NONE',  ( -18.18481343023489316, 8.367667454599901689, 5.443528834110774817 ) ) ;
#5385 = CARTESIAN_POINT ( 'NONE',  ( -4.169912552799288186, -9.452668548428487583, -31.93971172327631081 ) ) ;
#5386 = CARTESIAN_POINT ( 'NONE',  ( -4.999999999999999112, 15.75000000000001421, 18.09415738323107803 ) ) ;
#5387 = CARTESIAN_POINT ( 'NONE',  ( -4.849999999999994316, -15.21612629098983938, -25.78416917158412502 ) ) ;
#5388 = CYLINDRICAL_SURFACE ( 'NONE', #1116, 2.000000000000001776 ) ;
#5389 = CARTESIAN_POINT ( 'NONE',  ( -18.22632451870342862, -6.245402396273930457, -10.48075933519038294 ) ) ;
#5390 = CARTESIAN_POINT ( 'NONE',  ( -18.84366885081398379, -8.370913995762602866, -4.503813275867798005 ) ) ;
#5391 = CARTESIAN_POINT ( 'NONE',  ( 0.02782555748655110225, -16.68409726156772166, 19.93126334839102398 ) ) ;
#5392 = CARTESIAN_POINT ( 'NONE',  ( -4.415933796505245645, -14.89821947874027508, -21.11299231903388574 ) ) ;
#5393 = CARTESIAN_POINT ( 'NONE',  ( -20.00000000000002842, -1.214916148612521063, 13.62188675626259737 ) ) ;
#5394 = CARTESIAN_POINT ( 'NONE',  ( -1.219727444046191502E-15, -1.602290214303049076, 36.60277222898655225 ) ) ;
#5395 = CARTESIAN_POINT ( 'NONE',  ( -11.62284337534277867, 3.553300076687646580, 21.77896939667250464 ) ) ;
#5396 = CARTESIAN_POINT ( 'NONE',  ( -19.99999999999593214, -8.933310702562954120, -4.587275671711323888 ) ) ;
#5397 = CARTESIAN_POINT ( 'NONE',  ( -7.318364664277152957E-16, 13.94627561803115334, -29.14849613494522629 ) ) ;
#5398 = CARTESIAN_POINT ( 'NONE',  ( -15.58661054721470052, -8.475279147189903384, 9.395518151885033475 ) ) ;
#5399 = ORIENTED_EDGE ( 'NONE', *, *, #5757, .T. ) ;
#5400 = CARTESIAN_POINT ( 'NONE',  ( -4.540487515936262319, -14.85677203219858100, -19.99999998979184213 ) ) ;
#5401 = CARTESIAN_POINT ( 'NONE',  ( 0.02798299781858596541, 8.555355758196679261, 34.32310697860929594 ) ) ;
#5402 = ADVANCED_FACE ( 'NONE', ( #4195 ), #1580, .T. ) ;
#5403 = CARTESIAN_POINT ( 'NONE',  ( 0.02782555748663996867, 16.68409726156776784, -16.54159527774126914 ) ) ;
#5404 = CARTESIAN_POINT ( 'NONE',  ( -18.14859403809390770, 2.871352852909180076, 12.69650906753872732 ) ) ;
#5405 = CARTESIAN_POINT ( 'NONE',  ( -9.386345456393289766, 11.74364106632392080, -16.07225103340347161 ) ) ;
#5406 = CARTESIAN_POINT ( 'NONE',  ( -5.807162906843704953, 13.89653276874533994, -25.38993445835652096 ) ) ;
#5407 = DIRECTION ( 'NONE',  ( 0.0000000000000000000, -0.0000000000000000000, 1.000000000000000000 ) ) ;
#5408 = CARTESIAN_POINT ( 'NONE',  ( 3.000000000000000000, 17.75000000000000000, -19.99999999999995381 ) ) ;
#5409 = CARTESIAN_POINT ( 'NONE',  ( -4.599529384000462073, 15.91018824639983009, 18.57079083329692892 ) ) ;
#5410 = CARTESIAN_POINT ( 'NONE',  ( -13.07719372475354369, -9.428963747628516856, 12.80867337517005744 ) ) ;
#5411 = CARTESIAN_POINT ( 'NONE',  ( -15.54584928754341888, -8.052693295275455299, -10.35043920713263432 ) ) ;
#5412 = CARTESIAN_POINT ( 'NONE',  ( -20.00000000000002842, -1.214916148612521063, 13.62188675626259737 ) ) ;
#5413 = CARTESIAN_POINT ( 'NONE',  ( -17.99165912845372617, -6.450769062284649635, -8.478954917997834073 ) ) ;
#5414 = CARTESIAN_POINT ( 'NONE',  ( -16.77440449782723420, 7.349840830835579375, 9.274722101577140165 ) ) ;
#5415 = CARTESIAN_POINT ( 'NONE',  ( -11.64695996835307135, 6.418558320962577390, -20.20155932199692828 ) ) ;
#5416 = CARTESIAN_POINT ( 'NONE',  ( -4.628609323645896723, 14.82152330911475424, 19.88345772324114336 ) ) ;
#5417 = CARTESIAN_POINT ( 'NONE',  ( -20.00000000000002842, 5.935017220098708357, -8.171534606147977442 ) ) ;
#5418 = CARTESIAN_POINT ( 'NONE',  ( -11.64217181161460424, -5.892442652642580825, 20.56390842093296811 ) ) ;
#5419 = AXIS2_PLACEMENT_3D ( 'NONE', #5833, #2705, #4051 ) ;
#5420 = CARTESIAN_POINT ( 'NONE',  ( -1.524219341297997632, 13.31552496093773463, -29.17165161268441054 ) ) ;
#5421 = CARTESIAN_POINT ( 'NONE',  ( -5.869115874531552812, -4.737217153008268511, 33.50827201743096850 ) ) ;
#5422 = VERTEX_POINT ( 'NONE', #6756 ) ;
#5423 =( BOUNDED_SURFACE ( )  B_SPLINE_SURFACE ( 3, 2, ( 
 ( #1642, #2778, #2900 ),
 ( #8038, #5528, #4130 ),
 ( #884, #2108, #2148 ),
 ( #4690, #4171, #2225 ),
 ( #845, #6686, #6647 ),
 ( #2942, #4729, #4814 ) ),
 .UNSPECIFIED., .F., .F., .F. ) 
 B_SPLINE_SURFACE_WITH_KNOTS ( ( 4, 2, 4 ),
 ( 3, 3 ),
 ( -8.338719993466278560E-05, 0.004324045080153432821, 0.008731477360241528957 ),
 ( 0.0000000000000000000, 1.000000000000000000 ),
 .UNSPECIFIED. ) 
 GEOMETRIC_REPRESENTATION_ITEM ( )  RATIONAL_B_SPLINE_SURFACE ( (
 ( 1.000000000000000000, 1.000000000000000000, 1.000000000000000000),
 ( 1.000000000000000000, 0.9999972466146145322, 1.000000000000000000),
 ( 1.000000000000000000, 0.9999738661957794372, 1.000000000000000000),
 ( 1.000000000000000000, 0.9999738661957794372, 1.000000000000000000),
 ( 1.000000000000000000, 0.9999972466146145322, 1.000000000000000000),
 ( 1.000000000000000000, 1.000000000000000000, 1.000000000000000000) ) ) 
 REPRESENTATION_ITEM ( '' )  SURFACE ( )  );
#5424 = DIRECTION ( 'NONE',  ( -1.000000000000000000, 0.0000000000000000000, 0.0000000000000000000 ) ) ;
#5425 = CARTESIAN_POINT ( 'NONE',  ( -12.07493532498209277, 11.71397783036461249, 4.836625703505621487 ) ) ;
#5426 = CARTESIAN_POINT ( 'NONE',  ( -9.122271500638635899, -1.979362341725382501, -26.52347302609498314 ) ) ;
#5427 = CARTESIAN_POINT ( 'NONE',  ( -4.850000000000004974, 15.80651549583913429, -2.264826780978834719E-12 ) ) ;
#5428 = FACE_OUTER_BOUND ( 'NONE', #4301, .T. ) ;
#5429 = CARTESIAN_POINT ( 'NONE',  ( -5.385162085988167924, 15.51236931666797680, -18.60156858065214891 ) ) ;
#5430 = DIRECTION ( 'NONE',  ( 1.000000000000000000, 0.0000000000000000000, 0.0000000000000000000 ) ) ;
#5431 = CARTESIAN_POINT ( 'NONE',  ( -11.97018548723001174, -11.08828693004123345, -9.294455705131943191 ) ) ;
#5432 = CARTESIAN_POINT ( 'NONE',  ( -3.076464363268368363, -15.44238129326575049, -14.26175634465218245 ) ) ;
#5433 = CARTESIAN_POINT ( 'NONE',  ( -9.372540142520406903, -11.70958697086391354, -16.36466139225270311 ) ) ;
#5434 = CARTESIAN_POINT ( 'NONE',  ( -5.490291793538887077, 15.42609373333958445, 20.06900885555455361 ) ) ;
#5435 = CARTESIAN_POINT ( 'NONE',  ( -1.626303258728251918E-15, 13.45971436341742056, 29.85069404995493514 ) ) ;
#5436 = CARTESIAN_POINT ( 'NONE',  ( -17.22655679725882294, 1.571751049675143452, 12.62800220448248645 ) ) ;
#5437 = CARTESIAN_POINT ( 'NONE',  ( -19.99999999999861799, -10.01861069245020097, 0.3905884336566498582 ) ) ;
#5438 = CARTESIAN_POINT ( 'NONE',  ( 4.878909776184769953E-16, 4.937691785354963336, -35.93223425777635782 ) ) ;
#5439 = CARTESIAN_POINT ( 'NONE',  ( -17.58870001424389429, -8.807586784285438952, 5.335243648195085342 ) ) ;
#5440 = EDGE_LOOP ( 'NONE', ( #3455, #4022 ) ) ;
#5441 = FACE_OUTER_BOUND ( 'NONE', #6941, .T. ) ;
#5442 = AXIS2_PLACEMENT_3D ( 'NONE', #4007, #4728, #1315 ) ;
#5443 = CARTESIAN_POINT ( 'NONE',  ( -1.524190129645390135, 12.39315848188137359, 30.21884069852730903 ) ) ;
#5444 = CARTESIAN_POINT ( 'NONE',  ( -4.628609323645897611, 14.82152330911474003, -14.80645466127753984 ) ) ;
#5445 = CARTESIAN_POINT ( 'NONE',  ( -5.045965619531590285, -15.73165819986242298, 20.09567959571977269 ) ) ;
#5446 = CARTESIAN_POINT ( 'NONE',  ( -4.460383872114103809, 14.90801775799425677, -20.04582046472121348 ) ) ;
#5447 = CARTESIAN_POINT ( 'NONE',  ( -5.024653030425898947, 12.46982119515496024, -29.61886958458833163 ) ) ;
#5448 = CARTESIAN_POINT ( 'NONE',  ( -14.30777414889752386, 8.687769589905149914, 11.66423983482729021 ) ) ;
#5449 = CARTESIAN_POINT ( 'NONE',  ( -5.874025469042235770, -8.562761124907515509, -31.61423126523903804 ) ) ;
#5450 = CARTESIAN_POINT ( 'NONE',  ( -5.012280524755039046, 15.74508779009793891, 19.65489911024180358 ) ) ;
#5451 = CARTESIAN_POINT ( 'NONE',  ( -9.353375282748222830, -11.64865102505338790, 16.80696337191179879 ) ) ;
#5452 = CARTESIAN_POINT ( 'NONE',  ( -13.08618340165224936, -9.493100860056188139, -12.56462647932242405 ) ) ;
#5453 = CARTESIAN_POINT ( 'NONE',  ( -20.00000000000002487, -8.013418965035297603, 9.450283922588129215 ) ) ;
#5454 = CARTESIAN_POINT ( 'NONE',  ( -14.30434784193119668, -8.680170826122321159, -11.69258870799783701 ) ) ;
#5455 = CARTESIAN_POINT ( 'NONE',  ( -17.38065536004804912, 6.875837452820885431, 8.933257005113855342 ) ) ;
#5456 = CARTESIAN_POINT ( 'NONE',  ( -16.61731793689830639, 3.543075436603174921, -13.01772427074327609 ) ) ;
#5457 = FACE_OUTER_BOUND ( 'NONE', #1102, .T. ) ;
#5458 = CARTESIAN_POINT ( 'NONE',  ( -20.00000000000003197, 11.45458667542252229, -0.4079270484747355985 ) ) ;
#5459 = CARTESIAN_POINT ( 'NONE',  ( -19.12562936413657511, -3.171034822301900924, 8.964090764083936236 ) ) ;
#5460 = CARTESIAN_POINT ( 'NONE',  ( -4.628621954279759976, 1.479395529771550644, -34.77149532235392115 ) ) ;
#5461 = CARTESIAN_POINT ( 'NONE',  ( -5.849767173314775803, 12.62388157360579122, 27.57355827494022904 ) ) ;
#5462 = ORIENTED_EDGE ( 'NONE', *, *, #661, .T. ) ;
#5463 = LINE ( 'NONE', #4146, #5150 ) ;
#5464 = CARTESIAN_POINT ( 'NONE',  ( -19.46137863594076478, 8.103586593468046217, 4.261638984533870023 ) ) ;
#5465 = CARTESIAN_POINT ( 'NONE',  ( -15.35228803658959684, -1.122696351705614548, -15.91841612999253819 ) ) ;
#5466 = CARTESIAN_POINT ( 'NONE',  ( -13.27967813145546039, 10.96045523925859300, -6.064282889449492231 ) ) ;
#5467 = CARTESIAN_POINT ( 'NONE',  ( -4.849999999999990763, 12.53930110472182236, -30.25304579492555135 ) ) ;
#5468 = DIRECTION ( 'NONE',  ( -1.000000000000000000, -0.0000000000000000000, -0.0000000000000000000 ) ) ;
#5469 = CARTESIAN_POINT ( 'NONE',  ( -5.415063198154226320, -15.48538022064593100, -19.66397487614013428 ) ) ;
#5470 = FACE_OUTER_BOUND ( 'NONE', #1070, .T. ) ;
#5471 = CARTESIAN_POINT ( 'NONE',  ( -14.56263894985379714, -10.67992288698267522, -4.237717930175803893 ) ) ;
#5472 =( BOUNDED_SURFACE ( )  B_SPLINE_SURFACE ( 3, 2, ( 
 ( #7016, #6388, #4590 ),
 ( #7729, #7134, #785 ),
 ( #3358, #4028, #5927 ),
 ( #87, #4630, #5848 ),
 ( #5347, #3910, #2638 ),
 ( #6511, #7888, #5308 ),
 ( #5888, #1377, #5227 ),
 ( #3951, #746, #1419 ),
 ( #6631, #2128, #5266 ),
 ( #3317, #7767, #4711 ),
 ( #2720, #4550, #6590 ),
 ( #6468, #3988, #2007 ),
 ( #2760, #5970, #707 ),
 ( #3442, #7849, #3402 ),
 ( #206, #7260, #5187 ),
 ( #1499, #1967, #7093 ),
 ( #4066, #7811, #126 ),
 ( #6007, #865, #2679 ),
 ( #2050, #6549, #242 ),
 ( #7220, #1339, #7178 ),
 ( #3273, #165, #2088 ),
 ( #4671, #1457, #826 ),
 ( #2207, #4792, #2921 ),
 ( #8106, #1579, #4151 ) ),
 .UNSPECIFIED., .F., .F., .F. ) 
 B_SPLINE_SURFACE_WITH_KNOTS ( ( 4, 2, 2, 2, 2, 2, 2, 2, 2, 2, 2, 4 ),
 ( 3, 3 ),
 ( -8.575211445970507549E-05, 0.007643560639024961183, 0.01150821701576729486, 0.01344054520413846127, 0.01440670929832404447, 0.01488979134541683694, 0.01513133236896323230, 0.01514642868293488223, 0.01516152499690653216, 0.01519171762484983201, 0.01525210288073642999, 0.01537287339250962767 ),
 ( 0.0000000000000000000, 1.000000000000000000 ),
 .UNSPECIFIED. ) 
 GEOMETRIC_REPRESENTATION_ITEM ( )  RATIONAL_B_SPLINE_SURFACE ( (
 ( 1.000000000000000000, 1.000000000000000000, 1.000000000000000000),
 ( 1.000000000000000000, 1.000010640293820474, 1.000000000000000000),
 ( 1.000000000000000000, 0.9998819698204779449, 1.000000000000000000),
 ( 1.000000000000000000, 0.9987728769423995789, 1.000000000000000000),
 ( 1.000000000000000000, 0.9982544079681882065, 1.000000000000000000),
 ( 1.000000000000000000, 0.9972671256068802448, 1.000000000000000000),
 ( 1.000000000000000000, 0.9969039703759995374, 1.000000000000000000),
 ( 1.000000000000000000, 0.9963161219681634373, 1.000000000000000000),
 ( 1.000000000000000000, 0.9961130204808360533, 1.000000000000000000),
 ( 1.000000000000000000, 0.9957988750267586786, 1.000000000000000000),
 ( 1.000000000000000000, 0.9956925789391112280, 1.000000000000000000),
 ( 1.000000000000000000, 0.9955309270409141709, 1.000000000000000000),
 ( 1.000000000000000000, 0.9954766751663821633, 1.000000000000000000),
 ( 1.000000000000000000, 0.9954186564292663020, 1.000000000000000000),
 ( 1.000000000000000000, 0.9954304042184739520, 1.000000000000000000),
 ( 1.000000000000000000, 0.9953869714091404530, 1.000000000000000000),
 ( 1.000000000000000000, 0.9953601966793084177, 1.000000000000000000),
 ( 1.000000000000000000, 0.9952872320058165911, 1.000000000000000000),
 ( 1.000000000000000000, 0.9952383905680292076, 1.000000000000000000),
 ( 1.000000000000000000, 0.9950913412260868895, 1.000000000000000000),
 ( 1.000000000000000000, 0.9949926101527412081, 1.000000000000000000),
 ( 1.000000000000000000, 0.9946947990550296659, 1.000000000000000000),
 ( 1.000000000000000000, 0.9944941108170478605, 1.000000000000000000),
 ( 1.000000000000000000, 0.9942922516927505949, 1.000000000000000000) ) ) 
 REPRESENTATION_ITEM ( '' )  SURFACE ( )  );
#5473 = CARTESIAN_POINT ( 'NONE',  ( 0.02782555748655393679, -16.68409726156771811, -19.00903073412556665 ) ) ;
#5474 = CARTESIAN_POINT ( 'NONE',  ( -19.17981741538926954, -4.853857490145161435, -8.081863361145511959 ) ) ;
#5475 = CARTESIAN_POINT ( 'NONE',  ( -4.394941706289160699, 15.95281560805801213, 21.14679242397621906 ) ) ;
#5476 = CARTESIAN_POINT ( 'NONE',  ( -1.301042606982605321E-15, -16.67296703857309126, -19.99999998914169197 ) ) ;
#5477 = CARTESIAN_POINT ( 'NONE',  ( -11.61725081937346893, 2.291631394458587767, 22.17381512351276029 ) ) ;
#5478 = CARTESIAN_POINT ( 'NONE',  ( -18.39959633265864625, -8.495944302615200172, 7.355483471428160058 ) ) ;
#5479 = CARTESIAN_POINT ( 'NONE',  ( -9.757819552369541878E-16, 16.67296703857311257, -19.59008103744798390 ) ) ;
#5480 = CARTESIAN_POINT ( 'NONE',  ( -15.73092577725346253, -9.650763136145222632, 6.099619800952191362 ) ) ;
#5481 = ORIENTED_EDGE ( 'NONE', *, *, #2028, .T. ) ;
#5482 = CARTESIAN_POINT ( 'NONE',  ( 3.000000000000000000, -21.25000000000000355, 41.24999999999999289 ) ) ;
#5483 = CARTESIAN_POINT ( 'NONE',  ( 0.02780022683454937832, -3.626995438586274823, 36.31325343353384483 ) ) ;
#5484 = CARTESIAN_POINT ( 'NONE',  ( 0.02782555748663733536, 16.68409726156775363, -10.70436394192216589 ) ) ;
#5485 = CARTESIAN_POINT ( 'NONE',  ( -4.485484304113517062, -15.95275421222736689, 20.33854294539093033 ) ) ;
#5486 = CARTESIAN_POINT ( 'NONE',  ( -11.85223558674944933, 10.22267402942889269, -13.76968410354013805 ) ) ;
#5487 = CARTESIAN_POINT ( 'NONE',  ( -3.445086032144551336, 5.787252397829423245, -35.32481479856967610 ) ) ;
#5488 = CARTESIAN_POINT ( 'NONE',  ( -17.99714983962944359, 6.481588605782865109, 8.435891195199717529 ) ) ;
#5489 = CARTESIAN_POINT ( 'NONE',  ( 3.000000000000000000, -17.99999999999999645, -36.50000000000000711 ) ) ;
#5490 = CARTESIAN_POINT ( 'NONE',  ( -5.009526619027186989, 15.74618935238428286, 18.26416052271965285 ) ) ;
#5491 = CARTESIAN_POINT ( 'NONE',  ( -4.445977594343149875, -14.91267597247439447, 20.37785359900760085 ) ) ;
#5492 = CARTESIAN_POINT ( 'NONE',  ( -16.15794456684507807, -7.663388160923210179, -9.878461383997214185 ) ) ;
#5493 = VERTEX_POINT ( 'NONE', #3487 ) ;
#5494 = CARTESIAN_POINT ( 'NONE',  ( -14.30221960349924792, -8.666783581612421017, -11.73249198154273998 ) ) ;
#5495 = CARTESIAN_POINT ( 'NONE',  ( -19.23822935881189977, 5.817597276107551174, 7.318091085914534943 ) ) ;
#5496 = CARTESIAN_POINT ( 'NONE',  ( -4.213298649792658779, 12.30130007062948394, -28.87111419126565792 ) ) ;
#5497 = CARTESIAN_POINT ( 'NONE',  ( -4.628609323645896723, 14.82152330911475424, 19.94173836880798945 ) ) ;
#5498 = CARTESIAN_POINT ( 'NONE',  ( -18.57292261878226114, 10.00365832818330425, 3.764681888098703411 ) ) ;
#5499 = CARTESIAN_POINT ( 'NONE',  ( -16.01493651324221545, -4.861663772223870694, 13.30947475703009708 ) ) ;
#5500 = CARTESIAN_POINT ( 'NONE',  ( -4.628559126443774652, -0.2079092128527949834, -34.82051112722887609 ) ) ;
#5501 = CARTESIAN_POINT ( 'NONE',  ( -5.480542964915151138, 15.43518503273607756, 20.00000000041540460 ) ) ;
#5502 = CYLINDRICAL_SURFACE ( 'NONE', #7008, 2.000000000000001776 ) ;
#5503 = CARTESIAN_POINT ( 'NONE',  ( -18.06692292818282297, 7.298812232093879970, 7.324931127803970377 ) ) ;
#5504 = CARTESIAN_POINT ( 'NONE',  ( -19.09133854258799090, -0.8851856364266833532, -9.534837009773040606 ) ) ;
#5505 = CARTESIAN_POINT ( 'NONE',  ( -18.16603684377051664, 8.217241675485553287, -5.753409874768861343 ) ) ;
#5506 = CARTESIAN_POINT ( 'NONE',  ( -20.00000000000002132, 1.694183542895769223, -9.861515702345887036 ) ) ;
#5507 = CARTESIAN_POINT ( 'NONE',  ( -20.00000000000000000, -6.186885977935716596, -7.856363146903436956 ) ) ;
#5508 = CARTESIAN_POINT ( 'NONE',  ( 3.000000000000000000, -21.25000000000000355, 41.24999999999999289 ) ) ;
#5509 = CARTESIAN_POINT ( 'NONE',  ( -18.14855181910204962, -2.867112962359730677, -12.69808712594846511 ) ) ;
#5510 = CARTESIAN_POINT ( 'NONE',  ( -17.42474656194490734, -7.338753048355555642, -8.220434689252890337 ) ) ;
#5511 = ORIENTED_EDGE ( 'NONE', *, *, #435, .T. ) ;
#5512 = CARTESIAN_POINT ( 'NONE',  ( -1.524319402891592290, -16.06323927741645718, -19.39233610327175228 ) ) ;
#5513 = CARTESIAN_POINT ( 'NONE',  ( -17.92422895037702801, -5.371658914303692356, -9.624891707866879642 ) ) ;
#5514 = CARTESIAN_POINT ( 'NONE',  ( -20.00000000000003553, 6.964204447594827485, 10.66436313192653884 ) ) ;
#5515 = CARTESIAN_POINT ( 'NONE',  ( 8.131516293641253673E-17, -3.495513257237634619, 36.30882025942582914 ) ) ;
#5516 = CARTESIAN_POINT ( 'NONE',  ( -16.59957323740602320, -0.2083528069300771557, 13.84806589677468125 ) ) ;
#5517 = CARTESIAN_POINT ( 'NONE',  ( -20.00000000000077094, -9.677809247891401512, 2.564858030741668404 ) ) ;
#5518 = CARTESIAN_POINT ( 'NONE',  ( 2.439454888092396316E-16, 15.13048654275451099, -27.07034688035405168 ) ) ;
#5519 = CARTESIAN_POINT ( 'NONE',  ( -18.70884923082094176, -7.197873944165784188, 6.614768158293224509 ) ) ;
#5520 = ORIENTED_EDGE ( 'NONE', *, *, #4004, .T. ) ;
#5521 = CARTESIAN_POINT ( 'NONE',  ( 0.0000000000000000000, -22.00000000000001421, -36.50000000000000711 ) ) ;
#5522 = CARTESIAN_POINT ( 'NONE',  ( -1.524268933528399650, 0.2291101339999000175, 36.06224615564649838 ) ) ;
#5523 = EDGE_CURVE ( 'NONE', #7031, #2754, #1689, .T. ) ;
#5524 = CARTESIAN_POINT ( 'NONE',  ( -3.076464363268375468, 15.44238129326575937, 0.7293838810925541427 ) ) ;
#5525 = CARTESIAN_POINT ( 'NONE',  ( -4.527465848020836958, -15.93901366079167659, 19.98894649920348243 ) ) ;
#5526 = CARTESIAN_POINT ( 'NONE',  ( -6.925990944990567222, 13.32893927470645501, -18.07912473119262486 ) ) ;
#5527 = CARTESIAN_POINT ( 'NONE',  ( -5.690328236428383590, 14.95455900530709492, -22.57277107044221154 ) ) ;
#5528 = CARTESIAN_POINT ( 'NONE',  ( -5.000144960763871715, 15.74994201577244723, -2.937893505739492372 ) ) ;
#5529 = DIRECTION ( 'NONE',  ( 1.000000000000000000, 0.0000000000000000000, 0.0000000000000000000 ) ) ;
#5530 = CARTESIAN_POINT ( 'NONE',  ( -5.424519428875936633, 15.47891528374269754, 19.70343557326867767 ) ) ;
#5531 = CARTESIAN_POINT ( 'NONE',  ( -18.61483112141889507, -6.115779456250529655, 7.904024661721075873 ) ) ;
#5532 = CARTESIAN_POINT ( 'NONE',  ( -18.00796382394158357, -6.613160446894839950, -8.269069489875466417 ) ) ;
#5533 = ORIENTED_EDGE ( 'NONE', *, *, #4710, .F. ) ;
#5534 = CARTESIAN_POINT ( 'NONE',  ( -17.99328766587645489, -6.470238044732550264, -8.454604818634278374 ) ) ;
#5535 = CARTESIAN_POINT ( 'NONE',  ( -6.933760704074854786, 13.33649555411237486, 17.84239542616630558 ) ) ;
#5536 = CARTESIAN_POINT ( 'NONE',  ( -19.12257725356666072, 3.172620225538720806, -8.968360058738269913 ) ) ;
#5537 = DIRECTION ( 'NONE',  ( 1.000000000000000000, 0.0000000000000000000, 0.0000000000000000000 ) ) ;
#5538 = CARTESIAN_POINT ( 'NONE',  ( -18.31460168244488074, 7.562478025440492857, -8.836428989795937383 ) ) ;
#5539 = CARTESIAN_POINT ( 'NONE',  ( -9.139942337473263123, -5.788936594007171976, 25.20577957772195887 ) ) ;
#5540 = CARTESIAN_POINT ( 'NONE',  ( -3.076464260896197622, 6.662592206043410847, -33.95948175188359386 ) ) ;
#5541 = FILL_AREA_STYLE ('',( #2495 ) ) ;
#5542 = STYLED_ITEM ( 'NONE', ( #2597 ), #3458 ) ;
#5543 = VERTEX_POINT ( 'NONE', #6668 ) ;
#5544 = CARTESIAN_POINT ( 'NONE',  ( -5.000000000000001776, -15.75000000000001066, -10.17227422567049544 ) ) ;
#5545 = CARTESIAN_POINT ( 'NONE',  ( -4.503995020302977714, 14.88159599867904959, 16.38994778491657911 ) ) ;
#5546 = CARTESIAN_POINT ( 'NONE',  ( -17.84677348572185096, -1.424890389363576482, -11.59021328273552776 ) ) ;
#5547 = AXIS2_PLACEMENT_3D ( 'NONE', #6644, #5905, #4648 ) ;
#5548 = CARTESIAN_POINT ( 'NONE',  ( -15.79040805515883505, 10.08325147685265755, -4.348862250404659235 ) ) ;
#5549 = CARTESIAN_POINT ( 'NONE',  ( -4.999999999999997335, 15.75000000000001421, 14.49500089889981425 ) ) ;
#5550 = CARTESIAN_POINT ( 'NONE',  ( -5.000000000000015099, 15.11169356656657747, -25.61698881536763039 ) ) ;
#5551 = CARTESIAN_POINT ( 'NONE',  ( -5.000730809648520570, 15.74970767619954337, -9.564097620783716280 ) ) ;
#5552 = CARTESIAN_POINT ( 'NONE',  ( -5.268440033076126738, -15.60505093601779869, -14.72995929314823371 ) ) ;
#5553 = CARTESIAN_POINT ( 'NONE',  ( -17.49083681712898652, -7.984327078078775841, -7.093630676780630750 ) ) ;
#5554 = CARTESIAN_POINT ( 'NONE',  ( 0.02782555748655332617, -16.68409726156771100, -18.51535121370688941 ) ) ;
#5555 = CARTESIAN_POINT ( 'NONE',  ( -15.44919900357970555, -6.947325224966585999, -12.37308349331940960 ) ) ;
#5556 = CARTESIAN_POINT ( 'NONE',  ( -4.529420940851499822, 15.93823162365941926, 19.97713153470863290 ) ) ;
#5557 = CARTESIAN_POINT ( 'NONE',  ( -4.311406088156005012, 2.512647344407847427, -34.73891996815363115 ) ) ;
#5558 = CARTESIAN_POINT ( 'NONE',  ( -19.99999999999864997, -7.467371791985043750, 6.735022257965748160 ) ) ;
#5559 = DIRECTION ( 'NONE',  ( 0.0000000000000000000, 0.0000000000000000000, 1.000000000000000000 ) ) ;
#5560 = CARTESIAN_POINT ( 'NONE',  ( -18.97698513205489945, -9.334085179343077243, 0.5498306975445901301 ) ) ;
#5561 = CARTESIAN_POINT ( 'NONE',  ( -3.076502048093066932, -2.430828586524666157, 35.24941712633152946 ) ) ;
#5562 = CARTESIAN_POINT ( 'NONE',  ( -1.524319402890891295, 16.06323927741675561, -3.117073268805923281 ) ) ;
#5563 = CARTESIAN_POINT ( 'NONE',  ( -5.045868658986567112, -15.73165253640541827, 20.08948174301267642 ) ) ;
#5564 = CARTESIAN_POINT ( 'NONE',  ( -11.85550166218516921, 10.25207522644757141, -13.62709001648864060 ) ) ;
#5565 = CARTESIAN_POINT ( 'NONE',  ( -5.795099239510549616, 14.10739796240827637, -24.93534263076396229 ) ) ;
#5566 = CARTESIAN_POINT ( 'NONE',  ( -17.89773144764339818, 4.630673283009894448, 10.23152116040813908 ) ) ;
#5567 = CARTESIAN_POINT ( 'NONE',  ( -5.871357141566369897, 6.075835201008533026, -32.99444614636573903 ) ) ;
#5568 = CARTESIAN_POINT ( 'NONE',  ( -5.000000000000000000, -15.74999999999998579, -18.09415738323124501 ) ) ;
#5569 = CARTESIAN_POINT ( 'NONE',  ( -9.397887135451847840, -11.76701287513599858, 15.82465233023891749 ) ) ;
#5570 = AXIS2_PLACEMENT_3D ( 'NONE', #396, #5537, #8253 ) ;
#5571 = CARTESIAN_POINT ( 'NONE',  ( -16.15376735727770452, -7.617386510038983261, -9.967932314469802435 ) ) ;
#5572 = EDGE_LOOP ( 'NONE', ( #1176, #5077, #3141, #2948, #2486 ) ) ;
#5573 = VERTEX_POINT ( 'NONE', #6051 ) ;
#5574 = AXIS2_PLACEMENT_3D ( 'NONE', #7829, #1477, #3378 ) ;
#5575 = CARTESIAN_POINT ( 'NONE',  ( -16.75461744676088927, -7.135095404031856603, -9.638680472226120344 ) ) ;
#5576 = CARTESIAN_POINT ( 'NONE',  ( -11.85407589464567479, 10.23988207969328101, 13.68641945990786724 ) ) ;
#5577 = CARTESIAN_POINT ( 'NONE',  ( -14.14920147194269973, 5.913021643825038254, -15.90620553842476248 ) ) ;
#5578 = CARTESIAN_POINT ( 'NONE',  ( -3.076464363268383462, 15.44238129326575937, 19.82140012012171582 ) ) ;
#5579 = CARTESIAN_POINT ( 'NONE',  ( -20.00000000000150990, 3.588736337881041738, -9.423343689727392558 ) ) ;
#5580 = CARTESIAN_POINT ( 'NONE',  ( -6.662082860093526016, -8.283405831663293029, 28.09931414595853738 ) ) ;
#5581 = CARTESIAN_POINT ( 'NONE',  ( -3.076464363268382129, 15.44238129326575582, -19.87453125307303026 ) ) ;
#5582 = ADVANCED_FACE ( 'NONE', ( #5470 ), #4515, .T. ) ;
#5583 = DIRECTION ( 'NONE',  ( -1.000000000000000000, -0.0000000000000000000, -0.0000000000000000000 ) ) ;
#5584 = CARTESIAN_POINT ( 'NONE',  ( -18.08625696203621303, 7.490454883183415902, 7.027780816515022622 ) ) ;
#5585 = CARTESIAN_POINT ( 'NONE',  ( -18.46965571917887772, -1.279507980088867347, -10.54766556078594597 ) ) ;
#5586 = CARTESIAN_POINT ( 'NONE',  ( -18.15031464037392439, 3.039702875238596391, 12.63155254675836936 ) ) ;
#5587 = CARTESIAN_POINT ( 'NONE',  ( -11.98461963822115273, 11.18974063026619881, -8.700457900657289301 ) ) ;
#5588 = CARTESIAN_POINT ( 'NONE',  ( -4.850000000000001421, 15.80946413698796782, 4.730502247881597455 ) ) ;
#5589 = CARTESIAN_POINT ( 'NONE',  ( -4.564344755665808329, 15.92426209773368662, -19.65707425308709233 ) ) ;
#5590 = CARTESIAN_POINT ( 'NONE',  ( -5.016141902486944915, -15.74354323900526609, -19.68047531914504944 ) ) ;
#5591 = CARTESIAN_POINT ( 'NONE',  ( -9.427866200379076744, -11.95035102274823835, -14.17104868527066586 ) ) ;
#5592 = CARTESIAN_POINT ( 'NONE',  ( -4.628609323645898499, -14.82152330911474714, -4.669624003766682740 ) ) ;
#5593 = CARTESIAN_POINT ( 'NONE',  ( -17.96224778924984733, -6.057465057853614887, -8.941301198358454272 ) ) ;
#5594 = CARTESIAN_POINT ( 'NONE',  ( -4.308790177496840457, 0.5829914244270051338, -34.95258188186333825 ) ) ;
#5595 = CARTESIAN_POINT ( 'NONE',  ( -19.99999999999998579, -5.982737509552610078, 8.134245269531374944 ) ) ;
#5596 = CARTESIAN_POINT ( 'NONE',  ( 1.870248747537494754E-15, -10.45495455391284523, -32.99623110636907342 ) ) ;
#5597 = CARTESIAN_POINT ( 'NONE',  ( -17.06216975172101868, -9.748009256822447455, 3.178773852585733639 ) ) ;
#5598 = DIRECTION ( 'NONE',  ( 0.0000000000000000000, 0.0000000000000000000, -1.000000000000000000 ) ) ;
#5599 = CARTESIAN_POINT ( 'NONE',  ( 3.000000000000000000, -21.25000000000000355, -41.25000000000000711 ) ) ;
#5600 = CARTESIAN_POINT ( 'NONE',  ( -3.076473431994279029, 5.421921792471371404, 34.45955655054847711 ) ) ;
#5601 = CARTESIAN_POINT ( 'NONE',  ( -18.34697271757786652, 9.546748539615387941, 0.9992840993316882692 ) ) ;
#5602 = EDGE_CURVE ( 'NONE', #5768, #45, #118, .T. ) ;
#5603 = CARTESIAN_POINT ( 'NONE',  ( -4.259884015654629152, -15.86288962289804694, 22.46974959505375580 ) ) ;
#5604 = CARTESIAN_POINT ( 'NONE',  ( -17.38351288244100346, 6.909535159319061925, -8.883723929519586449 ) ) ;
#5605 = CARTESIAN_POINT ( 'NONE',  ( -5.000662837338340161, 2.056224426380115933, -35.64816385851867864 ) ) ;
#5606 = CARTESIAN_POINT ( 'NONE',  ( -6.860316384619044250, 13.30010919491922294, 19.47271413319434785 ) ) ;
#5607 = DIRECTION ( 'NONE',  ( -1.000000000000000000, -0.0000000000000000000, -0.0000000000000000000 ) ) ;
#5608 = DIRECTION ( 'NONE',  ( -1.000000000000000000, -0.0000000000000000000, -0.0000000000000000000 ) ) ;
#5609 = CARTESIAN_POINT ( 'NONE',  ( -18.61803026644081882, -6.156894675138272710, 7.860133674332340448 ) ) ;
#5610 = CARTESIAN_POINT ( 'NONE',  ( -18.61838453636088531, -6.161436797259664644, -7.855267121178830081 ) ) ;
#5611 = VERTEX_POINT ( 'NONE', #7721 ) ;
#5612 = CARTESIAN_POINT ( 'NONE',  ( -17.99760249253335687, 6.522794772068686520, 8.388529761571406951 ) ) ;
#5613 = CARTESIAN_POINT ( 'NONE',  ( -17.89735275331369024, 4.638187961770253942, -10.20245257852595877 ) ) ;
#5614 = CARTESIAN_POINT ( 'NONE',  ( -18.40024191451569990, -8.505194633989855646, 7.349412813802155497 ) ) ;
#5615 = CARTESIAN_POINT ( 'NONE',  ( -20.00000000000002842, 3.200488220228663305, -13.13498751418148203 ) ) ;
#5616 = CARTESIAN_POINT ( 'NONE',  ( -16.02958616414983695, -5.489331042285968465, 12.81095967357376253 ) ) ;
#5617 = CARTESIAN_POINT ( 'NONE',  ( -4.628609323645894946, 14.82152330911474714, -19.81888854571783654 ) ) ;
#5618 = LINE ( 'NONE', #4916, #5116 ) ;
#5619 = CARTESIAN_POINT ( 'NONE',  ( -4.473199058492996372, -14.57175734725665528, 23.09792053994838668 ) ) ;
#5620 = CARTESIAN_POINT ( 'NONE',  ( -13.17223142900484589, 10.22733246406440699, 9.684407600501856450 ) ) ;
#5621 = CARTESIAN_POINT ( 'NONE',  ( -19.08924111802111767, 0.1372314175837373307, -9.575782365807752328 ) ) ;
#5622 = CARTESIAN_POINT ( 'NONE',  ( 0.0000000000000000000, 25.24999999999999645, 41.24999999999995737 ) ) ;
#5623 = CARTESIAN_POINT ( 'NONE',  ( -15.65679839818675667, 9.095998324467776897, -7.773861820930165756 ) ) ;
#5624 = CARTESIAN_POINT ( 'NONE',  ( -5.000000000000014211, -6.920731814425108652, -34.22217500603503026 ) ) ;
#5625 = CARTESIAN_POINT ( 'NONE',  ( -5.022902600799360684, 15.74083895967983082, -19.73102819282359022 ) ) ;
#5626 = CARTESIAN_POINT ( 'NONE',  ( -5.038191040407942189, -15.73472358383665082, -6.984417728303398576 ) ) ;
#5627 = CARTESIAN_POINT ( 'NONE',  ( -15.63968045405578522, -8.934170535885671782, -8.212424840190800879 ) ) ;
#5628 = VERTEX_POINT ( 'NONE', #6503 ) ;
#5629 = CARTESIAN_POINT ( 'NONE',  ( -4.628609323645896723, -14.82152330911473292, -19.53345240554214257 ) ) ;
#5630 = CARTESIAN_POINT ( 'NONE',  ( -18.55556113269633656, -5.225687225312337425, -8.746174782783283419 ) ) ;
#5631 = CARTESIAN_POINT ( 'NONE',  ( -20.00000000000002842, 10.46854040093979954, -5.195747075415615868 ) ) ;
#5632 = CARTESIAN_POINT ( 'NONE',  ( -4.348861380537211829, 10.00977601630222225, -31.10133969447123903 ) ) ;
#5633 = CARTESIAN_POINT ( 'NONE',  ( -18.13784498782128196, -1.147290784444613188, 13.11977566786061722 ) ) ;
#5634 = DIRECTION ( 'NONE',  ( 0.0000000000000000000, 0.0000000000000000000, 1.000000000000000000 ) ) ;
#5635 = CARTESIAN_POINT ( 'NONE',  ( -14.55064636616684837, -10.60426963177452464, 4.690381274391584476 ) ) ;
#5636 = AXIS2_PLACEMENT_3D ( 'NONE', #4953, #7536, #515 ) ;
#5637 = CARTESIAN_POINT ( 'NONE',  ( -19.00000000000001066, -7.725236672790415149, 5.511262965386007906 ) ) ;
#5638 = CARTESIAN_POINT ( 'NONE',  ( -4.628621954279770634, -1.479395529771547757, 34.77149532235402063 ) ) ;
#5639 = CARTESIAN_POINT ( 'NONE',  ( -4.641950680515058103, 14.81629732526015530, 0.4117600252873969136 ) ) ;
#5640 = EDGE_CURVE ( 'NONE', #169, #4565, #6208, .T. ) ;
#5641 = CARTESIAN_POINT ( 'NONE',  ( -3.495377924715095563, -8.195822347657834683, 34.15907582162574130 ) ) ;
#5642 = CARTESIAN_POINT ( 'NONE',  ( -19.24101332603772363, 5.855472701768126953, -7.283690801434836715 ) ) ;
#5643 = CARTESIAN_POINT ( 'NONE',  ( -3.423703658939011518, -4.230463715998854290, -35.86012889737000364 ) ) ;
#5644 = CARTESIAN_POINT ( 'NONE',  ( -11.79802637638085017, 10.02382817795228043, 14.84830345819849740 ) ) ;
#5645 = CARTESIAN_POINT ( 'NONE',  ( -18.33041325643654318, 7.751127547908082782, -8.560623481819044756 ) ) ;
#5646 = CARTESIAN_POINT ( 'NONE',  ( -5.471983146867299475, 15.44293272395032801, 19.94218731252441756 ) ) ;
#5647 = VERTEX_POINT ( 'NONE', #7760 ) ;
#5648 = CARTESIAN_POINT ( 'NONE',  ( -17.38400631305130517, -6.882760914444134848, 8.918578433696588093 ) ) ;
#5649 = CARTESIAN_POINT ( 'NONE',  ( -15.53718666357754685, -7.959856180116232416, -10.55656597768028249 ) ) ;
#5650 = EDGE_LOOP ( 'NONE', ( #5051, #2642, #2201, #2082 ) ) ;
#5651 = CARTESIAN_POINT ( 'NONE',  ( -17.99491654871573942, 6.489798452685833219, 8.430043219165128221 ) ) ;
#5652 = CARTESIAN_POINT ( 'NONE',  ( -15.40685906651621728, 5.868698994191658080, -13.61965237016250718 ) ) ;
#5653 = CARTESIAN_POINT ( 'NONE',  ( 0.0000000000000000000, 2.733323094352584069E-15, 19.99999999999999645 ) ) ;
#5654 = CARTESIAN_POINT ( 'NONE',  ( -18.28702539314192066, 7.218014060629506012, -9.319122480901368633 ) ) ;
#5655 = AXIS2_PLACEMENT_3D ( 'NONE', #784, #3830, #5926 ) ;
#5656 = VECTOR ( 'NONE', #7927, 1000.000000000000000 ) ;
#5657 = CARTESIAN_POINT ( 'NONE',  ( -11.67459190705264760, -7.775312745118888813, 18.90899368719514939 ) ) ;
#5658 = CARTESIAN_POINT ( 'NONE',  ( -3.076464363268382129, 15.44238129326575582, -19.75544444588583559 ) ) ;
#5659 = CARTESIAN_POINT ( 'NONE',  ( 3.000000000000000000, 19.99999999999999645, -38.50000000000000711 ) ) ;
#5660 = CARTESIAN_POINT ( 'NONE',  ( -4.524150801659007293, 14.86330671790951641, 20.65383261210999422 ) ) ;
#5661 = CARTESIAN_POINT ( 'NONE',  ( -17.52672073776256667, 8.336224187779208705, 6.429301757278050644 ) ) ;
#5662 = CARTESIAN_POINT ( 'NONE',  ( -14.10796715892229258, 1.845483504063256897, -17.94082223217839456 ) ) ;
#5663 = CARTESIAN_POINT ( 'NONE',  ( -5.049999999999997158, -11.31345246141645333, 31.50588919952485156 ) ) ;
#5664 = CARTESIAN_POINT ( 'NONE',  ( -19.00000000000000000, 6.553400635350605796, -6.961289200515515141 ) ) ;
#5665 = CARTESIAN_POINT ( 'NONE',  ( -18.30309264884122200, 9.247170888823831092, -2.906907090868573462 ) ) ;
#5666 = CARTESIAN_POINT ( 'NONE',  ( -4.136397124275098314, -1.677320179130704192, 35.19248293325908605 ) ) ;
#5667 = CARTESIAN_POINT ( 'NONE',  ( -20.00000000000003197, 8.969214178198619436, -4.617297917538484064 ) ) ;
#5668 = CARTESIAN_POINT ( 'NONE',  ( -4.628775897258382344, -13.91183104980516383, -25.11312636103362905 ) ) ;
#5669 = CARTESIAN_POINT ( 'NONE',  ( -5.417017026883331532, -15.48405476242943024, -19.67250172840305922 ) ) ;
#5670 = CARTESIAN_POINT ( 'NONE',  ( -17.43399048707779997, -7.434189109615030766, -8.063514637844074073 ) ) ;
#5671 = ORIENTED_EDGE ( 'NONE', *, *, #3392, .T. ) ;
#5672 = CARTESIAN_POINT ( 'NONE',  ( -1.524319402891592512, -16.06323927741645363, -19.75686515254801989 ) ) ;
#5673 = CARTESIAN_POINT ( 'NONE',  ( -18.49261266841423179, -3.213052859087240254, -9.971464160952130840 ) ) ;
#5674 = CARTESIAN_POINT ( 'NONE',  ( 0.0000000000000000000, -22.00000000000000711, 38.49999999999999289 ) ) ;
#5675 = CARTESIAN_POINT ( 'NONE',  ( -4.336693341492238396, -8.603232837717088799, -32.21589931776981786 ) ) ;
#5676 = CARTESIAN_POINT ( 'NONE',  ( -4.540801334567861502, 15.93367946617287068, 19.90517421500130624 ) ) ;
#5677 = CARTESIAN_POINT ( 'NONE',  ( 1.626303258728243586E-16, -15.35023004286635206, -26.58000921528873661 ) ) ;
#5678 = CARTESIAN_POINT ( 'NONE',  ( -13.33101015696751723, -11.26354244547770733, 3.974069708211085405 ) ) ;
#5679 = CARTESIAN_POINT ( 'NONE',  ( -19.00000000000000711, -6.550675656510760447, 6.964194518559958524 ) ) ;
#5680 = CARTESIAN_POINT ( 'NONE',  ( -5.415063198154287605, 15.48538022064591857, 19.66397487614012007 ) ) ;
#5681 = EDGE_CURVE ( 'NONE', #7031, #4286, #4297, .T. ) ;
#5682 = CARTESIAN_POINT ( 'NONE',  ( -4.628612720027127203, -14.81838260859068157, 20.32266525401188062 ) ) ;
#5683 = CARTESIAN_POINT ( 'NONE',  ( -14.61234241625887087, 11.00373898304596842, -0.7318873377847684436 ) ) ;
#5684 = CARTESIAN_POINT ( 'NONE',  ( -3.437579096874307183, -5.283686070758686348, 35.50854117968655999 ) ) ;
#5685 = CARTESIAN_POINT ( 'NONE',  ( -19.23996691218760091, 5.841301913537741974, -7.296626976027122957 ) ) ;
#5686 = CARTESIAN_POINT ( 'NONE',  ( -5.001729238906870378, 3.564616492909526091, -35.34876376438984380 ) ) ;
#5687 = CARTESIAN_POINT ( 'NONE',  ( -4.282425748094472517, 14.04109540118240851, 25.42862297814962602 ) ) ;
#5688 = CARTESIAN_POINT ( 'NONE',  ( -18.61480547350680581, 10.32651389937622177, -2.556721560487714040 ) ) ;
#5689 = DIRECTION ( 'NONE',  ( -1.000000000000000000, -0.0000000000000000000, -0.0000000000000000000 ) ) ;
#5690 = ORIENTED_EDGE ( 'NONE', *, *, #7682, .T. ) ;
#5691 = CARTESIAN_POINT ( 'NONE',  ( -15.53685105854781767, -7.956230055517140798, 10.56458433075606429 ) ) ;
#5692 = CARTESIAN_POINT ( 'NONE',  ( -17.99929473220170806, -6.508013696178919893, -8.402743846507547687 ) ) ;
#5693 = VERTEX_POINT ( 'NONE', #2042 ) ;
#5694 = VERTEX_POINT ( 'NONE', #4622 ) ;
#5695 = CARTESIAN_POINT ( 'NONE',  ( -4.463381924476779616, 14.90617475682358695, 19.91269142797878899 ) ) ;
#5696 = CARTESIAN_POINT ( 'NONE',  ( -19.18071479973127325, 4.871130501069456997, -8.069796175923171333 ) ) ;
#5697 = AXIS2_PLACEMENT_3D ( 'NONE', #637, #2611, #549 ) ;
#5698 = CARTESIAN_POINT ( 'NONE',  ( -18.42979797481740789, -8.791241406549303861, -6.822629002539033927 ) ) ;
#5699 = LINE ( 'NONE', #1230, #2401 ) ;
#5700 = CARTESIAN_POINT ( 'NONE',  ( -4.850000000000000533, -15.85065816696758567, 21.95819674138333966 ) ) ;
#5701 = CARTESIAN_POINT ( 'NONE',  ( -12.92719254723647815, -7.392114862292399557, 16.83318115078684940 ) ) ;
#5702 = CARTESIAN_POINT ( 'NONE',  ( -4.628615677061148403, 14.81516447869772257, -20.43204878921557821 ) ) ;
#5703 = DIRECTION ( 'NONE',  ( -1.000000000000000000, -0.0000000000000000000, -0.0000000000000000000 ) ) ;
#5704 = VECTOR ( 'NONE', #3563, 1000.000000000000000 ) ;
#5705 = CARTESIAN_POINT ( 'NONE',  ( -4.350636932269750901, -10.16984419907400827, 30.95423110348567519 ) ) ;
#5706 = CARTESIAN_POINT ( 'NONE',  ( -18.03889095556279187, 7.000428176754283527, 7.754551740504560975 ) ) ;
#5707 = CARTESIAN_POINT ( 'NONE',  ( -17.84334424493040316, 0.4930706793973868574, -11.70694666392909866 ) ) ;
#5708 = CARTESIAN_POINT ( 'NONE',  ( -18.99999999999999645, 8.886525640943139237, -2.953916632309838253 ) ) ;
#5709 = CARTESIAN_POINT ( 'NONE',  ( -18.15915480777113444, 3.745093736879057111, 12.31839088915033287 ) ) ;
#5710 = CARTESIAN_POINT ( 'NONE',  ( -4.607610597860626989, 14.83002756573353764, -7.310838148565466987 ) ) ;
#5711 = EDGE_CURVE ( 'NONE', #1354, #3886, #6794, .T. ) ;
#5712 = CARTESIAN_POINT ( 'NONE',  ( -15.35441662873912350, -1.158066700216671574, 15.92214031209938518 ) ) ;
#5713 = CARTESIAN_POINT ( 'NONE',  ( -4.999999999999994671, 15.75000000000000355, -9.508162284862114788 ) ) ;
#5714 = CARTESIAN_POINT ( 'NONE',  ( -3.076464363281864678, -15.44238129326034326, -21.79557427844990158 ) ) ;
#5715 = CARTESIAN_POINT ( 'NONE',  ( -4.770124258464245592, -15.84195029661429643, -13.42121670138598333 ) ) ;
#5716 = CARTESIAN_POINT ( 'NONE',  ( -17.39788899792825561, -7.043877018153136937, -8.678977177529988651 ) ) ;
#5717 = CARTESIAN_POINT ( 'NONE',  ( -3.076464363268367919, -15.44238129326574516, -19.70230905154745926 ) ) ;
#5718 = CARTESIAN_POINT ( 'NONE',  ( -9.167271291366496655, -8.207552014443869837, -23.37834105885789526 ) ) ;
#5719 = CARTESIAN_POINT ( 'NONE',  ( -20.00000000000002842, 11.45428334055572250, 0.4180019211151779213 ) ) ;
#5720 = CARTESIAN_POINT ( 'NONE',  ( -4.308866697206230612, -0.7111778159454806847, -34.94693702818706527 ) ) ;
#5721 = FACE_OUTER_BOUND ( 'NONE', #6236, .T. ) ;
#5722 = CARTESIAN_POINT ( 'NONE',  ( 7.318364664277170707E-16, -14.94893304606116047, -27.44581836601378910 ) ) ;
#5723 = CARTESIAN_POINT ( 'NONE',  ( -17.65575757181766647, -9.302415858471800192, 3.829692898056375583 ) ) ;
#5724 = CARTESIAN_POINT ( 'NONE',  ( -4.525602018360046941, -15.93975919265597518, -19.99996070084372235 ) ) ;
#5725 = CARTESIAN_POINT ( 'NONE',  ( -1.524319398586787999, -16.06326040425226509, 20.05124920992728121 ) ) ;
#5726 = CARTESIAN_POINT ( 'NONE',  ( -16.75576204952704629, -7.146898001623929630, -9.619104284488015466 ) ) ;
#5727 = CARTESIAN_POINT ( 'NONE',  ( -4.635023354567494813, 14.81891596757390062, 3.483018935430585383 ) ) ;
#5728 = CARTESIAN_POINT ( 'NONE',  ( -5.873411364813137858, -7.523689062861073751, 32.26426047015031173 ) ) ;
#5729 = CARTESIAN_POINT ( 'NONE',  ( -18.61512649248274087, 6.158538677643991655, -7.862663953654610793 ) ) ;
#5730 = CARTESIAN_POINT ( 'NONE',  ( -5.865670758733616985, 0.9384397816378691193, -34.26295946655841362 ) ) ;
#5731 = CARTESIAN_POINT ( 'NONE',  ( -16.61144357413014916, 2.823689252738904809, 13.33826953486565259 ) ) ;
#5732 = CARTESIAN_POINT ( 'NONE',  ( -20.00000000000002842, 0.3824538575178255129, -13.70479665775589950 ) ) ;
#5733 = LINE ( 'NONE', #6313, #1308 ) ;
#5734 = CARTESIAN_POINT ( 'NONE',  ( -9.397345281128357541, -11.76204772801086840, 15.86823444693107454 ) ) ;
#5735 = CARTESIAN_POINT ( 'NONE',  ( -9.398513178053908845, -11.77100787805801119, -15.78883253401913755 ) ) ;
#5736 = EDGE_LOOP ( 'NONE', ( #1984, #7438, #3115, #1532, #6781, #2581, #8205 ) ) ;
#5737 = ORIENTED_EDGE ( 'NONE', *, *, #2946, .T. ) ;
#5738 = CARTESIAN_POINT ( 'NONE',  ( -15.53374791088707063, 7.947299911028792074, 10.58902611158668350 ) ) ;
#5739 = CARTESIAN_POINT ( 'NONE',  ( -18.53532502554795869, 4.764984469439935921, -9.097136612276329970 ) ) ;
#5740 = CARTESIAN_POINT ( 'NONE',  ( -18.29174351021131173, 7.275969417321724642, 9.239326243651836634 ) ) ;
#5741 = FACE_OUTER_BOUND ( 'NONE', #7964, .T. ) ;
#5742 = CARTESIAN_POINT ( 'NONE',  ( -20.00000000000005329, -8.969214178198713583, 4.617297917538291330 ) ) ;
#5743 = CARTESIAN_POINT ( 'NONE',  ( -18.52923309186823175, -4.517559814756725522, 9.262301732981585545 ) ) ;
#5744 = CARTESIAN_POINT ( 'NONE',  ( 3.000000000000000000, -22.00000000000001421, -36.50000000000000711 ) ) ;
#5745 = ORIENTED_EDGE ( 'NONE', *, *, #389, .T. ) ;
#5746 = B_SPLINE_SURFACE_WITH_KNOTS ( 'NONE', 3, 1, ( 
 ( #3948, #3908, #6466 ),
 ( #7176, #1417, #85 ),
 ( #3986, #2636, #5226 ),
 ( #7765, #6510, #3314 ),
 ( #5886, #163, #983 ),
 ( #2333, #8104, #1024 ),
 ( #7970, #7426, #1620 ),
 ( #1664, #8016, #2919 ),
 ( #7301, #3484, #7926 ),
 ( #1536, #4108, #8060 ),
 ( #3573, #2795, #902 ),
 ( #5506, #2246, #6796 ),
 ( #6665, #6131, #1497 ),
 ( #2879, #4064, #5467 ),
 ( #4835, #364, #2165 ),
 ( #4750, #7258, #4233 ),
 ( #6005, #6048, #7384 ),
 ( #4192, #6629, #2205 ),
 ( #282, #4879, #2836 ),
 ( #3533, #6088, #407 ),
 ( #7342, #2291, #5427 ),
 ( #3614, #6170, #4790 ),
 ( #2961, #863, #6753 ),
 ( #944, #5549, #3440 ),
 ( #240, #5386, #1577 ),
 ( #4149, #6706, #322 ),
 ( #4922, #7749, #5829 ),
 ( #1706, #1989, #71 ),
 ( #2491, #5128, #3296 ),
 ( #606, #2621, #8255 ),
 ( #4570, #4440, #7075 ),
 ( #1185, #4273, #5083 ),
 ( #1275, #1361, #7115 ),
 ( #3891, #3169, #6995 ),
 ( #5168, #6950, #3933 ),
 ( #6365, #2536, #688 ),
 ( #8297, #1231, #7623 ),
 ( #7666, #7465, #6492 ),
 ( #3766, #6324, #727 ),
 ( #5869, #3853, #5700 ),
 ( #1948, #107, #559 ),
 ( #3124, #3812, #1317 ),
 ( #5742, #1908, #1861 ),
 ( #4487, #6409, #647 ),
 ( #6451, #3211, #5207 ),
 ( #7036, #5786, #32 ),
 ( #2578, #3253, #7709 ),
 ( #4532, #6070, #3511 ),
 ( #885, #7324, #3380 ),
 ( #5367, #2660, #2818 ) ),
 .UNSPECIFIED., .T., .F., .F.,
 ( 4, 1, 1, 1, 1, 1, 1, 1, 1, 1, 1, 1, 1, 1, 2, 1, 1, 1, 1, 1, 1, 1, 2, 1, 1, 1, 1, 1, 1, 1, 1, 1, 1, 1, 1, 1, 2, 1, 1, 1, 1, 1, 1, 1, 4 ),
 ( 2, 1, 2 ),
 ( 0.0000000000000000000, 0.03055139436660387828, 0.06110278873320775656, 0.07637848591650969743, 0.09165418309981163136, 0.09929203169146262609, 0.1069298802831135931, 0.1222055774664155131, 0.1374812746497174609, 0.1451191232413684140, 0.1527569718330193949, 0.1680326690163213565, 0.1833083661996232627, 0.2138597605662271861, 0.2444111549328310540, 0.2763597605662274082, 0.3083083661996237623, 0.3402569718330201165, 0.3722055774664164707, 0.4041541830998127693, 0.4361027887332091790, 0.4680513943666054777, 0.5000000000000017764, 0.5305513943666073651, 0.5611027887332131758, 0.5763784859165160812, 0.5916541830998189866, 0.5992920316914701617, 0.6069298802831216699, 0.6222055774664245753, 0.6374812746497273697, 0.6451191232413787668, 0.6527569718330301640, 0.6680326690163330694, 0.6833083661996357527, 0.7138597605662414525, 0.7444111549328472632, 0.7763597605662413415, 0.8083083661996354197, 0.8402569718330294979, 0.8722055774664236871, 0.9041541830998178764, 0.9361027887332118436, 0.9680513943666058108, 1.000000000000000000 ),
 ( 0.0000000000000000000, 1.000000000000000000, 1.010000000000000009 ),
 .UNSPECIFIED. ) ;
#5747 = CARTESIAN_POINT ( 'NONE',  ( -4.308923853456604114, -1.390975964696916423, 34.94271956743657626 ) ) ;
#5748 = CARTESIAN_POINT ( 'NONE',  ( -19.25247560270342717, 6.008130601799808623, 7.141734225326860752 ) ) ;
#5749 = CARTESIAN_POINT ( 'NONE',  ( -15.97512883141019913, 1.070987493475299868, -14.86454705268457310 ) ) ;
#5750 = CARTESIAN_POINT ( 'NONE',  ( 0.0000000000000000000, -17.74999999999998579, -9.833252326675909316 ) ) ;
#5751 = CARTESIAN_POINT ( 'NONE',  ( -18.13520368170815544, -0.3730576876123029018, 13.22858627111207674 ) ) ;
#5752 = CARTESIAN_POINT ( 'NONE',  ( -17.22296930142744387, -0.5447254487948042234, 12.76996314961264467 ) ) ;
#5753 = CARTESIAN_POINT ( 'NONE',  ( -5.037630249128090654, 15.73494790034861346, -19.88056205844572943 ) ) ;
#5754 = CARTESIAN_POINT ( 'NONE',  ( -5.869720884617056988, -5.189104102211550718, 33.35110202474416496 ) ) ;
#5755 = CARTESIAN_POINT ( 'NONE',  ( -18.64196199430438483, -6.452595010444308166, -7.531401858111451908 ) ) ;
#5756 = ORIENTED_EDGE ( 'NONE', *, *, #8218, .F. ) ;
#5757 = EDGE_CURVE ( 'NONE', #3225, #8271, #1576, .T. ) ;
#5758 = CARTESIAN_POINT ( 'NONE',  ( -3.076464363268367475, -15.44238129326574516, -19.94047283222849032 ) ) ;
#5759 = CARTESIAN_POINT ( 'NONE',  ( -15.43735490183756909, -6.688997938962309320, -12.70026198933555861 ) ) ;
#5760 = CARTESIAN_POINT ( 'NONE',  ( -20.00000000000003553, 11.43615787569685160, -0.8177620741229307821 ) ) ;
#5761 = DIRECTION ( 'NONE',  ( 1.000000000000000000, 0.0000000000000000000, 0.0000000000000000000 ) ) ;
#5762 = CARTESIAN_POINT ( 'NONE',  ( -20.00000000000148503, -4.428648081722291963, 9.074777833529006799 ) ) ;
#5763 = DIRECTION ( 'NONE',  ( 0.0000000000000000000, 0.0000000000000000000, 1.000000000000000000 ) ) ;
#5764 = CARTESIAN_POINT ( 'NONE',  ( -18.35375469003019688, -9.572548398728329744, 0.5764630805919713774 ) ) ;
#5765 = CARTESIAN_POINT ( 'NONE',  ( -4.525605364126278118, -15.93975785434948200, -19.99994105635028419 ) ) ;
#5766 = ORIENTED_EDGE ( 'NONE', *, *, #2374, .T. ) ;
#5767 = CARTESIAN_POINT ( 'NONE',  ( 0.02805863807575803212, -14.87690317957000552, 27.79125344188878799 ) ) ;
#5768 = VERTEX_POINT ( 'NONE', #978 ) ;
#5769 = CARTESIAN_POINT ( 'NONE',  ( -11.84340220248611431, -10.18955474415827389, -13.94330931008520125 ) ) ;
#5770 = CARTESIAN_POINT ( 'NONE',  ( -7.134142255417320833, 13.86061033671373899, 0.3766767526460549353 ) ) ;
#5771 = CARTESIAN_POINT ( 'NONE',  ( -5.004833326518763670, -6.477357353576428167, 34.36382212647878021 ) ) ;
#5772 = CARTESIAN_POINT ( 'NONE',  ( -15.55102059178767071, 8.131605937790144623, -10.17774013660058507 ) ) ;
#5773 = CARTESIAN_POINT ( 'NONE',  ( -5.866827337537018572, 1.848852638924534553, -34.17730331174377056 ) ) ;
#5774 = CARTESIAN_POINT ( 'NONE',  ( -17.24159110434427689, 3.237528270353033921, 12.08459735554663439 ) ) ;
#5775 = AXIS2_PLACEMENT_3D ( 'NONE', #1681, #6810, #4724 ) ;
#5776 = CARTESIAN_POINT ( 'NONE',  ( -20.00000000000003197, -3.247383698413562669, -13.11759578363030698 ) ) ;
#5777 = DIRECTION ( 'NONE',  ( 1.000000000000000000, 0.0000000000000000000, 0.0000000000000000000 ) ) ;
#5778 = CARTESIAN_POINT ( 'NONE',  ( -17.38615012808334725, -6.908002799812535955, 8.881450672842023053 ) ) ;
#5779 = CARTESIAN_POINT ( 'NONE',  ( -16.15117282017561351, -7.588541805997619072, -10.02373202890431969 ) ) ;
#5780 = CIRCLE ( 'NONE', #1195, 2.000000000000001776 ) ;
#5781 = EDGE_LOOP ( 'NONE', ( #1962, #4625 ) ) ;
#5782 = CARTESIAN_POINT ( 'NONE',  ( -15.53443038860014802, 7.955733584413573034, 10.57062414934728700 ) ) ;
#5783 = CARTESIAN_POINT ( 'NONE',  ( -16.02718495468052140, 5.490785365658845230, -12.81408200751629956 ) ) ;
#5784 = CARTESIAN_POINT ( 'NONE',  ( -18.22275918408071504, -6.155594798098996456, 10.56584884491463328 ) ) ;
#5785 = CARTESIAN_POINT ( 'NONE',  ( -3.410963121009306320, -2.646900758544525001, -36.17863162011298783 ) ) ;
#5786 = CARTESIAN_POINT ( 'NONE',  ( -4.999999999999999112, -15.74999999999998934, -4.707529648107014353 ) ) ;
#5787 = CARTESIAN_POINT ( 'NONE',  ( -16.02171403870730515, -5.185540141688266047, 13.07067113643119605 ) ) ;
#5788 = CARTESIAN_POINT ( 'NONE',  ( -20.00000000000002842, -11.36148706350834203, 1.655038157934242138 ) ) ;
#5789 = ORIENTED_EDGE ( 'NONE', *, *, #2138, .F. ) ;
#5790 = VERTEX_POINT ( 'NONE', #4785 ) ;
#5791 = CARTESIAN_POINT ( 'NONE',  ( -4.332968490659056648, -8.103087090392987690, 32.56754398609373169 ) ) ;
#5792 = CARTESIAN_POINT ( 'NONE',  ( -9.420559085746246453, 11.91385183778886869, 14.50884434376478005 ) ) ;
#5793 = CARTESIAN_POINT ( 'NONE',  ( -18.46846019245359116, 1.014606357980430307, -10.58118036690989605 ) ) ;
#5794 = CARTESIAN_POINT ( 'NONE',  ( -5.000000000000000000, -15.74999999999999289, -16.77601940238226064 ) ) ;
#5795 = CARTESIAN_POINT ( 'NONE',  ( -20.00000000000004619, 7.781055836887278865, 9.738025230302667978 ) ) ;
#5796 = CARTESIAN_POINT ( 'NONE',  ( -9.121789031707258744, -1.240708283772901099, 26.65074150694594479 ) ) ;
#5797 = CARTESIAN_POINT ( 'NONE',  ( -1.524266391606024174, -8.187992538875390025, -33.81898062285439011 ) ) ;
#5798 = CARTESIAN_POINT ( 'NONE',  ( -5.748962996722900343, -14.59549331762733182, 23.71304572583775538 ) ) ;
#5799 = CARTESIAN_POINT ( 'NONE',  ( -18.62867097373003133, -6.291004241123189011, -7.713994324213501841 ) ) ;
#5800 = CIRCLE ( 'NONE', #7668, 1.999999999999998224 ) ;
#5801 = CARTESIAN_POINT ( 'NONE',  ( -4.628609323645896723, -14.82152330911473292, -19.65016480786971442 ) ) ;
#5802 = CARTESIAN_POINT ( 'NONE',  ( -16.63846874827401479, -4.818785355024398420, -12.27274045395381741 ) ) ;
#5803 = CARTESIAN_POINT ( 'NONE',  ( -17.78276218839815570, 6.596239434225682707, 8.621769381816161371 ) ) ;
#5804 = CARTESIAN_POINT ( 'NONE',  ( 0.0000000000000000000, 1.008120388923670203E-14, -19.99999999999998934 ) ) ;
#5805 = CARTESIAN_POINT ( 'NONE',  ( -20.00000000000037659, -5.822950866854797347, 8.252270508679632854 ) ) ;
#5806 = CARTESIAN_POINT ( 'NONE',  ( 3.000000000000000000, 22.00000000000000000, -38.50000000000000711 ) ) ;
#5807 = CARTESIAN_POINT ( 'NONE',  ( -4.641950680515077643, -14.81629732526012155, -0.4117600252886619572 ) ) ;
#5808 = CARTESIAN_POINT ( 'NONE',  ( 0.0000000000000000000, -3.209238430557093125E-14, -38.22612575590894579 ) ) ;
#5809 = AXIS2_PLACEMENT_3D ( 'NONE', #5913, #2114, #5992 ) ;
#5810 = AXIS2_PLACEMENT_3D ( 'NONE', #7848, #5761, #2719 ) ;
#5811 = CARTESIAN_POINT ( 'NONE',  ( 0.02810723274787915379, -13.87441744061793081, 29.46268344770394165 ) ) ;
#5812 = CARTESIAN_POINT ( 'NONE',  ( -18.60447570486818591, -6.019293238824760195, -8.009617236313532729 ) ) ;
#5813 = CARTESIAN_POINT ( 'NONE',  ( -18.31109681317159144, 9.301740071104914520, 2.547998007034894652 ) ) ;
#5814 = B_SPLINE_CURVE_WITH_KNOTS ( 'NONE', 3,
 ( #5952, #809, #5330, #7203, #7328, #267, #849, #6652, #2822, #7954, #2072, #1522, #969 ),
 .UNSPECIFIED., .F., .F.,
 ( 4, 2, 1, 2, 2, 2, 4 ),
 ( 0.0000000000000000000, 0.0004830672539829945224, 0.0009661345079659890448, 0.001932269015931978090, 0.003864538031863956179, 0.007729076063727919298, 0.01545815212745583860 ),
 .UNSPECIFIED. ) ;
#5815 = CARTESIAN_POINT ( 'NONE',  ( -3.816299211897703270, -14.11470588723777553, 28.06806336609549390 ) ) ;
#5816 = CARTESIAN_POINT ( 'NONE',  ( -18.04858204450663806, 7.123052141361844392, -7.604739802404455240 ) ) ;
#5817 = CARTESIAN_POINT ( 'NONE',  ( -5.549231447664305428, -15.34847890298910933, -20.66974211665017336 ) ) ;
#5818 = CARTESIAN_POINT ( 'NONE',  ( -17.86823672579417277, 3.246250478772012560, 11.00910385134054792 ) ) ;
#5819 = CARTESIAN_POINT ( 'NONE',  ( -18.55699248244542687, 9.881096245026263603, 4.199869053335305580 ) ) ;
#5820 = CARTESIAN_POINT ( 'NONE',  ( -3.809717877207454695, -14.05606326688204888, 28.17417212403649884 ) ) ;
#5821 = ADVANCED_FACE ( 'NONE', ( #5961 ), #2873, .F. ) ;
#5822 = CARTESIAN_POINT ( 'NONE',  ( -14.32055037623171501, -8.816274024162774836, 11.29524699117158093 ) ) ;
#5823 = CARTESIAN_POINT ( 'NONE',  ( -19.23945964280142817, -5.791005251026151157, -7.337843165388465927 ) ) ;
#5824 = ORIENTED_EDGE ( 'NONE', *, *, #745, .T. ) ;
#5825 = CARTESIAN_POINT ( 'NONE',  ( -16.76213341751828168, 7.211241515484500653, 9.510475445859066568 ) ) ;
#5826 = CARTESIAN_POINT ( 'NONE',  ( -9.338788641185168160, 11.58552404760319199, -17.13666911270379600 ) ) ;
#5827 = CYLINDRICAL_SURFACE ( 'NONE', #4351, 3.999999999999996447 ) ;
#5828 = CARTESIAN_POINT ( 'NONE',  ( -3.904896737082148572, -14.72551454028054252, -26.74549530040703971 ) ) ;
#5829 = CARTESIAN_POINT ( 'NONE',  ( -4.849999999999989875, 15.21612629098971325, 25.78416917158466148 ) ) ;
#5830 = CARTESIAN_POINT ( 'NONE',  ( -11.74342583403397278, -9.385885940655761317, 16.40722501016726298 ) ) ;
#5831 = CARTESIAN_POINT ( 'NONE',  ( -20.00000000000003553, 0.7939618565227662961, -13.67792525970486750 ) ) ;
#5832 = ORIENTED_EDGE ( 'NONE', *, *, #7317, .T. ) ;
#5833 = CARTESIAN_POINT ( 'NONE',  ( 3.000000000000000000, -19.99999999999999645, -36.50000000000000711 ) ) ;
#5834 = CARTESIAN_POINT ( 'NONE',  ( -17.42210781494931737, 7.340206663104552831, 8.222436420813243885 ) ) ;
#5835 = CARTESIAN_POINT ( 'NONE',  ( -17.22612073444869907, 1.941609849459032811, -12.54672995726389040 ) ) ;
#5836 = CARTESIAN_POINT ( 'NONE',  ( -19.00000000000000000, 9.076163330999225565, 2.288609437270844538 ) ) ;
#5837 = CARTESIAN_POINT ( 'NONE',  ( -20.00000000000075318, 5.954889839260393281, 8.156956393662682103 ) ) ;
#5838 = CARTESIAN_POINT ( 'NONE',  ( -6.635331036911821023, -4.232889678568310110, 30.31668863981398943 ) ) ;
#5839 = CARTESIAN_POINT ( 'NONE',  ( -4.628715509635154213, -3.553615122577991503, -34.41348949069350738 ) ) ;
#5840 = CARTESIAN_POINT ( 'NONE',  ( -4.540801338078824578, -15.93367946476848296, 19.90517418718165032 ) ) ;
#5841 = CARTESIAN_POINT ( 'NONE',  ( -15.55621570789743480, -8.160853971122719486, -10.10690305728948957 ) ) ;
#5842 = CIRCLE ( 'NONE', #5442, 3.999999999999996447 ) ;
#5843 = ADVANCED_FACE ( 'NONE', ( #358 ), #275, .F. ) ;
#5844 = CARTESIAN_POINT ( 'NONE',  ( -5.000000000000000000, 15.75000000000000000, -16.77601940238223932 ) ) ;
#5845 = CARTESIAN_POINT ( 'NONE',  ( -6.678443150552961782, -9.576088137543354861, -26.93778494159918324 ) ) ;
#5846 = CARTESIAN_POINT ( 'NONE',  ( 5.000000000000000000, 2.733323094352584069E-15, 37.75000000000000711 ) ) ;
#5847 =( NAMED_UNIT ( * ) PLANE_ANGLE_UNIT ( ) SI_UNIT ( $, .RADIAN. ) );
#5848 = CARTESIAN_POINT ( 'NONE',  ( -5.227430674107888642, -15.63260943700709937, 13.43879093200308183 ) ) ;
#5849 = CARTESIAN_POINT ( 'NONE',  ( -4.891457685679661438, -15.79341692572813471, 9.558720777668250790 ) ) ;
#5850 = CARTESIAN_POINT ( 'NONE',  ( -9.626117264084490088, -12.89946185681202095, -1.613174525420444816 ) ) ;
#5851 = CARTESIAN_POINT ( 'NONE',  ( -5.050000000000007816, 15.73000000000001464, 10.17566444466045539 ) ) ;
#5852 = ORIENTED_EDGE ( 'NONE', *, *, #615, .T. ) ;
#5853 = CARTESIAN_POINT ( 'NONE',  ( -1.524226539416577264, -6.978922976432085257, 34.49790611593758882 ) ) ;
#5854 = CARTESIAN_POINT ( 'NONE',  ( -13.07519697248609525, -9.428574319198226306, -12.81526507170320350 ) ) ;
#5855 = CARTESIAN_POINT ( 'NONE',  ( -5.001003153097663301, 2.541519752054413495, 35.55114642419662374 ) ) ;
#5856 = CARTESIAN_POINT ( 'NONE',  ( -9.402930360442775637, 11.80602290244603125, -15.48119673053064105 ) ) ;
#5857 = CARTESIAN_POINT ( 'NONE',  ( -5.045549824441480702, -15.73178007022338676, -20.06798332679106167 ) ) ;
#5858 = CARTESIAN_POINT ( 'NONE',  ( -17.87343498895267402, 3.530199438850773141, 10.86663312601645259 ) ) ;
#5859 = CARTESIAN_POINT ( 'NONE',  ( -20.00000000000002842, -7.859754795751898726, -9.639563089002008311 ) ) ;
#5860 = CARTESIAN_POINT ( 'NONE',  ( -3.702943785484417827, 12.88549705387866773, 29.98695158216107615 ) ) ;
#5861 = CARTESIAN_POINT ( 'NONE',  ( -16.76958716869321009, -7.266243146018804389, 9.412917517695266412 ) ) ;
#5862 = CARTESIAN_POINT ( 'NONE',  ( -18.61624682710008116, -6.133982707554466174, -7.884633649604160688 ) ) ;
#5863 = ORIENTED_EDGE ( 'NONE', *, *, #2018, .T. ) ;
#5864 = ADVANCED_FACE ( 'NONE', ( #2914 ), #2285, .F. ) ;
#5865 = CARTESIAN_POINT ( 'NONE',  ( -4.574993001471550080, 14.84296983798449254, 14.75816322453557738 ) ) ;
#5866 = CARTESIAN_POINT ( 'NONE',  ( -15.49652951839679638, 7.603348356936208141, -11.29886676540003343 ) ) ;
#5867 = DIRECTION ( 'NONE',  ( -1.000000000000000000, -0.0000000000000000000, -0.0000000000000000000 ) ) ;
#5868 = CARTESIAN_POINT ( 'NONE',  ( -3.505796485075980407, -8.583690901893206160, -33.92205063182938574 ) ) ;
#5869 = CARTESIAN_POINT ( 'NONE',  ( -20.00000000000000000, -5.684183303242542173, 8.252241503224292174 ) ) ;
#5870 = CARTESIAN_POINT ( 'NONE',  ( -19.99999999999992184, -9.803586301204772369, -2.410269670470999603 ) ) ;
#5871 = CARTESIAN_POINT ( 'NONE',  ( -12.99689516642155951, -8.808812363647255950, 14.59736426954404998 ) ) ;
#5872 = DIRECTION ( 'NONE',  ( -1.000000000000000000, -0.0000000000000000000, -0.0000000000000000000 ) ) ;
#5873 = CARTESIAN_POINT ( 'NONE',  ( -18.61254369193662583, -6.125322589921074368, -7.898165723778627800 ) ) ;
#5874 = CARTESIAN_POINT ( 'NONE',  ( -16.15243140966084212, 7.630318729307942860, 9.947625656977489683 ) ) ;
#5875 = CARTESIAN_POINT ( 'NONE',  ( -17.84890216437127464, 1.761358450158414302, -11.51955466280313622 ) ) ;
#5876 = CARTESIAN_POINT ( 'NONE',  ( -1.524319402890895736, 16.06323927741675206, 18.05733672376441490 ) ) ;
#5877 = CARTESIAN_POINT ( 'NONE',  ( -20.00000000000004619, 7.845013104397330572, 9.658155098429965335 ) ) ;
#5878 = CARTESIAN_POINT ( 'NONE',  ( -17.85169366819268433, -1.760559266056934691, 11.51494948190390133 ) ) ;
#5879 = CARTESIAN_POINT ( 'NONE',  ( -1.524350793447808661, -3.000450397576976513, -35.77991554424502141 ) ) ;
#5880 = CARTESIAN_POINT ( 'NONE',  ( -5.646494838577526210, -15.12655362523050329, 21.88570913155037445 ) ) ;
#5881 = ORIENTED_EDGE ( 'NONE', *, *, #4209, .T. ) ;
#5882 = CARTESIAN_POINT ( 'NONE',  ( -19.26420359316070119, -6.117721141648120309, -7.031207282760448152 ) ) ;
#5883 = VERTEX_POINT ( 'NONE', #6701 ) ;
#5884 = CARTESIAN_POINT ( 'NONE',  ( -5.049999999999990052, 6.096263341294894111, -34.93416988771200238 ) ) ;
#5885 = CARTESIAN_POINT ( 'NONE',  ( -11.63979020989460622, -5.867409734857728765, -20.60837593573417692 ) ) ;
#5886 = CARTESIAN_POINT ( 'NONE',  ( -19.99999999999999645, -2.344222045969263313, -9.732438467498862877 ) ) ;
#5887 = DIRECTION ( 'NONE',  ( 0.0000000000000000000, 0.0000000000000000000, -1.000000000000000000 ) ) ;
#5888 = CARTESIAN_POINT ( 'NONE',  ( -4.641744592739998510, -15.89330216290401054, 17.28337659811915117 ) ) ;
#5889 = CARTESIAN_POINT ( 'NONE',  ( 3.000000000000000000, -22.00000000000001421, -36.50000000000000711 ) ) ;
#5890 = CARTESIAN_POINT ( 'NONE',  ( -9.628574570087831574, -12.90961436971024057, 0.9307553427972939941 ) ) ;
#5891 = CARTESIAN_POINT ( 'NONE',  ( -5.000000000000000000, -15.74999999999999289, -19.99999998980443294 ) ) ;
#5892 = CARTESIAN_POINT ( 'NONE',  ( 0.02782555748655015510, -16.68409726156771811, 15.56482060915961263 ) ) ;
#5893 = CARTESIAN_POINT ( 'NONE',  ( -16.12821894927586897, -7.392919250585916480, -10.39965040633347826 ) ) ;
#5894 = CARTESIAN_POINT ( 'NONE',  ( -5.768449747019699814, 14.49541568779316059, 24.05810975157996978 ) ) ;
#5895 = CARTESIAN_POINT ( 'NONE',  ( -15.62071659693876313, 8.802105884635455624, -8.598248319021481123 ) ) ;
#5896 = CARTESIAN_POINT ( 'NONE',  ( -5.490291793443316415, -15.42609373343352352, -20.06900885481969965 ) ) ;
#5897 = CARTESIAN_POINT ( 'NONE',  ( -4.169912552799319272, 9.452668548428281525, 31.93971172327647423 ) ) ;
#5898 = CARTESIAN_POINT ( 'NONE',  ( -20.00000000000002487, -8.049064044071634783, -9.399037669727881905 ) ) ;
#5899 = B_SPLINE_CURVE_WITH_KNOTS ( 'NONE', 3,
 ( #783, #5803, #5305, #4588, #49, #2596, #4628, #1337 ),
 .UNSPECIFIED., .F., .F.,
 ( 4, 2, 2, 4 ),
 ( 0.01884419728375098108, 0.2628028726964907746, 0.5067615481092303531, 0.9946788989347093990 ),
 .UNSPECIFIED. ) ;
#5900 = CARTESIAN_POINT ( 'NONE',  ( -4.243300771901139967, -15.84141870833286703, 22.64367418014359146 ) ) ;
#5901 = CARTESIAN_POINT ( 'NONE',  ( -15.53989107446161810, -7.989094405066540006, 10.49193130148907294 ) ) ;
#5902 = CARTESIAN_POINT ( 'NONE',  ( -9.397760619369387669, -11.76619804251970969, -15.83195288504255593 ) ) ;
#5903 = CARTESIAN_POINT ( 'NONE',  ( -1.524153604013160246, 11.80436823210457220, 30.93371131647205630 ) ) ;
#5904 =( GEOMETRIC_REPRESENTATION_CONTEXT ( 3 ) GLOBAL_UNCERTAINTY_ASSIGNED_CONTEXT ( ( #6055 ) ) GLOBAL_UNIT_ASSIGNED_CONTEXT ( ( #1742, #1402, #2663 ) ) REPRESENTATION_CONTEXT ( 'NONE', 'WORKASPACE' ) );
#5905 = DIRECTION ( 'NONE',  ( 1.000000000000000000, 0.0000000000000000000, 0.0000000000000000000 ) ) ;
#5906 = CARTESIAN_POINT ( 'NONE',  ( -15.51463783060232515, 7.789365753476696241, -10.93705873267430206 ) ) ;
#5907 = CARTESIAN_POINT ( 'NONE',  ( -4.424409575413114304, 15.95829538947807613, -20.87573813883083673 ) ) ;
#5908 = CARTESIAN_POINT ( 'NONE',  ( -4.375596047083583962, 15.94633082239169752, -21.32839692334977855 ) ) ;
#5909 = FACE_OUTER_BOUND ( 'NONE', #554, .T. ) ;
#5910 = CARTESIAN_POINT ( 'NONE',  ( -20.00000000000000000, -1.694183542896126271, 9.861515702345831969 ) ) ;
#5911 = CARTESIAN_POINT ( 'NONE',  ( -17.35607583511218266, -6.555499941069561132, 9.380667107392106630 ) ) ;
#5912 = CARTESIAN_POINT ( 'NONE',  ( -5.480542964915151138, 15.43518503273607756, 20.00000000041540460 ) ) ;
#5913 = CARTESIAN_POINT ( 'NONE',  ( 3.000000000000000000, -19.99999999999999645, -36.50000000000000711 ) ) ;
#5914 = CARTESIAN_POINT ( 'NONE',  ( -15.53950516525660497, 8.010448733459085702, 10.44945326328560498 ) ) ;
#5915 = CARTESIAN_POINT ( 'NONE',  ( -15.99061290717766326, 3.470070900738476904, -14.15582974544095407 ) ) ;
#5916 = CARTESIAN_POINT ( 'NONE',  ( -3.076464363268383462, 15.44238129326575937, 18.09261608652290931 ) ) ;
#5917 = CARTESIAN_POINT ( 'NONE',  ( -20.00000000000137490, 7.719379196407822441, 6.461634399173572518 ) ) ;
#5918 = CIRCLE ( 'NONE', #6045, 2.000000000000001776 ) ;
#5919 = CARTESIAN_POINT ( 'NONE',  ( -12.86387150846573846, -2.089026699866644687, 20.03979918941241323 ) ) ;
#5920 = CARTESIAN_POINT ( 'NONE',  ( -3.076565171114245878, -9.991750797318150745, -31.77376311547153165 ) ) ;
#5921 = CARTESIAN_POINT ( 'NONE',  ( -18.29174351021106659, -7.275969417318381538, -9.239326243656538651 ) ) ;
#5922 = EDGE_LOOP ( 'NONE', ( #2672, #1880, #3807, #1951 ) ) ;
#5923 = CARTESIAN_POINT ( 'NONE',  ( -5.000000000000000000, -15.75000000000001066, 22.11634652988783145 ) ) ;
#5924 = CARTESIAN_POINT ( 'NONE',  ( -17.22847857665122007, -2.255665992801832331, -12.45888790760259290 ) ) ;
#5925 = CARTESIAN_POINT ( 'NONE',  ( 0.0000000000000000000, -17.75000000000001776, 19.99999999999998934 ) ) ;
#5926 = DIRECTION ( 'NONE',  ( 0.0000000000000000000, 0.0000000000000000000, 1.000000000000000000 ) ) ;
#5927 = CARTESIAN_POINT ( 'NONE',  ( -5.109317519651989770, -15.70372480607260357, 9.565602428921145872 ) ) ;
#5928 = CARTESIAN_POINT ( 'NONE',  ( -5.000000000000000000, 15.75000000000000711, 4.407281562879258097 ) ) ;
#5929 = CARTESIAN_POINT ( 'NONE',  ( -13.36638337790945741, -11.47075190779995779, -0.2866771417249188159 ) ) ;
#5930 = CARTESIAN_POINT ( 'NONE',  ( 0.0000000000000000000, -7.060713750807398270, -36.80004796480862694 ) ) ;
#5931 = ORIENTED_EDGE ( 'NONE', *, *, #2764, .F. ) ;
#5932 = CARTESIAN_POINT ( 'NONE',  ( 0.02782555748655089756, -16.68409726156772166, 19.80719866515616445 ) ) ;
#5933 = CARTESIAN_POINT ( 'NONE',  ( -18.60245623032690077, -5.991759766498591766, -8.037948904593088528 ) ) ;
#5934 = CARTESIAN_POINT ( 'NONE',  ( -5.050923544284303901, 15.52801904785685494, 22.56339027171415523 ) ) ;
#5935 = CARTESIAN_POINT ( 'NONE',  ( -16.15678170647490930, 7.678271369917911926, -9.854367725950092805 ) ) ;
#5936 = CARTESIAN_POINT ( 'NONE',  ( -4.310387635620145375, -15.91492643826014586, -21.95221373521987829 ) ) ;
#5937 = CARTESIAN_POINT ( 'NONE',  ( -17.85394647364782728, 2.047663416301598982, 11.44241810799115022 ) ) ;
#5938 = CARTESIAN_POINT ( 'NONE',  ( -18.56158327037350730, -9.917129251868816553, -4.115489980971120509 ) ) ;
#5939 = CARTESIAN_POINT ( 'NONE',  ( -3.580012575185319346, 10.70638898740972422, 32.32592173776862410 ) ) ;
#5940 = CARTESIAN_POINT ( 'NONE',  ( -18.62993309586284596, -6.306980753428219622, 7.696667818368331915 ) ) ;
#5941 = CLOSED_SHELL ( 'NONE', ( #5331, #6115, #3965, #252, #3527, #5275 ) ) ;
#5942 = CARTESIAN_POINT ( 'NONE',  ( -16.15039674342743581, -7.579875579312708389, -10.04045538601181242 ) ) ;
#5943 = ADVANCED_FACE ( 'NONE', ( #199 ), #7919, .T. ) ;
#5944 = CARTESIAN_POINT ( 'NONE',  ( 3.000000000000000000, 2.733323094352584069E-15, 19.99999999999999645 ) ) ;
#5945 = CYLINDRICAL_SURFACE ( 'NONE', #1502, 22.74999999999999645 ) ;
#5946 = CARTESIAN_POINT ( 'NONE',  ( -13.01360775720153207, 9.012171235011845027, -14.12676754185565109 ) ) ;
#5947 = DIRECTION ( 'NONE',  ( 0.0000000000000000000, 0.0000000000000000000, 1.000000000000000000 ) ) ;
#5948 = CARTESIAN_POINT ( 'NONE',  ( -3.471926600110354144, 7.207224149765276699, -34.69792319485418375 ) ) ;
#5949 = CARTESIAN_POINT ( 'NONE',  ( 3.000000000000000000, -18.00000000000000355, 36.49999999999999289 ) ) ;
#5950 = CARTESIAN_POINT ( 'NONE',  ( -4.849999999999990763, -2.779248481946061222, 35.83101590996615471 ) ) ;
#5951 = CARTESIAN_POINT ( 'NONE',  ( -4.307346617437418423, -14.35369693225814913, 24.45546188824628686 ) ) ;
#5952 = CARTESIAN_POINT ( 'NONE',  ( -4.546795794781155919, 15.93128168208754403, -19.85753540950338447 ) ) ;
#5953 = FACE_OUTER_BOUND ( 'NONE', #5010, .T. ) ;
#5954 = CARTESIAN_POINT ( 'NONE',  ( -11.86225181246476978, 10.30899967176831389, 13.34923119258968249 ) ) ;
#5955 = CARTESIAN_POINT ( 'NONE',  ( -16.60625590988347966, 2.486042954300148988, -13.45332205175131968 ) ) ;
#5956 = CIRCLE ( 'NONE', #2317, 22.74999999999999289 ) ;
#5957 = CARTESIAN_POINT ( 'NONE',  ( -4.628609323645895834, 14.82152330911475424, 19.29972873327616867 ) ) ;
#5958 = CARTESIAN_POINT ( 'NONE',  ( -18.29521960047718565, 7.320596716086306799, 9.177684244493660159 ) ) ;
#5959 = CARTESIAN_POINT ( 'NONE',  ( -4.137816302371327026, -2.763075879773293497, 35.03030083286942187 ) ) ;
#5960 = CARTESIAN_POINT ( 'NONE',  ( -1.524291687965553921, -8.986704929115758134, -33.34524247755474136 ) ) ;
#5961 = FACE_OUTER_BOUND ( 'NONE', #988, .T. ) ;
#5962 = ORIENTED_EDGE ( 'NONE', *, *, #3163, .F. ) ;
#5963 = CARTESIAN_POINT ( 'NONE',  ( -5.050000000000023803, 11.31345246141635386, 31.50588919952490485 ) ) ;
#5964 = EDGE_CURVE ( 'NONE', #6863, #3427, #2266, .T. ) ;
#5965 = CARTESIAN_POINT ( 'NONE',  ( -9.546447396481170244, 12.56028665452062754, 7.983405740627667946 ) ) ;
#5966 = CARTESIAN_POINT ( 'NONE',  ( -6.660517401038515750, -8.252239526991733243, -28.16471297375962379 ) ) ;
#5967 = CARTESIAN_POINT ( 'NONE',  ( -4.978410144680199600, 15.75863594212792762, 2.938321500209046366 ) ) ;
#5968 = AXIS2_PLACEMENT_3D ( 'NONE', #6928, #3744, #3100 ) ;
#5969 = PLANE ( 'NONE',  #3911 ) ;
#5970 = CARTESIAN_POINT ( 'NONE',  ( -5.011150982471100690, -15.74553960701109645, 19.55284903416040621 ) ) ;
#5971 = CARTESIAN_POINT ( 'NONE',  ( 3.000000000000000000, 22.00000000000000000, -38.50000000000000711 ) ) ;
#5972 = CARTESIAN_POINT ( 'NONE',  ( -17.01836438408305341, -9.446668359220478095, -4.439112203782460853 ) ) ;
#5973 = CARTESIAN_POINT ( 'NONE',  ( -4.999999999999995559, -11.33002742434157462, -31.51843978945201385 ) ) ;
#5974 = CARTESIAN_POINT ( 'NONE',  ( -3.076464363268369695, -15.44238129326576114, 18.08618547465609794 ) ) ;
#5975 = CARTESIAN_POINT ( 'NONE',  ( -19.21248573835353213, -5.437378004844241275, -7.643170091117668541 ) ) ;
#5976 = CARTESIAN_POINT ( 'NONE',  ( -3.582465021097334112, 10.76266274312314941, 32.27573741594286361 ) ) ;
#5977 = CARTESIAN_POINT ( 'NONE',  ( -5.603942948801266866, -15.23962960006923240, -21.32196288325781097 ) ) ;
#5978 = CARTESIAN_POINT ( 'NONE',  ( -16.60185173062887642, 1.338749300065851022, 13.74588709471075276 ) ) ;
#5979 = CARTESIAN_POINT ( 'NONE',  ( -20.00000000000002842, -11.31652481252060660, -1.995768754694593472 ) ) ;
#5980 = CARTESIAN_POINT ( 'NONE',  ( -4.103317914263257649, -15.55917969735939010, 24.20302351887132275 ) ) ;
#5981 = CARTESIAN_POINT ( 'NONE',  ( -15.65906096810987336, -9.094855320352358774, 7.772600282964667429 ) ) ;
#5982 = CARTESIAN_POINT ( 'NONE',  ( -18.61651361266515536, -6.137417066769783602, -7.880968519244605730 ) ) ;
#5983 = CARTESIAN_POINT ( 'NONE',  ( -4.628896957886574626, 8.186748799544886879, 32.38359480033692250 ) ) ;
#5984 = CARTESIAN_POINT ( 'NONE',  ( -18.15258634511526736, 3.247102219037541371, 12.54811923847282173 ) ) ;
#5985 = CARTESIAN_POINT ( 'NONE',  ( -16.73608041420991199, 6.931947997902265790, -9.964757050823990880 ) ) ;
#5986 = EDGE_CURVE ( 'NONE', #7605, #3915, #317, .T. ) ;
#5987 = CARTESIAN_POINT ( 'NONE',  ( -9.397009171815840389, 11.76138412344707262, 15.87510230471458250 ) ) ;
#5988 = DIRECTION ( 'NONE',  ( -1.000000000000000000, 0.0000000000000000000, -0.0000000000000000000 ) ) ;
#5989 = CARTESIAN_POINT ( 'NONE',  ( -20.00000000000000355, 2.344222045968958223, 9.732438467498932155 ) ) ;
#5990 = CARTESIAN_POINT ( 'NONE',  ( -15.53199415574994546, -7.914464152313107626, 10.65845515537950305 ) ) ;
#5991 = CARTESIAN_POINT ( 'NONE',  ( -4.546795794782263478, -15.93128168208708750, -19.85753540949962215 ) ) ;
#5992 = DIRECTION ( 'NONE',  ( 0.0000000000000000000, 0.0000000000000000000, -1.000000000000000000 ) ) ;
#5993 = CARTESIAN_POINT ( 'NONE',  ( -6.943458453676897513, 13.36717379307254383, 17.13809317517385722 ) ) ;
#5994 = CARTESIAN_POINT ( 'NONE',  ( -6.634823372750712878, 4.233018063580744617, -30.31753628702064418 ) ) ;
#5995 = CARTESIAN_POINT ( 'NONE',  ( -1.524319402890895736, 16.06323927741675206, 18.54259807425738416 ) ) ;
#5996 = CARTESIAN_POINT ( 'NONE',  ( -20.00000000000001066, 9.807447303309839270, -6.693928009904852594 ) ) ;
#5997 = CARTESIAN_POINT ( 'NONE',  ( -17.23436781665607498, -2.612728696458440858, 12.33684261941912652 ) ) ;
#5998 = CARTESIAN_POINT ( 'NONE',  ( -1.524257489901071905, 0.6998461771135078280, -36.07568021487620058 ) ) ;
#5999 = CARTESIAN_POINT ( 'NONE',  ( -5.593261691313582418, 15.26436470752335062, 21.18749569903033603 ) ) ;
#6000 = ORIENTED_EDGE ( 'NONE', *, *, #6548, .F. ) ;
#6001 = B_SPLINE_CURVE_WITH_KNOTS ( 'NONE', 3,
 ( #5991, #2863, #7285, #5765, #5724, #4975, #6305 ),
 .UNSPECIFIED., .F., .F.,
 ( 4, 3, 4 ),
 ( 1.055191096010040543E-17, 0.0001442229111568667287, 0.0001442828279495530998 ),
 .UNSPECIFIED. ) ;
#6002 = CARTESIAN_POINT ( 'NONE',  ( -5.049999999999999822, 15.73000000000001108, 16.77828324328961074 ) ) ;
#6003 = CARTESIAN_POINT ( 'NONE',  ( -18.80410570105191326, 8.085553746244832141, 5.160452326922793098 ) ) ;
#6004 = CARTESIAN_POINT ( 'NONE',  ( -15.98649007595098404, -3.063117204144530259, -14.33444185283983963 ) ) ;
#6005 = CARTESIAN_POINT ( 'NONE',  ( -20.00000000000000000, 6.712578825596708043, -7.442380029370460726 ) ) ;
#6006 = CARTESIAN_POINT ( 'NONE',  ( -4.850000000000000533, -15.85065816696755725, -21.95819674138316557 ) ) ;
#6007 = CARTESIAN_POINT ( 'NONE',  ( -4.564344755666865261, -15.92426209773327095, 19.65707425308351830 ) ) ;
#6008 = DIRECTION ( 'NONE',  ( 0.0000000000000000000, -0.0000000000000000000, 1.000000000000000000 ) ) ;
#6009 = CARTESIAN_POINT ( 'NONE',  ( -18.80700883221698660, -8.084237864801316675, -5.159122089484245777 ) ) ;
#6010 = EDGE_CURVE ( 'NONE', #4458, #1180, #3525, .T. ) ;
#6011 = CARTESIAN_POINT ( 'NONE',  ( -4.628609323645897611, -14.82152330911475424, 19.29356512681848557 ) ) ;
#6012 = CARTESIAN_POINT ( 'NONE',  ( -13.04426975802494759, -9.245865798871589547, -13.44529475586454481 ) ) ;
#6013 = CARTESIAN_POINT ( 'NONE',  ( -5.046573187154034912, 15.73002976803157615, 20.23927135554612633 ) ) ;
#6014 = CARTESIAN_POINT ( 'NONE',  ( 9.757819552369488630E-16, -11.13119981367209910, 32.45041663478777139 ) ) ;
#6015 = CARTESIAN_POINT ( 'NONE',  ( -16.60833858421461073, 2.461896704190073226, 13.46669914875952045 ) ) ;
#6016 = CARTESIAN_POINT ( 'NONE',  ( -20.00000000000037303, -5.691476683129678804, -8.344196266166241216 ) ) ;
#6017 = DIRECTION ( 'NONE',  ( 0.0000000000000000000, -1.000000000000000000, 0.0000000000000000000 ) ) ;
#6018 = ORIENTED_EDGE ( 'NONE', *, *, #1785, .F. ) ;
#6019 = CARTESIAN_POINT ( 'NONE',  ( -17.55013296157867586, -8.506970700913763395, 6.053012282250003651 ) ) ;
#6020 = ORIENTED_EDGE ( 'NONE', *, *, #4105, .F. ) ;
#6021 = CARTESIAN_POINT ( 'NONE',  ( 3.000000000000000000, -19.99999999999999645, -34.49999999999999289 ) ) ;
#6022 = CARTESIAN_POINT ( 'NONE',  ( -1.524319402904873444, 16.06323927741117075, 21.83785733187402656 ) ) ;
#6023 = CARTESIAN_POINT ( 'NONE',  ( 0.02782555748663973622, 16.68409726156776784, -19.00251131570045970 ) ) ;
#6024 = CARTESIAN_POINT ( 'NONE',  ( -18.27221559902860903, 7.039152934428404507, 9.567574906922294176 ) ) ;
#6025 = CARTESIAN_POINT ( 'NONE',  ( -15.52718943154075326, 7.895047184880342073, -10.70665355500202409 ) ) ;
#6026 = CARTESIAN_POINT ( 'NONE',  ( -5.021649105662060464, 11.80800568664594152, -30.42306363102779798 ) ) ;
#6027 = CARTESIAN_POINT ( 'NONE',  ( -15.53567263452030467, 7.943391641638113398, 10.59285997789894651 ) ) ;
#6028 = DIRECTION ( 'NONE',  ( 1.000000000000000000, 0.0000000000000000000, 0.0000000000000000000 ) ) ;
#6029 = CARTESIAN_POINT ( 'NONE',  ( -4.999999999999992006, 9.267497339533020906, 32.86814749681995806 ) ) ;
#6030 = CARTESIAN_POINT ( 'NONE',  ( -6.917693782356185039, -13.32097940958628968, 18.27079303677087196 ) ) ;
#6031 = CARTESIAN_POINT ( 'NONE',  ( -14.31745338689512614, -8.785468853680333368, -11.38407669789332388 ) ) ;
#6032 = CARTESIAN_POINT ( 'NONE',  ( -20.00000000000003197, -4.317428271665353812, 12.63871023895343804 ) ) ;
#6033 = CARTESIAN_POINT ( 'NONE',  ( -11.84978974523765416, -10.21381728958338009, -13.81733207458960955 ) ) ;
#6034 = CARTESIAN_POINT ( 'NONE',  ( -18.62140570082162938, 6.238279961093105896, 7.776373760562467652 ) ) ;
#6035 = CARTESIAN_POINT ( 'NONE',  ( -17.87658369917167889, 3.832988710231499674, -10.71144195361804385 ) ) ;
#6036 = CARTESIAN_POINT ( 'NONE',  ( 0.02782555748663794251, 16.68409726156776429, 19.93794175906949206 ) ) ;
#6037 = CARTESIAN_POINT ( 'NONE',  ( -20.00000000000003197, 11.45428334051121588, 0.4180019211231363885 ) ) ;
#6038 = CARTESIAN_POINT ( 'NONE',  ( -16.00815898777712931, -4.537787402759474453, 13.54827837762899634 ) ) ;
#6039 = AXIS2_PLACEMENT_3D ( 'NONE', #5170, #608, #5130 ) ;
#6040 = CARTESIAN_POINT ( 'NONE',  ( -1.524131406579972703, 10.87997716437512352, -31.96292254493670626 ) ) ;
#6041 = CARTESIAN_POINT ( 'NONE',  ( -5.867341540268640188, 2.378128944867208716, 34.08139855173791233 ) ) ;
#6042 = ORIENTED_EDGE ( 'NONE', *, *, #2374, .F. ) ;
#6043 = ORIENTED_EDGE ( 'NONE', *, *, #6747, .F. ) ;
#6044 = DIRECTION ( 'NONE',  ( 0.0000000000000000000, 0.1334769308515364183, -0.9910519204009717864 ) ) ;
#6045 = AXIS2_PLACEMENT_3D ( 'NONE', #6144, #3547, #378 ) ;
#6046 = CARTESIAN_POINT ( 'NONE',  ( -18.90985975973720201, 8.891467363697389104, 3.150425578213411182 ) ) ;
#6047 = CARTESIAN_POINT ( 'NONE',  ( -16.60340613024778733, -2.091312055482283050, -13.57276471141195806 ) ) ;
#6048 = CARTESIAN_POINT ( 'NONE',  ( -4.999999999999999112, 15.75000000000000355, -18.09415738323545142 ) ) ;
#6049 = DIRECTION ( 'NONE',  ( 0.0000000000000000000, -0.0000000000000000000, -1.000000000000000000 ) ) ;
#6050 = CARTESIAN_POINT ( 'NONE',  ( -5.344851505054204921, -15.55042087314960497, -17.12159658727519584 ) ) ;
#6051 = CARTESIAN_POINT ( 'NONE',  ( 3.000000000000000000, 22.00000000000000000, -36.50000000000000711 ) ) ;
#6052 = CARTESIAN_POINT ( 'NONE',  ( -15.67579615195921150, -9.239053001431463130, -7.397097754721207785 ) ) ;
#6053 = CARTESIAN_POINT ( 'NONE',  ( -1.524319402891595399, -16.06323927741646784, 17.56622855990294241 ) ) ;
#6054 = CARTESIAN_POINT ( 'NONE',  ( -18.59650384625411590, -5.908870087133690774, -8.122188348278365666 ) ) ;
#6055 = UNCERTAINTY_MEASURE_WITH_UNIT (LENGTH_MEASURE( 1.000000000000000082E-05 ), #1742, 'distance_accuracy_value', 'NONE');
#6056 = CARTESIAN_POINT ( 'NONE',  ( -5.512143531118783635, 15.40171302297511957, 20.27140734441216807 ) ) ;
#6057 = CARTESIAN_POINT ( 'NONE',  ( -8.538092108323348404E-16, -16.67296703857309836, 17.20221092447676980 ) ) ;
#6058 = CARTESIAN_POINT ( 'NONE',  ( -15.97768935042595473, 1.037868058739832344, 14.85370198851513024 ) ) ;
#6059 = CARTESIAN_POINT ( 'NONE',  ( -18.45665033814714207, -9.036865021707221501, 6.320140407001733074 ) ) ;
#6060 = CARTESIAN_POINT ( 'NONE',  ( -8.131516293641322698E-17, 15.81995354137453980, -25.28738477546080077 ) ) ;
#6061 = CARTESIAN_POINT ( 'NONE',  ( -11.89626017556673787, -10.57584387564756057, 12.03346728273657540 ) ) ;
#6062 = ORIENTED_EDGE ( 'NONE', *, *, #8090, .T. ) ;
#6063 = LINE ( 'NONE', #4206, #5383 ) ;
#6064 = CARTESIAN_POINT ( 'NONE',  ( -4.629008518978736220, 12.43851378961847765, 28.23714437838662050 ) ) ;
#6065 = CARTESIAN_POINT ( 'NONE',  ( -3.076464363268382129, 15.44238129326575404, -19.27893444175659354 ) ) ;
#6066 = CARTESIAN_POINT ( 'NONE',  ( -5.045111536774836480, -14.90077511712586222, 25.07470039124012473 ) ) ;
#6067 = CARTESIAN_POINT ( 'NONE',  ( -16.13893036863302655, 7.497285889287895522, -10.20533308206617384 ) ) ;
#6068 = CARTESIAN_POINT ( 'NONE',  ( -5.866453807857143765, 11.51316508290208596, -28.99563403946893203 ) ) ;
#6069 = CARTESIAN_POINT ( 'NONE',  ( -5.000000000000000000, -15.75000000000001066, 4.407281562877018111 ) ) ;
#6070 = CARTESIAN_POINT ( 'NONE',  ( -5.000000000000000000, -15.74999999999999289, -14.49500089890037735 ) ) ;
#6071 = CARTESIAN_POINT ( 'NONE',  ( -4.583883206279087297, 15.91644671748837858, 19.05358291923613479 ) ) ;
#6072 = CARTESIAN_POINT ( 'NONE',  ( -9.391306906803309928, -11.75111845520762088, 15.99003657467705786 ) ) ;
#6073 = CARTESIAN_POINT ( 'NONE',  ( -16.15480931564776768, -7.628900834258172559, -9.945582158208793544 ) ) ;
#6074 = CARTESIAN_POINT ( 'NONE',  ( -4.770128154591061431, 15.84194873816357685, 13.42109691662946602 ) ) ;
#6075 = VECTOR ( 'NONE', #5583, 1000.000000000000000 ) ;
#6076 = CARTESIAN_POINT ( 'NONE',  ( -4.459971103033357309, -14.90825674879029350, -20.05513773651680509 ) ) ;
#6077 = CARTESIAN_POINT ( 'NONE',  ( -17.99706386030431560, 6.516204281593705794, 8.396849825324324001 ) ) ;
#6078 = CARTESIAN_POINT ( 'NONE',  ( -19.12836981826272620, 3.420339956602512554, -8.869903301955021746 ) ) ;
#6079 = DIRECTION ( 'NONE',  ( 1.000000000000000000, 0.0000000000000000000, 0.0000000000000000000 ) ) ;
#6080 = CARTESIAN_POINT ( 'NONE',  ( -20.00000000000002487, 10.74703094977782314, -4.419134784497233071 ) ) ;
#6081 = CARTESIAN_POINT ( 'NONE',  ( -9.168373388986138295, -8.267249829193152877, 23.35202597650194889 ) ) ;
#6082 = CARTESIAN_POINT ( 'NONE',  ( -4.628972454954901394, 12.19862050368485207, -28.58841028955374952 ) ) ;
#6083 = CARTESIAN_POINT ( 'NONE',  ( -5.531638119485680960, 15.37574132012609418, 20.47630414097672258 ) ) ;
#6084 = DIRECTION ( 'NONE',  ( -0.0000000000000000000, -0.0000000000000000000, 1.000000000000000000 ) ) ;
#6085 = CARTESIAN_POINT ( 'NONE',  ( -12.05195813386417747, 11.58688514777208667, 5.959977963393956912 ) ) ;
#6086 = CARTESIAN_POINT ( 'NONE',  ( -16.59721289111165987, -0.5693639616507281120, -13.84411310646767568 ) ) ;
#6087 = CARTESIAN_POINT ( 'NONE',  ( -15.72865580708231903, 9.651800936151643029, -6.100545663167922683 ) ) ;
#6088 = CARTESIAN_POINT ( 'NONE',  ( -5.000000000000000000, 15.75000000000001066, -4.707529648109743725 ) ) ;
#6089 = CARTESIAN_POINT ( 'NONE',  ( -39.99999999999999289, 0.0000000000000000000, 0.0000000000000000000 ) ) ;
#6090 = EDGE_CURVE ( 'NONE', #4309, #7976, #7647, .T. ) ;
#6091 = CARTESIAN_POINT ( 'NONE',  ( -4.578687744801933412, 15.91852490207923054, -19.21451488297981314 ) ) ;
#6092 = FACE_OUTER_BOUND ( 'NONE', #819, .T. ) ;
#6093 = CARTESIAN_POINT ( 'NONE',  ( -12.05347546608738085, -11.58622689123482274, -5.959522332385360777 ) ) ;
#6094 = CARTESIAN_POINT ( 'NONE',  ( -4.628609323645895834, -14.82152330911473292, -17.65717250127227445 ) ) ;
#6095 = CARTESIAN_POINT ( 'NONE',  ( -12.99376707648840323, -8.793669686922971351, -14.63250576125524205 ) ) ;
#6096 = CARTESIAN_POINT ( 'NONE',  ( -20.00000000000002132, 0.4215073972457287210, 13.73036686817860996 ) ) ;
#6097 = CARTESIAN_POINT ( 'NONE',  ( -8.944667923005498355E-16, 16.24336446160400627, 23.78808980852809185 ) ) ;
#6098 = CARTESIAN_POINT ( 'NONE',  ( -17.23114252893121900, 2.254780060245836104, 12.45455862837533623 ) ) ;
#6099 = CARTESIAN_POINT ( 'NONE',  ( -19.99999999999720046, -9.905700115624840763, -1.426258273012749545 ) ) ;
#6100 = DIRECTION ( 'NONE',  ( -1.000000000000000000, -0.0000000000000000000, -0.0000000000000000000 ) ) ;
#6101 = CARTESIAN_POINT ( 'NONE',  ( -11.95631447121010105, -10.99154561589201684, 9.810189558696851719 ) ) ;
#6102 = CARTESIAN_POINT ( 'NONE',  ( -2.689842413011747535, -11.28889822766080719, 19.85753540949965767 ) ) ;
#6103 = VECTOR ( 'NONE', #5050, 1000.000000000000000 ) ;
#6104 = CARTESIAN_POINT ( 'NONE',  ( -1.524337252375159713, -4.372399702876084149, 35.48427848433301790 ) ) ;
#6105 = CARTESIAN_POINT ( 'NONE',  ( -4.628609323645901164, 14.82152330911474714, 10.49657224245019371 ) ) ;
#6106 = CARTESIAN_POINT ( 'NONE',  ( -5.496506375558052326, -15.41971495105549828, 20.11994617621679282 ) ) ;
#6107 = CARTESIAN_POINT ( 'NONE',  ( -17.99128971211862194, 6.446509273286658015, -8.484389876790240592 ) ) ;
#6108 = CARTESIAN_POINT ( 'NONE',  ( -4.259884015649776146, 15.86288962289269300, -22.46974959510114900 ) ) ;
#6109 = DIRECTION ( 'NONE',  ( 1.000000000000000000, 0.0000000000000000000, 0.0000000000000000000 ) ) ;
#6110 = CARTESIAN_POINT ( 'NONE',  ( -5.873661020417647372, 7.783682884284400139, -32.11254650032545044 ) ) ;
#6111 = CARTESIAN_POINT ( 'NONE',  ( -5.008314395700080190, 15.74667424172969987, 17.29769910970251701 ) ) ;
#6112 = CARTESIAN_POINT ( 'NONE',  ( -18.61271176956758211, -6.088499283294265041, 7.933035603815548065 ) ) ;
#6113 = CARTESIAN_POINT ( 'NONE',  ( -14.31550157382375765, -8.766013674821127921, -11.44013585342936068 ) ) ;
#6114 = CARTESIAN_POINT ( 'NONE',  ( -4.891457714928820977, 15.79341691402847836, 9.558719785013499504 ) ) ;
#6115 = ADVANCED_FACE ( 'NONE', ( #6206 ), #3321, .T. ) ;
#6116 = VERTEX_POINT ( 'NONE', #8258 ) ;
#6117 = CARTESIAN_POINT ( 'NONE',  ( -4.457537000874569166, -14.90953295282690583, -20.11033315732540316 ) ) ;
#6118 = CARTESIAN_POINT ( 'NONE',  ( -9.397886600660996237, 11.77404970511269866, 15.76811955952251587 ) ) ;
#6119 = CARTESIAN_POINT ( 'NONE',  ( -14.14133199978651589, 5.541601725119465804, -16.23095558942349470 ) ) ;
#6120 = CARTESIAN_POINT ( 'NONE',  ( -4.628609323645411777, 14.82152330911494609, 4.407281562876014469 ) ) ;
#6121 = CARTESIAN_POINT ( 'NONE',  ( -18.55880206496876994, 9.893859623606076070, -4.139233699240708830 ) ) ;
#6122 = CARTESIAN_POINT ( 'NONE',  ( -17.24647602121297396, -3.574163007294346439, 11.92241475537564632 ) ) ;
#6123 = CARTESIAN_POINT ( 'NONE',  ( -1.524342307586895817, -2.086791805003436195, -35.95374949513767859 ) ) ;
#6124 = CARTESIAN_POINT ( 'NONE',  ( -5.873296761018209189, 9.715589951821833381, 30.74667971582819348 ) ) ;
#6125 = VERTEX_POINT ( 'NONE', #2452 ) ;
#6126 = AXIS2_PLACEMENT_3D ( 'NONE', #8063, #5430, #986 ) ;
#6127 = CARTESIAN_POINT ( 'NONE',  ( -5.049999999999998934, -15.73000000000000398, 1.633242152632163879E-14 ) ) ;
#6128 = CARTESIAN_POINT ( 'NONE',  ( -7.000355573996282388, 13.53274738870131522, 13.27048669739627940 ) ) ;
#6129 = CARTESIAN_POINT ( 'NONE',  ( -16.60101045309620815, -1.719873684789096080, -13.67470907310609540 ) ) ;
#6130 = CARTESIAN_POINT ( 'NONE',  ( -15.69288019943474843, 9.389890764300096393, -6.949475322838853053 ) ) ;
#6131 = CARTESIAN_POINT ( 'NONE',  ( -5.000000000000003553, 9.267497339530446965, -32.86814749682162073 ) ) ;
#6132 = CARTESIAN_POINT ( 'NONE',  ( -4.624907300267698140, -14.82300411846601840, -5.540470313701811200 ) ) ;
#6133 = FACE_BOUND ( 'NONE', #1764, .T. ) ;
#6134 = CARTESIAN_POINT ( 'NONE',  ( -4.514433410272832070, -14.87572254729006893, -15.52531424629306045 ) ) ;
#6135 = CARTESIAN_POINT ( 'NONE',  ( -1.524319402891596065, -16.06323927741646074, -8.408252342013106784 ) ) ;
#6136 = CARTESIAN_POINT ( 'NONE',  ( -9.311042163075578415, -11.42639205339247610, -17.84278495508198858 ) ) ;
#6137 = CARTESIAN_POINT ( 'NONE',  ( -4.469887265135543686, 15.95551959508278017, 20.47376325886128257 ) ) ;
#6138 = CARTESIAN_POINT ( 'NONE',  ( -4.309703635629880125E-15, 4.110131795809170541, 36.16500201297194650 ) ) ;
#6139 = CARTESIAN_POINT ( 'NONE',  ( -17.84609116752836755, 0.4698983420941872380, 11.70357929124535445 ) ) ;
#6140 = CARTESIAN_POINT ( 'NONE',  ( -20.00000000000002487, -9.387416504146239404, 7.424885781888939107 ) ) ;
#6141 = CARTESIAN_POINT ( 'NONE',  ( -1.138412281109779261E-15, 16.67173141753539056, -20.31428529243121517 ) ) ;
#6142 = CARTESIAN_POINT ( 'NONE',  ( -7.013045401895466213, -13.56534561475029399, 12.46832522214109851 ) ) ;
#6143 = EDGE_LOOP ( 'NONE', ( #4840, #7212, #4433, #7412 ) ) ;
#6144 = CARTESIAN_POINT ( 'NONE',  ( 0.0000000000000000000, -20.00000000000000355, 38.49999999999999289 ) ) ;
#6145 = EDGE_CURVE ( 'NONE', #4458, #1049, #4398, .T. ) ;
#6146 = CARTESIAN_POINT ( 'NONE',  ( -1.524265653645617169, 5.681381189283140287, 35.02535394480905495 ) ) ;
#6147 = CARTESIAN_POINT ( 'NONE',  ( -3.076464363268382129, 15.44238129326575582, -19.51725455397340170 ) ) ;
#6148 = CARTESIAN_POINT ( 'NONE',  ( -4.030627584480169112, -15.32683911225825035, 25.07909817894041993 ) ) ;
#6149 = CARTESIAN_POINT ( 'NONE',  ( -17.98914598774247864, 6.420447779694993251, -8.516689099162841003 ) ) ;
#6150 = CARTESIAN_POINT ( 'NONE',  ( -3.711209543737450822, 12.94773934504766366, -29.85864561116172311 ) ) ;
#6151 = CARTESIAN_POINT ( 'NONE',  ( -5.344851010683673742, -15.55042133561170559, 17.12157810900387744 ) ) ;
#6152 = CARTESIAN_POINT ( 'NONE',  ( -18.24085337290061304, 6.556074436110165493, -10.15927939563719562 ) ) ;
#6153 = CARTESIAN_POINT ( 'NONE',  ( -5.413677175883306880, 15.48632185437191744, 19.65776779983437095 ) ) ;
#6154 = CARTESIAN_POINT ( 'NONE',  ( -16.14369571786508573, -7.518240750786998383, 10.16063295972920244 ) ) ;
#6155 = CARTESIAN_POINT ( 'NONE',  ( -18.00361332870194531, -6.560687765138474958, -8.336101492602212559 ) ) ;
#6156 = ORIENTED_EDGE ( 'NONE', *, *, #6719, .T. ) ;
#6157 = CARTESIAN_POINT ( 'NONE',  ( -16.14569837743973224, -7.559017202848616002, -10.08607499695196097 ) ) ;
#6158 = CARTESIAN_POINT ( 'NONE',  ( -14.30769713805003640, 8.708618250508022740, 11.60994990315421660 ) ) ;
#6159 = CARTESIAN_POINT ( 'NONE',  ( -12.90680727185554488, 6.624396645865294531, -17.63015188844768488 ) ) ;
#6160 = CARTESIAN_POINT ( 'NONE',  ( 0.02782555748684239008, 16.68409726156784956, 19.97062427857269640 ) ) ;
#6161 = CARTESIAN_POINT ( 'NONE',  ( -18.34285870722395728, 7.896037144598844648, -8.343697184133402445 ) ) ;
#6162 = CARTESIAN_POINT ( 'NONE',  ( -15.38060888875572019, -4.507804633397549665, 14.68650753328835457 ) ) ;
#6163 = CARTESIAN_POINT ( 'NONE',  ( -1.524337252374453167, 4.372399702876201388, -35.48427848433328080 ) ) ;
#6164 = DIRECTION ( 'NONE',  ( 1.000000000000000000, 0.0000000000000000000, 0.0000000000000000000 ) ) ;
#6165 = ORIENTED_EDGE ( 'NONE', *, *, #4482, .F. ) ;
#6166 = DIRECTION ( 'NONE',  ( 0.0000000000000000000, -0.9910519204009718974, -0.1334769308515365849 ) ) ;
#6167 = CARTESIAN_POINT ( 'NONE',  ( -19.28803783362516455, 6.446223985464734518, 6.696535890056765972 ) ) ;
#6168 = CARTESIAN_POINT ( 'NONE',  ( -19.08903040856859334, -0.1185231281809193959, -9.579879119396979448 ) ) ;
#6169 = CARTESIAN_POINT ( 'NONE',  ( -17.03216927677540227, 9.562247136344177889, -4.005166841295433322 ) ) ;
#6170 = CARTESIAN_POINT ( 'NONE',  ( -5.000000000000000888, 15.75000000000001421, 4.707529648105255760 ) ) ;
#6171 = CARTESIAN_POINT ( 'NONE',  ( -20.00000000000000000, 5.684183303242139829, -8.252241503224556851 ) ) ;
#6172 = CARTESIAN_POINT ( 'NONE',  ( -4.961299990016644124, 15.76548000399335336, -6.983421377653633577 ) ) ;
#6173 = CARTESIAN_POINT ( 'NONE',  ( -18.13995659361828672, -1.698909022933663859, -13.03316264109126799 ) ) ;
#6174 = CARTESIAN_POINT ( 'NONE',  ( -18.05100404530179503, -7.098400319764256672, -7.609302306809232697 ) ) ;
#6175 = EDGE_CURVE ( 'NONE', #2832, #5073, #499, .T. ) ;
#6176 = ORIENTED_EDGE ( 'NONE', *, *, #4609, .T. ) ;
#6177 = CARTESIAN_POINT ( 'NONE',  ( 0.02782555748655272942, -16.68409726156771100, -17.03995846350090915 ) ) ;
#6178 = CARTESIAN_POINT ( 'NONE',  ( -16.06730702156359314, -6.547120668269026389, -11.68940610002469782 ) ) ;
#6179 = CARTESIAN_POINT ( 'NONE',  ( -5.049545462922679917, 15.68333386573630150, 21.24309150156640413 ) ) ;
#6180 = CARTESIAN_POINT ( 'NONE',  ( -4.392385443082302388, -12.76786299642579081, -27.71784871287376717 ) ) ;
#6181 = CARTESIAN_POINT ( 'NONE',  ( -18.62412262645456096, -10.38942147845479091, 1.928582294330698943 ) ) ;
#6182 = PLANE ( 'NONE',  #5224 ) ;
#6183 = CARTESIAN_POINT ( 'NONE',  ( -13.34587164342586263, -11.35091502752610104, 2.913132548203626104 ) ) ;
#6184 = EDGE_LOOP ( 'NONE', ( #3384, #27, #236, #1058, #6360, #7882 ) ) ;
#6185 = CARTESIAN_POINT ( 'NONE',  ( 3.000000000000000000, -21.25000000000000355, -41.25000000000000711 ) ) ;
#6186 = EDGE_LOOP ( 'NONE', ( #4977, #7492, #4185, #5462 ) ) ;
#6187 = CARTESIAN_POINT ( 'NONE',  ( -1.524241316559524773, -6.128641395855399132, 34.87786302476366274 ) ) ;
#6188 = CARTESIAN_POINT ( 'NONE',  ( -1.524319402890893072, 16.06323927741675206, -17.56622855990292464 ) ) ;
#6189 = CARTESIAN_POINT ( 'NONE',  ( -5.485666109814600233, -15.43054795463056550, 20.03460152813327966 ) ) ;
#6190 = CARTESIAN_POINT ( 'NONE',  ( -13.07544325300897547, 9.430060552670891383, -12.81019227298537899 ) ) ;
#6191 = CARTESIAN_POINT ( 'NONE',  ( -5.863053052622960060, 11.82315862520855632, -28.63082291732985496 ) ) ;
#6192 = CARTESIAN_POINT ( 'NONE',  ( -4.238656748851952649, 13.39012423348811964, 27.23468883388248685 ) ) ;
#6193 = CARTESIAN_POINT ( 'NONE',  ( -18.29026594728689403, 7.259982920204771872, -9.264532253415691088 ) ) ;
#6194 = CARTESIAN_POINT ( 'NONE',  ( -5.000000000000000000, 15.75000000000000711, 4.407281562874061365 ) ) ;
#6195 = CARTESIAN_POINT ( 'NONE',  ( -16.15186602738071642, -7.596265623260081590, 10.00880896363558215 ) ) ;
#6196 = EDGE_CURVE ( 'NONE', #7786, #4755, #2372, .T. ) ;
#6197 = CARTESIAN_POINT ( 'NONE',  ( -18.00144839000170549, -6.534385756763216868, -8.369491134549384981 ) ) ;
#6198 = ORIENTED_EDGE ( 'NONE', *, *, #6196, .T. ) ;
#6199 = CARTESIAN_POINT ( 'NONE',  ( -17.99220016745469408, -6.457265479486156146, -8.470849203018348206 ) ) ;
#6200 = CARTESIAN_POINT ( 'NONE',  ( -16.76318921108400772, 7.223361409701728242, 9.490078104236303602 ) ) ;
#6201 = CARTESIAN_POINT ( 'NONE',  ( -11.65458628920187145, 6.902964147421815078, -19.79305901755427399 ) ) ;
#6202 = CARTESIAN_POINT ( 'NONE',  ( -3.076464363268384350, 15.44238129326575759, 19.94047283222848677 ) ) ;
#6203 = CARTESIAN_POINT ( 'NONE',  ( -20.00000000000002842, 5.654085404303728524, -8.369636025965251136 ) ) ;
#6204 = CARTESIAN_POINT ( 'NONE',  ( -15.37064570417969023, -3.737528470831065430, 15.12094412679639355 ) ) ;
#6205 = CARTESIAN_POINT ( 'NONE',  ( -1.524320983685228503, 16.06004538694157091, -20.33846917622119932 ) ) ;
#6206 = FACE_OUTER_BOUND ( 'NONE', #4387, .T. ) ;
#6207 = CIRCLE ( 'NONE', #2572, 2.000000000000001776 ) ;
#6208 = B_SPLINE_CURVE_WITH_KNOTS ( 'NONE', 3,
 ( #158, #699, #5180, #6421, #7803, #5840, #3181 ),
 .UNSPECIFIED., .F., .F.,
 ( 4, 3, 4 ),
 ( -5.999999998730605449E-08, 1.463778811973837773E-20, 0.0001442228279706351981 ),
 .UNSPECIFIED. ) ;
#6209 = STYLED_ITEM ( 'NONE', ( #7539 ), #6211 ) ;
#6210 = CARTESIAN_POINT ( 'NONE',  ( 3.000000000000000000, 17.99999999999999645, -36.50000000000000711 ) ) ;
#6211 = MANIFOLD_SOLID_BREP ( 'Boss-Extrude10', #1903 ) ;
#6212 = CARTESIAN_POINT ( 'NONE',  ( -11.92382957359035700, 10.78215636705416713, 10.96319464233706853 ) ) ;
#6213 = CARTESIAN_POINT ( 'NONE',  ( -4.139805453556074433, -3.745943279133794768, -34.81272911798156855 ) ) ;
#6214 = CARTESIAN_POINT ( 'NONE',  ( -4.575022930308407787, 14.84461985168780096, -10.48658110005639088 ) ) ;
#6215 = CARTESIAN_POINT ( 'NONE',  ( -4.850000000000013856, -6.972997297140392625, -34.46578159907191719 ) ) ;
#6216 = DIRECTION ( 'NONE',  ( -1.000000000000000000, -0.0000000000000000000, -0.0000000000000000000 ) ) ;
#6217 = CARTESIAN_POINT ( 'NONE',  ( -5.424519428695114165, -15.47891528386831617, -19.70343557249271527 ) ) ;
#6218 = CARTESIAN_POINT ( 'NONE',  ( -13.11887516923455799, -9.786724584858248477, -11.45503865824292156 ) ) ;
#6219 = CARTESIAN_POINT ( 'NONE',  ( -1.524319402891595399, -16.06323927741645363, -12.25697429431336971 ) ) ;
#6220 = CARTESIAN_POINT ( 'NONE',  ( -11.81305163838408312, -10.04275391331014511, -14.58223370947915143 ) ) ;
#6221 = CARTESIAN_POINT ( 'NONE',  ( -20.00000000000003908, 11.32827320308800267, -2.038408162408728241 ) ) ;
#6222 = VECTOR ( 'NONE', #2188, 1000.000000000000000 ) ;
#6223 = CARTESIAN_POINT ( 'NONE',  ( -40.00000000000000000, 0.0000000000000000000, 22.24999999999999645 ) ) ;
#6224 = CARTESIAN_POINT ( 'NONE',  ( -20.00000000000002842, -8.010815333244755365, 9.448527985169842935 ) ) ;
#6225 = CARTESIAN_POINT ( 'NONE',  ( 1.870248747537495149E-15, -11.55390809181538536, -32.05980511769268304 ) ) ;
#6226 = CARTESIAN_POINT ( 'NONE',  ( -18.34438222128006046, -9.510021419453545732, 1.367584525631315939 ) ) ;
#6227 = DIRECTION ( 'NONE',  ( 0.0000000000000000000, 0.0000000000000000000, -1.000000000000000000 ) ) ;
#6228 = CARTESIAN_POINT ( 'NONE',  ( -1.524241095247190980, 7.389280148634877143, 34.29271876815377595 ) ) ;
#6229 = CARTESIAN_POINT ( 'NONE',  ( -17.72785833095874608, 9.812000959881721940, -0.6028442389463168904 ) ) ;
#6230 = CARTESIAN_POINT ( 'NONE',  ( -5.047788054465621954, -15.72123460941502593, 20.57486144541340067 ) ) ;
#6231 = CARTESIAN_POINT ( 'NONE',  ( -4.465098763874903121, 14.90508506443179471, -19.75767755030824802 ) ) ;
#6232 = CARTESIAN_POINT ( 'NONE',  ( -5.005761569570854164, -6.923475424140029588, -34.15352828905603388 ) ) ;
#6233 = CARTESIAN_POINT ( 'NONE',  ( -9.186735555467608449, 9.299236270239179092, 22.32200262573924832 ) ) ;
#6234 = CARTESIAN_POINT ( 'NONE',  ( -5.828506126790662378, -13.39395970297548999, -26.34924243377492203 ) ) ;
#6235 = CARTESIAN_POINT ( 'NONE',  ( -4.564944858475758593, 15.92402205660971326, 19.64199407795251062 ) ) ;
#6236 = EDGE_LOOP ( 'NONE', ( #4500, #7636, #4554, #4853 ) ) ;
#6237 = CARTESIAN_POINT ( 'NONE',  ( -16.15082902322934544, -7.584723145089111718, 10.03112293639687813 ) ) ;
#6238 = AXIS2_PLACEMENT_3D ( 'NONE', #3122, #3851, #2448 ) ;
#6239 = CARTESIAN_POINT ( 'NONE',  ( -9.398889954928945301, -11.77341094854393333, -15.76728540074181062 ) ) ;
#6240 = ORIENTED_EDGE ( 'NONE', *, *, #4710, .T. ) ;
#6241 = CARTESIAN_POINT ( 'NONE',  ( -18.61548078268210205, 6.163080000820544413, 7.857794454588127309 ) ) ;
#6242 = CARTESIAN_POINT ( 'NONE',  ( -19.15979632550595824, 4.394442425593167556, -8.372947785712790747 ) ) ;
#6243 = DIRECTION ( 'NONE',  ( 0.0000000000000000000, -0.0000000000000000000, -1.000000000000000000 ) ) ;
#6244 = CARTESIAN_POINT ( 'NONE',  ( -20.00000000000002842, 1.200849385227388488, -13.62377014152821708 ) ) ;
#6245 = CARTESIAN_POINT ( 'NONE',  ( -6.731471954559030024, -11.68969248999577815, 24.08466492158614258 ) ) ;
#6246 = CARTESIAN_POINT ( 'NONE',  ( -3.076466794297574303, 15.43921373801352814, -20.33057801811282062 ) ) ;
#6247 = LINE ( 'NONE', #8173, #1865 ) ;
#6248 = DIRECTION ( 'NONE',  ( 1.000000000000000000, 0.0000000000000000000, 0.0000000000000000000 ) ) ;
#6249 = CARTESIAN_POINT ( 'NONE',  ( -19.34495281600107219, 7.062356979199596374, 5.961635677861043092 ) ) ;
#6250 = CARTESIAN_POINT ( 'NONE',  ( -9.130050959990951398, -4.293241698107627791, -25.88417735706493161 ) ) ;
#6251 = CARTESIAN_POINT ( 'NONE',  ( -19.00000000000000711, -4.911045176553481717, -8.306997980020764061 ) ) ;
#6252 = CARTESIAN_POINT ( 'NONE',  ( -19.44539301720898905, 7.981545598060058033, -4.557327596009860038 ) ) ;
#6253 = CARTESIAN_POINT ( 'NONE',  ( -4.999999999999990230, 12.44862432635456173, -30.04695997521286444 ) ) ;
#6254 = CARTESIAN_POINT ( 'NONE',  ( -5.414805885920331185, 15.48561854015343364, -19.65465880222803108 ) ) ;
#6255 = CARTESIAN_POINT ( 'NONE',  ( -5.025861443809291451, -15.73965542247590932, -19.75614238794141286 ) ) ;
#6256 = CARTESIAN_POINT ( 'NONE',  ( -9.446958424656159536, -12.05989795966633338, -13.16674869238307899 ) ) ;
#6257 = ORIENTED_EDGE ( 'NONE', *, *, #6692, .T. ) ;
#6258 = CARTESIAN_POINT ( 'NONE',  ( -14.24551842416050818, -8.178902914747315123, -12.92533737529046078 ) ) ;
#6259 = CARTESIAN_POINT ( 'NONE',  ( -5.000144963336717652, -15.74994201472240185, 2.937893505747890988 ) ) ;
#6260 = CARTESIAN_POINT ( 'NONE',  ( -4.318757442992403384, -5.478167101749303214, -33.90952254439149982 ) ) ;
#6261 = CARTESIAN_POINT ( 'NONE',  ( -19.99999999999861089, -1.214925355581795152, 9.951094201900973601 ) ) ;
#6262 = CARTESIAN_POINT ( 'NONE',  ( -1.301042606982605321E-15, -16.67296703857309126, -19.99999998914169197 ) ) ;
#6263 = EDGE_CURVE ( 'NONE', #4481, #1094, #663, .T. ) ;
#6264 = CARTESIAN_POINT ( 'NONE',  ( -18.89793359351492441, -8.786204357351676819, 3.478087004321002151 ) ) ;
#6265 = CARTESIAN_POINT ( 'NONE',  ( -18.99999999999999645, -4.323390586860294427, 8.651146364516318243 ) ) ;
#6266 = CARTESIAN_POINT ( 'NONE',  ( 0.02781086572373799026, 4.094683800610547486, 36.20230336024068407 ) ) ;
#6267 = CARTESIAN_POINT ( 'NONE',  ( -12.11994719982635615, 11.95688736401913133, -0.8316518542964903560 ) ) ;
#6268 = CARTESIAN_POINT ( 'NONE',  ( -5.871207325159311097, -10.85789539132368375, 29.69907455475858882 ) ) ;
#6269 = CARTESIAN_POINT ( 'NONE',  ( -19.23892434551101971, 5.827107161342171437, -7.309508416624907134 ) ) ;
#6270 = CARTESIAN_POINT ( 'NONE',  ( -5.868638506151667045, -4.529402349725403454, -33.59752060758565051 ) ) ;
#6271 = CARTESIAN_POINT ( 'NONE',  ( -12.96431103408169072, 8.290850388013740968, 15.54880872057286645 ) ) ;
#6272 = CARTESIAN_POINT ( 'NONE',  ( -18.13588273650489668, 0.3612299983166203377, -13.20142715533595101 ) ) ;
#6273 = FACE_OUTER_BOUND ( 'NONE', #1057, .T. ) ;
#6274 = CARTESIAN_POINT ( 'NONE',  ( -4.463168933609792610, -14.90630989896107472, 19.93191583025133085 ) ) ;
#6275 = CARTESIAN_POINT ( 'NONE',  ( -14.31017668318068381, -8.712284159422649665, -11.59422664486433341 ) ) ;
#6276 = ORIENTED_EDGE ( 'NONE', *, *, #7928, .T. ) ;
#6277 = AXIS2_PLACEMENT_3D ( 'NONE', #1175, #3756, #1307 ) ;
#6278 = CARTESIAN_POINT ( 'NONE',  ( -11.85279779652980459, 10.22890801701841035, 13.73977311021517522 ) ) ;
#6279 = CARTESIAN_POINT ( 'NONE',  ( -17.90540571935534331, 4.897180408771101057, -10.01761948957689974 ) ) ;
#6280 = CARTESIAN_POINT ( 'NONE',  ( -18.55696565519031793, -9.880855996076579828, -4.200270774777204785 ) ) ;
#6281 = CARTESIAN_POINT ( 'NONE',  ( -20.00000000000002842, 1.607735423835765509, -13.56961522115829766 ) ) ;
#6282 = CARTESIAN_POINT ( 'NONE',  ( -17.91743661383142694, -5.144934473262897434, 9.814780055673169912 ) ) ;
#6283 = CARTESIAN_POINT ( 'NONE',  ( -4.628609323645894946, 14.82152330911474714, -19.76056400881152442 ) ) ;
#6284 = SURFACE_STYLE_FILL_AREA ( #5541 ) ;
#6285 = CARTESIAN_POINT ( 'NONE',  ( -4.308805726271284442, 0.2501919302781105969, 34.95143510544094312 ) ) ;
#6286 = CARTESIAN_POINT ( 'NONE',  ( -18.66655338532209996, 6.769642893837480635, 7.154568698480101574 ) ) ;
#6287 = CARTESIAN_POINT ( 'NONE',  ( -16.59703462121645856, 0.2084275118684577877, -13.85242215484693951 ) ) ;
#6288 = CARTESIAN_POINT ( 'NONE',  ( -4.999999999999999112, -15.75000000000000355, 1.647987302177966740E-14 ) ) ;
#6289 = CARTESIAN_POINT ( 'NONE',  ( 3.000000000000000000, -22.00000000000001421, -36.50000000000000711 ) ) ;
#6290 = CARTESIAN_POINT ( 'NONE',  ( -18.96440447358618187, 9.270437092153672509, -1.305093046658946765 ) ) ;
#6291 = CARTESIAN_POINT ( 'NONE',  ( -9.121708163966307126, 1.185103511985014624, 26.65632040740602804 ) ) ;
#6292 = CARTESIAN_POINT ( 'NONE',  ( -4.999999999999996447, 15.75000000000000000, -14.49500089890424270 ) ) ;
#6293 = CARTESIAN_POINT ( 'NONE',  ( -3.076447294346235761, -15.12487768665655175, -23.58765876710524978 ) ) ;
#6294 = CARTESIAN_POINT ( 'NONE',  ( -5.013352589819362493, -15.74465896407227383, -19.66142092734626701 ) ) ;
#6295 = CARTESIAN_POINT ( 'NONE',  ( -9.472878346076289091, -12.19815089003422948, -11.85221618422490231 ) ) ;
#6296 = EDGE_CURVE ( 'NONE', #4079, #2180, #5618, .T. ) ;
#6297 = FACE_OUTER_BOUND ( 'NONE', #519, .T. ) ;
#6298 = CARTESIAN_POINT ( 'NONE',  ( -18.50265751587153673, -3.745856339272921165, -9.739513472519290005 ) ) ;
#6299 = CARTESIAN_POINT ( 'NONE',  ( -20.00000000000003553, 8.020002140633566867, -9.441901662755968871 ) ) ;
#6300 = CARTESIAN_POINT ( 'NONE',  ( -4.312628724971790284, 3.153103440653025835, -34.61478667078442584 ) ) ;
#6301 = CARTESIAN_POINT ( 'NONE',  ( -18.23791280735746767, -6.477591489645548428, 10.23453740080670293 ) ) ;
#6302 = LINE ( 'NONE', #3055, #7480 ) ;
#6303 = CARTESIAN_POINT ( 'NONE',  ( -13.30849411698528506, -11.12963571712502642, 5.026095204050433196 ) ) ;
#6304 = AXIS2_PLACEMENT_3D ( 'NONE', #3589, #4852, #255 ) ;
#6305 = CARTESIAN_POINT ( 'NONE',  ( -4.525595326351329106, -15.93976186945951490, -19.99999998973650506 ) ) ;
#6306 = CARTESIAN_POINT ( 'NONE',  ( 0.02781730357477958659, -16.62466196516060890, 22.34610161358352087 ) ) ;
#6307 = CARTESIAN_POINT ( 'NONE',  ( -9.626330474960173689, 12.90492750726080651, 0.3412240136252430722 ) ) ;
#6308 = CARTESIAN_POINT ( 'NONE',  ( -3.445086032146900124, -5.787252398105071194, 35.32481479846395445 ) ) ;
#6309 = CARTESIAN_POINT ( 'NONE',  ( -15.53460003174586745, 7.957592133469360007, -10.56654014902130889 ) ) ;
#6310 = CARTESIAN_POINT ( 'NONE',  ( -5.024484522953197363, -12.46746772122375368, -29.66310854151048915 ) ) ;
#6311 = CARTESIAN_POINT ( 'NONE',  ( -17.27694077306292897, 5.011693138037338180, 11.01344726834629029 ) ) ;
#6312 = CARTESIAN_POINT ( 'NONE',  ( -20.00000000000218492, -0.2645755514622638027, -9.999627643218657269 ) ) ;
#6313 = CARTESIAN_POINT ( 'NONE',  ( 5.000000000000000000, -17.75000000000000711, 20.00000000000000000 ) ) ;
#6314 = EDGE_LOOP ( 'NONE', ( #2924, #3759, #2142, #3268 ) ) ;
#6315 = CARTESIAN_POINT ( 'NONE',  ( -13.08452450502735509, -9.477441999160040709, 12.62281422245188800 ) ) ;
#6316 = CARTESIAN_POINT ( 'NONE',  ( -4.464989999330359893, -14.90515393134792710, -19.76747321782628219 ) ) ;
#6317 = ORIENTED_EDGE ( 'NONE', *, *, #6849, .F. ) ;
#6318 = ORIENTED_EDGE ( 'NONE', *, *, #3094, .T. ) ;
#6319 = EDGE_CURVE ( 'NONE', #6424, #660, #6247, .T. ) ;
#6320 = CARTESIAN_POINT ( 'NONE',  ( -17.99545255272130717, 6.496404857619190842, 8.421754742703344121 ) ) ;
#6321 = CARTESIAN_POINT ( 'NONE',  ( -15.45076806459967678, 6.956384173735032483, -12.34406532813173740 ) ) ;
#6322 = CARTESIAN_POINT ( 'NONE',  ( 0.0000000000000000000, 18.00000000000000355, 36.49999999999999289 ) ) ;
#6323 = LINE ( 'NONE', #558, #2131 ) ;
#6324 = CARTESIAN_POINT ( 'NONE',  ( -5.000000000000017764, -15.11169356656806606, 25.61698881536387518 ) ) ;
#6325 = CARTESIAN_POINT ( 'NONE',  ( -18.50695051991263895, -3.757856587364657663, 9.711389119149766103 ) ) ;
#6326 = VECTOR ( 'NONE', #8236, 1000.000000000000000 ) ;
#6327 = CARTESIAN_POINT ( 'NONE',  ( 0.02805863807584159375, 14.87690317957003572, -27.79125344188875602 ) ) ;
#6328 = SURFACE_STYLE_FILL_AREA ( #518 ) ;
#6329 = CARTESIAN_POINT ( 'NONE',  ( -4.485675081641588235, -14.68773938379276167, 22.45757415305865834 ) ) ;
#6330 = CARTESIAN_POINT ( 'NONE',  ( -15.55817901680998894, 8.204941225878430444, 10.01082510585337104 ) ) ;
#6331 = CARTESIAN_POINT ( 'NONE',  ( -11.61232375843355236, -0.3088680156304245417, -22.42875556315740937 ) ) ;
#6332 = CARTESIAN_POINT ( 'NONE',  ( -19.00000000000000711, 9.127845669434348608, -2.047481930617068624 ) ) ;
#6333 = FACE_OUTER_BOUND ( 'NONE', #1856, .T. ) ;
#6334 = CARTESIAN_POINT ( 'NONE',  ( -14.57276966549343378, 10.75763733802123845, -3.713311851438148015 ) ) ;
#6335 = CARTESIAN_POINT ( 'NONE',  ( -17.84613669152052751, -0.4928406728899718536, 11.70216173764506884 ) ) ;
#6336 = CARTESIAN_POINT ( 'NONE',  ( -4.850000000000014744, 15.21612629098823888, -25.78416917158835986 ) ) ;
#6337 = LINE ( 'NONE', #3693, #6103 ) ;
#6338 = CARTESIAN_POINT ( 'NONE',  ( -4.641744592754852405, -15.89330216289805797, -17.28337659812561355 ) ) ;
#6339 = CARTESIAN_POINT ( 'NONE',  ( -6.949566504601545347, -13.38418039648122537, -16.73985788655489415 ) ) ;
#6340 = CARTESIAN_POINT ( 'NONE',  ( 0.02782555748675830803, -16.68409726156779982, -19.97062427857268574 ) ) ;
#6341 = CARTESIAN_POINT ( 'NONE',  ( -19.15957739975953444, -4.375831651445126091, -8.378683518443009959 ) ) ;
#6342 = CARTESIAN_POINT ( 'NONE',  ( -4.978410144444057828, 15.75863594222238717, -2.938321500219629012 ) ) ;
#6343 = CARTESIAN_POINT ( 'NONE',  ( -4.560955402160398187, 14.84858487770894797, -16.86240460191408275 ) ) ;
#6344 = CARTESIAN_POINT ( 'NONE',  ( -20.00000000000296652, -5.284165789431985338, 8.614717510828624469 ) ) ;
#6345 = LINE ( 'NONE', #4672, #813 ) ;
#6346 = CARTESIAN_POINT ( 'NONE',  ( -12.11476131495828845, -11.92086482205779774, 1.969114655452492757 ) ) ;
#6347 = CARTESIAN_POINT ( 'NONE',  ( -18.99999999999997868, -1.685182265976776783, 9.595817105610549902 ) ) ;
#6348 = CARTESIAN_POINT ( 'NONE',  ( 3.000000000000000000, -20.00000000000000355, 38.49999999999999289 ) ) ;
#6349 = CARTESIAN_POINT ( 'NONE',  ( -3.076466794297561425, -15.43921373801352992, 20.33057801811281706 ) ) ;
#6350 = CARTESIAN_POINT ( 'NONE',  ( -17.99004318219863308, -6.431252718818489811, -8.503228187041086628 ) ) ;
#6351 = CARTESIAN_POINT ( 'NONE',  ( -19.55515685361261902, 8.806502390491049326, 2.304676975830871388 ) ) ;
#6352 = CARTESIAN_POINT ( 'NONE',  ( -5.874249894186857723, -8.723029917888716511, 31.52898435154470036 ) ) ;
#6353 = CARTESIAN_POINT ( 'NONE',  ( -16.76495493760630140, 7.243567457688000033, -9.456003411055593944 ) ) ;
#6354 = CARTESIAN_POINT ( 'NONE',  ( -5.871538173609267552, -10.86010523803360073, -29.72706489941558061 ) ) ;
#6355 = CARTESIAN_POINT ( 'NONE',  ( -15.41594026598601097, 6.170910413017831608, 13.35176929119354128 ) ) ;
#6356 = CARTESIAN_POINT ( 'NONE',  ( -18.42909813754294035, 8.784645145778059216, 6.835296230082870572 ) ) ;
#6357 = CARTESIAN_POINT ( 'NONE',  ( -5.444453009333628302, 15.46462626771121407, 19.79417908325294206 ) ) ;
#6358 = CARTESIAN_POINT ( 'NONE',  ( -4.464455105825085646, -14.90549289715485592, 19.81569130468342976 ) ) ;
#6359 = CARTESIAN_POINT ( 'NONE',  ( -4.463703339183242136, -14.90597035793573077, -19.88361330473800237 ) ) ;
#6360 = ORIENTED_EDGE ( 'NONE', *, *, #6175, .T. ) ;
#6361 = CARTESIAN_POINT ( 'NONE',  ( -16.76239721102723479, 7.214272376760531458, 9.505377491453735672 ) ) ;
#6362 = CARTESIAN_POINT ( 'NONE',  ( -17.92552755618834226, 5.385713795422007344, -9.604716649318220334 ) ) ;
#6363 = CARTESIAN_POINT ( 'NONE',  ( -18.14316403930552823, -2.272900510341127944, 12.90127228893422107 ) ) ;
#6364 = CARTESIAN_POINT ( 'NONE',  ( -20.00000000000004619, 5.032940180005829767, -12.22665071223001121 ) ) ;
#6365 = CARTESIAN_POINT ( 'NONE',  ( -20.00000000000000000, -1.694183542896126271, 9.861515702345831969 ) ) ;
#6366 = CARTESIAN_POINT ( 'NONE',  ( -18.51358473531817594, -4.014964698592666359, 9.571103629912281363 ) ) ;
#6367 = CARTESIAN_POINT ( 'NONE',  ( -20.00000000000001776, -6.392934449642963202, -11.20422379810377222 ) ) ;
#6368 = ADVANCED_FACE ( 'NONE', ( #562 ), #4350, .F. ) ;
#6369 = AXIS2_PLACEMENT_3D ( 'NONE', #7687, #50, #3272 ) ;
#6370 = CARTESIAN_POINT ( 'NONE',  ( -4.314918138516982360, -4.258141578006755523, 34.33130423663494923 ) ) ;
#6371 = MANIFOLD_SOLID_BREP ( 'Cut-Extrude-Thin2[1]', #162 ) ;
#6372 = CARTESIAN_POINT ( 'NONE',  ( -19.26990475135687220, 6.230148836111032651, 6.924708283027562139 ) ) ;
#6373 = CARTESIAN_POINT ( 'NONE',  ( -15.35093518381865252, 0.2453841528269045946, -15.99071987641493742 ) ) ;
#6374 = CARTESIAN_POINT ( 'NONE',  ( -4.999999999999999112, -14.88835088137041218, 26.30226222802337688 ) ) ;
#6375 = CARTESIAN_POINT ( 'NONE',  ( -19.00000000000000355, -1.436766182629624522, -9.638194113289072718 ) ) ;
#6376 = CARTESIAN_POINT ( 'NONE',  ( -13.32923665371987809, 11.26426541549945348, -3.974440253722096195 ) ) ;
#6377 = CARTESIAN_POINT ( 'NONE',  ( -6.628733066011024633, -0.5095654132106722800, 30.95782589705579824 ) ) ;
#6378 = CARTESIAN_POINT ( 'NONE',  ( -4.999999999999999112, -15.74999999999998579, -8.001412032943022723E-14 ) ) ;
#6379 = CARTESIAN_POINT ( 'NONE',  ( -4.568347260973167678, 15.92266109561073861, -19.53638202267652701 ) ) ;
#6380 = CARTESIAN_POINT ( 'NONE',  ( -5.011258267072290273, -15.74549669317098655, -19.63841996598467077 ) ) ;
#6381 = CARTESIAN_POINT ( 'NONE',  ( -14.33131728539638949, -8.920423698594035500, -10.99123136080155305 ) ) ;
#6382 = EDGE_LOOP ( 'NONE', ( #1320, #1112, #5202, #3835 ) ) ;
#6383 = ORIENTED_EDGE ( 'NONE', *, *, #6955, .T. ) ;
#6384 = CARTESIAN_POINT ( 'NONE',  ( 0.02782555748655332617, -16.68409726156771455, -19.90692246478959859 ) ) ;
#6385 = CARTESIAN_POINT ( 'NONE',  ( -16.62141380193150653, -3.858849120852839931, -12.86175651267071984 ) ) ;
#6386 = CARTESIAN_POINT ( 'NONE',  ( -20.00000000000002487, 9.416394027462770211, 7.402666510916843023 ) ) ;
#6387 = CARTESIAN_POINT ( 'NONE',  ( 3.000000000000000000, 19.99999999999999645, -36.50000000000000711 ) ) ;
#6388 = CARTESIAN_POINT ( 'NONE',  ( -4.999999999999999112, -15.75000000000000355, 4.407281562879960646 ) ) ;
#6389 = CARTESIAN_POINT ( 'NONE',  ( 3.000000000000000000, 21.24999999999999645, 41.24999999999999289 ) ) ;
#6390 = CARTESIAN_POINT ( 'NONE',  ( -16.48406272115527216, -10.28781560922889682, 0.6549041372657108395 ) ) ;
#6391 = CARTESIAN_POINT ( 'NONE',  ( -19.00000000000001066, 2.351351956374438057, 9.429160684042225071 ) ) ;
#6392 = CARTESIAN_POINT ( 'NONE',  ( 0.02798781839306212910, -8.141508014492487177, 34.56260827004683023 ) ) ;
#6393 = CARTESIAN_POINT ( 'NONE',  ( -6.925639658199918003, -13.32834302032166462, -18.08730791325624665 ) ) ;
#6394 = CARTESIAN_POINT ( 'NONE',  ( -18.35096197130166829, 9.573616913982425203, -0.5765818407347365060 ) ) ;
#6395 = CARTESIAN_POINT ( 'NONE',  ( -3.663952940327747321, -12.27915000278425772, 30.70930393447280693 ) ) ;
#6396 = CARTESIAN_POINT ( 'NONE',  ( -6.933877067835499730, 13.33686765452371503, -17.83385210643666952 ) ) ;
#6397 = CARTESIAN_POINT ( 'NONE',  ( -5.015641305061903310, -10.71569923595616736, -31.54653393325160948 ) ) ;
#6398 = CARTESIAN_POINT ( 'NONE',  ( -14.13630958022189255, 5.107647072273281630, 16.54677283611992777 ) ) ;
#6399 = CARTESIAN_POINT ( 'NONE',  ( -18.64249021498017100, 10.52372609604885234, 0.001354365154100064476 ) ) ;
#6400 = CARTESIAN_POINT ( 'NONE',  ( -4.546795794717438888, 15.93128168211303830, 19.85753541001510314 ) ) ;
#6401 = CARTESIAN_POINT ( 'NONE',  ( -14.31275541421424613, -8.738384535785849394, 11.51946108497838672 ) ) ;
#6402 = CARTESIAN_POINT ( 'NONE',  ( -13.08279317596068836, -9.460997288914301251, -12.68381592064687169 ) ) ;
#6403 = EDGE_CURVE ( 'NONE', #6116, #3588, #4228, .T. ) ;
#6404 = CARTESIAN_POINT ( 'NONE',  ( 3.000000000000000000, 22.75000000000000000, 19.99999999999999645 ) ) ;
#6405 = CARTESIAN_POINT ( 'NONE',  ( -6.933244816763081353, 13.33484162999517153, 17.88037272151095891 ) ) ;
#6406 = CARTESIAN_POINT ( 'NONE',  ( -17.29487157918967100, 5.534829326592884513, -10.53575039437063232 ) ) ;
#6407 = CARTESIAN_POINT ( 'NONE',  ( -18.13779997938045341, 1.134016551443251863, -13.12163022400324230 ) ) ;
#6408 = CARTESIAN_POINT ( 'NONE',  ( -3.781660450364697112, -13.75122907281252438, -28.64939690541022443 ) ) ;
#6409 = CARTESIAN_POINT ( 'NONE',  ( -4.999999999999999112, -15.75000000000000000, 4.707529648106871356 ) ) ;
#6410 = CARTESIAN_POINT ( 'NONE',  ( -16.03883523177936254, -5.772038438983494224, 12.53460999328681602 ) ) ;
#6411 = EDGE_CURVE ( 'NONE', #8271, #3256, #7711, .T. ) ;
#6412 = CARTESIAN_POINT ( 'NONE',  ( -20.00000000000002842, -11.47260856365167392, -0.3815177444142207053 ) ) ;
#6413 = ORIENTED_EDGE ( 'NONE', *, *, #5711, .F. ) ;
#6414 = CARTESIAN_POINT ( 'NONE',  ( -4.325346471564306405, 6.852887075399362260, 33.29459146765331923 ) ) ;
#6415 = CARTESIAN_POINT ( 'NONE',  ( -18.01622558031927213, 6.744853173072186792, 8.101818127893805510 ) ) ;
#6416 = CARTESIAN_POINT ( 'NONE',  ( -16.59812138928223746, 0.9842118003445907704, -13.80301400940211209 ) ) ;
#6417 = CARTESIAN_POINT ( 'NONE',  ( -5.049999999999998934, -14.86851507317534704, 26.29689931354197086 ) ) ;
#6418 = CARTESIAN_POINT ( 'NONE',  ( -19.00000000000000711, -2.047032211794127310, -9.520816347100229393 ) ) ;
#6419 = CARTESIAN_POINT ( 'NONE',  ( -19.09207672264420097, 0.1184509709239068981, 9.574644111807659286 ) ) ;
#6420 = CARTESIAN_POINT ( 'NONE',  ( -4.628696528509006036, -5.162841116903681637, -33.89362574636566450 ) ) ;
#6421 = CARTESIAN_POINT ( 'NONE',  ( -4.525605378065095330, -15.93975784877398105, 19.99994097450853658 ) ) ;
#6422 = CARTESIAN_POINT ( 'NONE',  ( -4.475330618159744311, -14.89868847029790899, -18.84732821352522336 ) ) ;
#6423 = ORIENTED_EDGE ( 'NONE', *, *, #6955, .F. ) ;
#6424 = VERTEX_POINT ( 'NONE', #5744 ) ;
#6425 = CARTESIAN_POINT ( 'NONE',  ( -4.628609323645895834, -14.82152330911473292, -19.91259804602457351 ) ) ;
#6426 = CARTESIAN_POINT ( 'NONE',  ( -16.03366567735642789, -5.781574198740421444, -12.57751437971183606 ) ) ;
#6427 = CARTESIAN_POINT ( 'NONE',  ( 0.0000000000000000000, -18.00000000000000355, 38.49999999999999289 ) ) ;
#6428 = SURFACE_STYLE_FILL_AREA ( #7728 ) ;
#6429 = CARTESIAN_POINT ( 'NONE',  ( -20.00000000000002487, -2.819666251211038421, 13.29407006142171888 ) ) ;
#6430 = CARTESIAN_POINT ( 'NONE',  ( 3.000000000000000000, -18.00000000000000355, 38.49999999999999289 ) ) ;
#6431 = CARTESIAN_POINT ( 'NONE',  ( -14.58141209844112751, -10.79795585899817389, -3.252966635878441704 ) ) ;
#6432 = CARTESIAN_POINT ( 'NONE',  ( -19.00000000000000711, -7.930110013792889490, -5.180317253774637365 ) ) ;
#6433 = CARTESIAN_POINT ( 'NONE',  ( -4.628935666312171016, -8.577580692375628146, 32.20425344222029196 ) ) ;
#6434 = CARTESIAN_POINT ( 'NONE',  ( -18.60653164843574459, -6.046731150407144817, -7.981030820026941974 ) ) ;
#6435 = CARTESIAN_POINT ( 'NONE',  ( -14.53420668762041501, 10.51167378538234942, 5.210062239254557248 ) ) ;
#6436 = CARTESIAN_POINT ( 'NONE',  ( -4.999718592417000451, 0.4943185589303705219, 35.75116641608464363 ) ) ;
#6437 = CARTESIAN_POINT ( 'NONE',  ( -4.470905156259962432, 14.90143182946096267, -19.23798961483395331 ) ) ;
#6438 = CARTESIAN_POINT ( 'NONE',  ( -5.049328635712696745, -15.21758985763353778, -24.12149910356990290 ) ) ;
#6439 = CARTESIAN_POINT ( 'NONE',  ( -18.47948696691010895, 2.123051031961015855, 10.35784717065608973 ) ) ;
#6440 = CARTESIAN_POINT ( 'NONE',  ( -20.00000000000002487, -0.8567717840959121478, -13.67211994216782145 ) ) ;
#6441 = CARTESIAN_POINT ( 'NONE',  ( -3.493692212184590140, 8.130217660153688186, 34.19754659190018486 ) ) ;
#6442 = CARTESIAN_POINT ( 'NONE',  ( -13.08996899569649308, -9.528709255962981572, 12.43217167940112944 ) ) ;
#6443 = CARTESIAN_POINT ( 'NONE',  ( -17.38091606950982992, -6.845700663773873984, -8.972673766805391082 ) ) ;
#6444 = AXIS2_PLACEMENT_3D ( 'NONE', #3067, #5777, #23 ) ;
#6445 = ORIENTED_EDGE ( 'NONE', *, *, #14, .T. ) ;
#6446 = CARTESIAN_POINT ( 'NONE',  ( -18.61334295037293884, 6.135630740897974889, 7.887178799551426422 ) ) ;
#6447 = CARTESIAN_POINT ( 'NONE',  ( -16.69875475224986872, 6.401925294815516310, -10.70388242041771676 ) ) ;
#6448 = CARTESIAN_POINT ( 'NONE',  ( 3.000000000000000000, 21.24999999999999645, -41.25000000000000711 ) ) ;
#6449 = EDGE_CURVE ( 'NONE', #4309, #7367, #5250, .T. ) ;
#6450 = CARTESIAN_POINT ( 'NONE',  ( -3.547375034205735744, -9.886549918592072217, -33.00855804688878692 ) ) ;
#6451 = CARTESIAN_POINT ( 'NONE',  ( -20.00000000000009948, -10.09845041608851623, 2.482822974991805154E-13 ) ) ;
#6452 = CARTESIAN_POINT ( 'NONE',  ( -18.55938460149416613, -5.241101452711205866, 8.728867882447090665 ) ) ;
#6453 = CARTESIAN_POINT ( 'NONE',  ( -20.00000000000001066, -6.988859321866089935, -10.63936390867797144 ) ) ;
#6454 = CARTESIAN_POINT ( 'NONE',  ( -18.61201303475934310, -6.118536776774099017, -7.905404409685337086 ) ) ;
#6455 = CARTESIAN_POINT ( 'NONE',  ( -19.27887490584571495, 6.339190783163268783, 6.812315244689549409 ) ) ;
#6456 = CARTESIAN_POINT ( 'NONE',  ( -12.86209477090103981, 2.089374930214974668, -20.04279669510027517 ) ) ;
#6457 = CARTESIAN_POINT ( 'NONE',  ( -19.00000000000000355, 8.711337937948908205, 3.485484986048824840 ) ) ;
#6458 = CARTESIAN_POINT ( 'NONE',  ( -20.00000000000002842, 6.367586334763404743, 11.22647823985935744 ) ) ;
#6459 = CARTESIAN_POINT ( 'NONE',  ( -12.87244419268740359, -3.769985527018960614, 19.49960014552118892 ) ) ;
#6460 = CARTESIAN_POINT ( 'NONE',  ( -3.076488845398457794, -7.055422350065766679, -33.76477133991945578 ) ) ;
#6461 = CARTESIAN_POINT ( 'NONE',  ( 3.000000000000000000, 21.99999999999999645, 36.49999999999999289 ) ) ;
#6462 = CARTESIAN_POINT ( 'NONE',  ( -14.31941602026470406, -8.804860383259201839, -11.32799586014993665 ) ) ;
#6463 = VERTEX_POINT ( 'NONE', #3255 ) ;
#6464 = CARTESIAN_POINT ( 'NONE',  ( -5.000000000000000000, 15.75000000000001066, 16.77601940238228551 ) ) ;
#6465 = CARTESIAN_POINT ( 'NONE',  ( -6.725286707248050888, -11.76733879616425682, -24.16257703634626708 ) ) ;
#6466 = CARTESIAN_POINT ( 'NONE',  ( -4.850000000000000533, -15.84563114022062891, -20.12143636102235078 ) ) ;
#6467 = SURFACE_SIDE_STYLE ('',( #6428 ) ) ;
#6468 = CARTESIAN_POINT ( 'NONE',  ( -4.570928180909327843, -15.92162872763627846, 19.45591497028816619 ) ) ;
#6469 = DIRECTION ( 'NONE',  ( -0.0000000000000000000, 1.000000000000000000, 1.224646799147353207E-16 ) ) ;
#6470 = CARTESIAN_POINT ( 'NONE',  ( -17.10541601537675405, -10.03700799003772737, -0.2305743095117666897 ) ) ;
#6471 = CARTESIAN_POINT ( 'NONE',  ( 0.0000000000000000000, 12.98752371685956852, -32.77349878216976009 ) ) ;
#6472 = EDGE_CURVE ( 'NONE', #7367, #5064, #3072, .T. ) ;
#6473 = VECTOR ( 'NONE', #642, 1000.000000000000000 ) ;
#6474 = CARTESIAN_POINT ( 'NONE',  ( 0.02782523263975506325, -16.68292845363056287, 20.22873985220875781 ) ) ;
#6475 = ORIENTED_EDGE ( 'NONE', *, *, #4635, .F. ) ;
#6476 = CARTESIAN_POINT ( 'NONE',  ( -15.52698580815441254, -7.893193767352651768, -10.71051932862503975 ) ) ;
#6477 = CARTESIAN_POINT ( 'NONE',  ( -3.507203101882566010, 8.633964822108440629, 33.89034542035424380 ) ) ;
#6478 = CARTESIAN_POINT ( 'NONE',  ( -18.62702996540276601, 6.308598396260978625, -7.699101301024932731 ) ) ;
#6479 = AXIS2_PLACEMENT_3D ( 'NONE', #624, #7642, #2514 ) ;
#6480 = CARTESIAN_POINT ( 'NONE',  ( -5.045124010960312155, -15.73195039561583108, -20.04630353912608243 ) ) ;
#6481 = CARTESIAN_POINT ( 'NONE',  ( -11.63043130352452437, 4.760770495162537586, 21.26934005702884534 ) ) ;
#6482 = CARTESIAN_POINT ( 'NONE',  ( -18.36423761202275529, -8.130200663985974074, -7.974250328144711908 ) ) ;
#6483 = CARTESIAN_POINT ( 'NONE',  ( -4.148049479019412900, -15.67109542424466007, 23.68542649370455067 ) ) ;
#6484 = CARTESIAN_POINT ( 'NONE',  ( -18.05135091946419479, -7.121567472746698435, 7.602715188340477326 ) ) ;
#6485 = CARTESIAN_POINT ( 'NONE',  ( -6.933748022263365840, -13.33452148936993353, -17.87995572546015310 ) ) ;
#6486 = PRODUCT ( '8006a', '8006a', '', ( #7925 ) ) ;
#6487 = EDGE_LOOP ( 'NONE', ( #1511, #5182, #5690, #3719, #5511 ) ) ;
#6488 = FACE_OUTER_BOUND ( 'NONE', #4745, .T. ) ;
#6489 = CARTESIAN_POINT ( 'NONE',  ( -4.331888554849971484, 14.61129070908212846, -23.54538128038113243 ) ) ;
#6490 = CARTESIAN_POINT ( 'NONE',  ( -5.045965619530790036, 15.73165819986287950, -20.09567959572362739 ) ) ;
#6491 = CARTESIAN_POINT ( 'NONE',  ( -3.461967493505381466, 6.728958255368064911, -34.92761650290133701 ) ) ;
#6492 = CARTESIAN_POINT ( 'NONE',  ( -4.849999999999985434, -12.53930110472413517, 30.25304579492267365 ) ) ;
#6493 = CARTESIAN_POINT ( 'NONE',  ( -13.03672647340133217, -9.176368586028058161, 13.64772576260562253 ) ) ;
#6494 = CARTESIAN_POINT ( 'NONE',  ( -39.99999999999999289, 0.0000000000000000000, 24.25000000000000000 ) ) ;
#6495 = EDGE_CURVE ( 'NONE', #5380, #3480, #7104, .T. ) ;
#6496 = CARTESIAN_POINT ( 'NONE',  ( -9.395818173359051784, -11.76082182883854976, -15.88673588585420760 ) ) ;
#6497 = CARTESIAN_POINT ( 'NONE',  ( -14.32931703106772581, 8.921612639197546102, 10.99281793149805431 ) ) ;
#6498 = CARTESIAN_POINT ( 'NONE',  ( -18.47424530835549206, 1.863993678068318616, -10.42441896142769941 ) ) ;
#6499 = CARTESIAN_POINT ( 'NONE',  ( -4.628609323645896723, 14.82152330911475424, 18.12789544928140018 ) ) ;
#6500 = CARTESIAN_POINT ( 'NONE',  ( -19.99999999999898037, 6.173125821980686823, 7.983315259058902491 ) ) ;
#6501 = CARTESIAN_POINT ( 'NONE',  ( -15.98610632661098840, -2.696951732400269197, 14.45815334030575094 ) ) ;
#6502 = CARTESIAN_POINT ( 'NONE',  ( -3.076514413105881918, -2.861926557090227252, -35.17433254677752075 ) ) ;
#6503 = CARTESIAN_POINT ( 'NONE',  ( 0.0000000000000000000, 21.99999999999999645, 38.49999999999999289 ) ) ;
#6504 = CARTESIAN_POINT ( 'NONE',  ( -13.09625633959699087, -9.586615125095214296, -12.21537933957354838 ) ) ;
#6505 = EDGE_CURVE ( 'NONE', #4895, #6790, #7600, .T. ) ;
#6506 = CIRCLE ( 'NONE', #5574, 5.000000000000000000 ) ;
#6507 = ORIENTED_EDGE ( 'NONE', *, *, #7084, .F. ) ;
#6508 = CARTESIAN_POINT ( 'NONE',  ( 0.0000000000000000000, -16.87193170087694938, 26.83855367616387255 ) ) ;
#6509 = CARTESIAN_POINT ( 'NONE',  ( -18.48000449709405402, -2.399641019830558442, -10.27577620965506000 ) ) ;
#6510 = CARTESIAN_POINT ( 'NONE',  ( -5.000000000000012434, -12.44862432635732929, -30.04695997520922290 ) ) ;
#6511 = CARTESIAN_POINT ( 'NONE',  ( -4.663114352988611877, -15.88475425880456982, 16.63968347053750918 ) ) ;
#6512 = CARTESIAN_POINT ( 'NONE',  ( 3.000000000000000000, 25.24999999999999645, -41.24999999999997158 ) ) ;
#6513 = CARTESIAN_POINT ( 'NONE',  ( -17.10353850317915558, -10.02460218080249632, -1.090149298908722697 ) ) ;
#6514 = CARTESIAN_POINT ( 'NONE',  ( 0.0000000000000000000, -16.87193170087698846, -26.83855367616387966 ) ) ;
#6515 = CARTESIAN_POINT ( 'NONE',  ( -1.524319402891595621, -16.06323927741646784, 16.59704746515146212 ) ) ;
#6516 = CARTESIAN_POINT ( 'NONE',  ( -17.97365468918664888, -6.219765593254960478, -8.756844249119852819 ) ) ;
#6517 = CARTESIAN_POINT ( 'NONE',  ( -5.049328635704941171, 15.21758985747590742, 24.12149910420299648 ) ) ;
#6518 = CARTESIAN_POINT ( 'NONE',  ( -19.32664922478361547, 6.891277124867053239, -6.214848979807749529 ) ) ;
#6519 = CARTESIAN_POINT ( 'NONE',  ( -4.485439519652755891, -15.95276513123902795, -20.33892655680667971 ) ) ;
#6520 = CARTESIAN_POINT ( 'NONE',  ( -11.65601635595018415, 6.852456750301571198, 19.81003990816392957 ) ) ;
#6521 = CARTESIAN_POINT ( 'NONE',  ( -18.42231334256349840, -8.728967184434347715, -6.957208416039501131 ) ) ;
#6522 = CARTESIAN_POINT ( 'NONE',  ( -3.871735518488462979, 14.50780701107953341, 27.23137802733845092 ) ) ;
#6523 = CARTESIAN_POINT ( 'NONE',  ( -4.465742960312373278, -14.90467792200593600, 19.69976123008677860 ) ) ;
#6524 = CARTESIAN_POINT ( 'NONE',  ( -17.99768518200972522, -6.488200138852896259, -8.427614896066497607 ) ) ;
#6525 =( BOUNDED_SURFACE ( )  B_SPLINE_SURFACE ( 3, 2, ( 
 ( #3159, #7105, #3066 ),
 ( #6985, #7027, #4522 ),
 ( #5732, #1174, #6272 ),
 ( #5029, #6312, #7066 ),
 ( #6440, #3201, #2440 ),
 ( #1852, #3113, #3881 ),
 ( #8287, #2526, #4476 ),
 ( #5198, #1266, #1306 ),
 ( #5776, #7740, #22 ),
 ( #7567, #1978, #2567 ),
 ( #1812, #4561, #1389 ),
 ( #756, #717, #7269 ),
 ( #4762, #2731, #874 ),
 ( #3452, #2020, #2807 ),
 ( #3285, #3961, #97 ),
 ( #836, #6016, #5318 ),
 ( #4720, #7821, #1508 ),
 ( #7860, #6639, #3328 ),
 ( #7312, #138, #1429 ),
 ( #5859, #6560, #2098 ),
 ( #4600, #5356, #4681 ),
 ( #5898, #4038, #2650 ),
 ( #2691, #5277, #3999 ),
 ( #250, #7190, #2060 ),
 ( #2770, #797, #6482 ),
 ( #7146, #3370, #6521 ),
 ( #4642, #7780, #5238 ),
 ( #7230, #5396, #7939 ),
 ( #7896, #1468, #5938 ),
 ( #3412, #4076, #2177 ),
 ( #176, #3923, #6601 ),
 ( #5979, #214, #2139 ),
 ( #1588, #6099, #2215 ),
 ( #4161, #6717, #2345 ),
 ( #3623, #5437, #3544 ),
 ( #2848, #8113, #4889 ),
 ( #7435, #955, #6181 ),
 ( #333, #5517, #4118 ),
 ( #417, #2302, #2974 ),
 ( #994, #4803, #2384 ),
 ( #292, #7352, #4933 ),
 ( #7475, #8072, #1677 ),
 ( #2890, #1033, #6059 ),
 ( #6140, #374, #3011 ),
 ( #1631, #5558, #5478 ),
 ( #6846, #1718, #4243 ),
 ( #4283, #4848, #1075 ),
 ( #2930, #8027, #3664 ),
 ( #6224, #7983, #455 ),
 ( #6807, #5595, #8150 ),
 ( #4972, #1547, #6676 ),
 ( #2258, #7396, #4203 ),
 ( #913, #3498, #6765 ),
 ( #3585, #7054, #7513 ),
 ( #1295, #5805, #1162 ),
 ( #1253, #3703, #4325 ),
 ( #3831, #3788, #3870 ),
 ( #626, #6344, #5145 ),
 ( #6973, #7688, #6301 ),
 ( #5018, #5762, #1759 ),
 ( #7644, #2598, #51 ),
 ( #667, #1926, #7599 ),
 ( #537, #7556, #4509 ),
 ( #5104, #6888, #3188 ),
 ( #2555, #495, #582 ),
 ( #6429, #3230, #10 ),
 ( #1119, #6261, #1885 ),
 ( #3146, #3054, #5633 ) ),
 .UNSPECIFIED., .F., .F., .F. ) 
 B_SPLINE_SURFACE_WITH_KNOTS ( ( 4, 2, 2, 2, 2, 2, 2, 2, 2, 2, 2, 2, 2, 2, 2, 2, 2, 2, 2, 2, 2, 2, 2, 2, 2, 2, 2, 2, 2, 2, 2, 2, 2, 4 ),
 ( 3, 3 ),
 ( 0.03913184445645814802, 0.04035471459572247122, 0.04157758473498679441, 0.04280045487425111761, 0.04402332501351543387, 0.04646906529204407332, 0.04769193543130839652, 0.04891480557057271972, 0.04922052310538879705, 0.04937338187279684265, 0.04952624064020488132, 0.05013767570983704291, 0.05136054584910136611, 0.05380628612763001251, 0.05625202640615865890, 0.05747489654542298210, 0.05869776668468729836, 0.06114350696321593781, 0.06236637710248026101, 0.06358924724174458420, 0.06603498752027323060, 0.06725785765953755380, 0.06848072779880187699, 0.06970359793806620019, 0.07031503300769836873, 0.07039146239140238459, 0.07046789177510640045, 0.07062075054251444606, 0.07092646807733052339, 0.07214933821659484658, 0.07337220835585916978, 0.07459507849512349298, 0.07581794863438781618, 0.07826368891291644869 ),
 ( 0.0000000000000000000, 1.000000000000000000 ),
 .UNSPECIFIED. ) 
 GEOMETRIC_REPRESENTATION_ITEM ( )  RATIONAL_B_SPLINE_SURFACE ( (
 ( 1.000000000000000000, 0.2624880753295555369, 1.000000000000000000),
 ( 1.000000000000000000, 0.2612611048933695113, 1.000000000000000000),
 ( 1.000000000000000000, 0.2606556526639030591, 1.000000000000000000),
 ( 1.000000000000000000, 0.2607228045954907425, 1.000000000000000000),
 ( 1.000000000000000000, 0.2613864169813666649, 1.000000000000000000),
 ( 1.000000000000000000, 0.2639658164384413030, 1.000000000000000000),
 ( 1.000000000000000000, 0.2658704717149826258, 1.000000000000000000),
 ( 1.000000000000000000, 0.2710676415993930055, 1.000000000000000000),
 ( 1.000000000000000000, 0.2743856387239730910, 1.000000000000000000),
 ( 1.000000000000000000, 0.2865236622265620037, 1.000000000000000000),
 ( 1.000000000000000000, 0.2974438526248923131, 1.000000000000000000),
 ( 1.000000000000000000, 0.3196242339936972154, 1.000000000000000000),
 ( 1.000000000000000000, 0.3280433585104028382, 1.000000000000000000),
 ( 1.000000000000000000, 0.3468286024576577309, 1.000000000000000000),
 ( 1.000000000000000000, 0.3572169158553439305, 1.000000000000000000),
 ( 1.000000000000000000, 0.3715004976632699796, 1.000000000000000000),
 ( 1.000000000000000000, 0.3744220130246343481, 1.000000000000000000),
 ( 1.000000000000000000, 0.3789020951003242987, 1.000000000000000000),
 ( 1.000000000000000000, 0.3804428479343242575, 1.000000000000000000),
 ( 1.000000000000000000, 0.3834322380482240722, 1.000000000000000000),
 ( 1.000000000000000000, 0.3848841735647189344, 1.000000000000000000),
 ( 1.000000000000000000, 0.3922368436061147157, 1.000000000000000000),
 ( 1.000000000000000000, 0.3980878823142239287, 1.000000000000000000),
 ( 1.000000000000000000, 0.4154921203285749098, 1.000000000000000000),
 ( 1.000000000000000000, 0.4268968550985181021, 1.000000000000000000),
 ( 1.000000000000000000, 0.4600490695576039957, 1.000000000000000000),
 ( 1.000000000000000000, 0.4803377575973150071, 1.000000000000000000),
 ( 1.000000000000000000, 0.5153078917471426434, 1.000000000000000000),
 ( 1.000000000000000000, 0.5300178311540206799, 1.000000000000000000),
 ( 1.000000000000000000, 0.5469396713522797215, 1.000000000000000000),
 ( 1.000000000000000000, 0.5516731737741443764, 1.000000000000000000),
 ( 1.000000000000000000, 0.5591849108095042764, 1.000000000000000000),
 ( 1.000000000000000000, 0.5619882284404661421, 1.000000000000000000),
 ( 1.000000000000000000, 0.5675795409212398557, 1.000000000000000000),
 ( 1.000000000000000000, 0.5675297204553023667, 1.000000000000000000),
 ( 1.000000000000000000, 0.5616042883965530752, 1.000000000000000000),
 ( 1.000000000000000000, 0.5586380021384008687, 1.000000000000000000),
 ( 1.000000000000000000, 0.5508651745155436208, 1.000000000000000000),
 ( 1.000000000000000000, 0.5460488204378156629, 1.000000000000000000),
 ( 1.000000000000000000, 0.5290337568713184835, 1.000000000000000000),
 ( 1.000000000000000000, 0.5142281861654419695, 1.000000000000000000),
 ( 1.000000000000000000, 0.4875581957144085599, 1.000000000000000000),
 ( 1.000000000000000000, 0.4779405266575433853, 1.000000000000000000),
 ( 1.000000000000000000, 0.4577436959974598985, 1.000000000000000000),
 ( 1.000000000000000000, 0.4471233512950088529, 1.000000000000000000),
 ( 1.000000000000000000, 0.4251119910176793248, 1.000000000000000000),
 ( 1.000000000000000000, 0.4137258055094888975, 1.000000000000000000),
 ( 1.000000000000000000, 0.3963040397109195978, 1.000000000000000000),
 ( 1.000000000000000000, 0.3904397085049949312, 1.000000000000000000),
 ( 1.000000000000000000, 0.3837991205706179909, 1.000000000000000000),
 ( 1.000000000000000000, 0.3830606766101021243, 1.000000000000000000),
 ( 1.000000000000000000, 0.3815826587199462328, 1.000000000000000000),
 ( 1.000000000000000000, 0.3808065719049127384, 1.000000000000000000),
 ( 1.000000000000000000, 0.3785301732902967564, 1.000000000000000000),
 ( 1.000000000000000000, 0.3770280641247604203, 1.000000000000000000),
 ( 1.000000000000000000, 0.3725682124897256031, 1.000000000000000000),
 ( 1.000000000000000000, 0.3696569529601367310, 1.000000000000000000),
 ( 1.000000000000000000, 0.3554101364653378115, 1.000000000000000000),
 ( 1.000000000000000000, 0.3450242534803112382, 1.000000000000000000),
 ( 1.000000000000000000, 0.3265492143732435237, 1.000000000000000000),
 ( 1.000000000000000000, 0.3184098777958709325, 1.000000000000000000),
 ( 1.000000000000000000, 0.3039305352663466131, 1.000000000000000000),
 ( 1.000000000000000000, 0.2975855597902100635, 1.000000000000000000),
 ( 1.000000000000000000, 0.2864690775251459431, 1.000000000000000000),
 ( 1.000000000000000000, 0.2817772418523804001, 1.000000000000000000),
 ( 1.000000000000000000, 0.2699950663973048059, 1.000000000000000000),
 ( 1.000000000000000000, 0.2650703785637295584, 1.000000000000000000),
 ( 1.000000000000000000, 0.2625309389588725284, 1.000000000000000000) ) ) 
 REPRESENTATION_ITEM ( '' )  SURFACE ( )  );
#6526 = CARTESIAN_POINT ( 'NONE',  ( -3.076464363281850023, 15.44238129326038056, 21.79557427844991935 ) ) ;
#6527 = CARTESIAN_POINT ( 'NONE',  ( -4.624914925938070631, 14.82300106819787899, 5.538384384520834480 ) ) ;
#6528 = CARTESIAN_POINT ( 'NONE',  ( -17.33061704033704942, 6.238662709560043318, -9.789953999577305055 ) ) ;
#6529 = CARTESIAN_POINT ( 'NONE',  ( -5.047343103077952975, 15.72577392360579118, -20.44095885244795952 ) ) ;
#6530 = CARTESIAN_POINT ( 'NONE',  ( -4.525595326351329106, -15.93976186945951490, -19.99999998973650506 ) ) ;
#6531 = CYLINDRICAL_SURFACE ( 'NONE', #7290, 2.000000000000001776 ) ;
#6532 = CARTESIAN_POINT ( 'NONE',  ( -4.849999999999999645, -15.81780785821800706, -9.557070928532022336 ) ) ;
#6533 = CARTESIAN_POINT ( 'NONE',  ( -19.21642625681898053, -5.452764403943304750, 7.628001567567321395 ) ) ;
#6534 = CARTESIAN_POINT ( 'NONE',  ( -20.00000000000005329, -11.30636367283227273, 2.065474388364544112 ) ) ;
#6535 = DIRECTION ( 'NONE',  ( 0.0000000000000000000, 0.0000000000000000000, -1.000000000000000000 ) ) ;
#6536 = CARTESIAN_POINT ( 'NONE',  ( -11.85621354401796168, 10.25813816565208114, 13.59756289272699981 ) ) ;
#6537 = CARTESIAN_POINT ( 'NONE',  ( -16.61281903436176677, 3.203682174738055277, -13.18655193901560096 ) ) ;
#6538 = CARTESIAN_POINT ( 'NONE',  ( 0.02782555748663794598, 16.68409726156776429, 15.08418146542268090 ) ) ;
#6539 = CARTESIAN_POINT ( 'NONE',  ( -20.00000000000150635, 8.168455011611220229, 5.874428014118757702 ) ) ;
#6540 = CARTESIAN_POINT ( 'NONE',  ( -11.63081143447705834, -4.801433309343924094, 21.24882638770995769 ) ) ;
#6541 = CARTESIAN_POINT ( 'NONE',  ( -4.628649940950412933, -1.893639634512035652, -34.72392984595093424 ) ) ;
#6542 = CARTESIAN_POINT ( 'NONE',  ( -5.873685895054086892, -9.752315557547076352, 30.74489143508630207 ) ) ;
#6543 = ORIENTED_EDGE ( 'NONE', *, *, #4635, .T. ) ;
#6544 = CARTESIAN_POINT ( 'NONE',  ( 0.0000000000000000000, 16.87193170087698135, -26.83855367616385834 ) ) ;
#6545 = CARTESIAN_POINT ( 'NONE',  ( -17.23519022709004034, -2.914366510072978755, -12.21899082492481270 ) ) ;
#6546 = DIRECTION ( 'NONE',  ( 0.0000000000000000000, 1.000000000000000000, 0.0000000000000000000 ) ) ;
#6547 = DIRECTION ( 'NONE',  ( 0.0000000000000000000, 1.734723475976807587E-16, -1.000000000000000000 ) ) ;
#6548 = EDGE_CURVE ( 'NONE', #5073, #5694, #5814, .T. ) ;
#6549 = CARTESIAN_POINT ( 'NONE',  ( -5.017902289002285521, -15.74283908439909041, 19.69313998042726155 ) ) ;
#6550 = CARTESIAN_POINT ( 'NONE',  ( -4.594280332523736909, -15.91228786699052833, 18.73152477002052052 ) ) ;
#6551 = CARTESIAN_POINT ( 'NONE',  ( -12.10911543391048362, -11.89087783096056050, -2.577852753493365956 ) ) ;
#6552 = CARTESIAN_POINT ( 'NONE',  ( -5.000000000000004441, -1.474514954580286030E-14, -36.14934116196345570 ) ) ;
#6553 = VERTEX_POINT ( 'NONE', #1441 ) ;
#6554 = CARTESIAN_POINT ( 'NONE',  ( -1.524319402891595177, -16.06323927741646074, 6.958059970510234393 ) ) ;
#6555 = CARTESIAN_POINT ( 'NONE',  ( -15.51341078872982671, -7.775032249053449362, -10.96321164245670943 ) ) ;
#6556 = CARTESIAN_POINT ( 'NONE',  ( -3.600868592562787907, 11.16198333262800979, 31.90425108053646142 ) ) ;
#6557 = CARTESIAN_POINT ( 'NONE',  ( -18.00865792367495644, 6.656199899515982565, -8.218090854589762628 ) ) ;
#6558 = CARTESIAN_POINT ( 'NONE',  ( -5.660535879164415363, -15.08010599147308817, -22.08940091567512454 ) ) ;
#6559 = CARTESIAN_POINT ( 'NONE',  ( -17.24609200396310627, 3.551919793010295034, 11.93354953452559286 ) ) ;
#6560 = CARTESIAN_POINT ( 'NONE',  ( -19.99999999999966960, -5.972257598445503746, -8.143164266026987619 ) ) ;
#6561 = CARTESIAN_POINT ( 'NONE',  ( 3.000000000000000000, 17.75000000000000000, 19.99999999999998934 ) ) ;
#6562 = CARTESIAN_POINT ( 'NONE',  ( -14.31178674940297313, -8.728618101357458414, 11.54747836948504514 ) ) ;
#6563 = CARTESIAN_POINT ( 'NONE',  ( -13.08206512188666082, -9.452136352489782567, -12.71604576271443321 ) ) ;
#6564 = CARTESIAN_POINT ( 'NONE',  ( -4.628933689308413868, 8.883920459468246378, 31.89383740094665143 ) ) ;
#6565 = VECTOR ( 'NONE', #3873, 1000.000000000000000 ) ;
#6566 = CARTESIAN_POINT ( 'NONE',  ( -5.000000000000000000, 15.75000000000000711, 4.407281562879258097 ) ) ;
#6567 = CARTESIAN_POINT ( 'NONE',  ( -9.311626510043971905, 11.45794636692478541, -17.79425964014968997 ) ) ;
#6568 = CARTESIAN_POINT ( 'NONE',  ( -5.583164611501766572, 15.28725828293207201, -21.06111203540364940 ) ) ;
#6569 = CARTESIAN_POINT ( 'NONE',  ( -3.471643676950692203, -7.194136857087015002, -34.70447804560146920 ) ) ;
#6570 = DIRECTION ( 'NONE',  ( -0.0000000000000000000, 1.000000000000000000, 1.734723475976807587E-16 ) ) ;
#6571 = CARTESIAN_POINT ( 'NONE',  ( -5.000000000000000000, -15.74999999999999289, -14.49500089890037735 ) ) ;
#6572 = CARTESIAN_POINT ( 'NONE',  ( -6.766771470555729806, -12.43439112748273701, 22.56302882722641101 ) ) ;
#6573 = CARTESIAN_POINT ( 'NONE',  ( -20.00000000000003553, -6.339331671369792254, 11.25112889440853081 ) ) ;
#6574 = ORIENTED_EDGE ( 'NONE', *, *, #2023, .F. ) ;
#6575 = CARTESIAN_POINT ( 'NONE',  ( -6.932385835331641211, -13.33208292131551254, -17.94372262999826262 ) ) ;
#6576 = CARTESIAN_POINT ( 'NONE',  ( -16.77010013849401915, 7.301856389670270175, 9.357058977657020549 ) ) ;
#6577 = CARTESIAN_POINT ( 'NONE',  ( -18.47168971651754532, 1.583716378910054567, -10.49191290931952381 ) ) ;
#6578 = CARTESIAN_POINT ( 'NONE',  ( 0.02782555748663799108, 16.68409726156776429, 19.68988513657538064 ) ) ;
#6579 = CARTESIAN_POINT ( 'NONE',  ( -18.25382695416804424, 6.759832285036816657, 9.912544094629009095 ) ) ;
#6580 = CARTESIAN_POINT ( 'NONE',  ( -18.47270783524713522, -1.299334257726496800, 10.53942822754969022 ) ) ;
#6581 = CARTESIAN_POINT ( 'NONE',  ( -1.524290579245739741, -9.744502364773801162, -32.80262389472417794 ) ) ;
#6582 = CARTESIAN_POINT ( 'NONE',  ( -5.872135189682120782, 6.502164947582010690, 32.82504165244435512 ) ) ;
#6583 = ORIENTED_EDGE ( 'NONE', *, *, #5212, .T. ) ;
#6584 = CARTESIAN_POINT ( 'NONE',  ( 0.0000000000000000000, -12.98752371685959695, 32.77349878216986667 ) ) ;
#6585 = B_SPLINE_CURVE_WITH_KNOTS ( 'NONE', 3,
 ( #5288, #223, #1559, #2031, #2779, #4611, #4691, #4131, #7907, #4652, #1399, #6687, #924, #7200, #6648, #806, #3465, #2109, #6730, #7526, #4336, #6110, #4815, #4172, #5567, #8161, #7448, #965, #2354, #8124, #2395, #305, #6858, #4984, #6900, #2271, #1086, #4943, #7362, #5449, #3554, #2943, #1688, #4254, #344, #1728, #6818, #6234, #3715, #8085, #467, #7408, #2859, #2901, #3675, #7994, #7487, #428, #2226, #1131 ),
 .UNSPECIFIED., .F., .F.,
 ( 4, 2, 2, 2, 2, 2, 2, 2, 2, 2, 2, 2, 2, 2, 2, 2, 2, 2, 2, 2, 2, 2, 2, 2, 2, 2, 2, 2, 2, 4 ),
 ( 0.0000000000000000000, 0.0003572957458503740161, 0.0007145914917007480322, 0.001429182983401485005, 0.002858365966802948761, 0.004287548950204412949, 0.005716731933605875837, 0.008575097900408794674, 0.01000428088381024802, 0.01143346386721170484, 0.01429182983401460980, 0.01572101281741605794, 0.01715019580081750955, 0.01857937878421896116, 0.02000856176762041277, 0.02286692773442331253, 0.02429611071782476414, 0.02572529370122620881, 0.02858365966802910857, 0.03144202563483200485, 0.03287120861823345647, 0.03430039160163490808, 0.03715875756843779742, 0.03858794055183924210, 0.04001712353524069371, 0.04287548950204358306, 0.04430467248544502773, 0.04501926397714575007, 0.04537655972299610430, 0.04573385546884645159 ),
 .UNSPECIFIED. ) ;
#6586 = CARTESIAN_POINT ( 'NONE',  ( -9.602982266639829234, 12.80741819956810623, 4.158568294575734292 ) ) ;
#6587 = CARTESIAN_POINT ( 'NONE',  ( -6.668439241446124655, -8.952279674628195849, -27.57776229134417889 ) ) ;
#6588 = DIRECTION ( 'NONE',  ( -1.000000000000000000, -0.0000000000000000000, -0.0000000000000000000 ) ) ;
#6589 = CARTESIAN_POINT ( 'NONE',  ( -4.541520267650519749, -14.85635893151288123, -19.93414036259472155 ) ) ;
#6590 = CARTESIAN_POINT ( 'NONE',  ( -5.403452494963363328, -15.49603401906721523, 19.24655187332655615 ) ) ;
#6591 = DIRECTION ( 'NONE',  ( 1.000000000000000000, 0.0000000000000000000, 0.0000000000000000000 ) ) ;
#6592 = CARTESIAN_POINT ( 'NONE',  ( -13.26652278068286961, -10.86509020891022814, -6.618947115227222788 ) ) ;
#6593 = AXIS2_PLACEMENT_3D ( 'NONE', #3745, #5019, #5634 ) ;
#6594 = CARTESIAN_POINT ( 'NONE',  ( 3.000000000000000000, -20.00000000000000355, 40.49999999999999289 ) ) ;
#6595 = CARTESIAN_POINT ( 'NONE',  ( 0.02782555748655088715, -16.68409726156772166, 19.74520532003446149 ) ) ;
#6596 = CARTESIAN_POINT ( 'NONE',  ( -15.52072329074231938, -7.840246503510478249, -10.82568072451799246 ) ) ;
#6597 = CARTESIAN_POINT ( 'NONE',  ( -3.462395889183195852, 6.751632816649510538, 34.91762699062986286 ) ) ;
#6598 = CARTESIAN_POINT ( 'NONE',  ( -16.19943091652580591, 8.132585288743946705, -8.952461609782321972 ) ) ;
#6599 = CARTESIAN_POINT ( 'NONE',  ( -5.044701839120033782, -14.91424770977846315, -25.11451283711783944 ) ) ;
#6600 = CARTESIAN_POINT ( 'NONE',  ( -12.87184246871870741, 3.738690273531298125, 19.53250562359252029 ) ) ;
#6601 = CARTESIAN_POINT ( 'NONE',  ( -18.60865836828969933, -10.27483245557977298, -2.615340539309977785 ) ) ;
#6602 = CARTESIAN_POINT ( 'NONE',  ( -3.444518373496330721, -5.750893308051509223, 35.33851161965504417 ) ) ;
#6603 = CARTESIAN_POINT ( 'NONE',  ( -18.09037921755176725, -7.512160417919767852, 7.014919308272153486 ) ) ;
#6604 = CARTESIAN_POINT ( 'NONE',  ( -15.53567263451193625, -7.943391641572928208, -10.59285997804762935 ) ) ;
#6605 = ORIENTED_EDGE ( 'NONE', *, *, #1483, .F. ) ;
#6606 = AXIS2_PLACEMENT_3D ( 'NONE', #4712, #4236, #6008 ) ;
#6607 = CARTESIAN_POINT ( 'NONE',  ( -3.076577703901642646, 8.586480965418193279, 32.86457050387843992 ) ) ;
#6608 = VECTOR ( 'NONE', #4549, 1000.000000000000000 ) ;
#6609 = CARTESIAN_POINT ( 'NONE',  ( -14.30577633374623225, 8.689005420262473578, 11.66597130191569320 ) ) ;
#6610 = CARTESIAN_POINT ( 'NONE',  ( -4.393055095784087705, 14.85532299185188521, -21.72377896041316703 ) ) ;
#6611 = CARTESIAN_POINT ( 'NONE',  ( -4.546795794781158584, 15.93128168208754758, -19.85753540950339158 ) ) ;
#6612 = CARTESIAN_POINT ( 'NONE',  ( -16.14962187733169685, 7.571202667504595141, 10.05717004943477555 ) ) ;
#6613 = DIRECTION ( 'NONE',  ( -1.000000000000000000, -0.0000000000000000000, -0.0000000000000000000 ) ) ;
#6614 = CARTESIAN_POINT ( 'NONE',  ( -20.00000000000001421, 1.694183542896309902, 9.861515702345798218 ) ) ;
#6615 = CARTESIAN_POINT ( 'NONE',  ( -11.72585585783991213, -9.141757149590768350, 16.93172284485650536 ) ) ;
#6616 = CARTESIAN_POINT ( 'NONE',  ( -20.00000000000002842, -3.947802940611588873, 12.82179215969957653 ) ) ;
#6617 = CARTESIAN_POINT ( 'NONE',  ( -17.99438120592815338, -6.483188110915945046, -8.438323797102121659 ) ) ;
#6618 = CARTESIAN_POINT ( 'NONE',  ( -15.54359745405436399, 8.054036604284325662, 10.35233400853354446 ) ) ;
#6619 = CARTESIAN_POINT ( 'NONE',  ( -9.134433223106711353, 5.074961379008547269, -25.54687209870124676 ) ) ;
#6620 = CARTESIAN_POINT ( 'NONE',  ( -4.628609323645898499, 14.82152330911475424, 17.18502398931932618 ) ) ;
#6621 = CARTESIAN_POINT ( 'NONE',  ( -20.00000000000002842, 9.221348537160128700, 3.917296153193142949 ) ) ;
#6622 = CARTESIAN_POINT ( 'NONE',  ( -9.130954288894477244, -4.360269910907834223, 25.88468283145566673 ) ) ;
#6623 = CARTESIAN_POINT ( 'NONE',  ( -1.524364431271017395, 3.466826632640377603, -35.71140395072762175 ) ) ;
#6624 = CARTESIAN_POINT ( 'NONE',  ( -5.865059924980932315, 11.76731134307585691, 28.73201747515028259 ) ) ;
#6625 = ORIENTED_EDGE ( 'NONE', *, *, #4482, .T. ) ;
#6626 = CARTESIAN_POINT ( 'NONE',  ( -5.000000000000010658, 11.33002742434157639, -31.51843978945195701 ) ) ;
#6627 = CARTESIAN_POINT ( 'NONE',  ( -14.47303258650031843, 10.09573494220667200, 7.109524117867299431 ) ) ;
#6628 = CARTESIAN_POINT ( 'NONE',  ( -6.653986397270644559, -7.491047329769814134, -28.67858537103658279 ) ) ;
#6629 = CARTESIAN_POINT ( 'NONE',  ( -4.999999999999996447, 15.75000000000000000, -14.49500089890424270 ) ) ;
#6630 = CARTESIAN_POINT ( 'NONE',  ( -19.99999999999996803, -3.380946489629329310, -9.438378003943917349 ) ) ;
#6631 = CARTESIAN_POINT ( 'NONE',  ( -4.599529384017611910, -15.91018824639297335, 18.57079083281990606 ) ) ;
#6632 = CARTESIAN_POINT ( 'NONE',  ( -18.13644443706917286, 0.7317567681432864957, -13.17749694334785815 ) ) ;
#6633 = CARTESIAN_POINT ( 'NONE',  ( -17.66980821603481289, -9.398986643176316491, -3.465391834178670916 ) ) ;
#6634 = CARTESIAN_POINT ( 'NONE',  ( -4.628609323645897611, -14.82152330911475424, 19.87718792095272136 ) ) ;
#6635 = CARTESIAN_POINT ( 'NONE',  ( -15.50415122490842812, -7.683839355578514052, -11.14486389180510351 ) ) ;
#6636 = CARTESIAN_POINT ( 'NONE',  ( -5.870866686511551968, 5.835536967174067335, 33.09721333474853822 ) ) ;
#6637 = CARTESIAN_POINT ( 'NONE',  ( -6.505213034913026604E-16, 9.335241403425941442, 33.82195819060889619 ) ) ;
#6638 = CARTESIAN_POINT ( 'NONE',  ( -15.36288732696855597, 2.884386348955704893, 15.48932328723135043 ) ) ;
#6639 = CARTESIAN_POINT ( 'NONE',  ( -19.99999999999977618, -5.866618669494188865, -8.221105547954042692 ) ) ;
#6640 = CARTESIAN_POINT ( 'NONE',  ( -38.00000000000000000, 0.0000000000000000000, 0.0000000000000000000 ) ) ;
#6641 = CARTESIAN_POINT ( 'NONE',  ( -19.32968409762030149, -6.889770943761814870, 6.212884422420133390 ) ) ;
#6642 = CARTESIAN_POINT ( 'NONE',  ( 3.000000000000000000, -17.99999999999999645, -36.50000000000000711 ) ) ;
#6643 = FACE_OUTER_BOUND ( 'NONE', #2002, .T. ) ;
#6644 = CARTESIAN_POINT ( 'NONE',  ( 3.000000000000000000, -20.00000000000000355, 36.49999999999999289 ) ) ;
#6645 = CARTESIAN_POINT ( 'NONE',  ( -6.921553309520479758, 13.32564495386845493, -18.17505564810261376 ) ) ;
#6646 = CARTESIAN_POINT ( 'NONE',  ( -4.117190418568420718, 15.59639586489668872, -24.04088528774690658 ) ) ;
#6647 = CARTESIAN_POINT ( 'NONE',  ( -5.021880573065177877, 15.74124777077396153, 2.937513495619372250 ) ) ;
#6648 = CARTESIAN_POINT ( 'NONE',  ( -5.844248390943265647, 12.92517944029484944, -27.16255321638283249 ) ) ;
#6649 = CARTESIAN_POINT ( 'NONE',  ( -20.00000000000000000, -5.684183303242542173, 8.252241503224292174 ) ) ;
#6650 = CARTESIAN_POINT ( 'NONE',  ( -14.30373608931404128, -8.662701729404723494, 11.73957121572110651 ) ) ;
#6651 = CARTESIAN_POINT ( 'NONE',  ( -19.24492821201561910, -5.865563517954942796, -7.270320700721232043 ) ) ;
#6652 = CARTESIAN_POINT ( 'NONE',  ( -4.663119740852200934, 15.88475210365911749, -16.63952122948642298 ) ) ;
#6653 = CARTESIAN_POINT ( 'NONE',  ( -13.07676099191210817, -9.436272357078260953, -12.78520222746959512 ) ) ;
#6654 = CARTESIAN_POINT ( 'NONE',  ( -15.54154525341410853, 8.032277539176098102, 10.40092805166026402 ) ) ;
#6655 = CARTESIAN_POINT ( 'NONE',  ( -15.99535625189272459, 3.832268546112507224, -13.96283909877425344 ) ) ;
#6656 = CARTESIAN_POINT ( 'NONE',  ( -4.628609323645894058, 14.82152330911475424, 19.53345240554213547 ) ) ;
#6657 = CARTESIAN_POINT ( 'NONE',  ( -19.99999999999637623, 6.980513292532950942, -7.257962664073109416 ) ) ;
#6658 = CARTESIAN_POINT ( 'NONE',  ( -18.49085892031127898, -2.964784534043993336, 10.07538361697867302 ) ) ;
#6659 = CARTESIAN_POINT ( 'NONE',  ( -3.076519142569813514, 11.58069533559084086, -30.21502656103287165 ) ) ;
#6660 = CARTESIAN_POINT ( 'NONE',  ( -5.754953040593432156, 14.60498699479802198, 23.75003446301186472 ) ) ;
#6661 = VERTEX_POINT ( 'NONE', #2152 ) ;
#6662 = CARTESIAN_POINT ( 'NONE',  ( 0.0000000000000000000, -17.74999999999999289, -19.99999999999995381 ) ) ;
#6663 = CARTESIAN_POINT ( 'NONE',  ( -13.33540527930146879, 11.30037955897572743, 3.481715722086929699 ) ) ;
#6664 = CARTESIAN_POINT ( 'NONE',  ( -12.87006645855886866, -3.739304508865019194, -19.53538677209317243 ) ) ;
#6665 = CARTESIAN_POINT ( 'NONE',  ( -20.00000000000000711, 2.344222045968414658, -9.732438467499067158 ) ) ;
#6666 = CARTESIAN_POINT ( 'NONE',  ( -5.000000000000012434, -12.44862432635732929, -30.04695997520922290 ) ) ;
#6667 = LINE ( 'NONE', #8062, #3559 ) ;
#6668 = CARTESIAN_POINT ( 'NONE',  ( 0.0000000000000000000, 17.75000000000001066, 19.99999999999999289 ) ) ;
#6669 = CARTESIAN_POINT ( 'NONE',  ( -12.00019372444040222, -11.27377458509352692, -8.187769746548305250 ) ) ;
#6670 = EDGE_CURVE ( 'NONE', #1647, #3225, #1069, .T. ) ;
#6671 = CARTESIAN_POINT ( 'NONE',  ( -4.628609323645897611, -14.82152330911475424, 19.05947443545669628 ) ) ;
#6672 = CARTESIAN_POINT ( 'NONE',  ( -13.06149652569694908, -9.355279818808247327, -13.08564294204313683 ) ) ;
#6673 = CARTESIAN_POINT ( 'NONE',  ( -4.526443575993748247, 15.93942325046362996, 19.99294838502401817 ) ) ;
#6674 = CARTESIAN_POINT ( 'NONE',  ( 4.065758146820641628E-16, -14.68542804835002791, 27.95200426674358596 ) ) ;
#6675 = CARTESIAN_POINT ( 'NONE',  ( -15.98310302148456685, 2.270749056365143570, 14.59539872950079875 ) ) ;
#6676 = CARTESIAN_POINT ( 'NONE',  ( -18.29346987166932337, -7.298165662694912292, 9.208699819338546533 ) ) ;
#6677 = CARTESIAN_POINT ( 'NONE',  ( -6.505213034913022660E-16, 16.41563096310548175, -22.95245590822533543 ) ) ;
#6678 = CARTESIAN_POINT ( 'NONE',  ( -19.44842638960491854, -7.980213936654870110, 4.556045165982225420 ) ) ;
#6679 = ORIENTED_EDGE ( 'NONE', *, *, #1359, .T. ) ;
#6680 = FACE_OUTER_BOUND ( 'NONE', #3048, .T. ) ;
#6681 = CARTESIAN_POINT ( 'NONE',  ( -3.076516549796442845, 13.90819859843693607, 26.94572491539073411 ) ) ;
#6682 = CARTESIAN_POINT ( 'NONE',  ( -3.076464363268382129, 15.44238129326575404, -16.65249965256160536 ) ) ;
#6683 = CARTESIAN_POINT ( 'NONE',  ( -4.117190418573944299, -15.59639586491026719, 24.04088528768438238 ) ) ;
#6684 = CARTESIAN_POINT ( 'NONE',  ( -9.390303321390405245, 11.75176276559731825, -15.99088671399671568 ) ) ;
#6685 = CARTESIAN_POINT ( 'NONE',  ( -5.049537099386105510, 15.68359755447437642, -21.23934096954856443 ) ) ;
#6686 = CARTESIAN_POINT ( 'NONE',  ( -5.000144960897044299, 15.74994201571638364, 2.937893505743727651 ) ) ;
#6687 = CARTESIAN_POINT ( 'NONE',  ( -5.784198468877614019, 14.24989866652425619, -24.60527943543650409 ) ) ;
#6688 = CARTESIAN_POINT ( 'NONE',  ( -5.010746018670430679, 15.74570159253317492, 19.23068967431239784 ) ) ;
#6689 = CARTESIAN_POINT ( 'NONE',  ( -18.60858427108205859, -6.033654361791076504, 7.990288343421847905 ) ) ;
#6690 = CARTESIAN_POINT ( 'NONE',  ( -15.54073649581367889, -7.998180418984319751, -10.47178665675578202 ) ) ;
#6691 = CARTESIAN_POINT ( 'NONE',  ( -5.415063198153843516, -15.48538022064614061, 19.66397487614046113 ) ) ;
#6692 = EDGE_CURVE ( 'NONE', #5543, #7899, #928, .T. ) ;
#6693 = CARTESIAN_POINT ( 'NONE',  ( -16.14416294820358289, -7.545329292841319813, -10.11286012534682399 ) ) ;
#6694 = CARTESIAN_POINT ( 'NONE',  ( -6.937901553002649990, 13.34968932330138003, 17.53949331071427054 ) ) ;
#6695 = CARTESIAN_POINT ( 'NONE',  ( -9.158738720564773672, 7.702326898918343545, -23.87179066627702895 ) ) ;
#6696 = CARTESIAN_POINT ( 'NONE',  ( -4.628609323645896723, 14.82152330911475424, 19.91259804602456640 ) ) ;
#6697 = CARTESIAN_POINT ( 'NONE',  ( -19.99999999999860378, 9.859306474812658649, 1.836676335522507753 ) ) ;
#6698 = CARTESIAN_POINT ( 'NONE',  ( -12.89997293566825043, -6.219570067528223056, 18.01031148176916474 ) ) ;
#6699 = PRESENTATION_LAYER_ASSIGNMENT (  '', '', ( #1335 ) ) ;
#6700 = CARTESIAN_POINT ( 'NONE',  ( 0.02788675447631159057, 0.7322999744327696181, -36.69728852523789442 ) ) ;
#6701 = CARTESIAN_POINT ( 'NONE',  ( 5.000000000000000000, -22.74999999999998579, -19.99999999999998579 ) ) ;
#6702 = CARTESIAN_POINT ( 'NONE',  ( -4.613141531388901484, -14.82771042601754985, 9.566603724324780345 ) ) ;
#6703 = PRESENTATION_LAYER_ASSIGNMENT (  '', '', ( #4579 ) ) ;
#6704 = CARTESIAN_POINT ( 'NONE',  ( -16.39544348663642026, 9.712922260233552763, 4.633776233964031377 ) ) ;
#6705 = CARTESIAN_POINT ( 'NONE',  ( -6.631850940658429394, -3.259371320127423921, -30.60085997479423270 ) ) ;
#6706 = CARTESIAN_POINT ( 'NONE',  ( -5.000000000000000000, 15.75000000000001776, 21.82249421427287928 ) ) ;
#6707 = FACE_OUTER_BOUND ( 'NONE', #4102, .T. ) ;
#6708 = CARTESIAN_POINT ( 'NONE',  ( -4.583883206295430668, 15.91644671748183804, -19.05358291874922116 ) ) ;
#6709 = CARTESIAN_POINT ( 'NONE',  ( -18.25551753023083279, -6.787767857142745775, -9.880696487118086679 ) ) ;
#6710 = CARTESIAN_POINT ( 'NONE',  ( -16.91106196365463887, -8.633053835235742213, -6.753522247667707035 ) ) ;
#6711 = CARTESIAN_POINT ( 'NONE',  ( -3.076464363268367475, -15.44238129326574516, -19.04694790534339788 ) ) ;
#6712 = CARTESIAN_POINT ( 'NONE',  ( -16.11077683319862786, -7.201173568355225818, -10.73340871189062540 ) ) ;
#6713 = UNCERTAINTY_MEASURE_WITH_UNIT (LENGTH_MEASURE( 1.000000000000000082E-05 ), #5086, 'distance_accuracy_value', 'NONE');
#6714 = CARTESIAN_POINT ( 'NONE',  ( -5.537325498436044491, 15.36743923977039294, 20.53770307149743601 ) ) ;
#6715 = CARTESIAN_POINT ( 'NONE',  ( -2.683400376901623474E-15, 15.37370098286920062, 26.52510476083696389 ) ) ;
#6716 = CARTESIAN_POINT ( 'NONE',  ( -6.635050703810128070, 4.171264116119287380, 30.33656599533529175 ) ) ;
#6717 = CARTESIAN_POINT ( 'NONE',  ( -20.00000000000560973, -10.01969080148432312, -0.3463805967487119664 ) ) ;
#6718 = CARTESIAN_POINT ( 'NONE',  ( 1.057097118173365837E-15, 13.10115752956759216, -30.32327245989521458 ) ) ;
#6719 = EDGE_CURVE ( 'NONE', #4755, #5573, #4135, .T. ) ;
#6720 = CARTESIAN_POINT ( 'NONE',  ( -6.990451269263002310, -13.50512923511719521, 13.95530836701301247 ) ) ;
#6721 = ORIENTED_EDGE ( 'NONE', *, *, #741, .T. ) ;
#6722 = CARTESIAN_POINT ( 'NONE',  ( -4.462418118968575875, -14.90678844814202186, -19.99999999291907926 ) ) ;
#6723 = CARTESIAN_POINT ( 'NONE',  ( -4.628559126443777316, 0.2079092128527796624, 34.82051112722898978 ) ) ;
#6724 = CARTESIAN_POINT ( 'NONE',  ( -1.524319402890895736, 16.06323927741674851, 8.408252342013073033 ) ) ;
#6725 = CARTESIAN_POINT ( 'NONE',  ( -4.540478733780338061, -15.93380850648787650, 19.90538607430323736 ) ) ;
#6726 = CARTESIAN_POINT ( 'NONE',  ( -19.23070579935842872, 5.713015638382120898, -7.411260093511413238 ) ) ;
#6727 = CIRCLE ( 'NONE', #7272, 3.999999999999996447 ) ;
#6728 = CARTESIAN_POINT ( 'NONE',  ( -3.507809991133998384, 8.655869051771555078, -33.87663350355501990 ) ) ;
#6729 = PLANE ( 'NONE',  #789 ) ;
#6730 = CARTESIAN_POINT ( 'NONE',  ( -5.871298726690782566, 10.79933178703556429, -29.75809686695502165 ) ) ;
#6731 = CARTESIAN_POINT ( 'NONE',  ( -4.999999999999999112, 15.75000000000000711, 4.407281562874185710 ) ) ;
#6732 = CARTESIAN_POINT ( 'NONE',  ( -11.82850432441025035, -10.12105040351184826, 14.27241637355833248 ) ) ;
#6733 = CARTESIAN_POINT ( 'NONE',  ( -4.465633962435592075, -14.90474647665915420, -19.70951366153791540 ) ) ;
#6734 = CARTESIAN_POINT ( 'NONE',  ( -5.000000000000000000, 15.75000000000000711, 4.407281562879258097 ) ) ;
#6735 = VERTEX_POINT ( 'NONE', #3426 ) ;
#6736 = CIRCLE ( 'NONE', #5547, 2.000000000000001776 ) ;
#6737 = CARTESIAN_POINT ( 'NONE',  ( -18.61069172460024390, -6.101481802174771651, -7.923522814774751843 ) ) ;
#6738 = CARTESIAN_POINT ( 'NONE',  ( -15.53594721198199480, 7.972179169193760906, 10.53430384492727967 ) ) ;
#6739 = CARTESIAN_POINT ( 'NONE',  ( -14.15707094409888533, 6.284441562530611591, -15.58145548742603204 ) ) ;
#6740 = CARTESIAN_POINT ( 'NONE',  ( -4.628609323645889617, 14.82152330911474891, 1.473925204878641093 ) ) ;
#6741 = CARTESIAN_POINT ( 'NONE',  ( -20.00000000000002487, 9.412915203809603781, -7.409189542062558864 ) ) ;
#6742 = CARTESIAN_POINT ( 'NONE',  ( -14.14335781146568571, -5.540498371973831659, 16.22805004758703618 ) ) ;
#6743 = ADVANCED_FACE ( 'NONE', ( #3515 ), #1603, .F. ) ;
#6744 = CARTESIAN_POINT ( 'NONE',  ( -1.524289284466636030, 5.250520549365875311, -35.18107075454862098 ) ) ;
#6745 = CARTESIAN_POINT ( 'NONE',  ( -5.868613208202651421, 3.787001504394975182, 33.81041904824071764 ) ) ;
#6746 = ORIENTED_EDGE ( 'NONE', *, *, #3935, .F. ) ;
#6747 = EDGE_CURVE ( 'NONE', #1179, #5422, #2282, .T. ) ;
#6748 = CARTESIAN_POINT ( 'NONE',  ( -5.000000000000000000, -15.74999999999999289, -16.77601940238226064 ) ) ;
#6749 = CARTESIAN_POINT ( 'NONE',  ( -16.21691465671178278, 8.286841693426818978, 8.602014163739415409 ) ) ;
#6750 = CARTESIAN_POINT ( 'NONE',  ( -17.84521961281815550, -1.108152822696961692, -11.64287711697042482 ) ) ;
#6751 = CARTESIAN_POINT ( 'NONE',  ( 0.0000000000000000000, 0.0000000000000000000, 0.0000000000000000000 ) ) ;
#6752 = CARTESIAN_POINT ( 'NONE',  ( -6.989947145632839032, 13.50540824647029758, -13.95561217708200985 ) ) ;
#6753 = CARTESIAN_POINT ( 'NONE',  ( -4.849999999999996092, 15.81780785821802482, 9.557070928530848164 ) ) ;
#6754 = DIRECTION ( 'NONE',  ( 1.000000000000000000, 0.0000000000000000000, 0.0000000000000000000 ) ) ;
#6755 = CARTESIAN_POINT ( 'NONE',  ( 0.0000000000000000000, -17.75000000000000711, 20.00000000000000000 ) ) ;
#6756 = CARTESIAN_POINT ( 'NONE',  ( -4.546795794717419348, 15.93128168211304896, 19.85753541001508538 ) ) ;
#6757 = CARTESIAN_POINT ( 'NONE',  ( -4.614262300478864098, -14.82732353757224786, -6.587216087818249299 ) ) ;
#6758 = AXIS2_PLACEMENT_3D ( 'NONE', #188, #6028, #3971 ) ;
#6759 = ORIENTED_EDGE ( 'NONE', *, *, #5986, .T. ) ;
#6760 = CARTESIAN_POINT ( 'NONE',  ( 0.02782555748655164349, -16.68409726156771100, -14.11360012559121557 ) ) ;
#6761 = CARTESIAN_POINT ( 'NONE',  ( -11.80094280773305648, -9.972550144075277956, -14.85121847416777996 ) ) ;
#6762 = CARTESIAN_POINT ( 'NONE',  ( -5.496523383460174550, 15.41969711668432907, 20.12009008195506965 ) ) ;
#6763 = CARTESIAN_POINT ( 'NONE',  ( -7.318364664277153943E-16, -8.396818546161757268, 34.41164618216053839 ) ) ;
#6764 = CARTESIAN_POINT ( 'NONE',  ( -14.11163138179778720, 2.322045506868017917, 17.83856425319577355 ) ) ;
#6765 = CARTESIAN_POINT ( 'NONE',  ( -18.29002613883946182, -7.255073910848946817, 9.268239826765260148 ) ) ;
#6766 = CARTESIAN_POINT ( 'NONE',  ( -7.318364664277154930E-16, -1.241167495576334989, -36.65516251817655302 ) ) ;
#6767 = CARTESIAN_POINT ( 'NONE',  ( -16.81738703671685897, -7.791092557696567056, 8.503132672813993764 ) ) ;
#6768 = ORIENTED_EDGE ( 'NONE', *, *, #4081, .T. ) ;
#6769 = DIRECTION ( 'NONE',  ( -1.000000000000000000, -0.0000000000000000000, -0.0000000000000000000 ) ) ;
#6770 = VECTOR ( 'NONE', #2279, 1000.000000000000000 ) ;
#6771 = CARTESIAN_POINT ( 'NONE',  ( -3.076426424675537508, 1.104431689068864353, 35.42868433604772349 ) ) ;
#6772 = CARTESIAN_POINT ( 'NONE',  ( -3.076464363268388347, 15.44238129326574693, -10.89705904184157959 ) ) ;
#6773 = CARTESIAN_POINT ( 'NONE',  ( -5.603650845942237169, -15.24028928124117499, 21.31831577456322435 ) ) ;
#6774 = CARTESIAN_POINT ( 'NONE',  ( -16.75366850532897800, 7.125272492335073871, -9.654938877917659923 ) ) ;
#6775 = CARTESIAN_POINT ( 'NONE',  ( -5.001888257750764843, 4.067857361022144680, -35.22326708600222389 ) ) ;
#6776 = FACE_OUTER_BOUND ( 'NONE', #2340, .T. ) ;
#6777 = CARTESIAN_POINT ( 'NONE',  ( -18.17440254500469266, 4.597032134250856217, -11.82823683106653867 ) ) ;
#6778 = CARTESIAN_POINT ( 'NONE',  ( -5.011258267072938644, 15.74549669317083378, 19.63841996649562560 ) ) ;
#6779 = CARTESIAN_POINT ( 'NONE',  ( -9.383457462640199864, -11.73402200480906465, 16.15288711856940651 ) ) ;
#6780 = CARTESIAN_POINT ( 'NONE',  ( -17.38919395372805354, -6.943676597455433530, -8.828796279704285155 ) ) ;
#6781 = ORIENTED_EDGE ( 'NONE', *, *, #3235, .T. ) ;
#6782 = CARTESIAN_POINT ( 'NONE',  ( -16.76042439617137703, -7.193599136977572250, -9.540413120656040746 ) ) ;
#6783 = CARTESIAN_POINT ( 'NONE',  ( -17.38012186156432648, 6.869513417037617309, 8.942517095418462958 ) ) ;
#6784 = CARTESIAN_POINT ( 'NONE',  ( -9.151652343557316271, 7.082506770084389558, -24.33540755399559430 ) ) ;
#6785 = CARTESIAN_POINT ( 'NONE',  ( 3.000000000000000000, -21.24999999999997868, -45.25000000000000711 ) ) ;
#6786 = CARTESIAN_POINT ( 'NONE',  ( -20.00000000000002487, 6.712034804531535670, -7.517008354904040957 ) ) ;
#6787 = CARTESIAN_POINT ( 'NONE',  ( -6.648427863852219843, -6.785751776614159958, 29.16000677217401460 ) ) ;
#6788 = CARTESIAN_POINT ( 'NONE',  ( -3.076488258282335408, 5.010172007292358565, -34.60715709691681496 ) ) ;
#6789 = DIRECTION ( 'NONE',  ( -1.000000000000000000, -0.0000000000000000000, -0.0000000000000000000 ) ) ;
#6790 = VERTEX_POINT ( 'NONE', #1482 ) ;
#6791 = DIRECTION ( 'NONE',  ( -1.000000000000000000, -0.0000000000000000000, -0.0000000000000000000 ) ) ;
#6792 = CARTESIAN_POINT ( 'NONE',  ( -17.48819454110524774, 7.985664587639190515, 7.095237005269900976 ) ) ;
#6793 = CARTESIAN_POINT ( 'NONE',  ( -14.10504750727236711, -0.7720937230204411028, -18.11549987705185671 ) ) ;
#6794 = B_SPLINE_CURVE_WITH_KNOTS ( 'NONE', 3,
 ( #1288, #7842, #4663, #2, #658, #5260, #618, #1960, #81, #2548, #5138, #2631, #2000 ),
 .UNSPECIFIED., .F., .F.,
 ( 4, 2, 2, 2, 1, 2, 4 ),
 ( -8.575211445969493820E-05, 0.007643456867728929370, 0.01150806135882324367, 0.01344036360437040473, 0.01440651472714398439, 0.01488959028853077508, 0.01537266584991756405 ),
 .UNSPECIFIED. ) ;
#6795 = CARTESIAN_POINT ( 'NONE',  ( -18.89502352160571519, 8.787407498927585436, -3.478919098111827868 ) ) ;
#6796 = CARTESIAN_POINT ( 'NONE',  ( -4.849999999999994316, 6.972997297136327433, -34.46578159907402039 ) ) ;
#6797 = CARTESIAN_POINT ( 'NONE',  ( -20.00000000000002132, 1.694183542895769223, -9.861515702345887036 ) ) ;
#6798 = CARTESIAN_POINT ( 'NONE',  ( -5.000000000000000000, 15.75000000000000711, -4.407281562876794290 ) ) ;
#6799 = DIRECTION ( 'NONE',  ( -0.0000000000000000000, -1.000000000000000000, -0.0000000000000000000 ) ) ;
#6800 = CARTESIAN_POINT ( 'NONE',  ( -18.66010600464919733, -6.664763909213926141, -7.281800217048487234 ) ) ;
#6801 = VERTEX_POINT ( 'NONE', #7910 ) ;
#6802 = CARTESIAN_POINT ( 'NONE',  ( -3.076464363268369251, -15.44238129326575226, -12.34151114269836214 ) ) ;
#6803 = CARTESIAN_POINT ( 'NONE',  ( -17.94861385450256108, -5.833817446355352487, -9.176322355710320622 ) ) ;
#6804 = EDGE_CURVE ( 'NONE', #3886, #6463, #6001, .T. ) ;
#6805 = CARTESIAN_POINT ( 'NONE',  ( -4.485439519567794520, 15.95276513125763707, 20.33892655752359957 ) ) ;
#6806 = CARTESIAN_POINT ( 'NONE',  ( 1.382357769919018351E-15, 10.49758015118815457, 32.96187072272842045 ) ) ;
#6807 = CARTESIAN_POINT ( 'NONE',  ( -20.00000000000002842, -7.868068296284743468, 9.629011195907766663 ) ) ;
#6808 = DIRECTION ( 'NONE',  ( 0.0000000000000000000, -0.0000000000000000000, -1.000000000000000000 ) ) ;
#6809 = CARTESIAN_POINT ( 'NONE',  ( -18.32513075474183495, -9.378035017644355875, 2.136938091525228511 ) ) ;
#6810 = DIRECTION ( 'NONE',  ( 1.000000000000000000, 0.0000000000000000000, 0.0000000000000000000 ) ) ;
#6811 = VERTEX_POINT ( 'NONE', #6931 ) ;
#6812 = AXIS2_PLACEMENT_3D ( 'NONE', #8114, #6017, #6808 ) ;
#6813 = CARTESIAN_POINT ( 'NONE',  ( -4.628649940950409380, 1.893639634511999459, 34.72392984595104082 ) ) ;
#6814 = CARTESIAN_POINT ( 'NONE',  ( 0.02782555748663938580, 16.68409726156776074, -15.56482060915960020 ) ) ;
#6815 = CARTESIAN_POINT ( 'NONE',  ( -14.29893399653414221, 8.645776897151964846, -11.79446976041211848 ) ) ;
#6816 = CARTESIAN_POINT ( 'NONE',  ( -5.048738410138605914, 15.20310732607096327, -24.07265801177839748 ) ) ;
#6817 = CARTESIAN_POINT ( 'NONE',  ( -14.22809932205818839, 8.011016391046579699, 13.34886065464183602 ) ) ;
#6818 = CARTESIAN_POINT ( 'NONE',  ( -5.843495387303623723, -12.89428239610469262, -27.17107331838891682 ) ) ;
#6819 = CARTESIAN_POINT ( 'NONE',  ( -5.038191036412293933, 15.73472358543498473, 6.984417728459539454 ) ) ;
#6820 = CARTESIAN_POINT ( 'NONE',  ( -19.22382173651332948, -5.568082157899837625, 7.532908078303329091 ) ) ;
#6821 = CARTESIAN_POINT ( 'NONE',  ( -14.31259085614550131, -8.736739588436613246, -11.52419565384976075 ) ) ;
#6822 = ORIENTED_EDGE ( 'NONE', *, *, #4389, .T. ) ;
#6823 = CARTESIAN_POINT ( 'NONE',  ( -16.14539076283103469, -7.556283297915975972, -10.09143400384893496 ) ) ;
#6824 = CARTESIAN_POINT ( 'NONE',  ( -18.61708978435111561, 6.183632400218315617, 7.835681229610650611 ) ) ;
#6825 = CARTESIAN_POINT ( 'NONE',  ( -17.23950577201994960, 3.258510140299089031, -12.07126711744623471 ) ) ;
#6826 = CARTESIAN_POINT ( 'NONE',  ( -1.524319402890894848, 16.06323927741675206, 19.99999998935998846 ) ) ;
#6827 = DIRECTION ( 'NONE',  ( 0.0000000000000000000, 0.0000000000000000000, 1.000000000000000000 ) ) ;
#6828 = CARTESIAN_POINT ( 'NONE',  ( -12.89284451746451587, -5.775761744517534879, 18.36382536210527050 ) ) ;
#6829 = CARTESIAN_POINT ( 'NONE',  ( -4.628803974228877571, 13.75948862797326200, -25.51041047693997399 ) ) ;
#6830 = ORIENTED_EDGE ( 'NONE', *, *, #6505, .F. ) ;
#6831 = CARTESIAN_POINT ( 'NONE',  ( 3.000000000000000000, 2.733323094352584069E-15, 19.99999999999999645 ) ) ;
#6832 = CARTESIAN_POINT ( 'NONE',  ( -16.81446767502708894, 7.771361332111488274, 8.519570029023732616 ) ) ;
#6833 = CARTESIAN_POINT ( 'NONE',  ( -12.86166662845988640, -2.051120572008080511, -20.07014187441906827 ) ) ;
#6834 = VECTOR ( 'NONE', #1036, 1000.000000000000000 ) ;
#6835 = CARTESIAN_POINT ( 'NONE',  ( -17.58605036735138683, 8.808779196009847823, -5.336343634391707447 ) ) ;
#6836 = CARTESIAN_POINT ( 'NONE',  ( -20.00000000000000000, -0.6520802205267396401, -9.984745210496278389 ) ) ;
#6837 = FACE_OUTER_BOUND ( 'NONE', #3983, .T. ) ;
#6838 = CARTESIAN_POINT ( 'NONE',  ( -4.565126508661458082, -15.92394939653540575, -19.63696618179399778 ) ) ;
#6839 = CARTESIAN_POINT ( 'NONE',  ( -13.14212124339781695, -9.981373543606643750, -10.69582968826845359 ) ) ;
#6840 = EDGE_LOOP ( 'NONE', ( #898, #1712, #3782, #3309 ) ) ;
#6841 = PRODUCT_DEFINITION_FORMATION_WITH_SPECIFIED_SOURCE ( 'ANY', '', #6486, .NOT_KNOWN. ) ;
#6842 = CARTESIAN_POINT ( 'NONE',  ( -4.628609323645896723, -14.82152330911473825, -15.29072768573230512 ) ) ;
#6843 = CARTESIAN_POINT ( 'NONE',  ( -17.34453541209196814, -6.436501289991409358, -9.539668337094372674 ) ) ;
#6844 = CARTESIAN_POINT ( 'NONE',  ( -5.549231447728566913, 15.34847890288413730, 20.66974211735061218 ) ) ;
#6845 = CARTESIAN_POINT ( 'NONE',  ( -4.344114566772774744, 9.521780306926288517, -31.52456901046735993 ) ) ;
#6846 = CARTESIAN_POINT ( 'NONE',  ( -20.00000000000003197, -8.733960103616361437, 8.460206446068399444 ) ) ;
#6847 = CARTESIAN_POINT ( 'NONE',  ( 1.219727444046189924E-15, -16.67296703857309836, -20.24587760376265066 ) ) ;
#6848 = CARTESIAN_POINT ( 'NONE',  ( -9.581070987889130919, -12.71014952517279362, 6.021284172046335925 ) ) ;
#6849 = EDGE_CURVE ( 'NONE', #1983, #3915, #4833, .T. ) ;
#6850 = CARTESIAN_POINT ( 'NONE',  ( 3.000000000000000000, 19.99999999999999645, 38.49999999999999289 ) ) ;
#6851 = PRODUCT_RELATED_PRODUCT_CATEGORY ( 'part', '', ( #6486 ) ) ;
#6852 = CARTESIAN_POINT ( 'NONE',  ( 0.02782611020771692117, -1.706058979181259483, 36.62492462057253562 ) ) ;
#6853 = CARTESIAN_POINT ( 'NONE',  ( -15.85030254847631248, 10.47462011959455452, -1.613171303018348102 ) ) ;
#6854 = CARTESIAN_POINT ( 'NONE',  ( -5.512130246462507266, -15.40172985374724668, 20.27126907212793938 ) ) ;
#6855 = CARTESIAN_POINT ( 'NONE',  ( -16.76708131163981719, 7.267720635717997979, -9.415075428179143557 ) ) ;
#6856 = CARTESIAN_POINT ( 'NONE',  ( -5.000556604210384393, -2.035912715254355465, -35.62588418686003422 ) ) ;
#6857 = CARTESIAN_POINT ( 'NONE',  ( -17.31771112864196382, 6.008916469865883236, 10.07704838986025742 ) ) ;
#6858 = CARTESIAN_POINT ( 'NONE',  ( -5.865927004331592087, -0.9436706537618556601, -34.24177982301141299 ) ) ;
#6859 = CARTESIAN_POINT ( 'NONE',  ( -5.375832807916048672, 15.52045946564457601, 18.27903703557518256 ) ) ;
#6860 = CARTESIAN_POINT ( 'NONE',  ( -19.23885585100004647, -5.782733284952289665, 7.345275514087220792 ) ) ;
#6861 = VECTOR ( 'NONE', #5468, 1000.000000000000000 ) ;
#6862 = CARTESIAN_POINT ( 'NONE',  ( -16.76728261093593275, -7.240035635548204063, -9.457271511762192162 ) ) ;
#6863 = VERTEX_POINT ( 'NONE', #1298 ) ;
#6864 = CARTESIAN_POINT ( 'NONE',  ( -6.935138317318520151, 13.34090090798299322, 17.74124902162543549 ) ) ;
#6865 = CARTESIAN_POINT ( 'NONE',  ( -12.93725963439775128, 7.717606793245409769, -16.40392170287285367 ) ) ;
#6866 = CARTESIAN_POINT ( 'NONE',  ( -1.524319402890894848, 16.06323927741675206, 19.84803063043278826 ) ) ;
#6867 = CARTESIAN_POINT ( 'NONE',  ( -20.00000000000003197, 6.371455296183217598, -11.25512573128452409 ) ) ;
#6868 = CARTESIAN_POINT ( 'NONE',  ( -14.15909427856873037, -6.283233041278191600, 15.57873829112047304 ) ) ;
#6869 = CARTESIAN_POINT ( 'NONE',  ( -1.524212801109990689, 14.96193336043372213, -25.84612101052306699 ) ) ;
#6870 = DIRECTION ( 'NONE',  ( 0.0000000000000000000, 0.0000000000000000000, -1.000000000000000000 ) ) ;
#6871 = MECHANICAL_DESIGN_GEOMETRIC_PRESENTATION_REPRESENTATION (  '', ( #5542 ), #5012 ) ;
#6872 = CARTESIAN_POINT ( 'NONE',  ( -4.527577174757202449, -14.85328957420394502, 20.52966379921227613 ) ) ;
#6873 = EDGE_CURVE ( 'NONE', #7296, #2252, #3057, .T. ) ;
#6874 = CARTESIAN_POINT ( 'NONE',  ( -9.471871612783992589, 12.19869551743344438, 11.85279329346433386 ) ) ;
#6875 = CARTESIAN_POINT ( 'NONE',  ( -4.142617330357505345, -4.792677378260937537, -34.50171464751574035 ) ) ;
#6876 = CARTESIAN_POINT ( 'NONE',  ( -19.00000000000000355, -5.913675711301093152, -7.556202739479848773 ) ) ;
#6877 = CARTESIAN_POINT ( 'NONE',  ( -14.45690716084859062, 9.982809734985579553, -7.541428581609134874 ) ) ;
#6878 = CARTESIAN_POINT ( 'NONE',  ( -4.849999999999997868, 15.83029285988830992, 14.57518039206526872 ) ) ;
#6879 = CARTESIAN_POINT ( 'NONE',  ( -5.011049831670347565, 15.74558006733076354, -19.47230657033854939 ) ) ;
#6880 = CARTESIAN_POINT ( 'NONE',  ( -5.008314395704227984, -15.74667424171092733, -17.29769910926957621 ) ) ;
#6881 = CARTESIAN_POINT ( 'NONE',  ( -18.06969237478235968, -7.297358279512191181, -7.323011959722494524 ) ) ;
#6882 = ORIENTED_EDGE ( 'NONE', *, *, #1355, .F. ) ;
#6883 = B_SPLINE_CURVE_WITH_KNOTS ( 'NONE', 3,
 ( #5393, #4281, #6096, #7936, #1544, #4844, #7980, #4115, #2212, #7349, #1585, #4157, #330, #5514, #2887, #3581, #2255, #7393, #3662, #6386, #4461, #1117, #8148, #7511, #580, #3186, #2468, #4323, #5719, #3144, #5760, #6221, #1883, #8, #1924, #5631, #7014, #8274, #2382, #453, #6886, #6299, #5057, #7597, #1757, #5102, #1839, #1251, #7052, #3098, #3829, #2426, #3009, #3701 ),
 .UNSPECIFIED., .F., .F.,
 ( 4, 2, 2, 2, 2, 2, 2, 2, 2, 2, 2, 2, 2, 2, 2, 2, 2, 2, 2, 2, 2, 2, 2, 2, 2, 2, 4 ),
 ( 1.951563910473907981E-18, 0.002445740278528638588, 0.003668610417792956581, 0.004891480557057274574, 0.006114350696321592567, 0.007337220835585911427, 0.008560090974850231155, 0.009782961114114547413, 0.01100583125337886541, 0.01222870139264318340, 0.01467444167117182112, 0.01589731181043614258, 0.01712018194970046231, 0.01956592222822909136, 0.02078879236749340761, 0.02201166250675772734, 0.02445740278528635986, 0.02568027292455067612, 0.02690314306381499584, 0.02934888334234362836, 0.03057175348160795156, 0.03179462362087226435, 0.03424036389940090380, 0.03546323403866522700, 0.03668610417792954326, 0.03790897431719386645, 0.03913184445645818271 ),
 .UNSPECIFIED. ) ;
#6884 = CARTESIAN_POINT ( 'NONE',  ( -3.076464363268367475, -15.44238129326574693, -16.18023898765936153 ) ) ;
#6885 = CARTESIAN_POINT ( 'NONE',  ( -6.850994722612782084, -13.15686660910050954, -19.88240521810543626 ) ) ;
#6886 = CARTESIAN_POINT ( 'NONE',  ( -20.00000000000002487, 8.510657996454773055, -8.781066666942516363 ) ) ;
#6887 = CARTESIAN_POINT ( 'NONE',  ( -4.310824242373808346, 2.191860896747353848, -34.79029082322547595 ) ) ;
#6888 = CARTESIAN_POINT ( 'NONE',  ( -20.00000000000367706, -2.761228564076697811, 9.675436578951233102 ) ) ;
#6889 = CARTESIAN_POINT ( 'NONE',  ( 3.000000000000000000, -19.99999999999999645, -38.50000000000000711 ) ) ;
#6890 = CARTESIAN_POINT ( 'NONE',  ( -17.09849205215223833, -9.991705220673875232, 1.491445226959402959 ) ) ;
#6891 = CARTESIAN_POINT ( 'NONE',  ( -19.00000000000000711, -9.230194166383801857, 1.445427272890341452 ) ) ;
#6892 = DIRECTION ( 'NONE',  ( 1.000000000000000000, 0.0000000000000000000, 0.0000000000000000000 ) ) ;
#6893 = ORIENTED_EDGE ( 'NONE', *, *, #4289, .F. ) ;
#6894 = CARTESIAN_POINT ( 'NONE',  ( -4.628691245463431692, 5.954849556428715829, 33.59957343076563774 ) ) ;
#6895 = CARTESIAN_POINT ( 'NONE',  ( -16.48165082776334600, 10.28873819420949154, -0.6550040045882172812 ) ) ;
#6896 = CARTESIAN_POINT ( 'NONE',  ( -5.000556604204421163, 2.035912714876110474, 35.62588418691306202 ) ) ;
#6897 = CARTESIAN_POINT ( 'NONE',  ( -16.76389664602325169, 7.231461990174216758, -9.476423111018863921 ) ) ;
#6898 = CARTESIAN_POINT ( 'NONE',  ( -3.534381588616197334, -9.514037337630682600, -33.28961325824421635 ) ) ;
#6899 = CARTESIAN_POINT ( 'NONE',  ( -4.383906437773267051, 14.95684285876440178, 21.76347585793639539 ) ) ;
#6900 = CARTESIAN_POINT ( 'NONE',  ( -5.867341540269116251, -2.378128945282390827, -34.08139855167158316 ) ) ;
#6901 = PLANE ( 'NONE',  #935 ) ;
#6902 = ORIENTED_EDGE ( 'NONE', *, *, #1250, .T. ) ;
#6903 = CARTESIAN_POINT ( 'NONE',  ( -18.61910086076087723, -6.170611098574000586, 7.845427263406170582 ) ) ;
#6904 = CARTESIAN_POINT ( 'NONE',  ( -11.85515054860914930, -10.23528763568166866, -13.70292549380337377 ) ) ;
#6905 = ORIENTED_EDGE ( 'NONE', *, *, #1404, .F. ) ;
#6906 = CARTESIAN_POINT ( 'NONE',  ( -16.15035085120503311, 7.607276359432185053, 9.992317335672476375 ) ) ;
#6907 = CARTESIAN_POINT ( 'NONE',  ( -4.307346617437393554, 14.35369693225777254, -24.45546188824751965 ) ) ;
#6908 = CARTESIAN_POINT ( 'NONE',  ( -18.13784498782128196, -1.147290784444613188, 13.11977566786061722 ) ) ;
#6909 = CARTESIAN_POINT ( 'NONE',  ( -19.99999999999858602, 1.974980636566987302, -9.842183585135600765 ) ) ;
#6910 = CARTESIAN_POINT ( 'NONE',  ( -9.216370528724995737, -10.08871033304096620, 21.01923748840095385 ) ) ;
#6911 = CARTESIAN_POINT ( 'NONE',  ( 0.02782474016626911711, 16.68087744351394264, -20.34634257465569362 ) ) ;
#6912 = CARTESIAN_POINT ( 'NONE',  ( 3.000000000000000000, -20.00000000000000355, 38.49999999999999289 ) ) ;
#6913 = CARTESIAN_POINT ( 'NONE',  ( -4.470168566704270319, 14.53873985036651817, 23.25402143824243950 ) ) ;
#6914 = CARTESIAN_POINT ( 'NONE',  ( -14.43864159084742482, 9.848552687413979712, 8.039274395545737306 ) ) ;
#6915 = CARTESIAN_POINT ( 'NONE',  ( -17.84691323230190463, 1.447439493089446749, -11.58602257508645295 ) ) ;
#6916 = CARTESIAN_POINT ( 'NONE',  ( -4.999999999999982236, 6.105812355250487045, 34.95264392807915499 ) ) ;
#6917 = CARTESIAN_POINT ( 'NONE',  ( -18.13784498782128196, -1.147290784444613188, 13.11977566786061722 ) ) ;
#6918 = CARTESIAN_POINT ( 'NONE',  ( -13.34409666026748020, 11.35162047584045375, -2.913401787107630092 ) ) ;
#6919 = CARTESIAN_POINT ( 'NONE',  ( -17.22253145613877834, 0.1642664051186472352, 12.78742298622950813 ) ) ;
#6920 = CARTESIAN_POINT ( 'NONE',  ( -20.00000000000000000, 6.712578825596708043, -7.442380029370460726 ) ) ;
#6921 = CARTESIAN_POINT ( 'NONE',  ( -1.524319402890893738, -16.06323927741673430, -19.99999998935994228 ) ) ;
#6922 = CARTESIAN_POINT ( 'NONE',  ( -5.000730809693156864, -15.74970767619953271, -9.564097620787665122 ) ) ;
#6923 = CARTESIAN_POINT ( 'NONE',  ( -14.40647988201206786, -9.574366702707793664, -8.953076331722085612 ) ) ;
#6924 = CARTESIAN_POINT ( 'NONE',  ( -5.049999999999999822, -15.72999999999998977, -19.99999998981159166 ) ) ;
#6925 = CARTESIAN_POINT ( 'NONE',  ( -14.17366874034702384, -6.953881703380424995, -14.90882818467989779 ) ) ;
#6926 = CARTESIAN_POINT ( 'NONE',  ( -5.000000000000000888, -15.75000000000000000, -4.407281562878504033 ) ) ;
#6927 = CARTESIAN_POINT ( 'NONE',  ( -4.367015378663894332, 11.35297824381866327, -29.69557812177126266 ) ) ;
#6928 = CARTESIAN_POINT ( 'NONE',  ( -38.00000000000000000, 0.0000000000000000000, 22.24999999999999645 ) ) ;
#6929 = DIRECTION ( 'NONE',  ( 0.0000000000000000000, 0.0000000000000000000, -1.000000000000000000 ) ) ;
#6930 = CARTESIAN_POINT ( 'NONE',  ( -9.559412582375806267, -12.61355793210027443, 7.297815323119587916 ) ) ;
#6931 = CARTESIAN_POINT ( 'NONE',  ( 0.0000000000000000000, -22.00000000000000711, -38.50000000000000711 ) ) ;
#6932 = CARTESIAN_POINT ( 'NONE',  ( 3.000000000000000000, -21.24999999999997868, -45.25000000000000711 ) ) ;
#6933 = CARTESIAN_POINT ( 'NONE',  ( -3.076510641954770087, -7.440307030043782355, 33.53130226132014258 ) ) ;
#6934 = CARTESIAN_POINT ( 'NONE',  ( -18.97406547493029549, 9.335202381029322538, -0.5499561672160722114 ) ) ;
#6935 = CARTESIAN_POINT ( 'NONE',  ( -5.863053052623910411, -11.82315862529371309, 28.63082291722183115 ) ) ;
#6936 = CARTESIAN_POINT ( 'NONE',  ( -9.399902760161163329, 11.78685474747780937, -15.65322910491460640 ) ) ;
#6937 = CARTESIAN_POINT ( 'NONE',  ( -3.787647795247580440, -13.81033290235449229, -28.55044158902014928 ) ) ;
#6938 = CARTESIAN_POINT ( 'NONE',  ( -6.766405028061287297, 12.38567301151883626, 22.61636338148977998 ) ) ;
#6939 = CARTESIAN_POINT ( 'NONE',  ( -18.31924167929049574, 7.609441831570426196, 8.777103881097758631 ) ) ;
#6940 = CARTESIAN_POINT ( 'NONE',  ( -5.000000000000000000, -15.75000000000000355, -4.407281562881768089 ) ) ;
#6941 = EDGE_LOOP ( 'NONE', ( #5766, #101, #1167, #8247 ) ) ;
#6942 = CARTESIAN_POINT ( 'NONE',  ( -11.85614768578886391, -10.24383661608113627, 13.66136238701611738 ) ) ;
#6943 = CARTESIAN_POINT ( 'NONE',  ( -16.15169060702952919, -7.594317053444753718, -10.01258022332999253 ) ) ;
#6944 = ORIENTED_EDGE ( 'NONE', *, *, #459, .F. ) ;
#6945 = VERTEX_POINT ( 'NONE', #6976 ) ;
#6946 = CARTESIAN_POINT ( 'NONE',  ( -17.37879088087288082, 6.853687015956521300, 8.965638236193985477 ) ) ;
#6947 = CARTESIAN_POINT ( 'NONE',  ( -11.70941369095620921, 8.849990690287855344, -17.44824954510759341 ) ) ;
#6948 = CARTESIAN_POINT ( 'NONE',  ( -18.13979383004329193, -1.718545243308423176, 13.03949165136707400 ) ) ;
#6949 = CARTESIAN_POINT ( 'NONE',  ( -19.99999999999713296, 1.207502044173100586, -9.944454035458218044 ) ) ;
#6950 = CARTESIAN_POINT ( 'NONE',  ( -5.000000000000008882, -4.879235440784778888, 35.00482845895717787 ) ) ;
#6951 = CARTESIAN_POINT ( 'NONE',  ( -17.26389152977380448, -4.465899320166401232, 11.39336533689487041 ) ) ;
#6952 = CARTESIAN_POINT ( 'NONE',  ( -3.076465278820824434, 15.44123117170694215, -20.21838860574284524 ) ) ;
#6953 = DIRECTION ( 'NONE',  ( -0.0000000000000000000, -0.0000000000000000000, 1.000000000000000000 ) ) ;
#6954 = VERTEX_POINT ( 'NONE', #2387 ) ;
#6955 = EDGE_CURVE ( 'NONE', #3427, #2161, #7517, .T. ) ;
#6956 = CARTESIAN_POINT ( 'NONE',  ( -4.369094812085571711, -11.50346917829065418, 29.53187588161685184 ) ) ;
#6957 = CARTESIAN_POINT ( 'NONE',  ( -16.16828939540901189, 7.801580149131827291, 9.610497228964291594 ) ) ;
#6958 = CARTESIAN_POINT ( 'NONE',  ( -12.85902907056302169, 0.9164651097220471998, -20.24737363388515021 ) ) ;
#6959 = CARTESIAN_POINT ( 'NONE',  ( -5.049999999999998934, -15.73000000000000398, 1.633242152632163879E-14 ) ) ;
#6960 = CARTESIAN_POINT ( 'NONE',  ( -20.00000000000002842, 3.976677903246653489, 12.80822018653884520 ) ) ;
#6961 = CARTESIAN_POINT ( 'NONE',  ( -9.598050892505536780, 12.78683213980998978, -4.748380091427621075 ) ) ;
#6962 = CARTESIAN_POINT ( 'NONE',  ( -15.97754030649027968, -1.070650852125714980, 14.86043815683797575 ) ) ;
#6963 = CARTESIAN_POINT ( 'NONE',  ( -4.850000000000001421, -2.779248481947947713, -35.83101590996574259 ) ) ;
#6964 = CARTESIAN_POINT ( 'NONE',  ( -4.551828447896416385, 15.92926862084144446, -19.81754027325716905 ) ) ;
#6965 = CARTESIAN_POINT ( 'NONE',  ( -5.375832807897784171, -15.52045946565903556, -18.27903703511354649 ) ) ;
#6966 = CARTESIAN_POINT ( 'NONE',  ( -13.17398962927586936, -10.22639993401356939, -9.683370886403801947 ) ) ;
#6967 = ORIENTED_EDGE ( 'NONE', *, *, #6411, .F. ) ;
#6968 = CARTESIAN_POINT ( 'NONE',  ( -5.050000000000002487, -6.096263341294877236, -34.93416988771195975 ) ) ;
#6969 = MECHANICAL_DESIGN_GEOMETRIC_PRESENTATION_REPRESENTATION (  '', ( #6209 ), #3894 ) ;
#6970 = CARTESIAN_POINT ( 'NONE',  ( -6.698450968766638702, -10.82370506337367466, -25.65783024210919194 ) ) ;
#6971 = CARTESIAN_POINT ( 'NONE',  ( -4.966436609072498953, -15.76342535637100717, 1.469191730939170437 ) ) ;
#6972 = CARTESIAN_POINT ( 'NONE',  ( -4.321729338506107077, 6.244658259314326720, -33.63960311836714823 ) ) ;
#6973 = CARTESIAN_POINT ( 'NONE',  ( -20.00000000000002842, -6.936812886200000250, 10.69196510637705977 ) ) ;
#6974 = CARTESIAN_POINT ( 'NONE',  ( -8.944667923005411581E-16, -16.22906444874825738, -23.84894070275333888 ) ) ;
#6975 = CARTESIAN_POINT ( 'NONE',  ( -15.85258649521868435, -10.47373633121702241, 1.612949731059872382 ) ) ;
#6976 = CARTESIAN_POINT ( 'NONE',  ( -4.525595326350805969, 15.93976186945974405, -19.99999998973649795 ) ) ;
#6977 = CARTESIAN_POINT ( 'NONE',  ( -3.076500973027789687, -15.38399458166947653, 22.23696561649103742 ) ) ;
#6978 = CARTESIAN_POINT ( 'NONE',  ( -14.30010687398660885, -8.653250206393691357, -11.77237003494148304 ) ) ;
#6979 = CARTESIAN_POINT ( 'NONE',  ( -17.10100014650805633, 10.02557779298636831, 1.090332965692266010 ) ) ;
#6980 = EDGE_CURVE ( 'NONE', #660, #6811, #13, .T. ) ;
#6981 = CARTESIAN_POINT ( 'NONE',  ( -5.002527336053862683, -5.050336808522917664, 34.92628993083012290 ) ) ;
#6982 = CARTESIAN_POINT ( 'NONE',  ( -16.14845144834749391, 7.586149505420690886, -10.03319455171583385 ) ) ;
#6983 = CARTESIAN_POINT ( 'NONE',  ( -5.868110291142785151, 3.212548341781898298, -33.92343947833633422 ) ) ;
#6984 = CARTESIAN_POINT ( 'NONE',  ( -9.211401884940736196, 10.14771978249367557, 21.08606121517500398 ) ) ;
#6985 = CARTESIAN_POINT ( 'NONE',  ( -20.00000000000003197, 0.7943097772279273938, -13.67787895335460213 ) ) ;
#6986 = CARTESIAN_POINT ( 'NONE',  ( -4.563871304661203609, 15.92445147813553419, 19.66712303209327928 ) ) ;
#6987 = ORIENTED_EDGE ( 'NONE', *, *, #6472, .F. ) ;
#6988 = CARTESIAN_POINT ( 'NONE',  ( -18.62017509425944084, -6.184305186462658810, 7.830672359377394365 ) ) ;
#6989 = CARTESIAN_POINT ( 'NONE',  ( -16.76569480005733226, -7.221875584744822163, -9.487891833500176730 ) ) ;
#6990 = ORIENTED_EDGE ( 'NONE', *, *, #6175, .F. ) ;
#6991 = CARTESIAN_POINT ( 'NONE',  ( -9.397133517724862273, 11.76924298909906241, 15.81122847654008901 ) ) ;
#6992 = CARTESIAN_POINT ( 'NONE',  ( -17.91465557504760753, 5.146655151571806641, -9.818005596289120618 ) ) ;
#6993 = LINE ( 'NONE', #5037, #2603 ) ;
#6994 = CARTESIAN_POINT ( 'NONE',  ( -20.00000000000640199, 0.9600777156459775474, -9.965921316316707745 ) ) ;
#6995 = CARTESIAN_POINT ( 'NONE',  ( -4.849999999999990763, -2.779248481946061222, 35.83101590996615471 ) ) ;
#6996 = CARTESIAN_POINT ( 'NONE',  ( -9.178888575687532025, -8.769403281101741499, 22.79442603732173467 ) ) ;
#6997 = CARTESIAN_POINT ( 'NONE',  ( -20.00000000000002842, -7.801077886887830104, -9.723457043338438410 ) ) ;
#6998 = ORIENTED_EDGE ( 'NONE', *, *, #3651, .F. ) ;
#6999 = CARTESIAN_POINT ( 'NONE',  ( 3.000000000000000000, 19.99999999999999645, 38.49999999999999289 ) ) ;
#7000 = CARTESIAN_POINT ( 'NONE',  ( -17.39965647002915006, 7.095085142657639565, 8.605575614240187576 ) ) ;
#7001 = CARTESIAN_POINT ( 'NONE',  ( -18.46638454555122522, 0.4419302207572772812, -10.63934087480666335 ) ) ;
#7002 = CARTESIAN_POINT ( 'NONE',  ( 0.0000000000000000000, 7.060713750807405376, 36.80004796480855589 ) ) ;
#7003 = EDGE_CURVE ( 'NONE', #6954, #1393, #3697, .T. ) ;
#7004 = CARTESIAN_POINT ( 'NONE',  ( -19.00000000000000355, 3.485871445131571544, -9.064301249692997331 ) ) ;
#7005 = CARTESIAN_POINT ( 'NONE',  ( -7.094355044036960933, 13.76974531034515792, -6.669398528467429088 ) ) ;
#7006 = CARTESIAN_POINT ( 'NONE',  ( -9.123072593729823154, -2.044257769652221945, 26.53823578764731650 ) ) ;
#7007 = CARTESIAN_POINT ( 'NONE',  ( -4.999999999999999112, -15.75000000000000000, 4.707529648106871356 ) ) ;
#7008 = AXIS2_PLACEMENT_3D ( 'NONE', #7461, #4956, #979 ) ;
#7009 = CARTESIAN_POINT ( 'NONE',  ( -5.417017026881773667, 15.48405476243019407, -19.67250172840604350 ) ) ;
#7010 = CARTESIAN_POINT ( 'NONE',  ( -5.419073952989701404, -15.48265785182880627, -19.68048788735539389 ) ) ;
#7011 = CARTESIAN_POINT ( 'NONE',  ( -14.33933212765998810, -8.996927305725044732, -10.76652248754149532 ) ) ;
#7012 = CARTESIAN_POINT ( 'NONE',  ( -5.049999999999999822, -15.72999999999998977, -22.11486045647533771 ) ) ;
#7013 = CARTESIAN_POINT ( 'NONE',  ( -17.24343087271791930, -3.553227280519373199, -11.93750370619544299 ) ) ;
#7014 = CARTESIAN_POINT ( 'NONE',  ( -20.00000000000003553, 10.31402156422705296, -5.575978142334103715 ) ) ;
#7015 = CARTESIAN_POINT ( 'NONE',  ( -4.402151293054397563, 13.17543602437476480, -27.01404965245312084 ) ) ;
#7016 = CARTESIAN_POINT ( 'NONE',  ( -4.999999999999997335, -15.75000000000000355, 4.407281562879739489 ) ) ;
#7017 = CARTESIAN_POINT ( 'NONE',  ( -8.131516293641281283E-16, -5.446215303638101801, -35.76605064829052338 ) ) ;
#7018 = CARTESIAN_POINT ( 'NONE',  ( -15.86083297330529973, -10.52619780909400582, 0.6805378027462524182 ) ) ;
#7019 = CARTESIAN_POINT ( 'NONE',  ( -19.00000000000000355, -7.169843569978780806, 6.258987476280311490 ) ) ;
#7020 = CARTESIAN_POINT ( 'NONE',  ( -1.524319402891595621, -16.06323927741646784, 19.99345117077897882 ) ) ;
#7021 = CARTESIAN_POINT ( 'NONE',  ( -4.452707332035222620, -14.91150729199478775, -20.22089361191036261 ) ) ;
#7022 = CARTESIAN_POINT ( 'NONE',  ( -4.638598101452345190, 14.81754168322857979, -2.656901844129471169 ) ) ;
#7023 = CARTESIAN_POINT ( 'NONE',  ( -3.462882005453611356, -6.775281513193694316, 34.90643987056023434 ) ) ;
#7024 = CARTESIAN_POINT ( 'NONE',  ( -17.38243934320763628, 6.896926858435375784, -8.902313825870791675 ) ) ;
#7025 = CARTESIAN_POINT ( 'NONE',  ( -5.873389594445811213, -7.504106191763656675, -32.27527200191548928 ) ) ;
#7026 = CARTESIAN_POINT ( 'NONE',  ( -14.12589023030074742, 4.232915035904779799, 17.06501403739797240 ) ) ;
#7027 = CARTESIAN_POINT ( 'NONE',  ( -19.99999999999575095, 0.4699512700276338162, -9.993760489877983488 ) ) ;
#7028 = DIRECTION ( 'NONE',  ( 1.000000000000000000, 0.0000000000000000000, 0.0000000000000000000 ) ) ;
#7029 = CARTESIAN_POINT ( 'NONE',  ( -14.30889512918476747, -8.699243876373200735, 11.63150711947443661 ) ) ;
#7030 = CARTESIAN_POINT ( 'NONE',  ( -11.85600414768509481, -10.24259856372275834, -13.66737401988399014 ) ) ;
#7031 = VERTEX_POINT ( 'NONE', #5311 ) ;
#7032 = CARTESIAN_POINT ( 'NONE',  ( -6.932901099000564393, 13.33373847060625828, 17.90570450874674435 ) ) ;
#7033 = CARTESIAN_POINT ( 'NONE',  ( -6.766265527552423720, 12.43472959077317874, -22.56359965296752890 ) ) ;
#7034 = FACE_BOUND ( 'NONE', #5781, .T. ) ;
#7035 = CARTESIAN_POINT ( 'NONE',  ( -3.444518373496344932, 5.750893308051465702, -35.33851161965507970 ) ) ;
#7036 = CARTESIAN_POINT ( 'NONE',  ( -19.99999999999992184, -9.803586301204772369, -2.410269670470999603 ) ) ;
#7037 = CARTESIAN_POINT ( 'NONE',  ( -16.65876993473748158, -5.389345290552514101, 11.75787365689702924 ) ) ;
#7038 = CARTESIAN_POINT ( 'NONE',  ( -5.415063198154287605, 15.48538022064591857, 19.66397487614012007 ) ) ;
#7039 = CARTESIAN_POINT ( 'NONE',  ( -4.322935421678899992, -6.400627597955505621, 33.51974767567887881 ) ) ;
#7040 = CARTESIAN_POINT ( 'NONE',  ( -14.34550085671193820, 9.073482634980226891, 10.54288349061785723 ) ) ;
#7041 = CARTESIAN_POINT ( 'NONE',  ( -14.10456131735083751, -0.2438482334227535797, -18.14570813922946613 ) ) ;
#7042 = CARTESIAN_POINT ( 'NONE',  ( 0.0000000000000000000, -2.255140518769849223E-14, 38.22612575590912343 ) ) ;
#7043 = CARTESIAN_POINT ( 'NONE',  ( 5.000000000000000000, 2.733323094352584069E-15, 19.99999999999999645 ) ) ;
#7044 = CARTESIAN_POINT ( 'NONE',  ( -18.46890532667734064, 0.1332107066924902994, 10.64554715042262956 ) ) ;
#7045 = CARTESIAN_POINT ( 'NONE',  ( 0.02782555747355142453, -16.68409726156251338, -21.88004546530105898 ) ) ;
#7046 = VERTEX_POINT ( 'NONE', #6594 ) ;
#7047 = CARTESIAN_POINT ( 'NONE',  ( -5.415063198154226320, -15.48538022064593100, -19.66397487614013428 ) ) ;
#7048 = CARTESIAN_POINT ( 'NONE',  ( -18.02348778131486995, -6.794741599661081821, -8.030669998119217112 ) ) ;
#7049 = EDGE_LOOP ( 'NONE', ( #7703, #4723, #4864, #6893 ) ) ;
#7050 = CARTESIAN_POINT ( 'NONE',  ( -1.524319402891592512, -16.06323927741645363, -19.84803063043278470 ) ) ;
#7051 = CARTESIAN_POINT ( 'NONE',  ( -15.99967149830339430, -4.169449383435268608, -13.78444085806234831 ) ) ;
#7052 = CARTESIAN_POINT ( 'NONE',  ( -20.00000000000002842, 3.956813143746864991, -12.81767086847447068 ) ) ;
#7053 = DIRECTION ( 'NONE',  ( 0.0000000000000000000, 0.0000000000000000000, -1.000000000000000000 ) ) ;
#7054 = CARTESIAN_POINT ( 'NONE',  ( -20.00000000000002487, -5.857987176984156719, 8.227298598382800421 ) ) ;
#7055 = CARTESIAN_POINT ( 'NONE',  ( -4.727258297426795153, -15.85909668102930503, 14.70846463339786148 ) ) ;
#7056 = CARTESIAN_POINT ( 'NONE',  ( -19.55819846091815251, -8.805294333694822839, -2.304077223322678503 ) ) ;
#7057 = DIRECTION ( 'NONE',  ( 1.000000000000000000, 0.0000000000000000000, 0.0000000000000000000 ) ) ;
#7058 = ADVANCED_FACE ( 'NONE', ( #2601 ), #355, .T. ) ;
#7059 = CARTESIAN_POINT ( 'NONE',  ( -3.076464260896192293, -6.662592206043405518, 33.95948175188354412 ) ) ;
#7060 = CARTESIAN_POINT ( 'NONE',  ( -13.07055356935889634, -9.404967852330692324, -12.90543334817230026 ) ) ;
#7061 = CARTESIAN_POINT ( 'NONE',  ( -12.09126427508092227, 11.80272577250651977, 3.707333246249864267 ) ) ;
#7062 = CARTESIAN_POINT ( 'NONE',  ( -3.876896245887040404, -14.59336958418931474, 27.11532651494195534 ) ) ;
#7063 = CARTESIAN_POINT ( 'NONE',  ( -4.494231401066416609, 14.88698613993302899, -17.18044435561610328 ) ) ;
#7064 = CARTESIAN_POINT ( 'NONE',  ( -4.110531693574371204, -15.61523237156206712, -24.08555631679619324 ) ) ;
#7065 = CARTESIAN_POINT ( 'NONE',  ( -6.654493866106143685, 7.490824155766939718, 28.67779762279050360 ) ) ;
#7066 = CARTESIAN_POINT ( 'NONE',  ( -18.13595275918934036, -0.4223784151556791988, -13.19850965584361546 ) ) ;
#7067 = LINE ( 'NONE', #1898, #4160 ) ;
#7068 = CARTESIAN_POINT ( 'NONE',  ( -9.403933908779155360, -11.80539124279312091, 15.48038283099000800 ) ) ;
#7069 = CARTESIAN_POINT ( 'NONE',  ( -19.23894245338195574, -5.783886434156670475, -7.344219270521951337 ) ) ;
#7070 = ORIENTED_EDGE ( 'NONE', *, *, #359, .F. ) ;
#7071 = CARTESIAN_POINT ( 'NONE',  ( -16.14827767373179412, 7.584192173763875999, 10.03695525149599987 ) ) ;
#7072 = CARTESIAN_POINT ( 'NONE',  ( -17.97861477144778419, 6.289413376881564766, -8.677019498504146000 ) ) ;
#7073 = CARTESIAN_POINT ( 'NONE',  ( -18.45590123908720415, -9.033444020891810311, 6.338780105193450254 ) ) ;
#7074 = CARTESIAN_POINT ( 'NONE',  ( -4.097257188184822319, -15.57813752045709244, -24.24284502644809436 ) ) ;
#7075 = CARTESIAN_POINT ( 'NONE',  ( -4.850000000000001421, 4.916294434657927148, 35.25554179684070988 ) ) ;
#7076 = CARTESIAN_POINT ( 'NONE',  ( -13.01536647991245310, -9.011014632333289143, 14.12501887227127639 ) ) ;
#7077 = CARTESIAN_POINT ( 'NONE',  ( -20.00000000000002487, 0.3824538574124872192, -13.70479665832465876 ) ) ;
#7078 = AXIS2_PLACEMENT_3D ( 'NONE', #6389, #3189, #5763 ) ;
#7079 = CARTESIAN_POINT ( 'NONE',  ( -18.61227811519768238, -6.121945697393424091, -7.901775103934543409 ) ) ;
#7080 = CARTESIAN_POINT ( 'NONE',  ( -14.32134186248990204, 8.844847833587099473, 11.21746810249479864 ) ) ;
#7081 = CARTESIAN_POINT ( 'NONE',  ( -15.35118705890701918, 0.7026201963077916002, -15.97722412655406465 ) ) ;
#7082 = CARTESIAN_POINT ( 'NONE',  ( 0.0000000000000000000, -17.75000000000000355, 16.54963531164968060 ) ) ;
#7083 = CARTESIAN_POINT ( 'NONE',  ( -18.20355728507579940, 5.673629106372148456, 11.02068368584405889 ) ) ;
#7084 = EDGE_CURVE ( 'NONE', #1393, #6954, #482, .T. ) ;
#7085 = CARTESIAN_POINT ( 'NONE',  ( -11.62274636456206345, -3.608282894986359235, 21.78079460937750156 ) ) ;
#7086 = CARTESIAN_POINT ( 'NONE',  ( -1.524312319095662227, -4.812679696807583341, -35.35348049723164365 ) ) ;
#7087 = CARTESIAN_POINT ( 'NONE',  ( -5.037630249134057436, -15.73494790034838076, -19.88056205844184277 ) ) ;
#7088 = CARTESIAN_POINT ( 'NONE',  ( -16.77691086278924359, -7.348378751611014614, -9.272616389134860526 ) ) ;
#7089 = ORIENTED_EDGE ( 'NONE', *, *, #1456, .T. ) ;
#7090 = CARTESIAN_POINT ( 'NONE',  ( -4.628609323645894946, -14.82152330911472937, -19.82515810243890186 ) ) ;
#7091 = CARTESIAN_POINT ( 'NONE',  ( -4.210112718364783291, -12.35081164956801025, -28.99006188897512359 ) ) ;
#7092 = CARTESIAN_POINT ( 'NONE',  ( 3.000000000000000000, 19.99999999999999645, 40.49999999999999289 ) ) ;
#7093 = CARTESIAN_POINT ( 'NONE',  ( -5.417017026883346631, -15.48405476242943557, 19.67250172840309119 ) ) ;
#7094 = CARTESIAN_POINT ( 'NONE',  ( -4.961301762647401858, -15.76547929494103606, 6.983303093577523768 ) ) ;
#7095 = CARTESIAN_POINT ( 'NONE',  ( -15.85907214046333458, -10.51491663041376867, -0.2494721514950906660 ) ) ;
#7096 = CARTESIAN_POINT ( 'NONE',  ( -19.00000000000001066, 5.677588608089727984, 7.758560011429973535 ) ) ;
#7097 = CARTESIAN_POINT ( 'NONE',  ( -4.628972454954896953, -12.19862050368486805, 28.58841028955378150 ) ) ;
#7098 = CARTESIAN_POINT ( 'NONE',  ( -17.99112047970202966, -6.444263614462596657, -8.487046007678918258 ) ) ;
#7099 = CARTESIAN_POINT ( 'NONE',  ( -5.871693789740922043, 6.265196931918832313, 32.90926816864890725 ) ) ;
#7100 = CARTESIAN_POINT ( 'NONE',  ( -11.89475604027180644, 10.57671102819856657, -12.03453060238974359 ) ) ;
#7101 = CARTESIAN_POINT ( 'NONE',  ( -5.501262963491115876, -15.41454488150082192, -20.16237406993928261 ) ) ;
#7102 = ADVANCED_FACE ( 'NONE', ( #6333 ), #4959, .T. ) ;
#7103 = CARTESIAN_POINT ( 'NONE',  ( -14.12116192023481709, 3.783127998732723984, 17.30619339308141846 ) ) ;
#7104 = CIRCLE ( 'NONE', #6039, 2.000000000000001776 ) ;
#7105 = CARTESIAN_POINT ( 'NONE',  ( -20.00000000000003908, 0.7158505188654129547, -9.979793416838759867 ) ) ;
#7106 = CARTESIAN_POINT ( 'NONE',  ( -3.461564083976054640, 6.709215884815005637, 34.93689664348514867 ) ) ;
#7107 = CARTESIAN_POINT ( 'NONE',  ( -14.31663007345933991, -8.777450273499411537, 11.40739194695176018 ) ) ;
#7108 = EDGE_CURVE ( 'NONE', #5647, #4795, #1871, .T. ) ;
#7109 = CARTESIAN_POINT ( 'NONE',  ( -11.85451167601349454, -10.22979846237113399, -13.72960082162494189 ) ) ;
#7110 = ORIENTED_EDGE ( 'NONE', *, *, #719, .F. ) ;
#7111 = CARTESIAN_POINT ( 'NONE',  ( -18.13784498782128196, -1.147290784444613188, 13.11977566786061722 ) ) ;
#7112 = CARTESIAN_POINT ( 'NONE',  ( -16.74455595544759845, 7.030579205577211610, -9.811341629127722896 ) ) ;
#7113 = CARTESIAN_POINT ( 'NONE',  ( -5.045868658985582123, 15.73165253640578420, -20.08948174301881195 ) ) ;
#7114 = CARTESIAN_POINT ( 'NONE',  ( -3.579095496537553434, 10.74667393282663497, -32.32596352826465136 ) ) ;
#7115 = CARTESIAN_POINT ( 'NONE',  ( -4.850000000000010303, -1.104831829322472370E-13, 36.12528636491930456 ) ) ;
#7116 = CARTESIAN_POINT ( 'NONE',  ( -14.24795374516546076, -8.202261322784575981, 12.89588634638316833 ) ) ;
#7117 = CARTESIAN_POINT ( 'NONE',  ( -20.00000000000002842, -0.8567717841431609083, -13.67211994247739604 ) ) ;
#7118 = CARTESIAN_POINT ( 'NONE',  ( -15.53244519663174472, -7.937109044951557557, -10.61221144882630618 ) ) ;
#7119 = CARTESIAN_POINT ( 'NONE',  ( -16.79632114102546581, 7.586971816980794259, 8.859085056486208032 ) ) ;
#7120 = CARTESIAN_POINT ( 'NONE',  ( -6.638321149312817582, 5.119203290134238138, -29.98798587457886455 ) ) ;
#7121 = CARTESIAN_POINT ( 'NONE',  ( 0.02782555748663789394, 16.68409726156776429, 19.25646639650089398 ) ) ;
#7122 = CARTESIAN_POINT ( 'NONE',  ( -20.00000000000029843, 5.992705778719722431, 8.126503948552075585 ) ) ;
#7123 = CARTESIAN_POINT ( 'NONE',  ( -4.142914087043721771, -4.863205952539274790, 34.47827897297551658 ) ) ;
#7124 = CARTESIAN_POINT ( 'NONE',  ( -4.628883056587206113, -10.79002337113222332, -30.19749046369059187 ) ) ;
#7125 = CARTESIAN_POINT ( 'NONE',  ( -5.869569226700466658, -11.13614319694846699, 29.41079263639622710 ) ) ;
#7126 = CARTESIAN_POINT ( 'NONE',  ( -13.09257887173355783, -9.552688072857730361, -12.34233694664573910 ) ) ;
#7127 = CIRCLE ( 'NONE', #3496, 2.000000000000001776 ) ;
#7128 = ORIENTED_EDGE ( 'NONE', *, *, #2946, .F. ) ;
#7129 = AXIS2_PLACEMENT_3D ( 'NONE', #7221, #52, #7768 ) ;
#7130 = EDGE_CURVE ( 'NONE', #4121, #6801, #391, .T. ) ;
#7131 = CARTESIAN_POINT ( 'NONE',  ( -4.999999999999990230, 15.75000000000000000, 2.688821387764050996E-14 ) ) ;
#7132 = CARTESIAN_POINT ( 'NONE',  ( -14.13428269123493131, -5.108680486534012744, -16.54977286735520892 ) ) ;
#7133 = LINE ( 'NONE', #3356, #563 ) ;
#7134 = CARTESIAN_POINT ( 'NONE',  ( -4.999747903959553597, -15.75010083852254894, 6.983900148916825756 ) ) ;
#7135 = CARTESIAN_POINT ( 'NONE',  ( 3.000000000000000000, -21.24999999999997868, -45.25000000000000711 ) ) ;
#7136 = CARTESIAN_POINT ( 'NONE',  ( -18.97287830342491333, -9.306252339326039902, -0.9529109648416973499 ) ) ;
#7137 = CARTESIAN_POINT ( 'NONE',  ( -5.050000000000006928, 15.73000000000000398, -10.17566444466041098 ) ) ;
#7138 = ORIENTED_EDGE ( 'NONE', *, *, #3343, .F. ) ;
#7139 = CIRCLE ( 'NONE', #8082, 17.75000000000000355 ) ;
#7140 = CARTESIAN_POINT ( 'NONE',  ( -3.076464363268369695, -15.44238129326576114, 19.04048672887128646 ) ) ;
#7141 = CARTESIAN_POINT ( 'NONE',  ( -13.06748375728305689, -9.388956293121662355, -12.96553348966147823 ) ) ;
#7142 = CARTESIAN_POINT ( 'NONE',  ( -5.797840164704249233, 14.11343132598754480, 24.97436428113831397 ) ) ;
#7143 = CARTESIAN_POINT ( 'NONE',  ( -16.81487782910224027, 7.792471751000401348, -8.504959432192707780 ) ) ;
#7144 = CARTESIAN_POINT ( 'NONE',  ( -5.042102767701422295, -15.73315889291902714, -19.95899478039428132 ) ) ;
#7145 = CARTESIAN_POINT ( 'NONE',  ( -17.23785290387430891, 2.913257187311817820, 12.21483635243687083 ) ) ;
#7146 = CARTESIAN_POINT ( 'NONE',  ( -20.00000000000002487, -9.436776853241571672, -7.368331199271533904 ) ) ;
#7147 = CARTESIAN_POINT ( 'NONE',  ( -4.628609323645894946, -14.82152330911474714, -1.473925204886471052 ) ) ;
#7148 = CARTESIAN_POINT ( 'NONE',  ( -6.944782745280394742, -13.36938636401652580, 17.07970226551952209 ) ) ;
#7149 = CARTESIAN_POINT ( 'NONE',  ( -17.38169387146436051, -6.855312004180982299, -8.958710038611132020 ) ) ;
#7150 = B_SPLINE_SURFACE_WITH_KNOTS ( 'NONE', 3, 3, ( 
 ( #256, #7901, #7318, #3457 ),
 ( #2220, #6526, #6022, #7864 ),
 ( #2811, #4082, #1553, #3966 ),
 ( #2853, #4808, #5282, #4123 ),
 ( #5362, #6681, #918, #7826 ),
 ( #6064, #4647, #7944, #218 ),
 ( #3505, #1394, #5443, #7988 ),
 ( #760, #3333, #5903, #4042 ),
 ( #1473, #142, #2064, #4686 ),
 ( #1433, #2774, #4003, #801 ),
 ( #6564, #5322, #7234, #3375 ),
 ( #5983, #6607, #841, #3416 ),
 ( #2144, #1513, #879, #5401 ),
 ( #4166, #7481, #6228, #4896 ),
 ( #6894, #2307, #999, #4854 ),
 ( #7441, #5600, #6146, #7401 ),
 ( #2264, #3590, #2348, #380 ),
 ( #4330, #8196, #1682, #6266 ),
 ( #8155, #3018, #1079, #2895 ),
 ( #6813, #338, #2388, #4937 ),
 ( #1722, #6771, #3669, #1592 ),
 ( #6723, #461, #5522, #8118 ),
 ( #4290, #4978, #959, #7519 ),
 ( #5638, #1766, #1038, #6852 ),
 ( #1125, #5561, #3709, #500 ),
 ( #3059, #3548, #2434, #5483 ),
 ( #2977, #7356, #6104, #2936 ),
 ( #8032, #8078, #4247, #1637 ),
 ( #3629, #4207, #6187, #421 ),
 ( #4421, #7059, #5853, #1213 ),
 ( #4374, #6933, #7649, #6392 ),
 ( #6433, #3837, #2604, #91 ),
 ( #5191, #630, #3106, #2559 ),
 ( #7561, #1299, #5152, #5023 ),
 ( #7097, #3236, #1344, #5811 ),
 ( #1806, #1168, #7733, #5767 ),
 ( #3748, #4514, #3874, #5109 ),
 ( #5065, #1846, #55, #671 ),
 ( #543, #6977, #4469, #6306 ),
 ( #15, #4555, #7692, #3794 ),
 ( #5682, #6349, #3193, #8239 ),
 ( #1931, #1972, #3916, #6474 ),
 ( #711, #3278, #2475, #7606 ),
 ( #590, #3152, #5725, #8280 ),
 ( #2519, #1889, #7020, #1259 ),
 ( #7224, #1462, #4113, #5391 ),
 ( #6634, #3992, #7264, #2725 ),
 ( #869, #2012, #4071, #5932 ),
 ( #4594, #7854, #4757, #6595 ),
 ( #3447, #3955, #1542, #7307 ),
 ( #6011, #4032, #245, #2801 ),
 ( #6671, #7140, #131, #1382 ),
 ( #7891, #2172, #831, #3407 ),
 ( #7934, #5974, #4636, #908 ),
 ( #2644, #3491, #6053, #5232 ),
 ( #7772, #4714, #6515, #750 ),
 ( #1503, #209, #3322, #5892 ),
 ( #2685, #790, #2054, #7183 ),
 ( #2765, #5270, #5351, #7815 ),
 ( #1423, #2132, #6554, #3364 ),
 ( #170, #5312, #2092, #4675 ),
 ( #3539, #4842, #3619, #7390 ),
 ( #5592, #1114, #369, #7509 ),
 ( #1713, #4238, #6135, #7431 ),
 ( #451, #4321, #2341, #1626 ),
 ( #7471, #6802, #6219, #4929 ),
 ( #3699, #5432, #4279, #6760 ),
 ( #6842, #2970, #1071, #2842 ),
 ( #3660, #6884, #3007, #8067 ),
 ( #8146, #2380, #1029, #6177 ),
 ( #6094, #8109, #4797, #413 ),
 ( #1672, #1755, #4967, #2925 ),
 ( #287, #4198, #989, #5554 ),
 ( #7977, #2210, #7347, #4155 ),
 ( #1582, #6711, #950, #5473 ),
 ( #327, #4885, #2885, #8022 ),
 ( #2253, #3578, #5512, #2297 ),
 ( #5629, #3740, #2424, #1797 ),
 ( #5801, #5100, #1921, #5 ),
 ( #8231, #5717, #7552, #4502 ),
 ( #47, #3826, #5672, #2551 ),
 ( #7090, #3050, #5141, #4412 ),
 ( #7684, #622, #7050, #491 ),
 ( #1291, #4545, #3866, #8272 ),
 ( #6425, #662, #4459, #6384 ),
 ( #1158, #5758, #5013, #1248 ),
 ( #7639, #7724, #3226, #6340 ),
 ( #7595, #2594, #578, #3142 ) ),
 .UNSPECIFIED., .F., .F., .F.,
 ( 4, 3, 3, 3, 3, 3, 3, 3, 3, 3, 3, 3, 3, 3, 3, 3, 3, 3, 3, 3, 3, 3, 3, 3, 3, 3, 3, 3, 3, 4 ),
 ( 4, 4 ),
 ( 0.4999999999999999445, 0.5312500000000000000, 0.5625000000000000000, 0.5781250000000000000, 0.5937500000000000000, 0.6093750000000000000, 0.6250000000000000000, 0.6406250000000000000, 0.6562500000000000000, 0.6718750000000000000, 0.6875000000000000000, 0.7187500000000000000, 0.7500000000000001110, 0.7812500000000002220, 0.7832031250000002220, 0.7841796875000002220, 0.7851562500000002220, 0.7890625000000002220, 0.7968750000000002220, 0.8125000000000002220, 0.8750000000000002220, 0.9375000000000002220, 0.9687500000000002220, 0.9843750000000002220, 0.9921875000000002220, 0.9960937500000002220, 0.9980468750000002220, 0.9990234375000002220, 0.9995117187500002220, 1.000000000000000222 ),
 ( -3.979236889986990442E-13, 0.9312869762264899265 ),
 .UNSPECIFIED. ) ;
#7151 = ORIENTED_EDGE ( 'NONE', *, *, #6403, .T. ) ;
#7152 = CARTESIAN_POINT ( 'NONE',  ( -4.598918656996795917, 14.83339957577438994, 10.87617063381735250 ) ) ;
#7153 = CARTESIAN_POINT ( 'NONE',  ( -4.360170776609565202, 14.77559095729352912, -22.62860347530708793 ) ) ;
#7154 = CARTESIAN_POINT ( 'NONE',  ( -4.485484304113063203, 15.95275421222729761, -20.33854294540325469 ) ) ;
#7155 = CARTESIAN_POINT ( 'NONE',  ( -3.659713190701940011, 12.21303276403499893, -30.78705828430891600 ) ) ;
#7156 = DIRECTION ( 'NONE',  ( 0.0000000000000000000, 0.0000000000000000000, -1.000000000000000000 ) ) ;
#7157 = CARTESIAN_POINT ( 'NONE',  ( -5.000000000000008882, -4.879235440784778888, 35.00482845895717787 ) ) ;
#7158 = CARTESIAN_POINT ( 'NONE',  ( -17.95166933505348794, -5.851852660368526138, 9.161409601939325853 ) ) ;
#7159 = CARTESIAN_POINT ( 'NONE',  ( -20.00000000000002487, -11.47167663901070433, 0.4304412401377562536 ) ) ;
#7160 = EDGE_LOOP ( 'NONE', ( #5824, #2358, #6746, #2633 ) ) ;
#7161 = ADVANCED_FACE ( 'NONE', ( #8177 ), #8033, .F. ) ;
#7162 = CARTESIAN_POINT ( 'NONE',  ( -9.394492336344731243, -11.75934170956888991, -15.90638784363633462 ) ) ;
#7163 = CARTESIAN_POINT ( 'NONE',  ( -13.08443314449876382, 9.494183537184566646, 12.56610441798101796 ) ) ;
#7164 = CARTESIAN_POINT ( 'NONE',  ( -15.97833403373375916, 1.898546216581974422, -14.70990771413293174 ) ) ;
#7165 = CARTESIAN_POINT ( 'NONE',  ( -4.628609323645896723, 14.82152330911475424, 18.59709179535837364 ) ) ;
#7166 = CARTESIAN_POINT ( 'NONE',  ( -18.23921633471720938, 6.502368191640477413, 10.20738849371557322 ) ) ;
#7167 = CARTESIAN_POINT ( 'NONE',  ( -14.12148767609329703, -3.816147755813572573, 17.29119958029968984 ) ) ;
#7168 = CARTESIAN_POINT ( 'NONE',  ( -1.524153604012455698, -11.80436823210481201, -30.93371131647217709 ) ) ;
#7169 = CARTESIAN_POINT ( 'NONE',  ( -5.784198468875003663, -14.24989866655605475, 24.60527943536018824 ) ) ;
#7170 = ORIENTED_EDGE ( 'NONE', *, *, #6670, .T. ) ;
#7171 = EDGE_LOOP ( 'NONE', ( #8010, #2170, #5962, #4363, #8065 ) ) ;
#7172 = CARTESIAN_POINT ( 'NONE',  ( -17.40674684407901651, -7.142920789814059646, -8.527285600719123337 ) ) ;
#7173 =( BOUNDED_SURFACE ( )  B_SPLINE_SURFACE ( 3, 2, ( 
 ( #366, #2167, #6798 ),
 ( #6172, #4110, #2293 ),
 ( #409, #5551, #3616 ),
 ( #1709, #1065, #4881 ),
 ( #7428, #2336, #1026 ),
 ( #4924, #7468, #7929 ),
 ( #3656, #4752, #8018 ),
 ( #2881, #7303, #1538 ),
 ( #284, #2839, #5429 ),
 ( #6708, #7973, #946 ),
 ( #6091, #324, #5096 ),
 ( #7591, #6879, #1877 ),
 ( #6379, #3862, #8228 ),
 ( #7549, #448, #6254 ),
 ( #3003, #2506, #573 ),
 ( #1286, #2547, #7009 ),
 ( #1153, #617, #3138 ),
 ( #5589, #8142, #3180 ),
 ( #488, #5006, #1109 ),
 ( #3045, #5625, #1243 ),
 ( #7635, #4317, #2418 ),
 ( #4453, #1793, #8181 ),
 ( #6964, #5753, #3823 ),
 ( #4408, #2375, #1199 ) ),
 .UNSPECIFIED., .F., .F., .F. ) 
 B_SPLINE_SURFACE_WITH_KNOTS ( ( 4, 2, 2, 2, 2, 2, 2, 2, 2, 2, 2, 4 ),
 ( 3, 3 ),
 ( -8.575211445946949191E-05, 0.007643560639028489610, 0.01150821701577246954, 0.01344054520414445994, 0.01440670929833045427, 0.01488979134542345144, 0.01513133236896994915, 0.01514642868294160602, 0.01516152499691326115, 0.01519171762485657315, 0.01525210288074319888, 0.01537287339251644860 ),
 ( 0.0000000000000000000, 1.000000000000000000 ),
 .UNSPECIFIED. ) 
 GEOMETRIC_REPRESENTATION_ITEM ( )  RATIONAL_B_SPLINE_SURFACE ( (
 ( 1.000000000000000000, 1.000000000000000000, 1.000000000000000000),
 ( 1.000000000000000000, 1.000010640293820918, 1.000000000000000000),
 ( 1.000000000000000000, 0.9998819698204789441, 1.000000000000000000),
 ( 1.000000000000000000, 0.9987728769424002451, 1.000000000000000000),
 ( 1.000000000000000000, 0.9982544079682614813, 1.000000000000000000),
 ( 1.000000000000000000, 0.9972671256068441625, 1.000000000000000000),
 ( 1.000000000000000000, 0.9969039703760343984, 1.000000000000000000),
 ( 1.000000000000000000, 0.9963161219681443415, 1.000000000000000000),
 ( 1.000000000000000000, 0.9961130204808338329, 1.000000000000000000),
 ( 1.000000000000000000, 0.9957988750267563471, 1.000000000000000000),
 ( 1.000000000000000000, 0.9956925789391173343, 1.000000000000000000),
 ( 1.000000000000000000, 0.9955309270409067324, 1.000000000000000000),
 ( 1.000000000000000000, 0.9954766751663788327, 1.000000000000000000),
 ( 1.000000000000000000, 0.9954186564292629713, 1.000000000000000000),
 ( 1.000000000000000000, 0.9954304042184659584, 1.000000000000000000),
 ( 1.000000000000000000, 0.9953869714091473364, 1.000000000000000000),
 ( 1.000000000000000000, 0.9953601966793077516, 1.000000000000000000),
 ( 1.000000000000000000, 0.9952872320058159250, 1.000000000000000000),
 ( 1.000000000000000000, 0.9952383905680289855, 1.000000000000000000),
 ( 1.000000000000000000, 0.9950913412260848911, 1.000000000000000000),
 ( 1.000000000000000000, 0.9949926101527376554, 1.000000000000000000),
 ( 1.000000000000000000, 0.9946947990550327745, 1.000000000000000000),
 ( 1.000000000000000000, 0.9944941108170411992, 1.000000000000000000),
 ( 1.000000000000000000, 0.9942922516927478194, 1.000000000000000000) ) ) 
 REPRESENTATION_ITEM ( '' )  SURFACE ( )  );
#7174 = CARTESIAN_POINT ( 'NONE',  ( -5.049999999999999822, -15.73000000000001819, 16.77828324328960008 ) ) ;
#7175 = CARTESIAN_POINT ( 'NONE',  ( -4.156159212261034241, -7.720360246657623549, -33.15090691793378141 ) ) ;
#7176 = CARTESIAN_POINT ( 'NONE',  ( -20.00000000000000000, -5.684183303242883234, -8.252241503224052366 ) ) ;
#7177 = CARTESIAN_POINT ( 'NONE',  ( -4.434798202472003403, -14.01653936953856849, -25.09366821116094570 ) ) ;
#7178 = CARTESIAN_POINT ( 'NONE',  ( -5.438169550122055718, -15.46925583945607663, 19.76413587945643968 ) ) ;
#7179 = PLANE ( 'NONE',  #3583 ) ;
#7180 = CARTESIAN_POINT ( 'NONE',  ( -13.35468229543297802, -11.40328846269721730, -2.423989477189665287 ) ) ;
#7181 = CARTESIAN_POINT ( 'NONE',  ( -5.000000000000000000, 15.75000000000001776, 22.11634652988783500 ) ) ;
#7182 = B_SPLINE_CURVE_WITH_KNOTS ( 'NONE', 3,
 ( #7865, #2775, #5865, #7152, #3334, #7787, #4726, #6527, #762, #7278, #5363, #842 ),
 .UNSPECIFIED., .F., .F.,
 ( 4, 2, 2, 1, 1, 2, 4 ),
 ( 0.06189233998963201283, 0.06955131914221704403, 0.07338080871850957698, 0.07529555350665582958, 0.07625292590072896282, 0.07673161209776552250, 0.07721029829480209605 ),
 .UNSPECIFIED. ) ;
#7183 = CARTESIAN_POINT ( 'NONE',  ( 0.02782555748655045347, -16.68409726156771811, 14.59272927571212719 ) ) ;
#7184 = ORIENTED_EDGE ( 'NONE', *, *, #4389, .F. ) ;
#7185 = CARTESIAN_POINT ( 'NONE',  ( -14.27861671676078181, -8.498657248707843337, -12.19580636196464951 ) ) ;
#7186 = CARTESIAN_POINT ( 'NONE',  ( -5.868522611261155930, 3.644143562598095798, 33.84422315281211269 ) ) ;
#7187 = CARTESIAN_POINT ( 'NONE',  ( -14.31463134437825957, 8.778668003954066990, -11.40906704608943123 ) ) ;
#7188 = CARTESIAN_POINT ( 'NONE',  ( -5.512143531050936573, -15.40171302306110412, -20.27140734369773867 ) ) ;
#7189 = CARTESIAN_POINT ( 'NONE',  ( -14.14326818301048228, 5.501382327920527615, 16.24150506783477965 ) ) ;
#7190 = CARTESIAN_POINT ( 'NONE',  ( -19.99999999999796430, -6.742343255562510684, -7.488439207766874439 ) ) ;
#7191 = CARTESIAN_POINT ( 'NONE',  ( -3.730802218334815290, -13.19366942680772503, 29.51285309818852909 ) ) ;
#7192 = EDGE_CURVE ( 'NONE', #7263, #4478, #5699, .T. ) ;
#7193 = CARTESIAN_POINT ( 'NONE',  ( -16.16338368147394533, -7.722591761661724341, 9.762537905705205077 ) ) ;
#7194 = CARTESIAN_POINT ( 'NONE',  ( -6.933576126385035288, -13.33396986665073136, -17.89261896608939040 ) ) ;
#7195 = DIRECTION ( 'NONE',  ( 0.0000000000000000000, 0.0000000000000000000, 1.000000000000000000 ) ) ;
#7196 = DIRECTION ( 'NONE',  ( -0.0000000000000000000, 1.000000000000000000, 2.602085213965213107E-16 ) ) ;
#7197 = CARTESIAN_POINT ( 'NONE',  ( -17.93639953732907699, 5.624772439272208047, -9.391427702347320050 ) ) ;
#7198 = CARTESIAN_POINT ( 'NONE',  ( 3.000000000000000000, -17.75000000000001776, 19.99999999999998934 ) ) ;
#7199 = CARTESIAN_POINT ( 'NONE',  ( -4.292740000754732499, -15.89897700572874939, -22.13018918365773757 ) ) ;
#7200 = CARTESIAN_POINT ( 'NONE',  ( -5.830391029256033697, 13.42067154061274792, -26.34551408245041060 ) ) ;
#7201 = CARTESIAN_POINT ( 'NONE',  ( -4.850000000000000533, -15.80946413698794117, -4.730502247883374700 ) ) ;
#7202 = CARTESIAN_POINT ( 'NONE',  ( -16.12287594361988141, -7.311880525561373467, 10.54121259833906876 ) ) ;
#7203 = CARTESIAN_POINT ( 'NONE',  ( -4.578694423482703613, 15.91852223060692673, -19.21430772269935261 ) ) ;
#7204 = CARTESIAN_POINT ( 'NONE',  ( -11.85173531333103369, -10.21975144165586791, -13.78425747821466096 ) ) ;
#7205 = CARTESIAN_POINT ( 'NONE',  ( -18.62576777383373638, 6.292624691478700960, 7.716438117478493730 ) ) ;
#7206 = CARTESIAN_POINT ( 'NONE',  ( -14.11593383632250820, 3.337728679563041645, -17.48716387396408933 ) ) ;
#7207 = CARTESIAN_POINT ( 'NONE',  ( -3.076464363268383018, 15.44238129326575937, 19.40448797885492027 ) ) ;
#7208 = CARTESIAN_POINT ( 'NONE',  ( -20.00000000000002842, 10.47394677292604825, 5.181611039110021188 ) ) ;
#7209 = CARTESIAN_POINT ( 'NONE',  ( -16.60587660039180946, -2.121118157716714858, 13.56972145156144549 ) ) ;
#7210 = CARTESIAN_POINT ( 'NONE',  ( -4.628909000251873351, -10.18580527930263457, -30.80089989931182259 ) ) ;
#7211 = CARTESIAN_POINT ( 'NONE',  ( -5.508985400602878002, -15.40606904845907899, 20.23788847867396612 ) ) ;
#7212 = ORIENTED_EDGE ( 'NONE', *, *, #7192, .F. ) ;
#7213 = AXIS2_PLACEMENT_3D ( 'NONE', #1188, #1824, #6870 ) ;
#7214 = EDGE_CURVE ( 'NONE', #4964, #7661, #6323, .T. ) ;
#7215 = CARTESIAN_POINT ( 'NONE',  ( 0.0000000000000000000, 7.060713750807405376, 36.80004796480855589 ) ) ;
#7216 = CARTESIAN_POINT ( 'NONE',  ( -4.582307061359240485, 14.84141174946534392, 9.753396011936656507 ) ) ;
#7217 = CARTESIAN_POINT ( 'NONE',  ( -16.60580180739936296, -2.462750426175469354, -13.47082034971782427 ) ) ;
#7218 = CARTESIAN_POINT ( 'NONE',  ( -14.17723036257286040, -8.768668806639754010, -11.77728218045728781 ) ) ;
#7219 = DIRECTION ( 'NONE',  ( -1.000000000000000000, -0.0000000000000000000, -0.0000000000000000000 ) ) ;
#7220 = CARTESIAN_POINT ( 'NONE',  ( -4.562242878218566666, -15.92510284871258719, 19.69725611997076342 ) ) ;
#7221 = CARTESIAN_POINT ( 'NONE',  ( 3.000000000000000000, 2.733323094352584069E-15, 19.99999999999999645 ) ) ;
#7222 = CARTESIAN_POINT ( 'NONE',  ( -9.524593932047682898, -12.45616455073806250, -9.260909886003302560 ) ) ;
#7223 = CARTESIAN_POINT ( 'NONE',  ( -5.000000000000005329, -14.88835088137041929, -26.30226222802334135 ) ) ;
#7224 = CARTESIAN_POINT ( 'NONE',  ( -4.628609323645897611, -14.82152330911475424, 19.93546193717639525 ) ) ;
#7225 = CARTESIAN_POINT ( 'NONE',  ( -9.380164233324025602, -11.72961313012949169, -16.20135229086478290 ) ) ;
#7226 = CARTESIAN_POINT ( 'NONE',  ( -5.050776270183921390, 15.60607349485088591, 22.03768992461310461 ) ) ;
#7227 = CARTESIAN_POINT ( 'NONE',  ( -16.16527459936024513, 7.769391009658880520, -9.674293173416307567 ) ) ;
#7228 = CARTESIAN_POINT ( 'NONE',  ( -4.527447172635662653, -15.93902113094572393, -19.98905819172328080 ) ) ;
#7229 = CARTESIAN_POINT ( 'NONE',  ( -19.09814844677885404, 1.393680239582588909, 9.457462114186609980 ) ) ;
#7230 = CARTESIAN_POINT ( 'NONE',  ( -20.00000000000003197, -10.49810653275920913, -5.163686501515503124 ) ) ;
#7231 = CARTESIAN_POINT ( 'NONE',  ( -3.547375034205766386, 9.886549918592018926, 33.00855804688884376 ) ) ;
#7232 = CARTESIAN_POINT ( 'NONE',  ( -16.96924024246922613, -9.086356285248214704, 5.592412299168974421 ) ) ;
#7233 = CARTESIAN_POINT ( 'NONE',  ( -15.53599877396155904, -7.945935962540291442, -10.58706369590942664 ) ) ;
#7234 = CARTESIAN_POINT ( 'NONE',  ( -1.524290579246441624, 9.744502364773602210, 32.80262389472397899 ) ) ;
#7235 = EDGE_CURVE ( 'NONE', #2252, #5543, #7236, .T. ) ;
#7236 = CIRCLE ( 'NONE', #4019, 17.75000000000000711 ) ;
#7237 = FACE_OUTER_BOUND ( 'NONE', #2445, .T. ) ;
#7238 = CARTESIAN_POINT ( 'NONE',  ( -13.03497059718095485, 9.177506949763875710, -13.64938934240351287 ) ) ;
#7239 = CARTESIAN_POINT ( 'NONE',  ( -18.40131185201945030, -8.517570165439966701, -7.326646883454579040 ) ) ;
#7240 = CARTESIAN_POINT ( 'NONE',  ( -5.107349127575227854, -15.70459564242219663, 9.494309698785217577 ) ) ;
#7241 = CARTESIAN_POINT ( 'NONE',  ( 3.000000000000000000, -20.00000000000000355, 36.49999999999999289 ) ) ;
#7242 = CARTESIAN_POINT ( 'NONE',  ( -20.00000000000000355, 9.787635112112891278E-14, 10.01018030340873999 ) ) ;
#7243 = CARTESIAN_POINT ( 'NONE',  ( -15.50753675572621937, -7.697842640912231360, 11.11710299666568424 ) ) ;
#7244 = CARTESIAN_POINT ( 'NONE',  ( -4.546795794717419348, 15.93128168211304896, 19.85753541001508538 ) ) ;
#7245 = CARTESIAN_POINT ( 'NONE',  ( -17.37799382884242405, -6.844182183323845869, -8.979494815245370631 ) ) ;
#7246 = CARTESIAN_POINT ( 'NONE',  ( -16.76690039163189994, 7.265688515257929581, 9.418544538352833229 ) ) ;
#7247 = CARTESIAN_POINT ( 'NONE',  ( -14.11240896830028291, 2.858510729013923779, -17.67990262159924342 ) ) ;
#7248 = CARTESIAN_POINT ( 'NONE',  ( -1.524319402890895514, 16.06323927741675206, 15.15303020552588542 ) ) ;
#7249 = CARTESIAN_POINT ( 'NONE',  ( -20.00000000000002842, 10.74957056314285531, 4.411084783386431951 ) ) ;
#7250 = CARTESIAN_POINT ( 'NONE',  ( -12.86583454900024748, -2.667861040352464741, 19.91083421109881613 ) ) ;
#7251 = APPLICATION_CONTEXT ( 'automotive_design' ) ;
#7252 = CARTESIAN_POINT ( 'NONE',  ( -4.629008518978730891, -12.43851378961846521, -28.23714437838657787 ) ) ;
#7253 = CARTESIAN_POINT ( 'NONE',  ( -5.866947002336206474, -1.928775463067532669, 34.16944135256242276 ) ) ;
#7254 = VERTEX_POINT ( 'NONE', #3723 ) ;
#7255 = CARTESIAN_POINT ( 'NONE',  ( -5.049999999999999822, 15.73000000000000043, -16.77828324328956455 ) ) ;
#7256 = CARTESIAN_POINT ( 'NONE',  ( -7.085102150885925987, 13.74801408209946807, 7.433833793800369349 ) ) ;
#7257 = CARTESIAN_POINT ( 'NONE',  ( -17.84896441581246407, -1.736735974395886117, -11.51858437411144465 ) ) ;
#7258 = CARTESIAN_POINT ( 'NONE',  ( -5.000000000000000000, 15.74999999999950440, -21.82249421427707148 ) ) ;
#7259 = FACE_OUTER_BOUND ( 'NONE', #4704, .T. ) ;
#7260 = CARTESIAN_POINT ( 'NONE',  ( -5.010555532131686363, -15.74577778714725085, 19.64247996802504659 ) ) ;
#7261 = CARTESIAN_POINT ( 'NONE',  ( -18.13582346885727503, 0.3234591970885615231, -13.20390165218810630 ) ) ;
#7262 = CARTESIAN_POINT ( 'NONE',  ( -18.76657257576778193, -7.742399417265086292, -5.774039658987625501 ) ) ;
#7263 = VERTEX_POINT ( 'NONE', #5127 ) ;
#7264 = CARTESIAN_POINT ( 'NONE',  ( -1.524319402891595621, -16.06323927741646784, 19.87187458519331784 ) ) ;
#7265 = CARTESIAN_POINT ( 'NONE',  ( -17.35245750241500318, -6.540805707654034684, -9.402148735411005376 ) ) ;
#7266 = CARTESIAN_POINT ( 'NONE',  ( -5.866700399537149835, 1.831174915890289689, 34.15844879321823413 ) ) ;
#7267 = CARTESIAN_POINT ( 'NONE',  ( -6.505213034913030548E-16, -16.64551723328137811, 21.06727474167962555 ) ) ;
#7268 = CARTESIAN_POINT ( 'NONE',  ( -19.10034889931113966, 1.647828644213348959, 9.415565046922978354 ) ) ;
#7269 = CARTESIAN_POINT ( 'NONE',  ( -18.20420997531635265, -5.692590898916678910, -11.00420765936341283 ) ) ;
#7270 = CARTESIAN_POINT ( 'NONE',  ( -3.407749522708251710, 2.119860156518944105, 36.25776199611603801 ) ) ;
#7271 = CARTESIAN_POINT ( 'NONE',  ( -13.19110110928504120, -10.35259366632363687, 9.138986733299708121 ) ) ;
#7272 = AXIS2_PLACEMENT_3D ( 'NONE', #2103, #2736, #7195 ) ;
#7273 = ORIENTED_EDGE ( 'NONE', *, *, #1009, .F. ) ;
#7274 = DIRECTION ( 'NONE',  ( 0.0000000000000000000, 0.0000000000000000000, -1.000000000000000000 ) ) ;
#7275 = EDGE_CURVE ( 'NONE', #3628, #3234, #4701, .T. ) ;
#7276 = CARTESIAN_POINT ( 'NONE',  ( -4.525595326351283809, -15.93976186945955575, 19.99999998973653348 ) ) ;
#7277 = VECTOR ( 'NONE', #3300, 1000.000000000000000 ) ;
#7278 = CARTESIAN_POINT ( 'NONE',  ( -4.627627340228555042, 14.82191610248168168, 4.729622045422950727 ) ) ;
#7279 = CARTESIAN_POINT ( 'NONE',  ( -4.445977594343181849, 14.91267597247412624, -20.37785359900913562 ) ) ;
#7280 = CARTESIAN_POINT ( 'NONE',  ( -4.162739361844909780, 15.70326514683901387, -23.51938613858556693 ) ) ;
#7281 = CARTESIAN_POINT ( 'NONE',  ( 3.000000000000000000, 18.00000000000000000, 36.49999999999999289 ) ) ;
#7282 = CARTESIAN_POINT ( 'NONE',  ( 3.000000000000000000, -21.24999999999997868, 45.24999999999999289 ) ) ;
#7283 = CARTESIAN_POINT ( 'NONE',  ( -20.00000000000005329, -8.969214178198713583, 4.617297917538291330 ) ) ;
#7284 = CARTESIAN_POINT ( 'NONE',  ( -9.387349250986618543, -11.74299479993526063, 16.07139496587769045 ) ) ;
#7285 = CARTESIAN_POINT ( 'NONE',  ( -4.533658801638226876, -15.93653647934470463, -19.95265571437856877 ) ) ;
#7286 = B_SPLINE_CURVE_WITH_KNOTS ( 'NONE', 3,
 ( #1438, #2069, #1518, #846 ),
 .UNSPECIFIED., .F., .F.,
 ( 4, 4 ),
 ( 0.01762436154192836835, 0.9257218647291787228 ),
 .UNSPECIFIED. ) ;
#7287 = CARTESIAN_POINT ( 'NONE',  ( -19.23435218624105758, -5.764174809612877759, -7.365982979883546555 ) ) ;
#7288 = CARTESIAN_POINT ( 'NONE',  ( -16.15766889490836178, 7.687712421715100497, 9.835627595461090777 ) ) ;
#7289 = CARTESIAN_POINT ( 'NONE',  ( -12.87447039551138950, 4.308383445235688392, -19.27317130816905433 ) ) ;
#7290 = AXIS2_PLACEMENT_3D ( 'NONE', #7241, #6613, #263 ) ;
#7291 = CARTESIAN_POINT ( 'NONE',  ( 0.02782555748663773781, 16.68409726156776429, 18.76199814005737565 ) ) ;
#7292 = CARTESIAN_POINT ( 'NONE',  ( -20.00000000000012790, 5.971886719435627100, -8.142846619382009266 ) ) ;
#7293 = CARTESIAN_POINT ( 'NONE',  ( -11.63586291626093683, -5.367111589779475445, 20.92850067452410201 ) ) ;
#7294 = CARTESIAN_POINT ( 'NONE',  ( -4.628572766910115988, -1.050898628260814593, -34.80855412671648708 ) ) ;
#7295 = DIRECTION ( 'NONE',  ( -1.000000000000000000, -0.0000000000000000000, -0.0000000000000000000 ) ) ;
#7296 = VERTEX_POINT ( 'NONE', #3168 ) ;
#7297 = ADVANCED_FACE ( 'NONE', ( #5741 ), #7665, .F. ) ;
#7298 = CARTESIAN_POINT ( 'NONE',  ( -4.999999999999999112, -14.88835088137041218, 26.30226222802337688 ) ) ;
#7299 = CARTESIAN_POINT ( 'NONE',  ( -11.99868100744069466, 11.27449708699125708, 8.188425486442010737 ) ) ;
#7300 = CARTESIAN_POINT ( 'NONE',  ( -14.12386187034285179, -4.233791253887399186, -17.06817071460990931 ) ) ;
#7301 = CARTESIAN_POINT ( 'NONE',  ( -19.99999999999998579, -4.358763783934849201E-13, -10.01018030340874532 ) ) ;
#7302 = CARTESIAN_POINT ( 'NONE',  ( -3.026991677290835181, 15.46217036765677832, 19.99999998957511949 ) ) ;
#7303 = CARTESIAN_POINT ( 'NONE',  ( -5.009526619028251915, 15.74618935238404660, -18.26416052225904707 ) ) ;
#7304 = CARTESIAN_POINT ( 'NONE',  ( -18.13603130028728927, -0.4970769657470089919, -13.19523153813282157 ) ) ;
#7305 = CARTESIAN_POINT ( 'NONE',  ( -15.80550434789895675, -10.16654984263349348, -3.930749310814342756 ) ) ;
#7306 = B_SPLINE_CURVE_WITH_KNOTS ( 'NONE', 3,
 ( #6530, #7708, #3932, #5167, #5326, #7199, #3210, #7074, #5287, #5828, #1437, #4610, #6408, #5206, #3252, #1316, #2068, #6450, #3890, #5868, #4008, #6569, #805, #2620, #2577, #5785, #7748, #1274, #1398, #2659, #1988, #726, #106, #2030, #7035, #6491, #5948, #4486, #3379, #4569, #7114, #2741, #7155, #2700, #5246, #1360, #3295, #7868, #7790, #7830, #3970, #765, #3337, #5908, #146, #7906, #2187, #385 ),
 .UNSPECIFIED., .F., .F.,
 ( 4, 2, 2, 2, 2, 2, 2, 2, 2, 2, 2, 2, 2, 2, 2, 2, 2, 2, 2, 2, 2, 2, 2, 2, 2, 2, 2, 2, 4 ),
 ( -5.999999999874631970E-08, 0.0008033763831659118280, 0.001606812766331822432, 0.003213685532663634100, 0.006427431065327249629, 0.008034303831659060646, 0.009641176597990875133, 0.01285492213065450758, 0.01446179489698632380, 0.01606866766331813481, 0.01767554042964995450, 0.01928241319598176726, 0.02249615872864538929, 0.02410303149497720551, 0.02570990426130901479, 0.02892364979397264377, 0.03053052256030445652, 0.03213739532663627274, 0.03374426809296809243, 0.03535114085929991212, 0.03856488639196353763, 0.04017175915829535732, 0.04177863192462717007, 0.04499237745729080251, 0.04659925022362262914, 0.04820612298995444883, 0.04981299575628626852, 0.05061643213945217490, 0.05141986852261807434 ),
 .UNSPECIFIED. ) ;
#7307 = CARTESIAN_POINT ( 'NONE',  ( 0.02782555748655084552, -16.68409726156772166, 19.49723193954764966 ) ) ;
#7308 = CARTESIAN_POINT ( 'NONE',  ( -16.74786870593775490, -7.063540062420158527, -9.755576383295261778 ) ) ;
#7309 = CARTESIAN_POINT ( 'NONE',  ( -5.485675594251164355, 15.43053937000101605, 20.03466558688964483 ) ) ;
#7310 = CARTESIAN_POINT ( 'NONE',  ( 1.219727444046192685E-15, -13.65414261113254391, 29.57924028044414655 ) ) ;
#7311 = CARTESIAN_POINT ( 'NONE',  ( -4.146706818467254863, 5.786784327646786963, 34.08641687262704778 ) ) ;
#7312 = CARTESIAN_POINT ( 'NONE',  ( -20.00000000000002842, -7.796136493935990508, -9.719305348325415039 ) ) ;
#7313 = CARTESIAN_POINT ( 'NONE',  ( -9.757819552369541878E-16, 16.67296703857310902, -20.07288690362589989 ) ) ;
#7314 = CARTESIAN_POINT ( 'NONE',  ( -18.78796057643648609, -7.928200891560188701, 5.448485580003864293 ) ) ;
#7315 = ORIENTED_EDGE ( 'NONE', *, *, #3998, .T. ) ;
#7316 = FACE_BOUND ( 'NONE', #1670, .T. ) ;
#7317 = EDGE_CURVE ( 'NONE', #6811, #6553, #7779, .T. ) ;
#7318 = CARTESIAN_POINT ( 'NONE',  ( -1.524319402891593622, 16.06323927741647495, 19.99999998935996004 ) ) ;
#7319 = CARTESIAN_POINT ( 'NONE',  ( -4.628609323645895834, 14.82152330911474714, 4.669624003766670306 ) ) ;
#7320 = CARTESIAN_POINT ( 'NONE',  ( -5.741298858303414576, -14.65728872327158250, 23.53801082116928001 ) ) ;
#7321 = CARTESIAN_POINT ( 'NONE',  ( -15.52467911135306622, 7.873910898599612906, -10.75273459053647862 ) ) ;
#7322 = CARTESIAN_POINT ( 'NONE',  ( -5.873738420960132878, 9.470202161156887399, -30.97278224457388873 ) ) ;
#7323 = CARTESIAN_POINT ( 'NONE',  ( -18.61571394280068503, 6.127109854890009366, 7.891954809757163680 ) ) ;
#7324 = CARTESIAN_POINT ( 'NONE',  ( -5.000000000000000000, -15.74999999999998579, -18.09415738323124501 ) ) ;
#7325 = CARTESIAN_POINT ( 'NONE',  ( -4.578687744783414892, 15.91852490208664861, 19.21451488347326020 ) ) ;
#7326 = CARTESIAN_POINT ( 'NONE',  ( -6.883983529848908489, -13.26948525458753458, 19.04387069480581829 ) ) ;
#7327 = CARTESIAN_POINT ( 'NONE',  ( -11.85857367092209280, -10.26449091173557626, -13.56079663689065917 ) ) ;
#7328 = CARTESIAN_POINT ( 'NONE',  ( -4.594280332523072552, 15.91228786699077169, -18.73152477002409455 ) ) ;
#7329 = CARTESIAN_POINT ( 'NONE',  ( -17.37572446681497595, -6.819624717009336479, -9.015490361656985030 ) ) ;
#7330 = CARTESIAN_POINT ( 'NONE',  ( -19.24083530980397327, 5.853086591430800567, 7.285893852465303411 ) ) ;
#7331 = CARTESIAN_POINT ( 'NONE',  ( -4.179080153415728915, 10.29843331062216016, -31.19997360395856845 ) ) ;
#7332 = CARTESIAN_POINT ( 'NONE',  ( 3.000000000000000000, -17.99999999999999645, -36.50000000000000711 ) ) ;
#7333 = CARTESIAN_POINT ( 'NONE',  ( -18.60929547256480987, 10.28182491354246508, 2.657739243612683655 ) ) ;
#7334 = CARTESIAN_POINT ( 'NONE',  ( -19.11983626316242635, -2.923387810834342737, 9.062411929267748079 ) ) ;
#7335 = CARTESIAN_POINT ( 'NONE',  ( -4.628939753721979855, 13.11900350572846818, -27.11101848291341909 ) ) ;
#7336 = DIRECTION ( 'NONE',  ( -1.000000000000000000, 0.0000000000000000000, 0.0000000000000000000 ) ) ;
#7337 = ORIENTED_EDGE ( 'NONE', *, *, #5757, .F. ) ;
#7338 = CARTESIAN_POINT ( 'NONE',  ( -5.000000000000000000, -15.75000000000000355, -4.407281562881768089 ) ) ;
#7339 = ADVANCED_FACE ( 'NONE', ( #1947 ), #187, .T. ) ;
#7340 = CARTESIAN_POINT ( 'NONE',  ( -18.25682786524944845, 8.920697343249614164, 4.047738969562618472 ) ) ;
#7341 = CARTESIAN_POINT ( 'NONE',  ( -14.10756910302617939, -1.811310222854711105, -17.96376689326375597 ) ) ;
#7342 = CARTESIAN_POINT ( 'NONE',  ( -19.99999999999999645, 10.09845041608854110, -2.790736391977688413E-13 ) ) ;
#7343 = CARTESIAN_POINT ( 'NONE',  ( -4.999999999999985789, -9.267497339534155998, -32.86814749681908410 ) ) ;
#7344 = CARTESIAN_POINT ( 'NONE',  ( 0.0000000000000000000, 17.75000000000000355, 19.99999999999998934 ) ) ;
#7345 = CARTESIAN_POINT ( 'NONE',  ( 3.000000000000000000, -18.00000000000000355, 36.49999999999999289 ) ) ;
#7346 = CARTESIAN_POINT ( 'NONE',  ( -4.545211977695908345, -14.85909497460524520, -12.98126377611813176 ) ) ;
#7347 = CARTESIAN_POINT ( 'NONE',  ( -1.524319402891593844, -16.06323927741645008, -18.78522874950387589 ) ) ;
#7348 = CARTESIAN_POINT ( 'NONE',  ( -19.21608323920241546, -5.495193192768009105, -7.596458630406203838 ) ) ;
#7349 = CARTESIAN_POINT ( 'NONE',  ( -20.00000000000001776, 5.057804932450395086, 12.21104359895445768 ) ) ;
#7350 = CARTESIAN_POINT ( 'NONE',  ( 6.505213034912972370E-16, 14.26269454021573502, 28.64713578077113709 ) ) ;
#7351 = CARTESIAN_POINT ( 'NONE',  ( -18.47017615756454489, 0.7073503816681826484, 10.60979085364503582 ) ) ;
#7352 = CARTESIAN_POINT ( 'NONE',  ( -19.99999999999589306, -8.910438945395563692, 4.633277227787328201 ) ) ;
#7353 = CARTESIAN_POINT ( 'NONE',  ( -8.131516293641210532E-17, 16.09829635233688450, -24.36489860531101570 ) ) ;
#7354 = CARTESIAN_POINT ( 'NONE',  ( -16.93145532779042739, -8.797994428172348336, 6.353970575680504496 ) ) ;
#7355 = CARTESIAN_POINT ( 'NONE',  ( 5.000000000000000000, 22.75000000000000711, -19.99999999999998934 ) ) ;
#7356 = CARTESIAN_POINT ( 'NONE',  ( -3.076518981273658859, -4.171156374100284836, 34.89451821761367967 ) ) ;
#7357 = CARTESIAN_POINT ( 'NONE',  ( 0.02782555748663915335, 16.68409726156776429, 4.507441110842315801 ) ) ;
#7358 = CARTESIAN_POINT ( 'NONE',  ( -5.050919686796826014, -15.53090610901572788, 22.54436503541704084 ) ) ;
#7359 = CARTESIAN_POINT ( 'NONE',  ( -16.76180334736396560, 7.207148498495081768, -9.517342403513778137 ) ) ;
#7360 = CARTESIAN_POINT ( 'NONE',  ( -5.045111536774857797, 14.90077511709875324, -25.07470039131695216 ) ) ;
#7361 = LINE ( 'NONE', #4772, #6 ) ;
#7362 = CARTESIAN_POINT ( 'NONE',  ( -5.873442094829690596, -7.353276740302447045, -32.38594812345566254 ) ) ;
#7363 = CARTESIAN_POINT ( 'NONE',  ( -5.000730809558186607, 15.74970767598503585, 9.564097620953996071 ) ) ;
#7364 = CARTESIAN_POINT ( 'NONE',  ( -17.98980950613909258, -6.392621264770414591, 8.546268814613682707 ) ) ;
#7365 = CARTESIAN_POINT ( 'NONE',  ( -18.62430912652948578, -6.236649975553229197, -7.773895045894798628 ) ) ;
#7366 = CARTESIAN_POINT ( 'NONE',  ( -20.00000000000003197, -8.500723320549637307, 8.794915161407443449 ) ) ;
#7367 = VERTEX_POINT ( 'NONE', #70 ) ;
#7368 = EDGE_CURVE ( 'NONE', #6463, #6945, #7306, .T. ) ;
#7369 = CARTESIAN_POINT ( 'NONE',  ( -14.30292679096972996, -8.671266838320280002, -11.71919443495944613 ) ) ;
#7370 = CARTESIAN_POINT ( 'NONE',  ( -11.85450295634837303, 10.24353543906379826, 13.66864400830360715 ) ) ;
#7371 = CARTESIAN_POINT ( 'NONE',  ( -17.86581310247202836, 3.268484017427830235, -11.00382655367922702 ) ) ;
#7372 = CARTESIAN_POINT ( 'NONE',  ( 5.000000000000000000, 2.733323094352584069E-15, 42.74999999999999289 ) ) ;
#7373 = EDGE_CURVE ( 'NONE', #3588, #5693, #4573, .T. ) ;
#7374 = CARTESIAN_POINT ( 'NONE',  ( -19.99999999999791456, 9.218497503774601753, -3.924398411265630937 ) ) ;
#7375 = CARTESIAN_POINT ( 'NONE',  ( -17.86860181899940159, -3.267122990428987794, 10.99968716283072823 ) ) ;
#7376 = COLOUR_RGB ( '',0.2509803921568627416, 0.2509803921568627416, 0.2509803921568627416 ) ;
#7377 = CARTESIAN_POINT ( 'NONE',  ( -3.076603404071938552, 8.995736678044513823, -32.67494328019337502 ) ) ;
#7378 = CARTESIAN_POINT ( 'NONE',  ( -5.509000704761913170, 15.40605208522080005, 20.23804162319518340 ) ) ;
#7379 = ORIENTED_EDGE ( 'NONE', *, *, #4209, .F. ) ;
#7380 = CARTESIAN_POINT ( 'NONE',  ( -5.033753997313848316, -15.73706133308965249, -1.469191742036648263 ) ) ;
#7381 = CARTESIAN_POINT ( 'NONE',  ( -14.38738669440507500, 9.438860984649343422, 9.411768836208899813 ) ) ;
#7382 = CARTESIAN_POINT ( 'NONE',  ( -12.86384490164559224, -2.628709893105405815, -19.92486646617835433 ) ) ;
#7383 = CARTESIAN_POINT ( 'NONE',  ( -9.558401065871336755, 12.61401098406269838, -7.298142553061824245 ) ) ;
#7384 = CARTESIAN_POINT ( 'NONE',  ( -4.849999999999999645, 15.84037421174403626, -18.20067515677409986 ) ) ;
#7385 = CARTESIAN_POINT ( 'NONE',  ( -40.00000000000000000, 2.847303808017595350E-15, -22.24999999999999645 ) ) ;
#7386 = CARTESIAN_POINT ( 'NONE',  ( -5.107349442401060813, -15.70459547662717270, -9.494320549187706959 ) ) ;
#7387 = DIRECTION ( 'NONE',  ( -1.000000000000000000, -0.0000000000000000000, -0.0000000000000000000 ) ) ;
#7388 = CARTESIAN_POINT ( 'NONE',  ( -14.50563862880839139, -10.30279022658148946, -6.159040604208058767 ) ) ;
#7389 = B_SPLINE_CURVE_WITH_KNOTS ( 'NONE', 1,
 ( #5740, #604 ),
 .UNSPECIFIED., .F., .F.,
 ( 2, 2 ),
 ( 0.1138837659859029405, 0.9723291201230572778 ),
 .UNSPECIFIED. ) ;
#7390 = CARTESIAN_POINT ( 'NONE',  ( 0.02782555748655174410, -16.68409726156771811, -0.7184429847041282624 ) ) ;
#7391 = CARTESIAN_POINT ( 'NONE',  ( -17.33717812498824173, -6.328976898334713219, -9.673817570572092350 ) ) ;
#7392 = AXIS2_PLACEMENT_3D ( 'NONE', #4836, #3401, #4193 ) ;
#7393 = CARTESIAN_POINT ( 'NONE',  ( -20.00000000000003197, 8.523115699678292856, 8.763392375948491519 ) ) ;
#7394 = CARTESIAN_POINT ( 'NONE',  ( -8.944667923005405664E-16, -16.41028142936831102, 22.98211581472984122 ) ) ;
#7395 = CARTESIAN_POINT ( 'NONE',  ( -11.61582294550469285, 1.634968879022302479, 22.27899564964537760 ) ) ;
#7396 = CARTESIAN_POINT ( 'NONE',  ( -19.99999999999998224, -5.927535978484023360, 8.177303281999186879 ) ) ;
#7397 = CARTESIAN_POINT ( 'NONE',  ( 0.0000000000000000000, -21.24999999999997868, 45.24999999999999289 ) ) ;
#7398 = CARTESIAN_POINT ( 'NONE',  ( -18.86291733042780194, -8.519412169695890213, 4.148238834749501613 ) ) ;
#7399 = EDGE_LOOP ( 'NONE', ( #5481, #8030, #6257, #8208, #6944, #830, #5149, #5302, #858, #4219 ) ) ;
#7400 = LINE ( 'NONE', #878, #1594 ) ;
#7401 = CARTESIAN_POINT ( 'NONE',  ( 0.02793304489414000572, 5.941093187508131201, 35.59105923207339117 ) ) ;
#7402 = CARTESIAN_POINT ( 'NONE',  ( 0.02782555748663968417, 16.68409726156776784, -19.24967307163278818 ) ) ;
#7403 = CARTESIAN_POINT ( 'NONE',  ( -5.549169292455971458, -15.34857623968687257, 20.66905630886473233 ) ) ;
#7404 = CARTESIAN_POINT ( 'NONE',  ( -6.932762727393824598, 13.33233337697493148, -17.93562679504267976 ) ) ;
#7405 = AXIS2_PLACEMENT_3D ( 'NONE', #4767, #2696, #298 ) ;
#7406 = CARTESIAN_POINT ( 'NONE',  ( -3.663952940323079499, 12.27915000267212520, -30.70930393460471919 ) ) ;
#7407 = CARTESIAN_POINT ( 'NONE',  ( -18.58163795584884781, 5.691045931313036377, 8.357271449423912202 ) ) ;
#7408 = CARTESIAN_POINT ( 'NONE',  ( -5.677373574963949565, -15.01059933230995291, -22.36064458659851439 ) ) ;
#7409 = CARTESIAN_POINT ( 'NONE',  ( -5.003875441562667170, 15.74844982347073952, 13.43050131801167701 ) ) ;
#7410 = CARTESIAN_POINT ( 'NONE',  ( -9.367890309254530479, -11.69813082430428963, 16.47885572933626364 ) ) ;
#7411 = CARTESIAN_POINT ( 'NONE',  ( -4.466278454541889431, -14.90433971837750882, -19.65165124181438827 ) ) ;
#7412 = ORIENTED_EDGE ( 'NONE', *, *, #7546, .T. ) ;
#7413 = CARTESIAN_POINT ( 'NONE',  ( -15.53212038264589445, -7.934554616338449051, -10.61800524502099918 ) ) ;
#7414 = CARTESIAN_POINT ( 'NONE',  ( -18.61494535528042604, 6.156223582964083008, 7.865153419015750380 ) ) ;
#7415 = CARTESIAN_POINT ( 'NONE',  ( -14.13478727902518273, 5.137941252037236062, -16.52994712935108623 ) ) ;
#7416 = CARTESIAN_POINT ( 'NONE',  ( 0.02782555748663794945, 16.68409726156776429, 19.87590317050971578 ) ) ;
#7417 = CARTESIAN_POINT ( 'NONE',  ( -18.45855461793621899, 9.059466627572760444, -6.305245858521381308 ) ) ;
#7418 = CARTESIAN_POINT ( 'NONE',  ( -4.188953500881211767, -11.02898545856979240, 30.45932357322356410 ) ) ;
#7419 = CARTESIAN_POINT ( 'NONE',  ( 0.02796461246883788498, 6.408364512571593785, -35.43582549600593268 ) ) ;
#7420 = CARTESIAN_POINT ( 'NONE',  ( -5.498087934369473295, 15.41930467543144267, 20.11849793708736556 ) ) ;
#7421 = EDGE_CURVE ( 'NONE', #5140, #4286, #7498, .T. ) ;
#7422 = CARTESIAN_POINT ( 'NONE',  ( 0.0000000000000000000, 22.00000000000000000, -36.50000000000000711 ) ) ;
#7423 = CARTESIAN_POINT ( 'NONE',  ( -14.40447165988585887, 9.575424885570889444, 8.954270689321178978 ) ) ;
#7424 = CARTESIAN_POINT ( 'NONE',  ( -6.628501453151365297, -1.393720678711491301, -30.92928202616529632 ) ) ;
#7425 = CARTESIAN_POINT ( 'NONE',  ( -4.591316764084517388, 14.83732370871067019, -8.898709624310928490 ) ) ;
#7426 = CARTESIAN_POINT ( 'NONE',  ( -4.999999999999991118, -4.879235440786425571, -35.00482845895668049 ) ) ;
#7427 = CARTESIAN_POINT ( 'NONE',  ( -20.00000000000000000, 6.712578825597194765, 7.442380029370023742 ) ) ;
#7428 = CARTESIAN_POINT ( 'NONE',  ( -4.727253765498862670, 15.85909849380045422, -14.70860102639669975 ) ) ;
#7429 = PLANE ( 'NONE',  #3304 ) ;
#7430 = CARTESIAN_POINT ( 'NONE',  ( -15.58619490522353601, -8.456277804435899270, -9.418110022479202925 ) ) ;
#7431 = CARTESIAN_POINT ( 'NONE',  ( 0.02782555748655093919, -16.68409726156771455, -8.335250431575094154 ) ) ;
#7432 = CARTESIAN_POINT ( 'NONE',  ( -9.350615399102354175, -11.63653014218725446, -16.85611161670836111 ) ) ;
#7433 = CARTESIAN_POINT ( 'NONE',  ( -4.533261634106082738, 15.93669534635758644, 19.95326331795958552 ) ) ;
#7434 = CARTESIAN_POINT ( 'NONE',  ( -2.358139725155982399E-15, 7.704647113426445593, 34.81676318727696184 ) ) ;
#7435 = CARTESIAN_POINT ( 'NONE',  ( -20.00000000000005329, -11.30636367275102216, 2.065474388341247192 ) ) ;
#7436 = CARTESIAN_POINT ( 'NONE',  ( -8.294146619514146785E-15, 2.598772610624997981, -36.48934631352449998 ) ) ;
#7437 = CARTESIAN_POINT ( 'NONE',  ( -17.00196965405254446, -9.323772683261390526, 4.798436559588317607 ) ) ;
#7438 = ORIENTED_EDGE ( 'NONE', *, *, #5257, .T. ) ;
#7439 = CARTESIAN_POINT ( 'NONE',  ( -13.08166841955747017, -9.450270842016196937, -12.72356202923662671 ) ) ;
#7440 = ORIENTED_EDGE ( 'NONE', *, *, #2968, .F. ) ;
#7441 = CARTESIAN_POINT ( 'NONE',  ( -4.628696528508994490, 5.162841116903687855, 33.89362574636566450 ) ) ;
#7442 = CARTESIAN_POINT ( 'NONE',  ( -4.628609323645887841, 14.82152330911474536, 0.7348543292867567578 ) ) ;
#7443 = ADVANCED_FACE ( 'NONE', ( #3553 ), #5423, .F. ) ;
#7444 = CARTESIAN_POINT ( 'NONE',  ( -5.045668337872172948, -15.73173266485111199, 20.07506537479197206 ) ) ;
#7445 = CARTESIAN_POINT ( 'NONE',  ( -16.14131714904405968, 7.519682328744530686, -10.16274545229697601 ) ) ;
#7446 = CARTESIAN_POINT ( 'NONE',  ( -5.041959771432938275, 14.72331160130070415, -25.57281473056276866 ) ) ;
#7447 = CARTESIAN_POINT ( 'NONE',  ( -18.50557297198868767, 3.744214175961714020, 9.735544435734585278 ) ) ;
#7448 = CARTESIAN_POINT ( 'NONE',  ( -5.869115874531225963, 4.737217152721184377, -33.50827201752597517 ) ) ;
#7449 = CARTESIAN_POINT ( 'NONE',  ( -4.850000000000000533, -15.83029285988828505, -14.57518039206583715 ) ) ;
#7450 = CARTESIAN_POINT ( 'NONE',  ( -16.14612318896789489, -7.540345363767299247, 10.11789712520870133 ) ) ;
#7451 = CARTESIAN_POINT ( 'NONE',  ( -17.38596768877192744, -6.905879174751023974, -8.884601354549184649 ) ) ;
#7452 = ORIENTED_EDGE ( 'NONE', *, *, #4187, .T. ) ;
#7453 = VERTEX_POINT ( 'NONE', #1598 ) ;
#7454 = CARTESIAN_POINT ( 'NONE',  ( -13.07794137275114643, -9.441969311225619776, -12.76265257909544815 ) ) ;
#7455 = CARTESIAN_POINT ( 'NONE',  ( -18.61441083986946410, 6.149361611094694702, 7.872500263360440620 ) ) ;
#7456 = CARTESIAN_POINT ( 'NONE',  ( -19.11192111869715404, 2.675192490305866588, -9.152848853627187253 ) ) ;
#7457 = CARTESIAN_POINT ( 'NONE',  ( -3.076464363268384350, 15.44238129326575759, 19.91070618561290928 ) ) ;
#7458 = CARTESIAN_POINT ( 'NONE',  ( -20.00000000000002842, 9.979968685455272492, -0.7330456565021881143 ) ) ;
#7459 = CARTESIAN_POINT ( 'NONE',  ( -16.61535432243107380, -3.202601448420528296, 13.18260135469517635 ) ) ;
#7460 = CARTESIAN_POINT ( 'NONE',  ( -4.628664136905067394, 2.313239866753348917, -34.63954173513246104 ) ) ;
#7461 = CARTESIAN_POINT ( 'NONE',  ( 3.000000000000000000, 19.99999999999999645, 38.49999999999999289 ) ) ;
#7462 = CARTESIAN_POINT ( 'NONE',  ( -11.89432183867256043, 10.56423044125806499, 12.08114646968881267 ) ) ;
#7463 = CARTESIAN_POINT ( 'NONE',  ( -17.84329871194169570, -0.4701183710719014641, -11.70836550728954073 ) ) ;
#7464 = CARTESIAN_POINT ( 'NONE',  ( -9.536743909025517496, 12.51744059944750731, -8.574737320927591000 ) ) ;
#7465 = CARTESIAN_POINT ( 'NONE',  ( -4.999999999999985789, -12.44862432635685501, 30.04695997521001161 ) ) ;
#7466 = CARTESIAN_POINT ( 'NONE',  ( -4.849999999999996092, 15.81780785821802482, 9.557070928530848164 ) ) ;
#7467 = EDGE_CURVE ( 'NONE', #2602, #1647, #8301, .T. ) ;
#7468 = CARTESIAN_POINT ( 'NONE',  ( -5.007516896672688844, 15.74699324133352896, -16.65316346719375318 ) ) ;
#7469 = CARTESIAN_POINT ( 'NONE',  ( -4.568347260973751212, -15.92266109561048637, -19.53638202267162782 ) ) ;
#7470 = CARTESIAN_POINT ( 'NONE',  ( -16.19244848532237313, -8.024020960949293624, -9.153802837171777895 ) ) ;
#7471 = CARTESIAN_POINT ( 'NONE',  ( -4.628609323645897611, -14.82152330911474358, -12.42604799108339364 ) ) ;
#7472 = CARTESIAN_POINT ( 'NONE',  ( -15.48657295975456982, -7.492853179027122223, -11.50455641519335082 ) ) ;
#7473 = CARTESIAN_POINT ( 'NONE',  ( -5.040425879202956594, 15.73382964831882624, 19.92958787250396213 ) ) ;
#7474 = CARTESIAN_POINT ( 'NONE',  ( -4.325885164930904914, -6.950851701797039262, -33.24318766368315181 ) ) ;
#7475 = CARTESIAN_POINT ( 'NONE',  ( -20.00000000000001776, -9.967990030704834581, 6.338487934139149793 ) ) ;
#7476 = B_SPLINE_CURVE_WITH_KNOTS ( 'NONE', 3,
 ( #7598, #1800, #3702, #7555, #3099, #6343, #1884, #8234, #4971, #3010, #5058, #4368, #3787, #2469, #1118, #7015, #2973, #1840, #4324, #6927, #4415, #1074, #5632, #6845, #1252, #581, #4932, #454, #6972, #7512, #3145, #6300, #5557, #6887, #2383, #5594, #5720, #8149, #1758, #1161, #8275, #2515, #5103, #6260, #4282, #7474, #494, #8112, #5675, #3743, #3053, #2427, #535, #7643, #2344, #8189, #4462, #6180, #666, #625, #7177, #2087, #3950, #2049, #7766 ),
 .UNSPECIFIED., .F., .F.,
 ( 4, 2, 2, 1, 2, 2, 2, 2, 2, 2, 2, 2, 2, 2, 2, 2, 2, 2, 2, 2, 2, 2, 2, 2, 2, 2, 2, 2, 2, 2, 2, 2, 4 ),
 ( -0.001968544778958931669, 0.005897993419379786786, 0.009831262518549143195, 0.01179789706813382313, 0.01278121434292615703, 0.01376453161771849093, 0.01769780071688785428, 0.01966443526647253248, 0.02163106981605721416, 0.02359770436564188889, 0.02458102164043423493, 0.02556433891522657750, 0.02753097346481127652, 0.02851429073960362257, 0.02949760801439596861, 0.03343087711356534236, 0.03441419438835768146, 0.03539751166315002057, 0.03736414621273469877, 0.03933078076231937698, 0.04129741531190406212, 0.04228073258669640122, 0.04326404986148874032, 0.04523068441107340465, 0.04621400168586574375, 0.04719731896065808285, 0.04916395351024277494, 0.05113058805982745314, 0.05211390533461979224, 0.05309722260941213134, 0.05506385715899680261, 0.05703049170858148081, 0.06096376080775082335 ),
 .UNSPECIFIED. ) ;
#7477 = CARTESIAN_POINT ( 'NONE',  ( -2.439454888092389414E-16, 16.60987147892582882, -21.52121607809960224 ) ) ;
#7478 = CARTESIAN_POINT ( 'NONE',  ( -12.08702833835585544, -11.77116728754493025, 4.232104856187346442 ) ) ;
#7479 =( NAMED_UNIT ( * ) PLANE_ANGLE_UNIT ( ) SI_UNIT ( $, .RADIAN. ) );
#7480 = VECTOR ( 'NONE', #7645, 1000.000000000000000 ) ;
#7481 = CARTESIAN_POINT ( 'NONE',  ( -3.076488845398438698, 7.055422350065783554, 33.76477133991943447 ) ) ;
#7482 = CARTESIAN_POINT ( 'NONE',  ( -4.628609323645895834, 14.82152330911474003, -15.75971667864660475 ) ) ;
#7483 = CARTESIAN_POINT ( 'NONE',  ( -4.543783554432559768, -15.93248657822698888, 19.88147406731366118 ) ) ;
#7484 = CARTESIAN_POINT ( 'NONE',  ( -9.399145860090760252, 11.78206270873575434, -15.69623719851059462 ) ) ;
#7485 = CARTESIAN_POINT ( 'NONE',  ( -5.868324934436031981, 3.668692082442567060, -33.81694116772629854 ) ) ;
#7486 = CARTESIAN_POINT ( 'NONE',  ( -14.15718538858766351, 6.288852839215016033, 15.63096953126448874 ) ) ;
#7487 = CARTESIAN_POINT ( 'NONE',  ( -5.531638119416884436, -15.37574132022633400, -20.47630414023478806 ) ) ;
#7488 = CARTESIAN_POINT ( 'NONE',  ( -20.00000000000000000, -6.712578825597357302, -7.442380029369886074 ) ) ;
#7489 = CARTESIAN_POINT ( 'NONE',  ( -13.08193220972800219, -9.451575358344729949, 12.71848428164200051 ) ) ;
#7490 = CARTESIAN_POINT ( 'NONE',  ( -13.08346923388677219, -9.467427514493495622, -12.65997197369549276 ) ) ;
#7491 = ADVANCED_FACE ( 'NONE', ( #4046 ), #6729, .T. ) ;
#7492 = ORIENTED_EDGE ( 'NONE', *, *, #5032, .F. ) ;
#7493 = CARTESIAN_POINT ( 'NONE',  ( -16.75232824122857167, -7.111490208847708772, -9.677832847702330099 ) ) ;
#7494 = CARTESIAN_POINT ( 'NONE',  ( -19.23719144176465790, 5.803374512540225183, 7.330906904490101184 ) ) ;
#7495 = CARTESIAN_POINT ( 'NONE',  ( -4.171035507046962465, 9.486976080176752646, -31.86374403511170428 ) ) ;
#7496 = FACE_OUTER_BOUND ( 'NONE', #3516, .T. ) ;
#7497 = CARTESIAN_POINT ( 'NONE',  ( -18.17707944558742028, 4.729419653214014474, -11.74567851586800771 ) ) ;
#7498 = B_SPLINE_CURVE_WITH_KNOTS ( 'NONE', 3,
 ( #4087, #1558, #3422, #343 ),
 .UNSPECIFIED., .F., .F.,
 ( 4, 4 ),
 ( 0.0000000000000000000, 0.0003460059111992565967 ),
 .UNSPECIFIED. ) ;
#7499 = CARTESIAN_POINT ( 'NONE',  ( -6.701915743244831525, -10.78478639991437760, 25.55514521046766063 ) ) ;
#7500 = CARTESIAN_POINT ( 'NONE',  ( 0.02782555748663911518, 16.68409726156776429, -19.80719866515616090 ) ) ;
#7501 = CARTESIAN_POINT ( 'NONE',  ( -5.463778351735994576, 15.45035907152953314, -19.88677255517982800 ) ) ;
#7502 = CARTESIAN_POINT ( 'NONE',  ( -19.30636368918406021, 6.660290390067665101, 6.464977180791199096 ) ) ;
#7503 = CARTESIAN_POINT ( 'NONE',  ( -14.10630830514927325, -1.291701972937576048, -18.03963338515780634 ) ) ;
#7504 = CARTESIAN_POINT ( 'NONE',  ( -4.515416832580752882, 14.87495731894252238, -15.44688768196667894 ) ) ;
#7505 = CARTESIAN_POINT ( 'NONE',  ( -4.999999999999997335, -2.268150944839675276E-12, -35.86672095836963337 ) ) ;
#7506 = CARTESIAN_POINT ( 'NONE',  ( -4.628682092164918771, -14.50662611276959346, -23.49233661598452017 ) ) ;
#7507 = CARTESIAN_POINT ( 'NONE',  ( -5.000000000000004441, -15.75000000000000000, -4.407281562878794468 ) ) ;
#7508 = CARTESIAN_POINT ( 'NONE',  ( -13.15803645301086178, -10.10671508488725934, -10.19020360397755809 ) ) ;
#7509 = CARTESIAN_POINT ( 'NONE',  ( 0.02782555748655090450, -16.68409726156771455, -4.507441110842305143 ) ) ;
#7510 = CARTESIAN_POINT ( 'NONE',  ( -15.49504858194031165, -7.591213071478647656, -11.32591414265640672 ) ) ;
#7511 = CARTESIAN_POINT ( 'NONE',  ( -20.00000000000002487, 10.74957056309754755, 4.411084783375569529 ) ) ;
#7512 = CARTESIAN_POINT ( 'NONE',  ( -4.316541401292958824, 5.048829016379142054, -34.12821527873132510 ) ) ;
#7513 = CARTESIAN_POINT ( 'NONE',  ( -18.28656557800652749, -7.212235193769566344, 9.326985156742216176 ) ) ;
#7514 = CYLINDRICAL_SURFACE ( 'NONE', #7078, 3.999999999999996447 ) ;
#7515 = CARTESIAN_POINT ( 'NONE',  ( -7.094861655991259397, -13.76952930436734057, 6.669267851194538466 ) ) ;
#7516 = APPLICATION_CONTEXT ( 'automotive_design' ) ;
#7517 = LINE ( 'NONE', #4372, #130 ) ;
#7518 = DIRECTION ( 'NONE',  ( -1.000000000000000000, -0.0000000000000000000, -0.0000000000000000000 ) ) ;
#7519 = CARTESIAN_POINT ( 'NONE',  ( 0.02788675447622393500, -0.7322999744327819416, 36.69728852523795837 ) ) ;
#7520 = AXIS2_PLACEMENT_3D ( 'NONE', #6089, #4751, #2206 ) ;
#7521 = CARTESIAN_POINT ( 'NONE',  ( -12.11708159410917673, 11.94164207641250819, 1.441405533346276524 ) ) ;
#7522 = CARTESIAN_POINT ( 'NONE',  ( -5.865906254950099097, 0.9079978032451171410, 34.24342073897197736 ) ) ;
#7523 = CARTESIAN_POINT ( 'NONE',  ( -16.15260866379184179, 7.632256101828024164, -9.943839421544966584 ) ) ;
#7524 = CARTESIAN_POINT ( 'NONE',  ( -5.004780400455963729, -6.454652802562062419, -34.37429142411889416 ) ) ;
#7525 = CARTESIAN_POINT ( 'NONE',  ( -19.11976180061662589, 2.904544772920963691, 9.064848435698074525 ) ) ;
#7526 = CARTESIAN_POINT ( 'NONE',  ( -5.873685895054123307, 9.752315557387920109, -30.74489143522002976 ) ) ;
#7527 = CARTESIAN_POINT ( 'NONE',  ( -4.525595326351320224, 15.93976186945954687, 19.99999998973654058 ) ) ;
#7528 = ORIENTED_EDGE ( 'NONE', *, *, #6319, .T. ) ;
#7529 = CARTESIAN_POINT ( 'NONE',  ( -19.23989209877497686, -5.796978393927028961, 7.332510433340173606 ) ) ;
#7530 = CARTESIAN_POINT ( 'NONE',  ( -18.61892083990753477, -6.168288801933039522, -7.847900484935929732 ) ) ;
#7531 = ORIENTED_EDGE ( 'NONE', *, *, #7108, .F. ) ;
#7532 = ORIENTED_EDGE ( 'NONE', *, *, #2219, .F. ) ;
#7533 = CARTESIAN_POINT ( 'NONE',  ( -4.464989999330330583, 14.90515393134797328, 19.76747321782600864 ) ) ;
#7534 = CARTESIAN_POINT ( 'NONE',  ( -9.230047509101227732, 10.46597129713137520, -20.39999785298648050 ) ) ;
#7535 = CARTESIAN_POINT ( 'NONE',  ( -18.63876393066458093, -10.49660017357448893, 0.8563076784113924367 ) ) ;
#7536 = DIRECTION ( 'NONE',  ( -1.000000000000000000, -0.0000000000000000000, -0.0000000000000000000 ) ) ;
#7537 = CARTESIAN_POINT ( 'NONE',  ( -4.262192456371066918, -13.74350578255215183, 26.27005192662651467 ) ) ;
#7538 = CARTESIAN_POINT ( 'NONE',  ( -1.524319402890892627, 16.06323927741675561, -19.93266287798615011 ) ) ;
#7539 = PRESENTATION_STYLE_ASSIGNMENT (( #2995 ) ) ;
#7540 = CARTESIAN_POINT ( 'NONE',  ( -4.308934940571166550, 0.5806704844941988908, 34.94207258559277562 ) ) ;
#7541 = CARTESIAN_POINT ( 'NONE',  ( -18.70465046073169901, 7.175288756590759931, 6.624680952214421659 ) ) ;
#7542 = CARTESIAN_POINT ( 'NONE',  ( -4.137816302371351895, 2.763075879772564747, -35.03030083286957108 ) ) ;
#7543 = CARTESIAN_POINT ( 'NONE',  ( -5.000000000000006217, -4.076600168545496672E-14, 36.14934116196368308 ) ) ;
#7544 = CARTESIAN_POINT ( 'NONE',  ( -19.00000000000000000, 6.972096540092303840, -6.499806564173252532 ) ) ;
#7545 = CARTESIAN_POINT ( 'NONE',  ( -15.75953193112057704, 9.867526206502150288, -5.224703956786290959 ) ) ;
#7546 = EDGE_CURVE ( 'NONE', #1246, #620, #7361, .T. ) ;
#7547 = CARTESIAN_POINT ( 'NONE',  ( -14.10707837616095972, 0.7719263138152656634, 18.11201918313076575 ) ) ;
#7548 = CARTESIAN_POINT ( 'NONE',  ( -4.850000000000004974, 15.80651549583913429, -2.264826780978834719E-12 ) ) ;
#7549 = CARTESIAN_POINT ( 'NONE',  ( -4.565611294294661171, 15.92375548228214299, -19.62187866442820550 ) ) ;
#7550 = CARTESIAN_POINT ( 'NONE',  ( -5.410200608519549093, -15.48986805926697663, -19.48839717927405601 ) ) ;
#7551 = CARTESIAN_POINT ( 'NONE',  ( -18.10857428636362698, -7.671637787912485962, -6.718084441568052512 ) ) ;
#7552 = CARTESIAN_POINT ( 'NONE',  ( -1.524319402891593844, -16.06323927741645363, -19.69609709406141462 ) ) ;
#7553 = CARTESIAN_POINT ( 'NONE',  ( -15.46281720855901476, -7.179861655370811668, -12.03225572073691119 ) ) ;
#7554 = CARTESIAN_POINT ( 'NONE',  ( -5.000144964155470717, -15.74994201438088659, -2.937893505741211886 ) ) ;
#7555 = CARTESIAN_POINT ( 'NONE',  ( -4.582199768265781792, 14.84008713126679524, -13.58476310633323259 ) ) ;
#7556 = CARTESIAN_POINT ( 'NONE',  ( -19.99999999999651479, -3.309915842384208329, 9.516909932815387663 ) ) ;
#7557 = CARTESIAN_POINT ( 'NONE',  ( 2.439454888092377088E-16, -4.062474686148719094, -36.17701077715453550 ) ) ;
#7558 = CARTESIAN_POINT ( 'NONE',  ( -4.591316764084504953, -14.83732370871068262, 8.898709624309274702 ) ) ;
#7559 = CARTESIAN_POINT ( 'NONE',  ( -19.00000000000000355, 1.428594159737147873, 9.623481666890198127 ) ) ;
#7560 = SURFACE_SIDE_STYLE ('',( #3150 ) ) ;
#7561 = CARTESIAN_POINT ( 'NONE',  ( -4.628906040419296097, -11.06406502277844339, 29.86232383986806838 ) ) ;
#7562 = CARTESIAN_POINT ( 'NONE',  ( -17.10475469061582388, 10.05038500578102045, -0.6291066371578972749 ) ) ;
#7563 = CARTESIAN_POINT ( 'NONE',  ( -5.866453807858327707, -11.51316508298988239, 28.99563403936398132 ) ) ;
#7564 = CARTESIAN_POINT ( 'NONE',  ( -13.08458733355574033, 9.495622108263484407, -12.56073860726893976 ) ) ;
#7565 = CARTESIAN_POINT ( 'NONE',  ( -5.021371264064670825, -11.81462180289272013, -30.45411250923111623 ) ) ;
#7566 = CARTESIAN_POINT ( 'NONE',  ( -16.72618977801397122, 6.833736923377602857, 10.15061876866024981 ) ) ;
#7567 = CARTESIAN_POINT ( 'NONE',  ( -20.00000000000003197, -4.385908443843097082, -12.63261254997766514 ) ) ;
#7568 = DIRECTION ( 'NONE',  ( -1.000000000000000000, -0.0000000000000000000, -0.0000000000000000000 ) ) ;
#7569 = ORIENTED_EDGE ( 'NONE', *, *, #6296, .T. ) ;
#7570 = CARTESIAN_POINT ( 'NONE',  ( -19.24093062085368544, -5.811199030108618935, 7.319693098084738558 ) ) ;
#7571 = CIRCLE ( 'NONE', #1930, 17.75000000000000711 ) ;
#7572 = EDGE_CURVE ( 'NONE', #650, #5543, #8197, .T. ) ;
#7573 = CARTESIAN_POINT ( 'NONE',  ( -11.85472463354538064, -10.23162818680797770, -13.72070904568442096 ) ) ;
#7574 = VERTEX_POINT ( 'NONE', #4213 ) ;
#7575 = CARTESIAN_POINT ( 'NONE',  ( -11.85322353336528423, 10.23256736044518256, 13.72198594291582019 ) ) ;
#7576 = CARTESIAN_POINT ( 'NONE',  ( -18.52631959823277441, 4.519314692293057156, -9.265829779741009631 ) ) ;
#7577 = CARTESIAN_POINT ( 'NONE',  ( -18.59506977050972765, -10.17416063631450029, 3.119836049089893759 ) ) ;
#7578 = CARTESIAN_POINT ( 'NONE',  ( -19.99999999999934630, 3.310837117839518395, -9.516560315822088612 ) ) ;
#7579 = CARTESIAN_POINT ( 'NONE',  ( -15.43986546914383950, -6.714800491685232409, 12.67805330077434967 ) ) ;
#7580 = CARTESIAN_POINT ( 'NONE',  ( 0.02782555748663913947, 16.68409726156776429, -19.74520532003445439 ) ) ;
#7581 = DIRECTION ( 'NONE',  ( 0.0000000000000000000, 0.0000000000000000000, 1.000000000000000000 ) ) ;
#7582 = ORIENTED_EDGE ( 'NONE', *, *, #7214, .F. ) ;
#7583 = CARTESIAN_POINT ( 'NONE',  ( -4.311468449418031312, -2.678834710775698014, 34.76392595253843609 ) ) ;
#7584 = CARTESIAN_POINT ( 'NONE',  ( -11.87276465510876555, 10.39531267510074741, 12.92494695889451961 ) ) ;
#7585 = CARTESIAN_POINT ( 'NONE',  ( -15.97398501329825038, 0.2268394368740094535, -14.92157227233609262 ) ) ;
#7586 = CARTESIAN_POINT ( 'NONE',  ( 0.0000000000000000000, 12.98752371685952056, 32.77349878216980272 ) ) ;
#7587 = CARTESIAN_POINT ( 'NONE',  ( -19.00000000000000355, -5.675567684431753968, -7.760292205152921952 ) ) ;
#7588 = CARTESIAN_POINT ( 'NONE',  ( -18.92484454640064229, 8.997054618429617179, -2.768978652213357261 ) ) ;
#7589 = CARTESIAN_POINT ( 'NONE',  ( -17.22379038506470650, -0.8984369687088940015, 12.73684685808368222 ) ) ;
#7590 = CARTESIAN_POINT ( 'NONE',  ( -20.00000000000001066, 4.668421124400919275, 8.898953193294520503 ) ) ;
#7591 = CARTESIAN_POINT ( 'NONE',  ( -4.570928180907562144, 15.92162872763697834, -19.45591497029184680 ) ) ;
#7592 = CARTESIAN_POINT ( 'NONE',  ( -4.564944858494976110, -15.92402205660200742, -19.64199407744153802 ) ) ;
#7593 = CARTESIAN_POINT ( 'NONE',  ( -6.966550684336834109, -13.43526378334638061, -15.56166997079279213 ) ) ;
#7594 = ADVANCED_FACE ( 'NONE', ( #6776 ), #2654, .F. ) ;
#7595 = CARTESIAN_POINT ( 'NONE',  ( -4.628609323645896723, -14.82152330911473292, -19.99999998980447202 ) ) ;
#7596 = CARTESIAN_POINT ( 'NONE',  ( -17.89494738663638884, -4.632362112873821047, -10.23503302203676135 ) ) ;
#7597 = CARTESIAN_POINT ( 'NONE',  ( -20.00000000000002842, 6.964612929263965135, -10.69255591891182178 ) ) ;
#7598 = CARTESIAN_POINT ( 'NONE',  ( -4.628609323644993445, 14.82152330911510774, -4.407281562882381820 ) ) ;
#7599 = CARTESIAN_POINT ( 'NONE',  ( -18.18464271504748808, -5.044837252351273449, 11.52404637938778365 ) ) ;
#7600 = B_SPLINE_CURVE_WITH_KNOTS ( 'NONE', 3,
 ( #3299, #5831, #7077, #690, #7117, #2034, #2704, #730, #3213, #1277, #5291, #73, #6367, #6453, #1319, #6997, #1233, #110, #34, #2623, #7794, #4489, #3893, #2538, #3814, #4614, #3171, #6412, #7159, #5788, #6534, #1991, #8299, #2580, #5210, #7751, #769, #4572, #1363, #889, #7366, #5453, #7998, #4050, #3383, #6573, #2745, #4655, #4777, #6032, #6616, #4092, #3469, #5412 ),
 .UNSPECIFIED., .F., .F.,
 ( 4, 2, 2, 2, 2, 2, 2, 2, 2, 2, 2, 2, 2, 2, 2, 2, 2, 2, 2, 2, 2, 2, 2, 2, 2, 2, 4 ),
 ( 0.03913184445645818271, 0.04035471459572254060, 0.04157758473498689156, 0.04280045487425124945, 0.04402332501351560040, 0.04646906529204430925, 0.04769193543130866020, 0.04891480557057301809, 0.05013767570983736904, 0.05136054584910172693, 0.05380628612763042884, 0.05625202640615913074, 0.05747489654542348864, 0.05869776668468783265, 0.06114350696321654149, 0.06236637710248089245, 0.06358924724174523646, 0.06603498752027395224, 0.06725785765953828932, 0.06848072779880264027, 0.06970359793806699122, 0.07092646807733135605, 0.07214933821659569313, 0.07337220835586005796, 0.07459507849512439503, 0.07581794863438874599, 0.07826368891291744789 ),
 .UNSPECIFIED. ) ;
#7601 = CARTESIAN_POINT ( 'NONE',  ( 1.626303258728257637E-16, -16.64401721031889991, -20.98495641677762436 ) ) ;
#7602 = CARTESIAN_POINT ( 'NONE',  ( -14.59073513937215871, -10.85633131193642420, 2.723352488070506006 ) ) ;
#7603 = CARTESIAN_POINT ( 'NONE',  ( 0.0000000000000000000, -19.99999999999999645, -36.50000000000000711 ) ) ;
#7604 = CYLINDRICAL_SURFACE ( 'NONE', #2806, 2.000000000000001776 ) ;
#7605 = VERTEX_POINT ( 'NONE', #6021 ) ;
#7606 = CARTESIAN_POINT ( 'NONE',  ( 0.02782544905094235660, -16.68372187876033408, 20.11119659162129025 ) ) ;
#7607 = CARTESIAN_POINT ( 'NONE',  ( -14.61069722392523751, 10.99360707696100725, 0.2683007044335131153 ) ) ;
#7608 = CARTESIAN_POINT ( 'NONE',  ( -5.866827337537958265, -1.848852639197491987, 34.17730331170889713 ) ) ;
#7609 = CARTESIAN_POINT ( 'NONE',  ( -17.38030233109521561, 6.871648777384327111, -8.939386127054724795 ) ) ;
#7610 = CARTESIAN_POINT ( 'NONE',  ( -3.549302978795843000, -9.939647325032577641, -32.96726087598761978 ) ) ;
#7611 = CARTESIAN_POINT ( 'NONE',  ( -12.93529243974415976, 7.747786814129943522, 16.45362930711331728 ) ) ;
#7612 = CARTESIAN_POINT ( 'NONE',  ( -18.62372661316857148, 10.38647123390696692, 1.993583074975581404 ) ) ;
#7613 = CARTESIAN_POINT ( 'NONE',  ( -5.438169550285834042, 15.46925583933688308, 19.76413588022411716 ) ) ;
#7614 = VERTEX_POINT ( 'NONE', #1512 ) ;
#7615 = CARTESIAN_POINT ( 'NONE',  ( -17.38187261942228901, -6.857457994438091120, 8.955598659511599280 ) ) ;
#7616 = CARTESIAN_POINT ( 'NONE',  ( -17.38195999170763528, -6.858478370203146213, -8.954088743921497340 ) ) ;
#7617 = VERTEX_POINT ( 'NONE', #7355 ) ;
#7618 = EDGE_CURVE ( 'NONE', #6661, #5493, #1048, .T. ) ;
#7619 = CARTESIAN_POINT ( 'NONE',  ( -15.53468290025409182, 7.958476094814982638, 10.56457235103059489 ) ) ;
#7620 = CARTESIAN_POINT ( 'NONE',  ( -9.200669120407575008, 9.712756105115825989, -21.64097346233411301 ) ) ;
#7621 = PLANE ( 'NONE',  #1659 ) ;
#7622 = DIRECTION ( 'NONE',  ( 0.0000000000000000000, 0.0000000000000000000, 1.000000000000000000 ) ) ;
#7623 = CARTESIAN_POINT ( 'NONE',  ( -4.850000000000013856, -9.336730092468798148, 33.09950458711302446 ) ) ;
#7624 = CARTESIAN_POINT ( 'NONE',  ( -17.89208472642113890, -4.377561966129799309, 10.38364892807530815 ) ) ;
#7625 = CARTESIAN_POINT ( 'NONE',  ( -4.628609323645894946, 14.82152330911474714, -19.99373595340007981 ) ) ;
#7626 = DIRECTION ( 'NONE',  ( 0.0000000000000000000, 0.0000000000000000000, -1.000000000000000000 ) ) ;
#7627 = CARTESIAN_POINT ( 'NONE',  ( -4.387580108901217635, 12.56694923604013070, 28.06447626454689726 ) ) ;
#7628 = CARTESIAN_POINT ( 'NONE',  ( -16.19006739582733090, 8.025363476496959692, 9.155599613187973773 ) ) ;
#7629 = CARTESIAN_POINT ( 'NONE',  ( -9.124352912799096771, 2.824104123589297188, -26.34828406870204276 ) ) ;
#7630 = CARTESIAN_POINT ( 'NONE',  ( -19.00000000000000355, 8.052447468117433615, -4.967460056954406511 ) ) ;
#7631 = CARTESIAN_POINT ( 'NONE',  ( -19.00000000000001066, -4.645970736711253046, -8.469422815358504053 ) ) ;
#7632 = CARTESIAN_POINT ( 'NONE',  ( -7.109827890302252484, 13.80534831121932271, -5.252082228846935763 ) ) ;
#7633 = CARTESIAN_POINT ( 'NONE',  ( -12.86190846793122944, -1.510192359380820637, 20.16876416772601033 ) ) ;
#7634 = CARTESIAN_POINT ( 'NONE',  ( -4.850000000000017408, -15.21612629098973990, 25.78416917158456556 ) ) ;
#7635 = CARTESIAN_POINT ( 'NONE',  ( -4.560880098585964326, 15.92564796056562137, -19.71732719990890814 ) ) ;
#7636 = ORIENTED_EDGE ( 'NONE', *, *, #4734, .F. ) ;
#7637 = CARTESIAN_POINT ( 'NONE',  ( -5.413677176136069136, -15.48632185420935770, -19.65776779972998511 ) ) ;
#7638 = CARTESIAN_POINT ( 'NONE',  ( -18.63747830254464333, -6.399136710214211377, -7.593034957615807379 ) ) ;
#7639 = CARTESIAN_POINT ( 'NONE',  ( -4.628609323645682672, -14.82152330911481819, -19.97260660869935123 ) ) ;
#7640 = VECTOR ( 'NONE', #5872, 1000.000000000000000 ) ;
#7641 = CARTESIAN_POINT ( 'NONE',  ( -18.53513998321800216, -4.744966163317833718, -9.105126457322089806 ) ) ;
#7642 = DIRECTION ( 'NONE',  ( -1.000000000000000000, -0.0000000000000000000, -0.0000000000000000000 ) ) ;
#7643 = CARTESIAN_POINT ( 'NONE',  ( -4.368419429832461454, -11.45903598276828284, -29.58549282569777006 ) ) ;
#7644 = CARTESIAN_POINT ( 'NONE',  ( -20.00000000000002842, -6.026938394555494405, 11.51346137731150066 ) ) ;
#7645 = DIRECTION ( 'NONE',  ( -0.0000000000000000000, -0.0000000000000000000, 1.000000000000000000 ) ) ;
#7646 = CARTESIAN_POINT ( 'NONE',  ( -19.59599573021744945, -9.066895003605337067, -0.9058582094829343845 ) ) ;
#7647 = CIRCLE ( 'NONE', #4807, 24.25000000000000000 ) ;
#7648 = CARTESIAN_POINT ( 'NONE',  ( -19.00000000000000000, -6.389992434959967937, -7.147937520953458801 ) ) ;
#7649 = CARTESIAN_POINT ( 'NONE',  ( -1.524253318476180841, -7.790749339635436144, 34.04703956871336601 ) ) ;
#7650 = CARTESIAN_POINT ( 'NONE',  ( -11.84679458594797019, -10.20265575100114219, -13.87611219131588847 ) ) ;
#7651 = CARTESIAN_POINT ( 'NONE',  ( -17.09595436788759670, 9.992686716121392365, -1.491695027076508584 ) ) ;
#7652 = CARTESIAN_POINT ( 'NONE',  ( -5.871718339107445672, -6.280283820495175640, 32.90238321670228316 ) ) ;
#7653 = CARTESIAN_POINT ( 'NONE',  ( -14.30689719854261988, 8.700477389566698250, -11.63323134363225719 ) ) ;
#7654 = CARTESIAN_POINT ( 'NONE',  ( -5.866700399542245314, -1.831174916236598893, -34.15844879316781402 ) ) ;
#7655 = CARTESIAN_POINT ( 'NONE',  ( -17.86393174150684260, 2.953548164565409806, 11.13524514846218061 ) ) ;
#7656 = CARTESIAN_POINT ( 'NONE',  ( -18.40042420244765253, 8.506989982791285598, -7.346185339570038941 ) ) ;
#7657 = CARTESIAN_POINT ( 'NONE',  ( -5.040425879202992121, 15.73382964831882802, 19.92958787250396924 ) ) ;
#7658 = ORIENTED_EDGE ( 'NONE', *, *, #2838, .T. ) ;
#7659 = CARTESIAN_POINT ( 'NONE',  ( -9.395332489686676780, -11.75840463707645256, 15.90883515617973210 ) ) ;
#7660 = CARTESIAN_POINT ( 'NONE',  ( -15.53769212175036429, -7.965340162682879033, -10.54446375123190371 ) ) ;
#7661 = VERTEX_POINT ( 'NONE', #337 ) ;
#7662 = CARTESIAN_POINT ( 'NONE',  ( -16.76266100453618790, 7.217303238036563151, 9.500279537048406553 ) ) ;
#7663 = CARTESIAN_POINT ( 'NONE',  ( -15.41661275798293929, 6.159635458516231843, -13.31232205999870644 ) ) ;
#7664 = DIRECTION ( 'NONE',  ( -1.000000000000000000, 0.0000000000000000000, 0.0000000000000000000 ) ) ;
#7665 = CYLINDRICAL_SURFACE ( 'NONE', #4287, 2.000000000000008882 ) ;
#7666 = CARTESIAN_POINT ( 'NONE',  ( -20.00000000000000711, -3.380946489628878115, 9.438378003944071892 ) ) ;
#7667 = CARTESIAN_POINT ( 'NONE',  ( -6.690472280036725117, -10.21577198578045298, 26.23080085493791103 ) ) ;
#7668 = AXIS2_PLACEMENT_3D ( 'NONE', #1420, #6469, #4551 ) ;
#7669 =( BOUNDED_SURFACE ( )  B_SPLINE_SURFACE ( 3, 2, ( 
 ( #3636, #6731, #6194 ),
 ( #6819, #4298, #925 ),
 ( #3676, #7363, #345 ),
 ( #1690, #7409, #1729 ),
 ( #2189, #4255, #3555 ),
 ( #1600, #2944, #4774 ),
 ( #4173, #6111, #2902 ),
 ( #6859, #5490, #8040 ),
 ( #1045, #2272, #5409 ),
 ( #3512, #4861, #6071 ),
 ( #1644, #6688, #7325 ),
 ( #1560, #306, #2860 ),
 ( #429, #2984, #4903 ),
 ( #4215, #6778, #4132 ),
 ( #6153, #1087, #387 ),
 ( #8125, #5450, #1006 ),
 ( #7995, #3597, #6235 ),
 ( #5530, #8086, #2314 ),
 ( #2819, #5072, #6986 ),
 ( #7613, #5118, #1267 ),
 ( #6357, #3844, #3716 ),
 ( #2441, #8204, #1853 ),
 ( #5646, #3202, #550 ),
 ( #1813, #7657, #6400 ) ),
 .UNSPECIFIED., .F., .F., .F. ) 
 B_SPLINE_SURFACE_WITH_KNOTS ( ( 4, 2, 2, 2, 2, 2, 2, 2, 2, 2, 2, 4 ),
 ( 3, 3 ),
 ( -8.575211445966299489E-05, 0.007643560639286876672, 0.01150821701616014728, 0.01344054520459678215, 0.01440670929881509958, 0.01488979134592425743, 0.01513133236947883722, 0.01514642868345099889, 0.01516152499742316057, 0.01519171762536748217, 0.01525210288125612712, 0.01537287339303341702 ),
 ( 0.0000000000000000000, 1.000000000000000000 ),
 .UNSPECIFIED. ) 
 GEOMETRIC_REPRESENTATION_ITEM ( )  RATIONAL_B_SPLINE_SURFACE ( (
 ( 1.000000000000000000, 1.000000000000000000, 1.000000000000000000),
 ( 1.000000000000000000, 1.000010640293852449, 1.000000000000000000),
 ( 1.000000000000000000, 0.9998819698204293172, 1.000000000000000000),
 ( 1.000000000000000000, 0.9987728769423134256, 1.000000000000000000),
 ( 1.000000000000000000, 0.9982544079680852889, 1.000000000000000000),
 ( 1.000000000000000000, 0.9972671256066349965, 1.000000000000000000),
 ( 1.000000000000000000, 0.9969039703757374138, 1.000000000000000000),
 ( 1.000000000000000000, 0.9963161219678813296, 1.000000000000000000),
 ( 1.000000000000000000, 0.9961130204805273003, 1.000000000000000000),
 ( 1.000000000000000000, 0.9957988750264392674, 1.000000000000000000),
 ( 1.000000000000000000, 0.9956925789387788273, 1.000000000000000000),
 ( 1.000000000000000000, 0.9955309270405762190, 1.000000000000000000),
 ( 1.000000000000000000, 0.9954766751660469870, 1.000000000000000000),
 ( 1.000000000000000000, 0.9954186564289196903, 1.000000000000000000),
 ( 1.000000000000000000, 0.9954304042213338866, 1.000000000000000000),
 ( 1.000000000000000000, 0.9953869714013617864, 1.000000000000000000),
 ( 1.000000000000000000, 0.9953601966768399478, 1.000000000000000000),
 ( 1.000000000000000000, 0.9952872320033359088, 1.000000000000000000),
 ( 1.000000000000000000, 0.9952383905655384222, 1.000000000000000000),
 ( 1.000000000000000000, 0.9950913412235793398, 1.000000000000000000),
 ( 1.000000000000000000, 0.9949926101502173381, 1.000000000000000000),
 ( 1.000000000000000000, 0.9946947990524634964, 1.000000000000000000),
 ( 1.000000000000000000, 0.9944941108144657038, 1.000000000000000000),
 ( 1.000000000000000000, 0.9942922516901493424, 1.000000000000000000) ) ) 
 REPRESENTATION_ITEM ( '' )  SURFACE ( )  );
#7670 = CARTESIAN_POINT ( 'NONE',  ( 3.000000000000000000, -22.00000000000000711, 36.49999999999999289 ) ) ;
#7671 = CARTESIAN_POINT ( 'NONE',  ( -4.362680369035781602, -11.07972944006251304, 30.02550961760590553 ) ) ;
#7672 = CARTESIAN_POINT ( 'NONE',  ( -16.77872120840492443, 7.397743175840528096, 9.192266013575716599 ) ) ;
#7673 = CARTESIAN_POINT ( 'NONE',  ( -15.35213206823318366, 1.158387196286809084, -15.92603283416036142 ) ) ;
#7674 = CARTESIAN_POINT ( 'NONE',  ( -4.999999999999980460, 14.88835088137046725, 26.30226222802336977 ) ) ;
#7675 = CARTESIAN_POINT ( 'NONE',  ( -19.99999999999858957, 1.229564478094390179, 9.942246093515716865 ) ) ;
#7676 = CARTESIAN_POINT ( 'NONE',  ( -15.97658387205580865, 0.6195814075057239911, 14.90783380499819444 ) ) ;
#7677 = CIRCLE ( 'NONE', #425, 22.74999999999999645 ) ;
#7678 = PRESENTATION_LAYER_ASSIGNMENT (  '', '', ( #5542 ) ) ;
#7679 = CARTESIAN_POINT ( 'NONE',  ( -3.076464363268381685, -15.44238129326573628, -19.99999998958218583 ) ) ;
#7680 = CARTESIAN_POINT ( 'NONE',  ( -5.531592489509791655, -15.37580593622261027, 20.47581596505180812 ) ) ;
#7681 = CARTESIAN_POINT ( 'NONE',  ( -16.78122787422921647, -7.396290078008183499, -9.190190638036177972 ) ) ;
#7682 = EDGE_CURVE ( 'NONE', #7843, #6661, #7942, .T. ) ;
#7683 = VERTEX_POINT ( 'NONE', #6642 ) ;
#7684 = CARTESIAN_POINT ( 'NONE',  ( -4.628609323645894946, -14.82152330911472937, -19.85431106715676819 ) ) ;
#7685 = CARTESIAN_POINT ( 'NONE',  ( -14.14124236581575289, -5.502477124693068156, -16.24441524127580294 ) ) ;
#7686 = CARTESIAN_POINT ( 'NONE',  ( -4.978409531723405834, -15.75863618731063909, -2.938279663157325139 ) ) ;
#7687 = CARTESIAN_POINT ( 'NONE',  ( -2.689842413011748423, -11.28889822766079121, -19.85753540949963281 ) ) ;
#7688 = CARTESIAN_POINT ( 'NONE',  ( -19.99999999999864286, -4.998246470055707213, 8.780140278879851934 ) ) ;
#7689 = CARTESIAN_POINT ( 'NONE',  ( -18.13784498782128196, -1.147290784444613188, 13.11977566786061722 ) ) ;
#7690 = CARTESIAN_POINT ( 'NONE',  ( -18.95920782932471127, -9.214558426259040758, -1.703860513124048959 ) ) ;
#7691 = CARTESIAN_POINT ( 'NONE',  ( -19.00000000000000000, -8.495815206854933521, -4.070273163910960612 ) ) ;
#7692 = CARTESIAN_POINT ( 'NONE',  ( -1.524322164221693754, -16.05676768696397261, 20.45335893344904932 ) ) ;
#7693 = CARTESIAN_POINT ( 'NONE',  ( -19.22755100390149963, -5.667648398866552029, -7.450754883747224611 ) ) ;
#7694 = CARTESIAN_POINT ( 'NONE',  ( -7.135198676179530075, 13.86298903250170511, -1.027509055705270846 ) ) ;
#7695 = CARTESIAN_POINT ( 'NONE',  ( -3.424928288705730406, -4.257025975744206825, 35.82594176442928102 ) ) ;
#7696 = CARTESIAN_POINT ( 'NONE',  ( -17.39215464308777115, 7.010071192074095237, -8.734431296385531951 ) ) ;
#7697 = CARTESIAN_POINT ( 'NONE',  ( -5.046299472808974507, -15.73102575386365665, -20.17178554446419980 ) ) ;
#7698 = CARTESIAN_POINT ( 'NONE',  ( -6.661024799453139522, 8.251994969617435061, 28.16394391222797111 ) ) ;
#7699 = CARTESIAN_POINT ( 'NONE',  ( -18.46991138702556157, 9.154214088096965796, 6.065449457100496211 ) ) ;
#7700 = FACE_OUTER_BOUND ( 'NONE', #1257, .T. ) ;
#7701 = CARTESIAN_POINT ( 'NONE',  ( -16.78251661602419986, -7.410106331906129995, 9.165836973536412913 ) ) ;
#7702 = CARTESIAN_POINT ( 'NONE',  ( -14.30873373236351398, -8.697582556912962559, -11.63623666993417238 ) ) ;
#7703 = ORIENTED_EDGE ( 'NONE', *, *, #1785, .T. ) ;
#7704 = CARTESIAN_POINT ( 'NONE',  ( -9.396757307889640032, 11.76683839985009961, 15.83279163185600069 ) ) ;
#7705 = CARTESIAN_POINT ( 'NONE',  ( -6.788999881920278590, 12.68727420253808447, -21.78339197376124758 ) ) ;
#7706 = AXIS2_PLACEMENT_3D ( 'NONE', #6785, #1737, #4305 ) ;
#7707 = CARTESIAN_POINT ( 'NONE',  ( -18.33065468061690240, -7.753888763711009879, 8.556428144202799402 ) ) ;
#7708 = CARTESIAN_POINT ( 'NONE',  ( -4.493670146117322517, -15.95253194155311860, -20.26559562953680782 ) ) ;
#7709 = CARTESIAN_POINT ( 'NONE',  ( -4.849999999999999645, -15.81780785821800706, -9.557070928532022336 ) ) ;
#7710 = CARTESIAN_POINT ( 'NONE',  ( -16.07118573403557349, -6.555896773669910971, 11.65995047779015970 ) ) ;
#7711 = B_SPLINE_CURVE_WITH_KNOTS ( 'NONE', 3,
 ( #5912, #1864, #3974, #7038 ),
 .UNSPECIFIED., .F., .F.,
 ( 4, 4 ),
 ( 0.0000000000000000000, 0.0003460059119581814749 ),
 .UNSPECIFIED. ) ;
#7712 = VECTOR ( 'NONE', #5867, 1000.000000000000000 ) ;
#7713 = B_SPLINE_CURVE_WITH_KNOTS ( 'NONE', 3,
 ( #3855, #3216, #7501, #4310 ),
 .UNSPECIFIED., .F., .F.,
 ( 4, 4 ),
 ( -5.813024609352868724E-08, 0.0003459477786910530850 ),
 .UNSPECIFIED. ) ;
#7714 = CARTESIAN_POINT ( 'NONE',  ( 3.000000000000000000, 18.00000000000000000, 38.49999999999999289 ) ) ;
#7715 = CARTESIAN_POINT ( 'NONE',  ( -11.86572253130565358, 10.33796009877343458, 13.20750636981763826 ) ) ;
#7716 = CARTESIAN_POINT ( 'NONE',  ( -12.86013155558505971, 1.510445443373058305, -20.17179139283175360 ) ) ;
#7717 = CARTESIAN_POINT ( 'NONE',  ( -0.0000000000000000000, -17.74999999999999645, -16.54963531164962021 ) ) ;
#7718 = CARTESIAN_POINT ( 'NONE',  ( -18.27493029913497580, 7.059944785007749246, 9.529842505695317101 ) ) ;
#7719 = CARTESIAN_POINT ( 'NONE',  ( -17.22292131957314254, 0.5195288739298634662, 12.77167070189825537 ) ) ;
#7720 = CARTESIAN_POINT ( 'NONE',  ( 0.02793304489422310938, -5.941093187508160511, -35.59105923207341249 ) ) ;
#7721 = CARTESIAN_POINT ( 'NONE',  ( -4.540487515936259655, 14.85677203219860587, 19.99999998979182791 ) ) ;
#7722 = CARTESIAN_POINT ( 'NONE',  ( -16.78559433261559874, -7.443872920266728421, -9.107287663738631522 ) ) ;
#7723 = ORIENTED_EDGE ( 'NONE', *, *, #6873, .T. ) ;
#7724 = CARTESIAN_POINT ( 'NONE',  ( -3.076464363268156976, -15.44238129326582865, -19.97194414131866935 ) ) ;
#7725 = CARTESIAN_POINT ( 'NONE',  ( -9.246981229549046333, -10.73523888843748075, -19.80053564676315148 ) ) ;
#7726 = EDGE_CURVE ( 'NONE', #1124, #6125, #7400, .T. ) ;
#7727 = CARTESIAN_POINT ( 'NONE',  ( 0.0000000000000000000, -17.75000000000001776, 19.99999999999998934 ) ) ;
#7728 = FILL_AREA_STYLE ('',( #3869 ) ) ;
#7729 = CARTESIAN_POINT ( 'NONE',  ( -4.961299993541908648, -15.76548000258325111, 6.983421377702570432 ) ) ;
#7730 = CARTESIAN_POINT ( 'NONE',  ( 3.000000000000000000, -21.25000000000000355, -41.25000000000000711 ) ) ;
#7731 = CARTESIAN_POINT ( 'NONE',  ( -7.114574752211031416, -13.81477610785183607, -4.598976024411898678 ) ) ;
#7732 = CARTESIAN_POINT ( 'NONE',  ( 0.0000000000000000000, 7.060713750807365408, -36.80004796480866247 ) ) ;
#7733 = CARTESIAN_POINT ( 'NONE',  ( -1.524246980840831434, -14.29073369209140587, 27.56487431906686325 ) ) ;
#7734 = CARTESIAN_POINT ( 'NONE',  ( -17.37347992219822856, -6.794945940193449552, -9.051354835067293436 ) ) ;
#7735 = CARTESIAN_POINT ( 'NONE',  ( -16.98141037885147497, 9.192765766530934357, 5.222212253657760428 ) ) ;
#7736 = CARTESIAN_POINT ( 'NONE',  ( -3.411066271922659876, 2.662556501964188360, 36.17608635586323373 ) ) ;
#7737 = CARTESIAN_POINT ( 'NONE',  ( -16.16100505971455092, 7.723991724773246581, -9.764522118870557321 ) ) ;
#7738 = CARTESIAN_POINT ( 'NONE',  ( -4.529420940935416695, -15.93823162362582124, -19.97713153419717358 ) ) ;
#7739 = CARTESIAN_POINT ( 'NONE',  ( -17.23411470340434448, 2.588986104270603938, 12.34507534932710726 ) ) ;
#7740 = CARTESIAN_POINT ( 'NONE',  ( -20.00000000000003197, -2.006424697421648418, -9.836829772685923956 ) ) ;
#7741 = CARTESIAN_POINT ( 'NONE',  ( -4.462818588942600861, -15.95809917497721386, 20.53318023497452671 ) ) ;
#7742 = CARTESIAN_POINT ( 'NONE',  ( -11.85786046653176484, -10.25843276263593573, 13.59030873349071733 ) ) ;
#7743 = CARTESIAN_POINT ( 'NONE',  ( -9.397572673870504545, -11.76499486793578875, -15.84273805555126025 ) ) ;
#7744 = ORIENTED_EDGE ( 'NONE', *, *, #2643, .F. ) ;
#7745 = CARTESIAN_POINT ( 'NONE',  ( -11.85237250511643303, 10.22524669795565799, 13.75756421872665136 ) ) ;
#7746 = CARTESIAN_POINT ( 'NONE',  ( -14.27485527045265634, 8.471046818674844658, -12.27074658447638456 ) ) ;
#7747 = CARTESIAN_POINT ( 'NONE',  ( -4.543783554430292249, 15.93248657822789482, -19.88147406731769351 ) ) ;
#7748 = CARTESIAN_POINT ( 'NONE',  ( -3.407749522708319212, -2.119860156519091543, -36.25776199611591011 ) ) ;
#7749 = CARTESIAN_POINT ( 'NONE',  ( -4.999999999999989342, 15.11169356656804119, 25.61698881536396755 ) ) ;
#7750 = CARTESIAN_POINT ( 'NONE',  ( -19.17330832347624536, -4.630971877297465511, 8.217982735604584477 ) ) ;
#7751 = CARTESIAN_POINT ( 'NONE',  ( -20.00000000000003197, -9.967990030596162399, 6.338487934104797716 ) ) ;
#7752 = EDGE_CURVE ( 'NONE', #6553, #1983, #2218, .T. ) ;
#7753 = CARTESIAN_POINT ( 'NONE',  ( -16.14631559211301948, -7.564471229813922726, -10.07534956044966812 ) ) ;
#7754 = CARTESIAN_POINT ( 'NONE',  ( -17.40410883565811062, 7.144410111767398597, 8.529409786176540109 ) ) ;
#7755 = CARTESIAN_POINT ( 'NONE',  ( -18.47680090019343524, 2.144270977226583330, -10.35692501353587502 ) ) ;
#7756 = CARTESIAN_POINT ( 'NONE',  ( -3.076464363268385238, 15.44238129326575582, 15.22187894562908816 ) ) ;
#7757 = CARTESIAN_POINT ( 'NONE',  ( -20.00000000000002487, 5.057804932455944424, 12.21104359897128511 ) ) ;
#7758 = CARTESIAN_POINT ( 'NONE',  ( -18.47971888104611082, -2.143190438276890930, 10.35227219382722552 ) ) ;
#7759 = CARTESIAN_POINT ( 'NONE',  ( -4.628896957886571073, -8.186748799544870892, -32.38359480033694382 ) ) ;
#7760 = CARTESIAN_POINT ( 'NONE',  ( 0.0000000000000000000, 25.24999999999999645, -41.24999999999997158 ) ) ;
#7761 = CARTESIAN_POINT ( 'NONE',  ( -9.409160920514691995, -11.83789873786732194, -15.18812744406969628 ) ) ;
#7762 = ORIENTED_EDGE ( 'NONE', *, *, #435, .F. ) ;
#7763 = CARTESIAN_POINT ( 'NONE',  ( -5.000000000000023093, 11.33002742434153554, 31.51843978945208136 ) ) ;
#7764 = CARTESIAN_POINT ( 'NONE',  ( -15.98069258176008312, -2.271447944027883636, -14.59937216501425539 ) ) ;
#7765 = CARTESIAN_POINT ( 'NONE',  ( -19.99999999999996803, -3.380946489629329310, -9.438378003943917349 ) ) ;
#7766 = CARTESIAN_POINT ( 'NONE',  ( -4.540487515936262319, -14.85677203219858100, -19.99999998979184213 ) ) ;
#7767 = CARTESIAN_POINT ( 'NONE',  ( -5.010542961219701219, -15.74578281551196746, 19.06959885384736708 ) ) ;
#7768 = DIRECTION ( 'NONE',  ( 0.0000000000000000000, 0.0000000000000000000, -1.000000000000000000 ) ) ;
#7769 = CARTESIAN_POINT ( 'NONE',  ( -18.35175980124621731, -9.559112005768541920, -0.2113075750673886755 ) ) ;
#7770 = CARTESIAN_POINT ( 'NONE',  ( -0.0000000000000000000, 17.75000000000001776, -22.26495387113477165 ) ) ;
#7771 = ORIENTED_EDGE ( 'NONE', *, *, #589, .F. ) ;
#7772 = CARTESIAN_POINT ( 'NONE',  ( -4.628609323645898499, -14.82152330911475602, 16.70795183997175926 ) ) ;
#7773 = CARTESIAN_POINT ( 'NONE',  ( -19.22954684692955141, -5.696274488116118917, -7.425790618497314810 ) ) ;
#7774 = CARTESIAN_POINT ( 'NONE',  ( -3.913553027838162279, 14.77806749173162792, 26.62176864697546819 ) ) ;
#7775 = CARTESIAN_POINT ( 'NONE',  ( -18.00427356798143563, 6.603948817120523174, -8.285568404067893411 ) ) ;
#7776 = CARTESIAN_POINT ( 'NONE',  ( -5.496523383374104732, -15.41969711677467281, -20.12009008122624820 ) ) ;
#7777 = CARTESIAN_POINT ( 'NONE',  ( -6.668946551574294723, 8.952016197722457491, 27.57701447712221210 ) ) ;
#7778 = AXIS2_PLACEMENT_3D ( 'NONE', #7880, #938, #2160 ) ;
#7779 = CIRCLE ( 'NONE', #525, 2.000000000000008882 ) ;
#7780 = CARTESIAN_POINT ( 'NONE',  ( -20.00000000000442313, -8.191084998898949365, -5.841030102504315202 ) ) ;
#7781 = CARTESIAN_POINT ( 'NONE',  ( -3.706187070847673404, -12.88170495699269225, 29.94788048220527443 ) ) ;
#7782 = CARTESIAN_POINT ( 'NONE',  ( -16.77384666184938666, -7.314519484385229475, 9.331033168438475300 ) ) ;
#7783 = CARTESIAN_POINT ( 'NONE',  ( -17.99742394015725466, -6.484824080987008799, -8.431818310382734438 ) ) ;
#7784 = EDGE_CURVE ( 'NONE', #4164, #6811, #4765, .T. ) ;
#7785 = CIRCLE ( 'NONE', #4434, 2.000000000000001776 ) ;
#7786 = VERTEX_POINT ( 'NONE', #1591 ) ;
#7787 = CARTESIAN_POINT ( 'NONE',  ( -4.616126037599035392, 14.82651662353349131, 7.641158311595539487 ) ) ;
#7788 = CARTESIAN_POINT ( 'NONE',  ( -18.55647385091154788, 5.242876431977550489, -8.731962413169794601 ) ) ;
#7789 = CARTESIAN_POINT ( 'NONE',  ( -4.509298049690103838, 15.94583603786003678, -20.13629686928700124 ) ) ;
#7790 = CARTESIAN_POINT ( 'NONE',  ( -4.018412613708140846, 15.28066104619638921, -25.23138399402838061 ) ) ;
#7791 = DIRECTION ( 'NONE',  ( 0.0000000000000000000, -0.0000000000000000000, -1.000000000000000000 ) ) ;
#7792 = CARTESIAN_POINT ( 'NONE',  ( -4.999999999999999112, -15.74999999999998934, -4.707529648107014353 ) ) ;
#7793 = CARTESIAN_POINT ( 'NONE',  ( -16.09795507843201534, -7.013985479389202027, 11.03590454214838168 ) ) ;
#7794 = CARTESIAN_POINT ( 'NONE',  ( -20.00000000000002842, -9.830293903790989773, -6.649212510141731869 ) ) ;
#7795 = B_SPLINE_CURVE_WITH_KNOTS ( 'NONE', 3,
 ( #2313, #4860, #386, #1643, #3024, #4214, #1773, #6777, #3635, #1005, #3596, #4296, #6152, #4902, #6193, #2983, #5645, #597, #7656, #5117, #4381, #5159, #4428, #5688, #8245, #6399, #8203, #3243, #5071, #7612, #3801, #1939, #5819, #1220, #2481, #3755, #7699, #6356, #507, #62, #6939, #1350 ),
 .UNSPECIFIED., .F., .F.,
 ( 4, 2, 2, 2, 2, 2, 2, 2, 2, 2, 2, 2, 2, 2, 2, 2, 2, 2, 2, 2, 4 ),
 ( 0.03856623699587874432, 0.03942904620715324132, 0.04029185541842773832, 0.04201747384097673232, 0.04288028305225123626, 0.04374309226352572633, 0.04546871068607472727, 0.04633151989734922427, 0.04719432910862372127, 0.04891994753117271527, 0.05064556595372170927, 0.05237118437627071021, 0.05582242122136869822, 0.05668523043264320216, 0.05754803964391769916, 0.05927365806646668622, 0.06099927648901568716, 0.06186208570029018416, 0.06272489491156468810, 0.06445051333411368211, 0.06617613175666267611 ),
 .UNSPECIFIED. ) ;
#7796 = CARTESIAN_POINT ( 'NONE',  ( -6.931253075197232327, -13.33157252003794113, -17.96762462802321281 ) ) ;
#7797 = CARTESIAN_POINT ( 'NONE',  ( -4.472737363979248038, 14.90029216232053599, 19.07572108637762653 ) ) ;
#7798 = CARTESIAN_POINT ( 'NONE',  ( -4.156651514382949664, 7.784246207896907244, -33.11365148487018217 ) ) ;
#7799 = CARTESIAN_POINT ( 'NONE',  ( -1.524319402890894848, 16.06323927741675206, 19.39233610327174162 ) ) ;
#7800 = CARTESIAN_POINT ( 'NONE',  ( -20.00000000000002842, 5.025210042862526372, 8.765014571454299741 ) ) ;
#7801 = CARTESIAN_POINT ( 'NONE',  ( -16.60218172417648574, -1.364910492351913751, 13.73163712055769992 ) ) ;
#7802 = CARTESIAN_POINT ( 'NONE',  ( 0.02799548689586028871, -6.848198160147248359, -35.24584753410978522 ) ) ;
#7803 = CARTESIAN_POINT ( 'NONE',  ( -4.533658809871702111, -15.93653647605133905, 19.95265565960104936 ) ) ;
#7804 = EDGE_LOOP ( 'NONE', ( #8259, #7089, #6768, #3029, #4399 ) ) ;
#7805 = CARTESIAN_POINT ( 'NONE',  ( -17.41565192642450555, -7.241588753168660908, -8.375015980400332793 ) ) ;
#7806 = CARTESIAN_POINT ( 'NONE',  ( -5.000000000000006217, -4.076600168545496672E-14, 36.14934116196368308 ) ) ;
#7807 = ADVANCED_FACE ( 'NONE', ( #8076, #3456, #2810, #7316, #4080, #7900 ), #4122, .F. ) ;
#7808 = CARTESIAN_POINT ( 'NONE',  ( -11.64635775165164411, -6.383477539140812063, -20.22848020640563504 ) ) ;
#7809 = CARTESIAN_POINT ( 'NONE',  ( 3.000000000000000000, -17.99999999999999645, -38.50000000000000711 ) ) ;
#7810 = DIRECTION ( 'NONE',  ( 1.000000000000000000, 0.0000000000000000000, 0.0000000000000000000 ) ) ;
#7811 = CARTESIAN_POINT ( 'NONE',  ( -5.013352589819195515, -15.74465896407236620, 19.66142092734622793 ) ) ;
#7812 = LINE ( 'NONE', #2008, #2763 ) ;
#7813 = CARTESIAN_POINT ( 'NONE',  ( -15.84563838096273614, -10.42935943569938750, -2.109186754813265008 ) ) ;
#7814 = CARTESIAN_POINT ( 'NONE',  ( -5.000000000000007994, 15.75000000000001421, 10.17227422567050965 ) ) ;
#7815 = CARTESIAN_POINT ( 'NONE',  ( 0.02782555748655164696, -16.68409726156771811, 10.70436394192218010 ) ) ;
#7816 = CARTESIAN_POINT ( 'NONE',  ( -11.83184439797143384, -10.14004886949346940, -14.17864909211299285 ) ) ;
#7817 = CARTESIAN_POINT ( 'NONE',  ( -5.010584075240419821, 9.116898553675342853, 32.84749313969341245 ) ) ;
#7818 = CARTESIAN_POINT ( 'NONE',  ( -11.85978906338039884, 10.28853070088434052, -13.44948379979957842 ) ) ;
#7819 = CARTESIAN_POINT ( 'NONE',  ( -5.768449747005511163, -14.49541568800991875, -24.05810975098930982 ) ) ;
#7820 = CARTESIAN_POINT ( 'NONE',  ( -12.88100613267616978, 4.772069825039868540, 19.00179661954266308 ) ) ;
#7821 = CARTESIAN_POINT ( 'NONE',  ( -20.00000000000057199, -5.761482590375192281, -8.295870788591621192 ) ) ;
#7822 = CARTESIAN_POINT ( 'NONE',  ( -20.01000000000003709, 0.0000000000000000000, 24.25000000000000000 ) ) ;
#7823 = CARTESIAN_POINT ( 'NONE',  ( -13.09735261148876972, -9.596406538260199071, 12.17833674686770351 ) ) ;
#7824 = CARTESIAN_POINT ( 'NONE',  ( -17.99714983962240566, -6.481588605699972305, -8.435891195304142443 ) ) ;
#7825 = VERTEX_POINT ( 'NONE', #5400 ) ;
#7826 = CARTESIAN_POINT ( 'NONE',  ( 0.02810200220426859255, 15.09114038486052145, 27.36816086030950146 ) ) ;
#7827 = CARTESIAN_POINT ( 'NONE',  ( -9.396511470776387043, 11.76290709358705655, 15.86579869945966159 ) ) ;
#7828 = CARTESIAN_POINT ( 'NONE',  ( -9.366885489001386844, 11.69878646935404376, -16.47974164900820426 ) ) ;
#7829 = CARTESIAN_POINT ( 'NONE',  ( -2.689842412946904293, 11.28889822768674911, 19.85753541001509248 ) ) ;
#7830 = CARTESIAN_POINT ( 'NONE',  ( -4.103317914263268307, 15.55917969735936346, -24.20302351887140091 ) ) ;
#7831 = FACE_OUTER_BOUND ( 'NONE', #3696, .T. ) ;
#7832 = CARTESIAN_POINT ( 'NONE',  ( -4.850000000000008527, -4.916294434658062151, 35.25554179684061040 ) ) ;
#7833 = CARTESIAN_POINT ( 'NONE',  ( -16.73067869106627725, -6.827660507501756015, 10.11264501742850896 ) ) ;
#7834 = CARTESIAN_POINT ( 'NONE',  ( -4.663119751140366809, 15.88475209954386891, 16.63952091967658120 ) ) ;
#7835 = CARTESIAN_POINT ( 'NONE',  ( -4.462418118984309068, -14.90678844813199966, -19.99999999256551320 ) ) ;
#7836 = CARTESIAN_POINT ( 'NONE',  ( -15.54566126021511607, 8.075722820746699782, 10.30366955454895894 ) ) ;
#7837 = CARTESIAN_POINT ( 'NONE',  ( -15.36110891973774883, 2.911091720498476754, -15.47042625947131533 ) ) ;
#7838 = CARTESIAN_POINT ( 'NONE',  ( -3.076464363268381685, 15.44238129326575937, 19.70230905154745571 ) ) ;
#7839 = CARTESIAN_POINT ( 'NONE',  ( -20.00000000000002842, 8.523115699430812597, 8.763392375786208888 ) ) ;
#7840 = CARTESIAN_POINT ( 'NONE',  ( -6.632893297418693379, -3.318144050307104909, 30.55049124893761103 ) ) ;
#7841 = CARTESIAN_POINT ( 'NONE',  ( -1.524263180909147808, -13.57073898143522683, -28.78909946263789266 ) ) ;
#7842 = CARTESIAN_POINT ( 'NONE',  ( -4.961301097101127766, -15.76547956115955174, -6.983347393931180314 ) ) ;
#7843 = VERTEX_POINT ( 'NONE', #917 ) ;
#7844 = ORIENTED_EDGE ( 'NONE', *, *, #359, .T. ) ;
#7845 = CARTESIAN_POINT ( 'NONE',  ( -5.000000000000004441, -6.105812355250412438, 34.95264392807920473 ) ) ;
#7846 = CARTESIAN_POINT ( 'NONE',  ( -15.99060552186946893, -3.437173443458850119, -14.16004565915102376 ) ) ;
#7847 = CARTESIAN_POINT ( 'NONE',  ( -4.966436608663246766, 15.76342535653470200, 1.469191753867529648 ) ) ;
#7848 = CARTESIAN_POINT ( 'NONE',  ( 3.000000000000000000, 19.99999999999999645, 38.49999999999999289 ) ) ;
#7849 = CARTESIAN_POINT ( 'NONE',  ( -5.011258267072304484, -15.74549669317109135, 19.63841996598468853 ) ) ;
#7850 = LINE ( 'NONE', #5971, #5336 ) ;
#7851 = CARTESIAN_POINT ( 'NONE',  ( -4.599579287220588064, -14.83347142361074233, -8.155095033462183451 ) ) ;
#7852 = CARTESIAN_POINT ( 'NONE',  ( 0.0000000000000000000, -17.74999999999999645, -19.99999998908850785 ) ) ;
#7853 = ADVANCED_FACE ( 'NONE', ( #6680 ), #3627, .T. ) ;
#7854 = CARTESIAN_POINT ( 'NONE',  ( -3.076464363268371027, -15.44238129326576292, 19.75544444588583204 ) ) ;
#7855 = CARTESIAN_POINT ( 'NONE',  ( -13.06446525522213520, -9.372395803056225105, -13.02560747778521844 ) ) ;
#7856 = CARTESIAN_POINT ( 'NONE',  ( -5.002138662279912218, 5.017617108383451097, 34.96486587433052762 ) ) ;
#7857 = CARTESIAN_POINT ( 'NONE',  ( -6.941486141301201229, 13.36100679204944619, -17.27971179689096459 ) ) ;
#7858 = CARTESIAN_POINT ( 'NONE',  ( -3.913553027880829038, -14.77806749197207559, -26.62176864639832985 ) ) ;
#7859 = CARTESIAN_POINT ( 'NONE',  ( -6.630683904109084814, 2.326475163161466853, 30.76420689282309695 ) ) ;
#7860 = CARTESIAN_POINT ( 'NONE',  ( -20.00000000000003908, -7.764100603769629849, -9.758985974568114230 ) ) ;
#7861 = CARTESIAN_POINT ( 'NONE',  ( -3.781660450364679349, 13.75122907281252083, 28.64939690541029549 ) ) ;
#7862 = CARTESIAN_POINT ( 'NONE',  ( -4.470905156259994406, -14.90143182946111367, 19.23798961483246117 ) ) ;
#7863 = CARTESIAN_POINT ( 'NONE',  ( -19.23971835139914788, -5.794565918996361198, -7.334651822977162006 ) ) ;
#7864 = CARTESIAN_POINT ( 'NONE',  ( 0.02782555747346491387, 16.68409726156250272, 21.88004546530108030 ) ) ;
#7865 = CARTESIAN_POINT ( 'NONE',  ( -4.541520267650556164, 14.85635893151289189, 19.93414036259445155 ) ) ;
#7866 = CARTESIAN_POINT ( 'NONE',  ( -19.19263061490507383, 5.106329722337604515, -7.904063321312030155 ) ) ;
#7867 = CARTESIAN_POINT ( 'NONE',  ( -5.502144865629167825, 15.41355279621117980, -20.17064213035627063 ) ) ;
#7868 = CARTESIAN_POINT ( 'NONE',  ( -3.978219564792024432, 15.11309313797092102, -25.74367961933688065 ) ) ;
#7869 = CARTESIAN_POINT ( 'NONE',  ( -4.525595326350805969, 15.93976186945974405, -19.99999998973649795 ) ) ;
#7870 = CARTESIAN_POINT ( 'NONE',  ( -20.00000000000000000, -1.173336053456537131, 9.933494670614516409 ) ) ;
#7871 = CARTESIAN_POINT ( 'NONE',  ( -15.48128796734316204, -7.410077427187660604, 11.65589847689330938 ) ) ;
#7872 = DIRECTION ( 'NONE',  ( -1.000000000000000000, -0.0000000000000000000, -0.0000000000000000000 ) ) ;
#7873 = CARTESIAN_POINT ( 'NONE',  ( -13.07912586292982660, -9.447623793049142904, -12.74010166265908417 ) ) ;
#7874 = CARTESIAN_POINT ( 'NONE',  ( -16.76796697391927182, 7.277744473395375557, 9.398049351454231370 ) ) ;
#7875 = CARTESIAN_POINT ( 'NONE',  ( -18.48397382867244332, 2.693686321996104027, -10.17702533487655714 ) ) ;
#7876 = CARTESIAN_POINT ( 'NONE',  ( 0.02782555748663795639, 16.68409726156776429, 19.75187164232045589 ) ) ;
#7877 = CARTESIAN_POINT ( 'NONE',  ( -18.34386778075221969, 7.907285671809556327, 8.326225238347813473 ) ) ;
#7878 = CARTESIAN_POINT ( 'NONE',  ( -9.125368266853724819, -2.823902489849117625, 26.34657156652534837 ) ) ;
#7879 = CARTESIAN_POINT ( 'NONE',  ( 0.02799175238757848488, -7.723450185754528796, -34.82051238338831212 ) ) ;
#7880 = CARTESIAN_POINT ( 'NONE',  ( 0.0000000000000000000, -21.25000000000000355, -41.25000000000000711 ) ) ;
#7881 = ORIENTED_EDGE ( 'NONE', *, *, #1144, .F. ) ;
#7882 = ORIENTED_EDGE ( 'NONE', *, *, #1866, .F. ) ;
#7883 = CARTESIAN_POINT ( 'NONE',  ( -4.999999999999997335, -11.33002742434163324, 31.51843978945202807 ) ) ;
#7884 = CARTESIAN_POINT ( 'NONE',  ( -18.28848278935998195, 9.145232179207299694, 3.309203724071565489 ) ) ;
#7885 = CARTESIAN_POINT ( 'NONE',  ( -19.10371170282388675, -2.154222963223134890, -9.301596392929342372 ) ) ;
#7886 = CARTESIAN_POINT ( 'NONE',  ( 0.0000000000000000000, 21.24999999999999645, -41.25000000000000711 ) ) ;
#7887 = CARTESIAN_POINT ( 'NONE',  ( 3.000000000000000000, 25.24999999999999645, 41.24999999999995737 ) ) ;
#7888 = CARTESIAN_POINT ( 'NONE',  ( -5.007516896646375670, -15.74699324134243206, 16.65316346718581286 ) ) ;
#7889 = CARTESIAN_POINT ( 'NONE',  ( -4.541036071189624934, 14.85655261009726225, 19.97804555552024297 ) ) ;
#7890 = CARTESIAN_POINT ( 'NONE',  ( -7.102552682533303852, -13.78718560135449245, -6.012109040621846034 ) ) ;
#7891 = CARTESIAN_POINT ( 'NONE',  ( -4.628609323645898499, -14.82152330911475424, 18.59129305273311417 ) ) ;
#7892 = CARTESIAN_POINT ( 'NONE',  ( -6.897607360808513555, -13.29542946843555207, -18.71336758894841523 ) ) ;
#7893 = CARTESIAN_POINT ( 'NONE',  ( -5.002071820249101464, 4.041570458597494309, 35.25543387296190190 ) ) ;
#7894 = CARTESIAN_POINT ( 'NONE',  ( -8.131516293641300018E-16, -15.65069973036405848, 25.76975673291472191 ) ) ;
#7895 = CARTESIAN_POINT ( 'NONE',  ( -17.22493173506368080, 1.223194924538201445, 12.69202062803983466 ) ) ;
#7896 = CARTESIAN_POINT ( 'NONE',  ( -20.00000000000001776, -10.77320125562002850, -4.395361389949470343 ) ) ;
#7897 = LINE ( 'NONE', #6561, #2104 ) ;
#7898 = CARTESIAN_POINT ( 'NONE',  ( -11.92649779303509483, -10.79409057536157590, 10.92062572097373518 ) ) ;
#7899 = VERTEX_POINT ( 'NONE', #2773 ) ;
#7900 = FACE_BOUND ( 'NONE', #471, .T. ) ;
#7901 = CARTESIAN_POINT ( 'NONE',  ( -3.076464363268367030, 15.44238129326576647, 19.99999998958220004 ) ) ;
#7902 = VECTOR ( 'NONE', #7274, 1000.000000000000000 ) ;
#7903 = CARTESIAN_POINT ( 'NONE',  ( -17.99438120592111190, 6.483188110832829310, 8.438323797206738419 ) ) ;
#7904 = CARTESIAN_POINT ( 'NONE',  ( -17.37254631527090254, 6.784696796859766010, -9.066263644638992147 ) ) ;
#7905 = CARTESIAN_POINT ( 'NONE',  ( -5.498467708888322925, 15.41762883954240948, -20.13689312649677987 ) ) ;
#7906 = CARTESIAN_POINT ( 'NONE',  ( -4.462818588942354836, 15.95809917497730268, -20.53318023497452316 ) ) ;
#7907 = CARTESIAN_POINT ( 'NONE',  ( -5.676541006161249570, 15.01372086750471979, -22.34785194206096648 ) ) ;
#7908 = CARTESIAN_POINT ( 'NONE',  ( -20.00000000000000000, -6.712578825597055321, 7.442380029370157857 ) ) ;
#7909 = CARTESIAN_POINT ( 'NONE',  ( -17.99191542524418708, -6.418833784424568201, 8.514218590920206609 ) ) ;
#7910 = CARTESIAN_POINT ( 'NONE',  ( 5.000000000000000000, -22.74999999999999289, 20.00000000000000000 ) ) ;
#7911 = CIRCLE ( 'NONE', #2824, 17.75000000000000711 ) ;
#7912 = CARTESIAN_POINT ( 'NONE',  ( -16.75983626090292944, -7.187793450916175608, -9.550273766303927658 ) ) ;
#7913 = CARTESIAN_POINT ( 'NONE',  ( -17.38655660181953166, 6.945202405258218192, 8.831046694031231326 ) ) ;
#7914 = CARTESIAN_POINT ( 'NONE',  ( -11.61825487175804028, 2.980137598773018759, -21.99473555206372666 ) ) ;
#7915 = CARTESIAN_POINT ( 'NONE',  ( -3.076464363268383462, 15.44238129326575937, 18.80845935895036192 ) ) ;
#7916 = CARTESIAN_POINT ( 'NONE',  ( -19.99999999999861799, 8.738306402452622024, -4.919334508605878398 ) ) ;
#7917 = CARTESIAN_POINT ( 'NONE',  ( -19.10076209883480303, -1.666059506877131557, 9.408055959448674344 ) ) ;
#7918 = CARTESIAN_POINT ( 'NONE',  ( -3.076457535291008849, 5.849187640484398543, -34.31979597621996447 ) ) ;
#7919 = CYLINDRICAL_SURFACE ( 'NONE', #4154, 22.75000000000000000 ) ;
#7920 = ORIENTED_EDGE ( 'NONE', *, *, #3419, .T. ) ;
#7921 = AXIS2_PLACEMENT_3D ( 'NONE', #5186, #2678, #1418 ) ;
#7922 = CARTESIAN_POINT ( 'NONE',  ( -5.049999999999980282, 14.86851507317540211, 26.29689931354196375 ) ) ;
#7923 = CARTESIAN_POINT ( 'NONE',  ( -17.06717995988978842, 9.799406785858643332, 2.786291592049248145 ) ) ;
#7924 = CARTESIAN_POINT ( 'NONE',  ( -19.10014682062968561, -1.902191930730804614, -9.367002037828488170 ) ) ;
#7925 = PRODUCT_CONTEXT ( 'NONE', #7251, 'mechanical' ) ;
#7926 = CARTESIAN_POINT ( 'NONE',  ( -4.849999999999997868, -2.286473690504137180E-12, -36.12528636491924061 ) ) ;
#7927 = DIRECTION ( 'NONE',  ( -1.000000000000000000, -0.0000000000000000000, -0.0000000000000000000 ) ) ;
#7928 = EDGE_CURVE ( 'NONE', #7263, #1124, #3760, .T. ) ;
#7929 = CARTESIAN_POINT ( 'NONE',  ( -5.327916304047830565, 15.56004483520774251, -16.66607435065219889 ) ) ;
#7930 = VECTOR ( 'NONE', #2920, 1000.000000000000000 ) ;
#7931 = CARTESIAN_POINT ( 'NONE',  ( -18.14223010788081325, -2.092053795935213678, -12.94072795143346610 ) ) ;
#7932 = CARTESIAN_POINT ( 'NONE',  ( -17.60376675314497064, -8.917300615244217354, -4.982903608419570141 ) ) ;
#7933 = ORIENTED_EDGE ( 'NONE', *, *, #3235, .F. ) ;
#7934 = CARTESIAN_POINT ( 'NONE',  ( -4.628609323645897611, -14.82152330911475424, 18.12155184203352221 ) ) ;
#7935 = CARTESIAN_POINT ( 'NONE',  ( -19.22366166477928218, -5.610256824903609996, -7.499863446051860727 ) ) ;
#7936 = CARTESIAN_POINT ( 'NONE',  ( -20.00000000000001776, 1.638509653680766842, 13.56399803673588877 ) ) ;
#7937 = DIRECTION ( 'NONE',  ( -0.0000000000000000000, -0.0000000000000000000, -1.000000000000000000 ) ) ;
#7938 = CARTESIAN_POINT ( 'NONE',  ( -15.98057944099278238, 1.869142937205164445, 14.71261102114038444 ) ) ;
#7939 = CARTESIAN_POINT ( 'NONE',  ( -18.53047299154744820, -9.673416752733402291, -4.842584659254181467 ) ) ;
#7940 = CARTESIAN_POINT ( 'NONE',  ( -4.628609323644993445, 14.82152330911510774, -4.407281562882381820 ) ) ;
#7941 = CARTESIAN_POINT ( 'NONE',  ( -4.494231401066406839, -14.88698613993301478, 17.18044435561444772 ) ) ;
#7942 = LINE ( 'NONE', #2143, #6834 ) ;
#7943 = CIRCLE ( 'NONE', #5015, 0.9999999999999996669 ) ;
#7944 = CARTESIAN_POINT ( 'NONE',  ( -1.524263180909849691, 13.57073898143497637, 28.78909946263781805 ) ) ;
#7945 = CARTESIAN_POINT ( 'NONE',  ( 0.02782555748663969805, 16.68409726156776784, -18.01545273990123874 ) ) ;
#7946 = CARTESIAN_POINT ( 'NONE',  ( -18.14226498129982446, 2.097254300111274006, 12.93934755129455461 ) ) ;
#7947 = CARTESIAN_POINT ( 'NONE',  ( -18.61192709716875271, 6.117431308032717396, -7.906581150302146810 ) ) ;
#7948 = CARTESIAN_POINT ( 'NONE',  ( -5.871718339105830076, 6.280283820288195429, -32.90238321679942857 ) ) ;
#7949 = DIRECTION ( 'NONE',  ( 0.0000000000000000000, 1.000000000000000000, 0.0000000000000000000 ) ) ;
#7950 = PLANE ( 'NONE',  #2723 ) ;
#7951 = CARTESIAN_POINT ( 'NONE',  ( -4.850000000000000533, -15.84037421174401139, -18.20067515676985792 ) ) ;
#7952 = CARTESIAN_POINT ( 'NONE',  ( -11.81606274101325660, -10.05558071693475775, 14.54170726248579371 ) ) ;
#7953 = CARTESIAN_POINT ( 'NONE',  ( -13.08527670025594780, -9.484552635441113821, -12.59640231137825594 ) ) ;
#7954 = CARTESIAN_POINT ( 'NONE',  ( -4.770128134143706511, 15.84194874634252059, -13.42109753677157080 ) ) ;
#7955 = EDGE_CURVE ( 'NONE', #1541, #1613, #6063, .T. ) ;
#7956 = CARTESIAN_POINT ( 'NONE',  ( -17.37516148102698565, -6.813464139569339828, -9.024466312830108805 ) ) ;
#7957 = CARTESIAN_POINT ( 'NONE',  ( -14.31545457234637198, 8.786684969422777769, 11.38574683467845183 ) ) ;
#7958 = CARTESIAN_POINT ( 'NONE',  ( -12.89819977703709952, 6.220539863995744767, -18.01285173750371982 ) ) ;
#7959 = CARTESIAN_POINT ( 'NONE',  ( -3.076464363268384350, 15.44238129326575759, 19.88093953899733179 ) ) ;
#7960 = CARTESIAN_POINT ( 'NONE',  ( -20.00000000000220268, 8.910335248185614176, -4.594670852391669058 ) ) ;
#7961 = CARTESIAN_POINT ( 'NONE',  ( -19.10677124517122394, -2.171885743369969646, 9.296038564748885236 ) ) ;
#7962 = CARTESIAN_POINT ( 'NONE',  ( 0.02810723274796177173, 13.87441744061795923, -29.46268344770389547 ) ) ;
#7963 = CARTESIAN_POINT ( 'NONE',  ( -5.868208468576148640, -3.344963006693681518, 33.89459951970079032 ) ) ;
#7964 = EDGE_LOOP ( 'NONE', ( #6583, #6759, #6317, #868 ) ) ;
#7965 = ORIENTED_EDGE ( 'NONE', *, *, #1934, .F. ) ;
#7966 = LINE ( 'NONE', #1533, #6075 ) ;
#7967 = CARTESIAN_POINT ( 'NONE',  ( -17.66715001402901564, 9.400076919684904553, 3.466062924966584191 ) ) ;
#7968 = CARTESIAN_POINT ( 'NONE',  ( -11.61429987990940660, -1.635179234718228791, -22.28158818392581608 ) ) ;
#7969 = SHAPE_DEFINITION_REPRESENTATION ( #2966, #576 ) ;
#7970 = CARTESIAN_POINT ( 'NONE',  ( -20.00000000000001421, -1.173336053457048722, -9.933494670614448907 ) ) ;
#7971 = AXIS2_PLACEMENT_3D ( 'NONE', #5653, #7664, #475 ) ;
#7972 = FACE_OUTER_BOUND ( 'NONE', #5440, .T. ) ;
#7973 = CARTESIAN_POINT ( 'NONE',  ( -5.010542961222067326, 15.74578281551080217, -19.06959885385153086 ) ) ;
#7974 = DIRECTION ( 'NONE',  ( -0.0000000000000000000, 0.0000000000000000000, 1.000000000000000000 ) ) ;
#7975 = CARTESIAN_POINT ( 'NONE',  ( -9.498764498078260843, -12.33332152559131600, -10.54395621288325557 ) ) ;
#7976 = VERTEX_POINT ( 'NONE', #2306 ) ;
#7977 = CARTESIAN_POINT ( 'NONE',  ( -4.628609323645895834, -14.82152330911472937, -18.83168996839686926 ) ) ;
#7978 = CARTESIAN_POINT ( 'NONE',  ( -16.75007907270756746, -7.087639261836679694, -9.716798768604242298 ) ) ;
#7979 = PRODUCT_DEFINITION_CONTEXT ( 'detailed design', #7516, 'design' ) ;
#7980 = CARTESIAN_POINT ( 'NONE',  ( -20.00000000000002842, 3.223987747064014364, 13.12618218540438164 ) ) ;
#7981 = CARTESIAN_POINT ( 'NONE',  ( 1.709262825643727521E-30, -6.264668127562591060, 35.48206500345281711 ) ) ;
#7982 = CARTESIAN_POINT ( 'NONE',  ( -15.98562660197635310, 2.672355175525122917, 14.47818643786121129 ) ) ;
#7983 = CARTESIAN_POINT ( 'NONE',  ( -20.00000000000037659, -6.145332905416281299, 8.006053095324764612 ) ) ;
#7984 = CARTESIAN_POINT ( 'NONE',  ( 9.757819552369539906E-16, 4.472012773129304009, -36.06883165479081299 ) ) ;
#7985 = CARTESIAN_POINT ( 'NONE',  ( -14.49263747038583539, -10.21688768194125352, 6.604690791927988691 ) ) ;
#7986 = CARTESIAN_POINT ( 'NONE',  ( 3.000000000000000000, -25.25000000000000355, 41.24999999999995737 ) ) ;
#7987 = ADVANCED_FACE ( 'NONE', ( #5441 ), #4246, .F. ) ;
#7988 = CARTESIAN_POINT ( 'NONE',  ( 0.02812842095885792482, 12.92046725454479095, 30.55568974893837364 ) ) ;
#7989 = CARTESIAN_POINT ( 'NONE',  ( -4.628609323645894946, 14.82152330911474714, -19.29356512681849622 ) ) ;
#7990 = CARTESIAN_POINT ( 'NONE',  ( -4.546795794782225286, -15.93128168208712481, 19.85753540949966833 ) ) ;
#7991 = CARTESIAN_POINT ( 'NONE',  ( -19.23581058120713649, 5.784428087646644734, -7.347935993935200472 ) ) ;
#7992 = CARTESIAN_POINT ( 'NONE',  ( -5.013800609208917791, 10.36616063422718348, -31.89580756117375415 ) ) ;
#7993 = CARTESIAN_POINT ( 'NONE',  ( -5.038383250975337901, -15.73464669960987905, 6.951143277313197366 ) ) ;
#7994 = CARTESIAN_POINT ( 'NONE',  ( -5.542514722386395754, -15.35921265887938247, -20.59519539391006404 ) ) ;
#7995 = CARTESIAN_POINT ( 'NONE',  ( -5.419073953176234859, 15.48265785170131537, 19.68048788813399952 ) ) ;
#7996 = CARTESIAN_POINT ( 'NONE',  ( -16.76077072007612401, -7.170875838190001517, 9.574333000612066158 ) ) ;
#7997 = CARTESIAN_POINT ( 'NONE',  ( -17.38704311042397066, -6.918478315652493826, -8.865999662934218151 ) ) ;
#7998 = CARTESIAN_POINT ( 'NONE',  ( -20.00000000000002842, -7.761634416142730863, 9.772483681726706450 ) ) ;
#7999 = EDGE_LOOP ( 'NONE', ( #7762, #2593, #6156, #3600 ) ) ;
#8000 = B_SPLINE_CURVE_WITH_KNOTS ( 'NONE', 3,
 ( #4337, #2568, #598, #5160, #3160, #6940 ),
 .UNSPECIFIED., .F., .F.,
 ( 4, 2, 4 ),
 ( -8.338719993268993067E-05, 0.004324045080156289911, 0.008731477360245270755 ),
 .UNSPECIFIED. ) ;
#8001 = CARTESIAN_POINT ( 'NONE',  ( -13.07833565362090944, -9.443859796303231136, -12.75513576632741142 ) ) ;
#8002 = CARTESIAN_POINT ( 'NONE',  ( -13.08262253460564573, 9.477077869028743606, 12.62967480824212707 ) ) ;
#8003 = CARTESIAN_POINT ( 'NONE',  ( -17.88245768723162143, 4.110612902137308566, -10.55732252705839258 ) ) ;
#8004 = LINE ( 'NONE', #7372, #1523 ) ;
#8005 = CARTESIAN_POINT ( 'NONE',  ( -18.62658960872235525, 10.40758109621426897, 1.911563296981286131 ) ) ;
#8006 = CARTESIAN_POINT ( 'NONE',  ( -18.50126763071911640, -3.495333794493610480, 9.837447393306533172 ) ) ;
#8007 = CARTESIAN_POINT ( 'NONE',  ( 0.02782611020780739741, 1.706058979181262814, -36.62492462057250009 ) ) ;
#8008 = CARTESIAN_POINT ( 'NONE',  ( -5.865672687646148908, -0.9774986480917710052, 34.26279093227225303 ) ) ;
#8009 = ORIENTED_EDGE ( 'NONE', *, *, #3500, .F. ) ;
#8010 = ORIENTED_EDGE ( 'NONE', *, *, #5358, .F. ) ;
#8011 = CARTESIAN_POINT ( 'NONE',  ( -4.573706596702756144, -14.84348439989200408, 14.72581437383122172 ) ) ;
#8012 = CARTESIAN_POINT ( 'NONE',  ( -15.74250632422346463, 9.747471043694769577, 5.692009152162237129 ) ) ;
#8013 = CARTESIAN_POINT ( 'NONE',  ( -15.97417221926250264, -0.6197769768633123455, -14.91196721593643737 ) ) ;
#8014 = APPLICATION_PROTOCOL_DEFINITION ( 'draft international standard', 'automotive_design', 1998, #7516 ) ;
#8015 = CARTESIAN_POINT ( 'NONE',  ( -19.40527934766098639, 7.646488595464108862, -5.143985384781690762 ) ) ;
#8016 = CARTESIAN_POINT ( 'NONE',  ( -5.000000000000000888, -2.758187410052688637, -35.57511223967397029 ) ) ;
#8017 = CARTESIAN_POINT ( 'NONE',  ( -4.620571039356621945, -14.82473862283046273, -6.672570711450986458 ) ) ;
#8018 = CARTESIAN_POINT ( 'NONE',  ( -5.347423416501678517, 15.54444169806802556, -17.31134211535579226 ) ) ;
#8019 = CARTESIAN_POINT ( 'NONE',  ( 3.000000000000000000, 17.99999999999999645, -36.50000000000000711 ) ) ;
#8020 = CARTESIAN_POINT ( 'NONE',  ( -18.91277157107965223, -8.890280666443628022, -3.149678101351752080 ) ) ;
#8021 = VERTEX_POINT ( 'NONE', #1636 ) ;
#8022 = CARTESIAN_POINT ( 'NONE',  ( 0.02782555748655403047, -16.68409726156771811, -19.25646639650089398 ) ) ;
#8023 = CARTESIAN_POINT ( 'NONE',  ( -14.25425305076096016, -8.278965733401065563, -12.71927318737087909 ) ) ;
#8024 = CARTESIAN_POINT ( 'NONE',  ( -5.043378757461640660, 15.73264849701530288, 19.98821895291511197 ) ) ;
#8025 = CARTESIAN_POINT ( 'NONE',  ( 1.951563910473907981E-15, 5.494162467414947848, 35.74944503007299090 ) ) ;
#8026 = CARTESIAN_POINT ( 'NONE',  ( -12.86873197858223428, 3.183481508143172878, 19.72720090470377130 ) ) ;
#8027 = CARTESIAN_POINT ( 'NONE',  ( -19.99999999999895195, -6.288437516132485250, 7.887476105741446197 ) ) ;
#8028 = CARTESIAN_POINT ( 'NONE',  ( -1.301042606982605321E-15, -16.67296703857309126, -19.99999998914169197 ) ) ;
#8029 = CARTESIAN_POINT ( 'NONE',  ( -16.89348241991610777, -8.474095998581793410, 7.081908422218295307 ) ) ;
#8030 = ORIENTED_EDGE ( 'NONE', *, *, #7572, .T. ) ;
#8031 = DIRECTION ( 'NONE',  ( -0.9921760120055610477, 0.0000000000000000000, 0.1248469511071083060 ) ) ;
#8032 = CARTESIAN_POINT ( 'NONE',  ( -4.628700423733032032, -4.770178333456901676, 34.03312901255372225 ) ) ;
#8033 =( BOUNDED_SURFACE ( )  B_SPLINE_SURFACE ( 3, 2, ( 
 ( #3819, #1194, #6917 ),
 ( #1284, #1149, #5751 ),
 ( #2370, #5135, #8305 ),
 ( #524, #8224, #655 ),
 ( #2459, #7675, #4313 ),
 ( #4449, #568, #1915 ),
 ( #1829, #4404, #5586 ),
 ( #6960, #3134, #5709 ),
 ( #8264, #2502, #2587 ),
 ( #7757, #696, #815 ),
 ( #2628, #4619, #2750 ),
 ( #3391, #1996, #7083 ),
 ( #6458, #41, #154 ),
 ( #4578, #7800, #7166 ),
 ( #2039, #3262, #6579 ),
 ( #4660, #5176, #7718 ),
 ( #3347, #1446, #1409 ),
 ( #5217, #4699, #78 ),
 ( #5795, #1957, #196 ),
 ( #5877, #5837, #3305 ),
 ( #4017, #7122, #5958 ),
 ( #735, #6500, #1368 ),
 ( #5297, #4539, #1325 ),
 ( #7839, #3979, #7877 ),
 ( #3899, #2078, #3940 ),
 ( #115, #5917, #2668 ),
 ( #5256, #6539, #774 ),
 ( #5337, #2709, #1488 ),
 ( #7208, #2118, #4055 ),
 ( #7249, #6621, #3220 ),
 ( #3605, #3521, #5498 ),
 ( #1698, #8095, #7333 ),
 ( #4825, #6697, #8005 ),
 ( #1015, #4913, #2911 ),
 ( #6037, #4265, #2236 ),
 ( #5458, #4140, #854 ),
 ( #1568, #7458, #3432 ),
 ( #4098, #2281, #272 ),
 ( #5375, #354, #1653 ),
 ( #2323, #934, #4870 ),
 ( #6080, #7374, #6121 ),
 ( #8050, #7960, #2828 ),
 ( #1609, #7916, #4181 ),
 ( #5996, #232, #7417 ),
 ( #6741, #4225, #3564 ),
 ( #314, #6657, #2869 ),
 ( #975, #6786, #6161 ),
 ( #397, #2953, #5538 ),
 ( #894, #2787, #2157 ),
 ( #4740, #7292, #1528 ),
 ( #3475, #5417, #2197 ),
 ( #4782, #5038, #5654 ),
 ( #440, #3645, #3033 ),
 ( #8213, #4306, #1860 ),
 ( #8254, #6203, #2992 ),
 ( #2449, #3811, #1738 ),
 ( #6867, #3683, #2535 ),
 ( #1098, #5579, #2363 ),
 ( #6364, #7578, #7497 ),
 ( #3765, #605, #3123 ),
 ( #4347, #1781, #476 ),
 ( #5615, #6909, #8133 ),
 ( #1140, #1821, #4393 ),
 ( #2490, #6949, #4439 ),
 ( #6281, #6994, #8170 ),
 ( #6244, #5082, #1054 ) ),
 .UNSPECIFIED., .F., .F., .F. ) 
 B_SPLINE_SURFACE_WITH_KNOTS ( ( 4, 2, 2, 2, 2, 2, 2, 2, 2, 2, 2, 2, 2, 2, 2, 2, 2, 2, 2, 2, 2, 2, 2, 2, 2, 2, 2, 2, 2, 2, 2, 2, 4 ),
 ( 3, 3 ),
 ( 0.0000000000000000000, 0.002445740278528637287, 0.003668610417792955714, 0.004891480557057274574, 0.006114350696321593434, 0.007337220835585911427, 0.008560090974850231155, 0.009782961114114549148, 0.01008867864893062821, 0.01024153741633866861, 0.01039439618374670901, 0.01100583125337886714, 0.01222870139264318687, 0.01467444167117182285, 0.01589731181043614258, 0.01712018194970046231, 0.01956592222822909830, 0.02078879236749341802, 0.02201166250675773428, 0.02445740278528637374, 0.02568027292455068999, 0.02690314306381500972, 0.02934888334234364571, 0.03057175348160796544, 0.03118318855124012356, 0.03133604731864816223, 0.03148890608605620089, 0.03179462362087228516, 0.03424036389940092462, 0.03546323403866524088, 0.03668610417792955714, 0.03790897431719388033, 0.03913184445645819659 ),
 ( 0.0000000000000000000, 1.000000000000000000 ),
 .UNSPECIFIED. ) 
 GEOMETRIC_REPRESENTATION_ITEM ( )  RATIONAL_B_SPLINE_SURFACE ( (
 ( 1.000000000000000000, 0.2625309389588725284, 1.000000000000000000),
 ( 1.000000000000000000, 0.2600575360360172228, 1.000000000000000000),
 ( 1.000000000000000000, 0.2600608185878429124, 1.000000000000000000),
 ( 1.000000000000000000, 0.2638490650767142953, 1.000000000000000000),
 ( 1.000000000000000000, 0.2657643833253221510, 1.000000000000000000),
 ( 1.000000000000000000, 0.2709351400718010838, 1.000000000000000000),
 ( 1.000000000000000000, 0.2741771378392440228, 1.000000000000000000),
 ( 1.000000000000000000, 0.2821226447825062600, 1.000000000000000000),
 ( 1.000000000000000000, 0.2868245748293018482, 1.000000000000000000),
 ( 1.000000000000000000, 0.2980404300231760950, 1.000000000000000000),
 ( 1.000000000000000000, 0.3044775112197320999, 1.000000000000000000),
 ( 1.000000000000000000, 0.3191115501107399943, 1.000000000000000000),
 ( 1.000000000000000000, 0.3273332426190758149, 1.000000000000000000),
 ( 1.000000000000000000, 0.3459696464953789796, 1.000000000000000000),
 ( 1.000000000000000000, 0.3564338464879336366, 1.000000000000000000),
 ( 1.000000000000000000, 0.3707740217888443324, 1.000000000000000000),
 ( 1.000000000000000000, 0.3737031426683666280, 1.000000000000000000),
 ( 1.000000000000000000, 0.3781884244830114317, 1.000000000000000000),
 ( 1.000000000000000000, 0.3796987834280625695, 1.000000000000000000),
 ( 1.000000000000000000, 0.3827500031525273294, 1.000000000000000000),
 ( 1.000000000000000000, 0.3842030366208710190, 1.000000000000000000),
 ( 1.000000000000000000, 0.3915737606839820306, 1.000000000000000000),
 ( 1.000000000000000000, 0.3974284761931935472, 1.000000000000000000),
 ( 1.000000000000000000, 0.4148110177344800364, 1.000000000000000000),
 ( 1.000000000000000000, 0.4261570852614020577, 1.000000000000000000),
 ( 1.000000000000000000, 0.4590162248325599936, 1.000000000000000000),
 ( 1.000000000000000000, 0.4793042513431563512, 1.000000000000000000),
 ( 1.000000000000000000, 0.5059029918988634522, 1.000000000000000000),
 ( 1.000000000000000000, 0.5141266036531223493, 1.000000000000000000),
 ( 1.000000000000000000, 0.5287713943503858927, 1.000000000000000000),
 ( 1.000000000000000000, 0.5352501441041451757, 1.000000000000000000),
 ( 1.000000000000000000, 0.5520628277270702711, 1.000000000000000000),
 ( 1.000000000000000000, 0.5597409907113035654, 1.000000000000000000),
 ( 1.000000000000000000, 0.5655837315123699582, 1.000000000000000000),
 ( 1.000000000000000000, 0.5665925534130543673, 1.000000000000000000),
 ( 1.000000000000000000, 0.5666088310460323241, 1.000000000000000000),
 ( 1.000000000000000000, 0.5656196452160556776, 1.000000000000000000),
 ( 1.000000000000000000, 0.5598183276161966537, 1.000000000000000000),
 ( 1.000000000000000000, 0.5521441919826500788, 1.000000000000000000),
 ( 1.000000000000000000, 0.5351992581754051459, 1.000000000000000000),
 ( 1.000000000000000000, 0.5286357541267419080, 1.000000000000000000),
 ( 1.000000000000000000, 0.5138400680950042654, 1.000000000000000000),
 ( 1.000000000000000000, 0.5056619697402007230, 1.000000000000000000),
 ( 1.000000000000000000, 0.4791550716247593988, 1.000000000000000000),
 ( 1.000000000000000000, 0.4588349858946644821, 1.000000000000000000),
 ( 1.000000000000000000, 0.4257072503477737913, 1.000000000000000000),
 ( 1.000000000000000000, 0.4142055707544646248, 1.000000000000000000),
 ( 1.000000000000000000, 0.3966548456657369992, 1.000000000000000000),
 ( 1.000000000000000000, 0.3907618170483508901, 1.000000000000000000),
 ( 1.000000000000000000, 0.3833652978148084367, 1.000000000000000000),
 ( 1.000000000000000000, 0.3818767000480620122, 1.000000000000000000),
 ( 1.000000000000000000, 0.3788337517193448023, 1.000000000000000000),
 ( 1.000000000000000000, 0.3773293380392984675, 1.000000000000000000),
 ( 1.000000000000000000, 0.3728670640651229884, 1.000000000000000000),
 ( 1.000000000000000000, 0.3699601794715557390, 1.000000000000000000),
 ( 1.000000000000000000, 0.3444037149549418753, 1.000000000000000000),
 ( 1.000000000000000000, 0.3260854128594564139, 1.000000000000000000),
 ( 1.000000000000000000, 0.3040014826703844042, 1.000000000000000000),
 ( 1.000000000000000000, 0.2976076019678465245, 1.000000000000000000),
 ( 1.000000000000000000, 0.2865510367478162346, 1.000000000000000000),
 ( 1.000000000000000000, 0.2818816459289741894, 1.000000000000000000),
 ( 1.000000000000000000, 0.2739622264993208378, 1.000000000000000000),
 ( 1.000000000000000000, 0.2706984466929007738, 1.000000000000000000),
 ( 1.000000000000000000, 0.2655754435355989762, 1.000000000000000000),
 ( 1.000000000000000000, 0.2637264768788822322, 1.000000000000000000),
 ( 1.000000000000000000, 0.2624880753295583125, 1.000000000000000000) ) ) 
 REPRESENTATION_ITEM ( '' )  SURFACE ( )  );
#8034 = CARTESIAN_POINT ( 'NONE',  ( -4.628609323645894946, 14.82152330911474714, -19.52726586118628305 ) ) ;
#8035 = CARTESIAN_POINT ( 'NONE',  ( -5.498467708889443806, -15.41762883954205243, 20.13689312649109908 ) ) ;
#8036 = CARTESIAN_POINT ( 'NONE',  ( -13.06928090752510663, 9.398282893830284479, -12.93040546083349440 ) ) ;
#8037 = CARTESIAN_POINT ( 'NONE',  ( -5.003073325203724053, 5.531779293198031411, -34.75463468538431044 ) ) ;
#8038 = CARTESIAN_POINT ( 'NONE',  ( -4.978409528264535311, 15.75863618869418481, -2.938279663210328962 ) ) ;
#8039 = CARTESIAN_POINT ( 'NONE',  ( 5.000000000000000000, 1.008120388923670203E-14, -19.99999999999998934 ) ) ;
#8040 = CARTESIAN_POINT ( 'NONE',  ( -4.610040115944307182, 15.90598395362229489, 18.24893453252063935 ) ) ;
#8041 = CARTESIAN_POINT ( 'NONE',  ( -14.27685837993889706, -8.469766871613945369, 12.26888379331891521 ) ) ;
#8042 = EDGE_CURVE ( 'NONE', #5790, #1332, #5918, .T. ) ;
#8043 = CARTESIAN_POINT ( 'NONE',  ( -4.467567438754482367, -14.90352620181421806, -19.53592640236733757 ) ) ;
#8044 = VECTOR ( 'NONE', #1888, 1000.000000000000000 ) ;
#8045 = ORIENTED_EDGE ( 'NONE', *, *, #741, .F. ) ;
#8046 = CARTESIAN_POINT ( 'NONE',  ( -13.07597735369445324, -9.432440389082135113, -12.80023427313775741 ) ) ;
#8047 = CARTESIAN_POINT ( 'NONE',  ( -14.30817862037742039, 8.713515040022967284, 11.59594265723734807 ) ) ;
#8048 = CARTESIAN_POINT ( 'NONE',  ( -18.51066993626346147, 4.016647716619514696, -9.574915421611558841 ) ) ;
#8049 = CARTESIAN_POINT ( 'NONE',  ( -5.000000000000000000, -15.75000000000001066, 4.407281562877018111 ) ) ;
#8050 = CARTESIAN_POINT ( 'NONE',  ( -20.00000000000002487, 10.46854040112869200, -5.195747075514042024 ) ) ;
#8051 = CARTESIAN_POINT ( 'NONE',  ( -15.39369969050054721, -5.211731083691250710, 14.17411456113798351 ) ) ;
#8052 = AXIS2_PLACEMENT_3D ( 'NONE', #6102, #2935, #8031 ) ;
#8053 = CARTESIAN_POINT ( 'NONE',  ( -1.524322424677756249, 1.630399487950549231, -36.00712235345348944 ) ) ;
#8054 = CARTESIAN_POINT ( 'NONE',  ( 3.000000000000000000, 1.008120388923670203E-14, -19.99999999999998934 ) ) ;
#8055 = ORIENTED_EDGE ( 'NONE', *, *, #3341, .T. ) ;
#8056 = DIRECTION ( 'NONE',  ( 1.000000000000000000, 0.0000000000000000000, 0.0000000000000000000 ) ) ;
#8057 = CARTESIAN_POINT ( 'NONE',  ( -6.977441622326046478, 13.46910980311668560, 14.78435431834472169 ) ) ;
#8058 = CARTESIAN_POINT ( 'NONE',  ( -16.59931359011750374, -1.339225584041674244, -13.75017965675969478 ) ) ;
#8059 = CARTESIAN_POINT ( 'NONE',  ( -14.49061991643634606, 10.21781869623274908, -6.605503367932613834 ) ) ;
#8060 = CARTESIAN_POINT ( 'NONE',  ( -4.850000000000002309, 2.779248481943443316, -35.83101590996664498 ) ) ;
#8061 = CARTESIAN_POINT ( 'NONE',  ( -4.540487515936259655, 14.85677203219860587, 19.99999998979182791 ) ) ;
#8062 = CARTESIAN_POINT ( 'NONE',  ( 5.000000000000000000, -22.74999999999999289, 20.00000000000000000 ) ) ;
#8063 = CARTESIAN_POINT ( 'NONE',  ( 3.000000000000000000, -19.99999999999999645, -36.50000000000000711 ) ) ;
#8064 = CARTESIAN_POINT ( 'NONE',  ( -11.89582599879424230, -10.56336060353434547, -12.08007334138144451 ) ) ;
#8065 = ORIENTED_EDGE ( 'NONE', *, *, #3288, .F. ) ;
#8066 = EDGE_CURVE ( 'NONE', #4565, #3225, #2682, .T. ) ;
#8067 = CARTESIAN_POINT ( 'NONE',  ( 0.02782555748655271208, -16.68409726156771100, -16.05926303215119688 ) ) ;
#8068 = CARTESIAN_POINT ( 'NONE',  ( -16.68550858873410547, -6.150896029484402838, -11.00330169735589614 ) ) ;
#8069 = CARTESIAN_POINT ( 'NONE',  ( -5.503905307447807260, 15.41153310713387903, 20.18761839824334459 ) ) ;
#8070 = CARTESIAN_POINT ( 'NONE',  ( 1.219727444046192883E-15, -16.67296703857310547, -12.26967044864954914 ) ) ;
#8071 = CARTESIAN_POINT ( 'NONE',  ( -15.97639669896619452, -0.2267680086043165621, 14.91743383556832114 ) ) ;
#8072 = CARTESIAN_POINT ( 'NONE',  ( -20.00000000000218847, -8.353924199508778514, 5.561608685342413594 ) ) ;
#8073 = CARTESIAN_POINT ( 'NONE',  ( -5.692061405548897292E-16, 10.03283775712858983, -33.32444162460261339 ) ) ;
#8074 = CARTESIAN_POINT ( 'NONE',  ( -13.12703772931648416, -9.866288015951088397, 11.16338898872346697 ) ) ;
#8075 = ORIENTED_EDGE ( 'NONE', *, *, #6449, .F. ) ;
#8076 = FACE_BOUND ( 'NONE', #7804, .T. ) ;
#8077 = ORIENTED_EDGE ( 'NONE', *, *, #3163, .T. ) ;
#8078 = CARTESIAN_POINT ( 'NONE',  ( -3.076488258282332300, -5.010172007292327478, 34.60715709691680786 ) ) ;
#8079 = CARTESIAN_POINT ( 'NONE',  ( -1.524319402890893072, 16.06323927741675206, -19.26430375669469441 ) ) ;
#8080 = CARTESIAN_POINT ( 'NONE',  ( -5.761729958529889117, -14.48781855226976134, 24.00978901222158868 ) ) ;
#8081 = CARTESIAN_POINT ( 'NONE',  ( -13.08018237226636238, 9.452666550949937019, -12.71998827455249703 ) ) ;
#8082 = AXIS2_PLACEMENT_3D ( 'NONE', #2367, #5424, #4269 ) ;
#8083 = CARTESIAN_POINT ( 'NONE',  ( -5.741298858305514230, 14.65728872325489007, -23.53801082121940880 ) ) ;
#8084 = CARTESIAN_POINT ( 'NONE',  ( -9.284582195839570673, 11.32141018479768313, 18.51271635691510298 ) ) ;
#8085 = CARTESIAN_POINT ( 'NONE',  ( -5.788064415363296966, -14.25625149455762752, -24.64225667114383711 ) ) ;
#8086 = CARTESIAN_POINT ( 'NONE',  ( -5.016141902578473477, 15.74354323896855234, 19.68047531979002329 ) ) ;
#8087 = CARTESIAN_POINT ( 'NONE',  ( -17.99624088737633798, -6.470824740042973033, 8.449417061849047172 ) ) ;
#8088 = CARTESIAN_POINT ( 'NONE',  ( -16.15585439938020329, -7.640396609813184803, -9.923208566804932573 ) ) ;
#8089 = ORIENTED_EDGE ( 'NONE', *, *, #3884, .F. ) ;
#8090 = EDGE_CURVE ( 'NONE', #5171, #5768, #7785, .T. ) ;
#8091 = CARTESIAN_POINT ( 'NONE',  ( -4.459361611535836545, -14.90859022931681466, -20.06893230866877431 ) ) ;
#8092 = CARTESIAN_POINT ( 'NONE',  ( -19.23770991320112955, 5.810488806434339182, 7.324505857863691460 ) ) ;
#8093 = CARTESIAN_POINT ( 'NONE',  ( -16.63359053408715482, 4.515924480189989154, -12.44708166270014082 ) ) ;
#8094 = CARTESIAN_POINT ( 'NONE',  ( -3.076464363268383462, 15.44238129326575937, 19.85117084879478000 ) ) ;
#8095 = CARTESIAN_POINT ( 'NONE',  ( -20.00000000000278888, 9.699022290508754196, 2.554840774118507962 ) ) ;
#8096 = CARTESIAN_POINT ( 'NONE',  ( -12.88100398787885048, -4.819549621862920574, 18.99402601133444435 ) ) ;
#8097 = CARTESIAN_POINT ( 'NONE',  ( -4.628935666312167463, 8.577580692375612159, -32.20425344222031327 ) ) ;
#8098 = DIRECTION ( 'NONE',  ( 0.0000000000000000000, 0.0000000000000000000, -1.000000000000000000 ) ) ;
#8099 = CARTESIAN_POINT ( 'NONE',  ( -0.0000000000000000000, -17.74999999999999645, -16.54963531164962021 ) ) ;
#8100 = CARTESIAN_POINT ( 'NONE',  ( -17.43135131073161048, 7.435625430322818197, 8.065457449314047622 ) ) ;
#8101 = CARTESIAN_POINT ( 'NONE',  ( -18.46598588078977699, -0.1332821871263354385, -10.65056413013838288 ) ) ;
#8102 = DIRECTION ( 'NONE',  ( 1.000000000000000000, 0.0000000000000000000, 0.0000000000000000000 ) ) ;
#8103 = CARTESIAN_POINT ( 'NONE',  ( -14.54862241034116721, 10.60512451425072555, -4.690930789980342297 ) ) ;
#8104 = CARTESIAN_POINT ( 'NONE',  ( -5.000000000000014211, -6.920731814425108652, -34.22217500603503026 ) ) ;
#8105 = CARTESIAN_POINT ( 'NONE',  ( -4.849999999999995204, 15.81780785821801771, -9.557070928535351229 ) ) ;
#8106 = CARTESIAN_POINT ( 'NONE',  ( -4.546795794782240385, -15.93128168208711415, 19.85753540949964346 ) ) ;
#8107 = CARTESIAN_POINT ( 'NONE',  ( -5.005237627885215090, -15.74790494883675329, -14.72016524992563014 ) ) ;
#8108 = CARTESIAN_POINT ( 'NONE',  ( -16.21929809209241569, -8.285548736789344559, -8.600377202373115537 ) ) ;
#8109 = CARTESIAN_POINT ( 'NONE',  ( -3.076464363268367475, -15.44238129326574516, -17.61488372724010176 ) ) ;
#8110 = CARTESIAN_POINT ( 'NONE',  ( -11.78965559029502330, -9.891578331775370714, -15.11988969706001029 ) ) ;
#8111 = CARTESIAN_POINT ( 'NONE',  ( -5.044755000633535325, 15.73209799974662992, 20.03181184189727659 ) ) ;
#8112 = CARTESIAN_POINT ( 'NONE',  ( -4.332835006978857706, -8.063592948782378755, -32.58044233977727799 ) ) ;
#8113 = CARTESIAN_POINT ( 'NONE',  ( -20.00000000000074252, -9.897830989723249928, 1.481752962478180002 ) ) ;
#8114 = CARTESIAN_POINT ( 'NONE',  ( 3.000000000000000000, 22.00000000000000000, -36.50000000000000711 ) ) ;
#8115 = ADVANCED_FACE ( 'NONE', ( #8194 ), #7604, .F. ) ;
#8116 = CARTESIAN_POINT ( 'NONE',  ( -4.607610597860609225, -14.83002756573354652, 7.310838148563854055 ) ) ;
#8117 = APPLICATION_PROTOCOL_DEFINITION ( 'draft international standard', 'automotive_design', 1998, #7251 ) ;
#8118 = CARTESIAN_POINT ( 'NONE',  ( 0.02787612796932158188, 0.2397342561163505192, 36.68311334823794567 ) ) ;
#8119 = CARTESIAN_POINT ( 'NONE',  ( -1.524319402890888631, 16.06323927741676627, 0.7239134328983513056 ) ) ;
#8120 = CARTESIAN_POINT ( 'NONE',  ( -5.504732804050286532, -15.41056313960611490, 20.19585386768525836 ) ) ;
#8121 = CARTESIAN_POINT ( 'NONE',  ( -16.15052528422335243, 7.609230037326178753, -9.988551898436362819 ) ) ;
#8122 = CARTESIAN_POINT ( 'NONE',  ( -5.874249894179278009, 8.723029917740538153, -31.52898435166363811 ) ) ;
#8123 = CARTESIAN_POINT ( 'NONE',  ( -19.13006031530484563, 3.402536209202988715, 8.885864770709229532 ) ) ;
#8124 = CARTESIAN_POINT ( 'NONE',  ( -5.866947002335844985, 1.928775462721289635, -34.16944135260806803 ) ) ;
#8125 = CARTESIAN_POINT ( 'NONE',  ( -5.417017027518046923, 15.48405476200862374, 19.67250172985998802 ) ) ;
#8126 = CARTESIAN_POINT ( 'NONE',  ( -14.30801219388322032, -8.689292468164085292, 11.65974928625748497 ) ) ;
#8127 = CARTESIAN_POINT ( 'NONE',  ( -19.24913711558118123, -5.922106717792241959, -7.218272456237916579 ) ) ;
#8128 = ORIENTED_EDGE ( 'NONE', *, *, #1743, .F. ) ;
#8129 = CARTESIAN_POINT ( 'NONE',  ( -14.29732505263007170, -8.634870652965176419, -11.82548133999441298 ) ) ;
#8130 = CARTESIAN_POINT ( 'NONE',  ( -14.30721638680859265, 8.703717787319355637, 11.62395606021006067 ) ) ;
#8131 = CARTESIAN_POINT ( 'NONE',  ( -11.66382981016132447, 7.339595587865144211, -19.35204308866933687 ) ) ;
#8132 = CARTESIAN_POINT ( 'NONE',  ( -3.076464363268383906, 15.44238129326575937, 19.99999998958222491 ) ) ;
#8133 = CARTESIAN_POINT ( 'NONE',  ( -18.15007924467084521, 3.017643140038108296, -12.64022442038555738 ) ) ;
#8134 = CARTESIAN_POINT ( 'NONE',  ( -11.64848070696826987, -6.417773715505689758, 20.19931616734183422 ) ) ;
#8135 = CARTESIAN_POINT ( 'NONE',  ( 0.02782555748664033296, 16.68409726156777140, -19.86921791731361253 ) ) ;
#8136 = CARTESIAN_POINT ( 'NONE',  ( -4.525595326351320224, 15.93976186945954687, 19.99999998973654058 ) ) ;
#8137 = CARTESIAN_POINT ( 'NONE',  ( -16.85160592351697417, 8.130314691954946937, 7.828628442016632327 ) ) ;
#8138 = CARTESIAN_POINT ( 'NONE',  ( -18.46725690513425278, -0.7077278633757241311, -10.61476197241027641 ) ) ;
#8139 = CARTESIAN_POINT ( 'NONE',  ( -19.00000000000000355, 5.874025840532134168, -7.596689089970872999 ) ) ;
#8140 = CARTESIAN_POINT ( 'NONE',  ( -16.34767375240530640, 9.368792056111088229, -5.848066810785576664 ) ) ;
#8141 = CARTESIAN_POINT ( 'NONE',  ( -4.849999999999999645, 15.84037421174404336, 18.20067515676969094 ) ) ;
#8142 = CARTESIAN_POINT ( 'NONE',  ( -5.016141902486205950, 15.74354323900555919, -19.68047531914893256 ) ) ;
#8143 = CARTESIAN_POINT ( 'NONE',  ( -4.564344755666609466, -15.92426209773335444, -19.65707425308335488 ) ) ;
#8144 = CARTESIAN_POINT ( 'NONE',  ( -6.960853263916558120, -13.41848465281981362, -15.95049134676239433 ) ) ;
#8145 = VERTEX_POINT ( 'NONE', #1078 ) ;
#8146 = CARTESIAN_POINT ( 'NONE',  ( -4.628609323645895834, -14.82152330911473292, -17.18502398931933328 ) ) ;
#8147 = CARTESIAN_POINT ( 'NONE',  ( -14.26359207942367391, -8.371292077725492220, -12.51092500418796938 ) ) ;
#8148 = CARTESIAN_POINT ( 'NONE',  ( -20.00000000000002842, 10.47394677297135956, 5.181611039120884499 ) ) ;
#8149 = CARTESIAN_POINT ( 'NONE',  ( -4.309521252153256654, -1.363083241011180169, -34.90121940240987186 ) ) ;
#8150 = CARTESIAN_POINT ( 'NONE',  ( -18.29460244106902422, -7.312652835749935853, 9.188634952660411415 ) ) ;
#8151 = CARTESIAN_POINT ( 'NONE',  ( -8.131516293641305935E-16, -6.798484246703450751, -35.25539769837153159 ) ) ;
#8152 = CARTESIAN_POINT ( 'NONE',  ( -18.27681607799947372, -9.043642635669032259, 3.654924976105091261 ) ) ;
#8153 = CARTESIAN_POINT ( 'NONE',  ( -19.00000000000000355, -5.913675711301093152, -7.556202739479848773 ) ) ;
#8154 = DIRECTION ( 'NONE',  ( 1.000000000000000000, 0.0000000000000000000, 0.0000000000000000000 ) ) ;
#8155 = CARTESIAN_POINT ( 'NONE',  ( -4.628682725292776468, 2.723627378544984268, 34.56870966832229897 ) ) ;
#8156 = CARTESIAN_POINT ( 'NONE',  ( -16.47801415651140644, 10.26503287403347819, 1.135223134320352489 ) ) ;
#8157 = CARTESIAN_POINT ( 'NONE',  ( -5.502144865629863268, -15.41355279621116736, 20.17064213034985443 ) ) ;
#8158 = CARTESIAN_POINT ( 'NONE',  ( -11.85464648427306322, 10.24477323199362822, -13.66263159364357627 ) ) ;
#8159 = CARTESIAN_POINT ( 'NONE',  ( -4.999732265116058727, 1.045383012606039497, -35.74929124121759827 ) ) ;
#8160 = CARTESIAN_POINT ( 'NONE',  ( -6.698957905418632564, 10.82339395362030920, 25.65715138329489875 ) ) ;
#8161 = CARTESIAN_POINT ( 'NONE',  ( -5.869720884616552503, 5.189104101935485325, -33.35110202484549546 ) ) ;
#8162 = FACE_OUTER_BOUND ( 'NONE', #7049, .T. ) ;
#8163 = CARTESIAN_POINT ( 'NONE',  ( -13.08271931122531129, -9.460305990538570242, 12.68639080945998110 ) ) ;
#8164 = CARTESIAN_POINT ( 'NONE',  ( -6.934952596958820159, -13.33837938956870950, -17.79139890898455789 ) ) ;
#8165 = ORIENTED_EDGE ( 'NONE', *, *, #761, .T. ) ;
#8166 = EDGE_CURVE ( 'NONE', #7614, #5693, #4329, .T. ) ;
#8167 = CARTESIAN_POINT ( 'NONE',  ( -6.934449375328251897, 13.33869859879081154, 17.79181322808684484 ) ) ;
#8168 = CARTESIAN_POINT ( 'NONE',  ( -16.64747268982943140, 5.116180406379165824, -12.00684498416571877 ) ) ;
#8169 = CARTESIAN_POINT ( 'NONE',  ( -18.31710846144084215, -7.594229392730595052, 8.792039669609579278 ) ) ;
#8170 = CARTESIAN_POINT ( 'NONE',  ( -18.13909399198166028, 1.518017213324479142, -13.06829937105698924 ) ) ;
#8171 = CARTESIAN_POINT ( 'NONE',  ( -4.227588627575559421, -12.84548961388392030, 28.02331911260005626 ) ) ;
#8172 = CARTESIAN_POINT ( 'NONE',  ( -3.076500973027802122, 15.38399458166948008, -22.23696561649103742 ) ) ;
#8173 = CARTESIAN_POINT ( 'NONE',  ( 3.000000000000000000, -22.00000000000001421, -36.50000000000000711 ) ) ;
#8174 = CARTESIAN_POINT ( 'NONE',  ( -4.345618858770458282, -9.683392110931720254, 31.38903875597291560 ) ) ;
#8175 = CARTESIAN_POINT ( 'NONE',  ( -11.93877815693122812, 10.88445348185408612, 10.40720283148934833 ) ) ;
#8176 = CARTESIAN_POINT ( 'NONE',  ( -17.84412868058576862, 0.8133929212124632047, -11.67976345248032111 ) ) ;
#8177 = FACE_OUTER_BOUND ( 'NONE', #3436, .T. ) ;
#8178 = VECTOR ( 'NONE', #1563, 1000.000000000000000 ) ;
#8179 = CARTESIAN_POINT ( 'NONE',  ( -19.48082633764654759, 8.256833768186075062, -3.928435287364046680 ) ) ;
#8180 = CARTESIAN_POINT ( 'NONE',  ( -4.850000000000002309, 2.779248481943443316, -35.83101590996664498 ) ) ;
#8181 = CARTESIAN_POINT ( 'NONE',  ( -5.462005917155698498, 15.45122281307088308, -19.88357245027647835 ) ) ;
#8182 = CARTESIAN_POINT ( 'NONE',  ( -5.327916304030908989, -15.56004483521745563, -16.66607435064395659 ) ) ;
#8183 = CARTESIAN_POINT ( 'NONE',  ( -16.85411804001419611, -8.128997634749726586, -7.827004244155959967 ) ) ;
#8184 = COLOUR_RGB ( '',0.2509803921568627416, 0.2509803921568627416, 0.2509803921568627416 ) ;
#8185 = CARTESIAN_POINT ( 'NONE',  ( -38.00000000000000000, 0.0000000000000000000, 0.0000000000000000000 ) ) ;
#8186 = CARTESIAN_POINT ( 'NONE',  ( -17.93546104026937726, -5.607700016455873460, -9.407759312062511370 ) ) ;
#8187 = EDGE_CURVE ( 'NONE', #6125, #8195, #2408, .T. ) ;
#8188 = CARTESIAN_POINT ( 'NONE',  ( -5.033753997728422469, -15.73706133293074139, 1.468780195417272560 ) ) ;
#8189 = CARTESIAN_POINT ( 'NONE',  ( -4.381617368699717296, -12.23805312226897435, -28.54040229936288853 ) ) ;
#8190 = CARTESIAN_POINT ( 'NONE',  ( -5.000000000000000000, 15.75000000000000355, -4.407281562884904247 ) ) ;
#8191 = CARTESIAN_POINT ( 'NONE',  ( 7.318364664277155916E-16, -14.23213039000811264, -28.69731067436784855 ) ) ;
#8192 = CARTESIAN_POINT ( 'NONE',  ( -18.92775803020307279, -8.995884452508946083, 2.768329166217494031 ) ) ;
#8193 = CARTESIAN_POINT ( 'NONE',  ( -19.00000000000000355, -2.293024139753074842, 9.460784463697489599 ) ) ;
#8194 = FACE_OUTER_BOUND ( 'NONE', #7160, .T. ) ;
#8195 = VERTEX_POINT ( 'NONE', #6932 ) ;
#8196 = CARTESIAN_POINT ( 'NONE',  ( -3.076533729469537626, 3.733721154300333467, 35.00981684838054520 ) ) ;
#8197 = B_SPLINE_CURVE_WITH_KNOTS ( 'NONE', 1,
 ( #5366, #1517 ),
 .UNSPECIFIED., .F., .F.,
 ( 2, 2 ),
 ( 0.09488093472974114262, 1.000000000000000000 ),
 .UNSPECIFIED. ) ;
#8198 = CARTESIAN_POINT ( 'NONE',  ( -17.71112675903236067, 9.701069937278653299, 1.868226674117557051 ) ) ;
#8199 = CARTESIAN_POINT ( 'NONE',  ( -5.807162906840505734, -13.89653276878124188, 25.38993445828492312 ) ) ;
#8200 = CARTESIAN_POINT ( 'NONE',  ( -18.61834932882523930, 6.199613207693604799, -7.818372724749361957 ) ) ;
#8201 = CARTESIAN_POINT ( 'NONE',  ( -5.874001096747708317, -8.682277297043167863, -31.53158385645176409 ) ) ;
#8202 = CARTESIAN_POINT ( 'NONE',  ( -19.14371596757417393, 3.893026194791124439, 8.658195170663447016 ) ) ;
#8203 = CARTESIAN_POINT ( 'NONE',  ( -18.64205573036033314, 10.52056900305867870, 0.2901160781266046707 ) ) ;
#8204 = CARTESIAN_POINT ( 'NONE',  ( -5.033728863832553913, 15.73650845446691626, 19.83110599016419684 ) ) ;
#8205 = ORIENTED_EDGE ( 'NONE', *, *, #4457, .F. ) ;
#8206 = CARTESIAN_POINT ( 'NONE',  ( -15.53887566602805137, -7.978150915476730276, 10.51616029865653879 ) ) ;
#8207 = CARTESIAN_POINT ( 'NONE',  ( -19.24179459777410983, -5.823011940560199662, -7.309028384735850814 ) ) ;
#8208 = ORIENTED_EDGE ( 'NONE', *, *, #379, .T. ) ;
#8209 = VECTOR ( 'NONE', #3687, 1000.000000000000000 ) ;
#8210 = CARTESIAN_POINT ( 'NONE',  ( -18.61307628875832876, 6.132165058299873905, 7.890867074958561211 ) ) ;
#8211 = CARTESIAN_POINT ( 'NONE',  ( -6.730965479000436957, 11.69001936230696970, -24.08528860460208421 ) ) ;
#8212 = CARTESIAN_POINT ( 'NONE',  ( -18.55649598991042382, -9.876193167265732598, 4.216037939357597075 ) ) ;
#8213 = CARTESIAN_POINT ( 'NONE',  ( -20.00000000000003908, 7.632661146640465688, -9.918978542759166572 ) ) ;
#8214 = CARTESIAN_POINT ( 'NONE',  ( -16.67760970950721600, -5.921402868170490663, 11.25057934806740434 ) ) ;
#8215 = CARTESIAN_POINT ( 'NONE',  ( -3.076468804811116620, 15.43596555234623047, -20.44271846507624701 ) ) ;
#8216 = CARTESIAN_POINT ( 'NONE',  ( -38.00000000000000000, 0.0000000000000000000, 0.0000000000000000000 ) ) ;
#8217 = ORIENTED_EDGE ( 'NONE', *, *, #2023, .T. ) ;
#8218 = EDGE_CURVE ( 'NONE', #3256, #1179, #4510, .T. ) ;
#8219 = CARTESIAN_POINT ( 'NONE',  ( 0.0000000000000000000, -22.00000000000000711, 36.49999999999999289 ) ) ;
#8220 = CARTESIAN_POINT ( 'NONE',  ( -13.10947712099945761, 9.721771205458292542, 11.70957249808862066 ) ) ;
#8221 = CARTESIAN_POINT ( 'NONE',  ( -11.61294391051918140, 1.024575832424146071, -22.38240952846317455 ) ) ;
#8222 = VECTOR ( 'NONE', #1376, 1000.000000000000000 ) ;
#8223 = CARTESIAN_POINT ( 'NONE',  ( -19.00000000000000711, 8.351882439159055593, 4.353085070565727577 ) ) ;
#8224 = CARTESIAN_POINT ( 'NONE',  ( -19.99999999999931433, 0.9786613011310543175, 9.964455904960310306 ) ) ;
#8225 = CARTESIAN_POINT ( 'NONE',  ( -14.58870671083962378, 10.85713680537722681, -2.723663187132860486 ) ) ;
#8226 = CARTESIAN_POINT ( 'NONE',  ( -6.628370228665178665, 0.4397209417908882201, 30.99403310625232777 ) ) ;
#8227 = CARTESIAN_POINT ( 'NONE',  ( -5.000000000000001776, 2.758187410048219768, -35.57511223967486558 ) ) ;
#8228 = CARTESIAN_POINT ( 'NONE',  ( -5.412439175649479850, 15.48780926478488773, -19.56901003664657779 ) ) ;
#8229 = CARTESIAN_POINT ( 'NONE',  ( -5.444453009178014113, -15.46462626782724925, -19.79417908248869651 ) ) ;
#8230 = CARTESIAN_POINT ( 'NONE',  ( -16.20139835424572183, -8.111196886229311787, -8.969327625572223184 ) ) ;
#8231 = CARTESIAN_POINT ( 'NONE',  ( -4.628609323645896723, -14.82152330911473292, -19.70852100903350035 ) ) ;
#8232 = CARTESIAN_POINT ( 'NONE',  ( -14.19987822519029663, -7.483116793367945441, -14.12990158149918685 ) ) ;
#8233 = CARTESIAN_POINT ( 'NONE',  ( -5.000000000000000000, 15.75000000000000355, -4.407281562884904247 ) ) ;
#8234 = CARTESIAN_POINT ( 'NONE',  ( -4.548409108020162961, 14.85360339536503993, -18.82899099110397501 ) ) ;
#8235 = CARTESIAN_POINT ( 'NONE',  ( -4.533658801609182554, 15.93653647935633622, 19.95265571454908127 ) ) ;
#8236 = DIRECTION ( 'NONE',  ( -0.0000000000000000000, -0.0000000000000000000, -1.000000000000000000 ) ) ;
#8237 = CARTESIAN_POINT ( 'NONE',  ( -16.45794214499597530, -10.11624628360234368, 2.432902865151492122 ) ) ;
#8238 = CARTESIAN_POINT ( 'NONE',  ( -18.99999999999998934, -8.885047821132358692, 2.958609598831359655 ) ) ;
#8239 = CARTESIAN_POINT ( 'NONE',  ( 0.02782474016618042764, -16.68087744351388579, 20.34634257465570073 ) ) ;
#8240 = CARTESIAN_POINT ( 'NONE',  ( -17.72592238150085464, 9.799082063091299588, 0.2209821467828301522 ) ) ;
#8241 = CARTESIAN_POINT ( 'NONE',  ( -3.419711208898701393, -3.731649416910175709, 35.95990504853445202 ) ) ;
#8242 = CARTESIAN_POINT ( 'NONE',  ( -17.38136914154568657, 6.884297911587580643, -8.920867879310668158 ) ) ;
#8243 = CARTESIAN_POINT ( 'NONE',  ( -3.494954939398592586, -8.179499736761574269, -34.16872017583965970 ) ) ;
#8244 = CARTESIAN_POINT ( 'NONE',  ( -13.03089052142939153, 9.211485501463689829, 13.68564414388495720 ) ) ;
#8245 = CARTESIAN_POINT ( 'NONE',  ( -18.63832953727623121, 10.49343157817272143, -1.432659213249874330 ) ) ;
#8246 = CARTESIAN_POINT ( 'NONE',  ( 0.0000000000000000000, -22.00000000000001421, -36.50000000000000711 ) ) ;
#8247 = ORIENTED_EDGE ( 'NONE', *, *, #4340, .T. ) ;
#8248 = CARTESIAN_POINT ( 'NONE',  ( -6.935068630134129108, -13.33875246871564890, 17.78283390001939068 ) ) ;
#8249 = CARTESIAN_POINT ( 'NONE',  ( -19.23997730422279773, -5.798125139146592666, -7.331457045122555805 ) ) ;
#8250 = ORIENTED_EDGE ( 'NONE', *, *, #3419, .F. ) ;
#8251 = CARTESIAN_POINT ( 'NONE',  ( -19.23693220604642207, 5.799817365593168184, 7.334107427803305157 ) ) ;
#8252 = CARTESIAN_POINT ( 'NONE',  ( -14.20015237764685168, 7.513351359141465124, -14.10557832893158903 ) ) ;
#8253 = DIRECTION ( 'NONE',  ( 0.0000000000000000000, 0.0000000000000000000, -1.000000000000000000 ) ) ;
#8254 = CARTESIAN_POINT ( 'NONE',  ( -20.00000000000002842, 7.566674109545192373, -9.997120264419383062 ) ) ;
#8255 = CARTESIAN_POINT ( 'NONE',  ( -4.850000000000002309, 6.972997297138873840, 34.46578159907269878 ) ) ;
#8256 = CARTESIAN_POINT ( 'NONE',  ( -9.201681951536340165, -9.712117494048879252, 21.63967317508776844 ) ) ;
#8257 = CARTESIAN_POINT ( 'NONE',  ( -3.076464353878449298, 15.44240221442549021, -20.05007081302310112 ) ) ;
#8258 = CARTESIAN_POINT ( 'NONE',  ( 3.000000000000000000, -22.00000000000000711, 36.49999999999999289 ) ) ;
#8259 = ORIENTED_EDGE ( 'NONE', *, *, #7373, .T. ) ;
#8260 = CARTESIAN_POINT ( 'NONE',  ( -4.315314778952378028, 4.425756394494884560, 34.28036983929312242 ) ) ;
#8261 = CARTESIAN_POINT ( 'NONE',  ( -14.33733103825779409, 8.998100859286861208, 10.76806201926505580 ) ) ;
#8262 = CARTESIAN_POINT ( 'NONE',  ( -11.61410676464274516, 1.688431723906477444, -22.29451608720466993 ) ) ;
#8263 = CARTESIAN_POINT ( 'NONE',  ( -19.00000000000000000, 8.791192128578261489, -3.255207212431213026 ) ) ;
#8264 = CARTESIAN_POINT ( 'NONE',  ( -20.00000000000002487, 4.343414528665618946, 12.62512518093862823 ) ) ;
#8265 = CARTESIAN_POINT ( 'NONE',  ( -18.94462450999341385, 9.133745855291644844, -2.037035849436152457 ) ) ;
#8266 = CARTESIAN_POINT ( 'NONE',  ( -15.35296810479149876, 0.2117932251072483230, 16.00028914584365580 ) ) ;
#8267 = CARTESIAN_POINT ( 'NONE',  ( -19.99999999999998224, 3.380946489628498419, -9.438378003944203343 ) ) ;
#8268 = LINE ( 'NONE', #5137, #2327 ) ;
#8269 = CARTESIAN_POINT ( 'NONE',  ( -4.727253765531012952, -15.85909849378759340, -14.70860102641485412 ) ) ;
#8270 = CARTESIAN_POINT ( 'NONE',  ( -19.25983269546081900, -6.062316306449782033, -7.085644177873740013 ) ) ;
#8271 = VERTEX_POINT ( 'NONE', #3707 ) ;
#8272 = CARTESIAN_POINT ( 'NONE',  ( 0.02782555748655332617, -16.68409726156771455, -19.87590317050971223 ) ) ;
#8273 = CARTESIAN_POINT ( 'NONE',  ( -19.11156168013669898, -2.656965349437342638, -9.158880387825576008 ) ) ;
#8274 = CARTESIAN_POINT ( 'NONE',  ( -20.00000000000003197, 9.807447302818692592, -6.693928009641812338 ) ) ;
#8275 = CARTESIAN_POINT ( 'NONE',  ( -4.314887012408876288, -4.245017227488163236, -34.33518971764900840 ) ) ;
#8276 = CARTESIAN_POINT ( 'NONE',  ( -5.262019370869761126, 15.61208463504777555, -14.57948966491048104 ) ) ;
#8277 = CARTESIAN_POINT ( 'NONE',  ( 1.219727444046183219E-15, -16.56514906563063505, -21.94767722111771491 ) ) ;
#8278 = CARTESIAN_POINT ( 'NONE',  ( -7.130752137186904704, -13.85172101225403907, 2.431103641730714138 ) ) ;
#8279 = CARTESIAN_POINT ( 'NONE',  ( -19.00000000000001421, -6.819808492750221163, -6.697712618400533557 ) ) ;
#8280 = CARTESIAN_POINT ( 'NONE',  ( 0.02782555725653600501, -16.68411859132521968, 20.05242496132756003 ) ) ;
#8281 = CARTESIAN_POINT ( 'NONE',  ( -16.75808144313277026, -7.170319198425488594, -9.579812299472756365 ) ) ;
#8282 = CARTESIAN_POINT ( 'NONE',  ( -15.85678740273332998, 10.51579271506799174, 0.2495066113885494041 ) ) ;
#8283 = CARTESIAN_POINT ( 'NONE',  ( -5.013800609205284253, -10.36616063437947410, 31.89580756104599146 ) ) ;
#8284 = CARTESIAN_POINT ( 'NONE',  ( -14.30882280577299781, 8.720066101398515457, -11.57720280116996747 ) ) ;
#8285 = CARTESIAN_POINT ( 'NONE',  ( -5.870866686515651800, -5.835536967541179898, -33.09721333458882242 ) ) ;
#8286 = CARTESIAN_POINT ( 'NONE',  ( -9.168285362004329642, 8.206993492128541234, 23.37689111654103513 ) ) ;
#8287 = CARTESIAN_POINT ( 'NONE',  ( -20.00000000000002842, -2.065517064297442751, -13.47549148319223100 ) ) ;
#8288 = CARTESIAN_POINT ( 'NONE',  ( -4.462793826091481897, 15.95811992437403148, 20.53337214704973590 ) ) ;
#8289 = CARTESIAN_POINT ( 'NONE',  ( -17.38507655154184661, -6.895392182472745546, 8.900032488102612049 ) ) ;
#8290 = CARTESIAN_POINT ( 'NONE',  ( -19.24127426090689497, -5.815908132444732814, -7.315452256210104309 ) ) ;
#8291 = ORIENTED_EDGE ( 'NONE', *, *, #2400, .F. ) ;
#8292 = CARTESIAN_POINT ( 'NONE',  ( -9.396945357535471999, 11.76804089968159417, 15.82200860473023951 ) ) ;
#8293 = CARTESIAN_POINT ( 'NONE',  ( -15.43759658344189134, 6.716261957446279851, -12.68066592369493861 ) ) ;
#8294 = DIRECTION ( 'NONE',  ( -1.000000000000000000, -0.0000000000000000000, -0.0000000000000000000 ) ) ;
#8295 = EDGE_CURVE ( 'NONE', #7046, #479, #5780, .T. ) ;
#8296 = CARTESIAN_POINT ( 'NONE',  ( 0.0000000000000000000, 2.733323094352584069E-15, 19.99999999999999645 ) ) ;
#8297 = CARTESIAN_POINT ( 'NONE',  ( -20.00000000000000355, -2.344222045968781476, 9.732438467498983670 ) ) ;
#8298 = CARTESIAN_POINT ( 'NONE',  ( -12.93902826012936025, -7.716483922787737981, 16.40172425605312867 ) ) ;
#8299 = CARTESIAN_POINT ( 'NONE',  ( -20.00000000000003197, -11.07246765974811176, 3.270285872594463683 ) ) ;
#8300 = CARTESIAN_POINT ( 'NONE',  ( -4.335914673541643616, 8.522071164358839823, 32.28610475818080516 ) ) ;
#8301 = B_SPLINE_CURVE_WITH_KNOTS ( 'NONE', 3,
 ( #6069, #7993, #7240, #3510, #6151, #1478 ),
 .UNSPECIFIED., .F., .F.,
 ( 4, 2, 4 ),
 ( -8.458908997077945607E-05, 0.007548003705080376206, 0.01518059650013153100 ),
 .UNSPECIFIED. ) ;
#8302 = CARTESIAN_POINT ( 'NONE',  ( -4.493560086150218957, 14.88772474600055773, 17.27559816963539774 ) ) ;
#8303 = CARTESIAN_POINT ( 'NONE',  ( -16.59726334286651905, 0.5968240879860426951, -13.84211436436109288 ) ) ;
#8304 = CARTESIAN_POINT ( 'NONE',  ( -5.000000000000000000, -15.75000000000001066, 22.11634652988783145 ) ) ;
#8305 = CARTESIAN_POINT ( 'NONE',  ( -18.13525050242371606, 0.3985887462621334199, 13.22659809886233795 ) ) ;
#8306 = CARTESIAN_POINT ( 'NONE',  ( -11.61446706287183339, -1.024443683542080707, 22.37979976705535279 ) ) ;
ENDSEC;
END-ISO-10303-21;
