ISO-10303-21;
HEADER;
FILE_DESCRIPTION (( 'STEP AP214' ),
    '1' );
FILE_NAME ('Combinateur_LR',
    '',
    ( '' ),
    ( '' ),
    'STEP 3.0',
    'TARGET 3001!',
    '' );
FILE_SCHEMA (( 'AUTOMOTIVE_DESIGN' ));
ENDSEC;
DATA;
#73 =( NAMED_UNIT ( * ) PLANE_ANGLE_UNIT ( ) SI_UNIT ( $, .RADIAN. ) );
#77 =( LENGTH_UNIT ( ) NAMED_UNIT ( * ) SI_UNIT ( .MILLI., .METRE. ) );
#90 =( GEOMETRIC_REPRESENTATION_CONTEXT ( 3 ) GLOBAL_UNCERTAINTY_ASSIGNED_CONTEXT ( ( #91 ) ) GLOBAL_UNIT_ASSIGNED_CONTEXT ( ( #77, #73, #92 ) ) REPRESENTATION_CONTEXT ( 'NONE', 'WORKASPACE' ) );
#91 = UNCERTAINTY_MEASURE_WITH_UNIT (LENGTH_MEASURE( 1.000E-005 ), #77, 'distance_accuracy_value', 'NONE');
#92 =( NAMED_UNIT ( * ) SI_UNIT ( $, .STERADIAN. ) SOLID_ANGLE_UNIT ( ) );
#2000=COLOUR_RGB('DEBUG',1.00,0.00,0.00);
#2001=DRAUGHTING_PRE_DEFINED_CURVE_FONT('continuous');
#2002=CURVE_STYLE('',#2001,POSITIVE_LENGTH_MEASURE(0.1), #2000);
#2003=FILL_AREA_STYLE_COLOUR('',#2000);
#2004=FILL_AREA_STYLE('',(#2003));
#2005=SURFACE_STYLE_FILL_AREA(#2004);
#2006=SURFACE_SIDE_STYLE('',(#2005));
#2007=SURFACE_STYLE_USAGE(.BOTH.,#2006);
#2008=PRESENTATION_STYLE_ASSIGNMENT((#2002,#2007));
#2009=COLOUR_RGB('BOARD',0.00,0.59,0.00);
#2010=DRAUGHTING_PRE_DEFINED_CURVE_FONT('continuous');
#2011=CURVE_STYLE('',#2010,POSITIVE_LENGTH_MEASURE(0.1), #2009);
#2012=FILL_AREA_STYLE_COLOUR('',#2009);
#2013=FILL_AREA_STYLE('',(#2012));
#2014=SURFACE_STYLE_FILL_AREA(#2013);
#2015=SURFACE_SIDE_STYLE('',(#2014));
#2016=SURFACE_STYLE_USAGE(.BOTH.,#2015);
#2017=PRESENTATION_STYLE_ASSIGNMENT((#2011,#2016));
#2018=COLOUR_RGB('PADS',0.63,0.63,0.63);
#2019=DRAUGHTING_PRE_DEFINED_CURVE_FONT('continuous');
#2020=CURVE_STYLE('',#2019,POSITIVE_LENGTH_MEASURE(0.1), #2018);
#2021=FILL_AREA_STYLE_COLOUR('',#2018);
#2022=FILL_AREA_STYLE('',(#2021));
#2023=SURFACE_STYLE_FILL_AREA(#2022);
#2024=SURFACE_SIDE_STYLE('',(#2023));
#2025=SURFACE_STYLE_USAGE(.BOTH.,#2024);
#2026=PRESENTATION_STYLE_ASSIGNMENT((#2020,#2025));
#2027=COLOUR_RGB('TRACKS',0.00,0.47,0.00);
#2028=DRAUGHTING_PRE_DEFINED_CURVE_FONT('continuous');
#2029=CURVE_STYLE('',#2028,POSITIVE_LENGTH_MEASURE(0.1), #2027);
#2030=FILL_AREA_STYLE_COLOUR('',#2027);
#2031=FILL_AREA_STYLE('',(#2030));
#2032=SURFACE_STYLE_FILL_AREA(#2031);
#2033=SURFACE_SIDE_STYLE('',(#2032));
#2034=SURFACE_STYLE_USAGE(.BOTH.,#2033);
#2035=PRESENTATION_STYLE_ASSIGNMENT((#2029,#2034));
#2036=COLOUR_RGB('COMP',0.31,0.31,0.31);
#2037=DRAUGHTING_PRE_DEFINED_CURVE_FONT('continuous');
#2038=CURVE_STYLE('',#2037,POSITIVE_LENGTH_MEASURE(0.1), #2036);
#2039=FILL_AREA_STYLE_COLOUR('',#2036);
#2040=FILL_AREA_STYLE('',(#2039));
#2041=SURFACE_STYLE_FILL_AREA(#2040);
#2042=SURFACE_SIDE_STYLE('',(#2041));
#2043=SURFACE_STYLE_USAGE(.BOTH.,#2042);
#2044=PRESENTATION_STYLE_ASSIGNMENT((#2038,#2043));
#2045=COLOUR_RGB('MIDTRACKS',1.00,0.50,0.50);
#2046=DRAUGHTING_PRE_DEFINED_CURVE_FONT('continuous');
#2047=CURVE_STYLE('',#2046,POSITIVE_LENGTH_MEASURE(0.1), #2045);
#2048=FILL_AREA_STYLE_COLOUR('',#2045);
#2049=FILL_AREA_STYLE('',(#2048));
#2050=SURFACE_STYLE_FILL_AREA(#2049);
#2051=SURFACE_SIDE_STYLE('',(#2050));
#2052=SURFACE_STYLE_USAGE(.BOTH.,#2051);
#2053=PRESENTATION_STYLE_ASSIGNMENT((#2047,#2052));
#2054=COLOUR_RGB('COMPONENT',0.00,0.00,0.00);
#2055=DRAUGHTING_PRE_DEFINED_CURVE_FONT('continuous');
#2056=CURVE_STYLE('',#2055,POSITIVE_LENGTH_MEASURE(0.1), #2054);
#2057=FILL_AREA_STYLE_COLOUR('',#2054);
#2058=FILL_AREA_STYLE('',(#2057));
#2059=SURFACE_STYLE_FILL_AREA(#2058);
#2060=SURFACE_SIDE_STYLE('',(#2059));
#2061=SURFACE_STYLE_USAGE(.BOTH.,#2060);
#2062=PRESENTATION_STYLE_ASSIGNMENT((#2056,#2061));
#2063=COLOUR_RGB('COMPONENT',0.68,0.68,0.68);
#2064=DRAUGHTING_PRE_DEFINED_CURVE_FONT('continuous');
#2065=CURVE_STYLE('',#2064,POSITIVE_LENGTH_MEASURE(0.1), #2063);
#2066=FILL_AREA_STYLE_COLOUR('',#2063);
#2067=FILL_AREA_STYLE('',(#2066));
#2068=SURFACE_STYLE_FILL_AREA(#2067);
#2069=SURFACE_SIDE_STYLE('',(#2068));
#2070=SURFACE_STYLE_USAGE(.BOTH.,#2069);
#2071=PRESENTATION_STYLE_ASSIGNMENT((#2065,#2070));
#2072=APPLICATION_CONTEXT('');
#2073=APPLICATION_PROTOCOL_DEFINITION('international standard', 'config_control_design', 1994,#2072);
#2074=PRODUCT_CONTEXT('NONE',#2072,'mechanical');
#2075=PRODUCT_DEFINITION_CONTEXT('part definition',#2072,'design');
#2076=CARTESIAN_POINT('NONE',(0.0,0.0,0.0));
#2077=DIRECTION('NONE',(0.0,0.0,1.0));
#2078=DIRECTION('NONE',(1.0,0.0,0.0));
#2079=AXIS2_PLACEMENT_3D('NONE',#2076,#2077,#2078);
#2080=PRODUCT('Combinateur_LR','Combinateur_LR','',(#2074));
#2081=PRODUCT_DEFINITION_FORMATION_WITH_SPECIFIED_SOURCE('NONE','',#2080,.NOT_KNOWN.);
#2082=PRODUCT_DEFINITION('NONE','',#2081,#2075);
#2083=SHAPE_REPRESENTATION('SR_Combinateur_LR',(#2079),#90);
#2084=PRODUCT_DEFINITION_SHAPE('PDS_Combinateur_LR','',#2082);
#2085=SHAPE_DEFINITION_REPRESENTATION(#2084,#2083);
#2086=DIRECTION('',(0.000000000,0.000000000,1.600000000));
#2087=DIRECTION('',(0.000000000,0.000000000,-1.600000000));
#2088=DIRECTION('',(0.550000000,0.000000000,0.000000000));
#2089=CARTESIAN_POINT('',(10.795000000,33.655000000,0.800000000));
#2090=AXIS2_PLACEMENT_3D('',#2089,#2086,#2088);
#2091=CIRCLE('',#2090,0.550000000);
#2092=CARTESIAN_POINT('',(10.795000000,33.655000000,-0.800000000));
#2093=AXIS2_PLACEMENT_3D('',#2092,#2087,#2088);
#2094=CIRCLE('',#2093,0.550000000);
#2095=CARTESIAN_POINT('',(11.345000000,33.655000000,0.800000000));
#2096=VERTEX_POINT('',#2095);
#2097=CARTESIAN_POINT('',(10.245000000,33.655000000,0.800000000));
#2098=VERTEX_POINT('',#2097);
#2099=CARTESIAN_POINT('',(11.345000000,33.655000000,-0.800000000));
#2100=VERTEX_POINT('',#2099);
#2101=CARTESIAN_POINT('',(10.245000000,33.655000000,-0.800000000));
#2102=VERTEX_POINT('',#2101);
#2103=EDGE_CURVE('',#2096,#2098,#2091,.T.);
#2104=ORIENTED_EDGE('',*,*,#2103,.T.);
#2105=ORIENTED_EDGE('',*,*,#2103,.F.);
#2106=EDGE_CURVE('',#2098,#2096,#2091,.T.);
#2107=ORIENTED_EDGE('',*,*,#2106,.T.);
#2108=ORIENTED_EDGE('',*,*,#2106,.F.);
#2109=EDGE_LOOP('',(#2105,#2108));
#2110=FACE_BOUND('',#2109,.T.);
#2111=DIRECTION('',(0.000000000,0.000000000,1.600000000));
#2112=VECTOR('',#2111,1.);
#2113=LINE('',#2099,#2112);
#2114=EDGE_CURVE('',#2100,#2096,#2113,.T.);
#2115=ORIENTED_EDGE('',*,*,#2114,.T.);
#2116=ORIENTED_EDGE('',*,*,#2114,.F.);
#2117=LINE('',#2101,#2112);
#2118=EDGE_CURVE('',#2102,#2098,#2117,.T.);
#2119=ORIENTED_EDGE('',*,*,#2118,.T.);
#2120=ORIENTED_EDGE('',*,*,#2118,.F.);
#2121=EDGE_CURVE('',#2100,#2102,#2094,.T.);
#2122=ORIENTED_EDGE('',*,*,#2121,.T.);
#2123=ORIENTED_EDGE('',*,*,#2121,.F.);
#2124=EDGE_CURVE('',#2102,#2100,#2094,.T.);
#2125=ORIENTED_EDGE('',*,*,#2124,.T.);
#2126=ORIENTED_EDGE('',*,*,#2124,.F.);
#2127=EDGE_LOOP('',(#2123,#2126));
#2128=FACE_BOUND('',#2127,.T.);
#2129=EDGE_LOOP('',(#2104,#2120,#2125,#2115));
#2130=FACE_BOUND('',#2129,.T.);
#2131=CYLINDRICAL_SURFACE('',#2093,0.550000000);
#2132=ADVANCED_FACE('',(#2130),#2131,.F.);
#2133=EDGE_LOOP('',(#2107,#2116,#2122,#2119));
#2134=FACE_BOUND('',#2133,.T.);
#2135=CYLINDRICAL_SURFACE('',#2093,0.550000000);
#2136=ADVANCED_FACE('',(#2134),#2135,.F.);
#2137=DIRECTION('',(0.000000000,0.000000000,1.600000000));
#2138=DIRECTION('',(0.000000000,0.000000000,-1.600000000));
#2139=DIRECTION('',(0.550000000,0.000000000,0.000000000));
#2140=CARTESIAN_POINT('',(10.795000000,31.155000000,0.800000000));
#2141=AXIS2_PLACEMENT_3D('',#2140,#2137,#2139);
#2142=CIRCLE('',#2141,0.550000000);
#2143=CARTESIAN_POINT('',(10.795000000,31.155000000,-0.800000000));
#2144=AXIS2_PLACEMENT_3D('',#2143,#2138,#2139);
#2145=CIRCLE('',#2144,0.550000000);
#2146=CARTESIAN_POINT('',(11.345000000,31.155000000,0.800000000));
#2147=VERTEX_POINT('',#2146);
#2148=CARTESIAN_POINT('',(10.245000000,31.155000000,0.800000000));
#2149=VERTEX_POINT('',#2148);
#2150=CARTESIAN_POINT('',(11.345000000,31.155000000,-0.800000000));
#2151=VERTEX_POINT('',#2150);
#2152=CARTESIAN_POINT('',(10.245000000,31.155000000,-0.800000000));
#2153=VERTEX_POINT('',#2152);
#2154=EDGE_CURVE('',#2147,#2149,#2142,.T.);
#2155=ORIENTED_EDGE('',*,*,#2154,.T.);
#2156=ORIENTED_EDGE('',*,*,#2154,.F.);
#2157=EDGE_CURVE('',#2149,#2147,#2142,.T.);
#2158=ORIENTED_EDGE('',*,*,#2157,.T.);
#2159=ORIENTED_EDGE('',*,*,#2157,.F.);
#2160=EDGE_LOOP('',(#2156,#2159));
#2161=FACE_BOUND('',#2160,.T.);
#2162=DIRECTION('',(0.000000000,0.000000000,1.600000000));
#2163=VECTOR('',#2162,1.);
#2164=LINE('',#2150,#2163);
#2165=EDGE_CURVE('',#2151,#2147,#2164,.T.);
#2166=ORIENTED_EDGE('',*,*,#2165,.T.);
#2167=ORIENTED_EDGE('',*,*,#2165,.F.);
#2168=LINE('',#2152,#2163);
#2169=EDGE_CURVE('',#2153,#2149,#2168,.T.);
#2170=ORIENTED_EDGE('',*,*,#2169,.T.);
#2171=ORIENTED_EDGE('',*,*,#2169,.F.);
#2172=EDGE_CURVE('',#2151,#2153,#2145,.T.);
#2173=ORIENTED_EDGE('',*,*,#2172,.T.);
#2174=ORIENTED_EDGE('',*,*,#2172,.F.);
#2175=EDGE_CURVE('',#2153,#2151,#2145,.T.);
#2176=ORIENTED_EDGE('',*,*,#2175,.T.);
#2177=ORIENTED_EDGE('',*,*,#2175,.F.);
#2178=EDGE_LOOP('',(#2174,#2177));
#2179=FACE_BOUND('',#2178,.T.);
#2180=EDGE_LOOP('',(#2155,#2171,#2176,#2166));
#2181=FACE_BOUND('',#2180,.T.);
#2182=CYLINDRICAL_SURFACE('',#2144,0.550000000);
#2183=ADVANCED_FACE('',(#2181),#2182,.F.);
#2184=EDGE_LOOP('',(#2158,#2167,#2173,#2170));
#2185=FACE_BOUND('',#2184,.T.);
#2186=CYLINDRICAL_SURFACE('',#2144,0.550000000);
#2187=ADVANCED_FACE('',(#2185),#2186,.F.);
#2188=DIRECTION('',(0.000000000,0.000000000,1.600000000));
#2189=DIRECTION('',(0.000000000,0.000000000,-1.600000000));
#2190=DIRECTION('',(0.550000000,0.000000000,0.000000000));
#2191=CARTESIAN_POINT('',(10.795000000,28.655000000,0.800000000));
#2192=AXIS2_PLACEMENT_3D('',#2191,#2188,#2190);
#2193=CIRCLE('',#2192,0.550000000);
#2194=CARTESIAN_POINT('',(10.795000000,28.655000000,-0.800000000));
#2195=AXIS2_PLACEMENT_3D('',#2194,#2189,#2190);
#2196=CIRCLE('',#2195,0.550000000);
#2197=CARTESIAN_POINT('',(11.345000000,28.655000000,0.800000000));
#2198=VERTEX_POINT('',#2197);
#2199=CARTESIAN_POINT('',(10.245000000,28.655000000,0.800000000));
#2200=VERTEX_POINT('',#2199);
#2201=CARTESIAN_POINT('',(11.345000000,28.655000000,-0.800000000));
#2202=VERTEX_POINT('',#2201);
#2203=CARTESIAN_POINT('',(10.245000000,28.655000000,-0.800000000));
#2204=VERTEX_POINT('',#2203);
#2205=EDGE_CURVE('',#2198,#2200,#2193,.T.);
#2206=ORIENTED_EDGE('',*,*,#2205,.T.);
#2207=ORIENTED_EDGE('',*,*,#2205,.F.);
#2208=EDGE_CURVE('',#2200,#2198,#2193,.T.);
#2209=ORIENTED_EDGE('',*,*,#2208,.T.);
#2210=ORIENTED_EDGE('',*,*,#2208,.F.);
#2211=EDGE_LOOP('',(#2207,#2210));
#2212=FACE_BOUND('',#2211,.T.);
#2213=DIRECTION('',(0.000000000,0.000000000,1.600000000));
#2214=VECTOR('',#2213,1.);
#2215=LINE('',#2201,#2214);
#2216=EDGE_CURVE('',#2202,#2198,#2215,.T.);
#2217=ORIENTED_EDGE('',*,*,#2216,.T.);
#2218=ORIENTED_EDGE('',*,*,#2216,.F.);
#2219=LINE('',#2203,#2214);
#2220=EDGE_CURVE('',#2204,#2200,#2219,.T.);
#2221=ORIENTED_EDGE('',*,*,#2220,.T.);
#2222=ORIENTED_EDGE('',*,*,#2220,.F.);
#2223=EDGE_CURVE('',#2202,#2204,#2196,.T.);
#2224=ORIENTED_EDGE('',*,*,#2223,.T.);
#2225=ORIENTED_EDGE('',*,*,#2223,.F.);
#2226=EDGE_CURVE('',#2204,#2202,#2196,.T.);
#2227=ORIENTED_EDGE('',*,*,#2226,.T.);
#2228=ORIENTED_EDGE('',*,*,#2226,.F.);
#2229=EDGE_LOOP('',(#2225,#2228));
#2230=FACE_BOUND('',#2229,.T.);
#2231=EDGE_LOOP('',(#2206,#2222,#2227,#2217));
#2232=FACE_BOUND('',#2231,.T.);
#2233=CYLINDRICAL_SURFACE('',#2195,0.550000000);
#2234=ADVANCED_FACE('',(#2232),#2233,.F.);
#2235=EDGE_LOOP('',(#2209,#2218,#2224,#2221));
#2236=FACE_BOUND('',#2235,.T.);
#2237=CYLINDRICAL_SURFACE('',#2195,0.550000000);
#2238=ADVANCED_FACE('',(#2236),#2237,.F.);
#2239=DIRECTION('',(0.000000000,0.000000000,1.600000000));
#2240=DIRECTION('',(0.000000000,0.000000000,-1.600000000));
#2241=DIRECTION('',(0.550000000,0.000000000,0.000000000));
#2242=CARTESIAN_POINT('',(10.795000000,26.155000000,0.800000000));
#2243=AXIS2_PLACEMENT_3D('',#2242,#2239,#2241);
#2244=CIRCLE('',#2243,0.550000000);
#2245=CARTESIAN_POINT('',(10.795000000,26.155000000,-0.800000000));
#2246=AXIS2_PLACEMENT_3D('',#2245,#2240,#2241);
#2247=CIRCLE('',#2246,0.550000000);
#2248=CARTESIAN_POINT('',(11.345000000,26.155000000,0.800000000));
#2249=VERTEX_POINT('',#2248);
#2250=CARTESIAN_POINT('',(10.245000000,26.155000000,0.800000000));
#2251=VERTEX_POINT('',#2250);
#2252=CARTESIAN_POINT('',(11.345000000,26.155000000,-0.800000000));
#2253=VERTEX_POINT('',#2252);
#2254=CARTESIAN_POINT('',(10.245000000,26.155000000,-0.800000000));
#2255=VERTEX_POINT('',#2254);
#2256=EDGE_CURVE('',#2249,#2251,#2244,.T.);
#2257=ORIENTED_EDGE('',*,*,#2256,.T.);
#2258=ORIENTED_EDGE('',*,*,#2256,.F.);
#2259=EDGE_CURVE('',#2251,#2249,#2244,.T.);
#2260=ORIENTED_EDGE('',*,*,#2259,.T.);
#2261=ORIENTED_EDGE('',*,*,#2259,.F.);
#2262=EDGE_LOOP('',(#2258,#2261));
#2263=FACE_BOUND('',#2262,.T.);
#2264=DIRECTION('',(0.000000000,0.000000000,1.600000000));
#2265=VECTOR('',#2264,1.);
#2266=LINE('',#2252,#2265);
#2267=EDGE_CURVE('',#2253,#2249,#2266,.T.);
#2268=ORIENTED_EDGE('',*,*,#2267,.T.);
#2269=ORIENTED_EDGE('',*,*,#2267,.F.);
#2270=LINE('',#2254,#2265);
#2271=EDGE_CURVE('',#2255,#2251,#2270,.T.);
#2272=ORIENTED_EDGE('',*,*,#2271,.T.);
#2273=ORIENTED_EDGE('',*,*,#2271,.F.);
#2274=EDGE_CURVE('',#2253,#2255,#2247,.T.);
#2275=ORIENTED_EDGE('',*,*,#2274,.T.);
#2276=ORIENTED_EDGE('',*,*,#2274,.F.);
#2277=EDGE_CURVE('',#2255,#2253,#2247,.T.);
#2278=ORIENTED_EDGE('',*,*,#2277,.T.);
#2279=ORIENTED_EDGE('',*,*,#2277,.F.);
#2280=EDGE_LOOP('',(#2276,#2279));
#2281=FACE_BOUND('',#2280,.T.);
#2282=EDGE_LOOP('',(#2257,#2273,#2278,#2268));
#2283=FACE_BOUND('',#2282,.T.);
#2284=CYLINDRICAL_SURFACE('',#2246,0.550000000);
#2285=ADVANCED_FACE('',(#2283),#2284,.F.);
#2286=EDGE_LOOP('',(#2260,#2269,#2275,#2272));
#2287=FACE_BOUND('',#2286,.T.);
#2288=CYLINDRICAL_SURFACE('',#2246,0.550000000);
#2289=ADVANCED_FACE('',(#2287),#2288,.F.);
#2290=DIRECTION('',(0.000000000,0.000000000,1.600000000));
#2291=DIRECTION('',(0.000000000,0.000000000,-1.600000000));
#2292=DIRECTION('',(0.550000000,0.000000000,0.000000000));
#2293=CARTESIAN_POINT('',(10.795000000,23.655000000,0.800000000));
#2294=AXIS2_PLACEMENT_3D('',#2293,#2290,#2292);
#2295=CIRCLE('',#2294,0.550000000);
#2296=CARTESIAN_POINT('',(10.795000000,23.655000000,-0.800000000));
#2297=AXIS2_PLACEMENT_3D('',#2296,#2291,#2292);
#2298=CIRCLE('',#2297,0.550000000);
#2299=CARTESIAN_POINT('',(11.345000000,23.655000000,0.800000000));
#2300=VERTEX_POINT('',#2299);
#2301=CARTESIAN_POINT('',(10.245000000,23.655000000,0.800000000));
#2302=VERTEX_POINT('',#2301);
#2303=CARTESIAN_POINT('',(11.345000000,23.655000000,-0.800000000));
#2304=VERTEX_POINT('',#2303);
#2305=CARTESIAN_POINT('',(10.245000000,23.655000000,-0.800000000));
#2306=VERTEX_POINT('',#2305);
#2307=EDGE_CURVE('',#2300,#2302,#2295,.T.);
#2308=ORIENTED_EDGE('',*,*,#2307,.T.);
#2309=ORIENTED_EDGE('',*,*,#2307,.F.);
#2310=EDGE_CURVE('',#2302,#2300,#2295,.T.);
#2311=ORIENTED_EDGE('',*,*,#2310,.T.);
#2312=ORIENTED_EDGE('',*,*,#2310,.F.);
#2313=EDGE_LOOP('',(#2309,#2312));
#2314=FACE_BOUND('',#2313,.T.);
#2315=DIRECTION('',(0.000000000,0.000000000,1.600000000));
#2316=VECTOR('',#2315,1.);
#2317=LINE('',#2303,#2316);
#2318=EDGE_CURVE('',#2304,#2300,#2317,.T.);
#2319=ORIENTED_EDGE('',*,*,#2318,.T.);
#2320=ORIENTED_EDGE('',*,*,#2318,.F.);
#2321=LINE('',#2305,#2316);
#2322=EDGE_CURVE('',#2306,#2302,#2321,.T.);
#2323=ORIENTED_EDGE('',*,*,#2322,.T.);
#2324=ORIENTED_EDGE('',*,*,#2322,.F.);
#2325=EDGE_CURVE('',#2304,#2306,#2298,.T.);
#2326=ORIENTED_EDGE('',*,*,#2325,.T.);
#2327=ORIENTED_EDGE('',*,*,#2325,.F.);
#2328=EDGE_CURVE('',#2306,#2304,#2298,.T.);
#2329=ORIENTED_EDGE('',*,*,#2328,.T.);
#2330=ORIENTED_EDGE('',*,*,#2328,.F.);
#2331=EDGE_LOOP('',(#2327,#2330));
#2332=FACE_BOUND('',#2331,.T.);
#2333=EDGE_LOOP('',(#2308,#2324,#2329,#2319));
#2334=FACE_BOUND('',#2333,.T.);
#2335=CYLINDRICAL_SURFACE('',#2297,0.550000000);
#2336=ADVANCED_FACE('',(#2334),#2335,.F.);
#2337=EDGE_LOOP('',(#2311,#2320,#2326,#2323));
#2338=FACE_BOUND('',#2337,.T.);
#2339=CYLINDRICAL_SURFACE('',#2297,0.550000000);
#2340=ADVANCED_FACE('',(#2338),#2339,.F.);
#2341=DIRECTION('',(0.000000000,0.000000000,1.600000000));
#2342=DIRECTION('',(0.000000000,0.000000000,-1.600000000));
#2343=DIRECTION('',(1.600000000,0.000000000,0.000000000));
#2344=CARTESIAN_POINT('',(25.000000000,5.000000000,0.800000000));
#2345=AXIS2_PLACEMENT_3D('',#2344,#2341,#2343);
#2346=CIRCLE('',#2345,1.600000000);
#2347=CARTESIAN_POINT('',(25.000000000,5.000000000,-0.800000000));
#2348=AXIS2_PLACEMENT_3D('',#2347,#2342,#2343);
#2349=CIRCLE('',#2348,1.600000000);
#2350=CARTESIAN_POINT('',(26.600000000,5.000000000,0.800000000));
#2351=VERTEX_POINT('',#2350);
#2352=CARTESIAN_POINT('',(23.400000000,5.000000000,0.800000000));
#2353=VERTEX_POINT('',#2352);
#2354=CARTESIAN_POINT('',(26.600000000,5.000000000,-0.800000000));
#2355=VERTEX_POINT('',#2354);
#2356=CARTESIAN_POINT('',(23.400000000,5.000000000,-0.800000000));
#2357=VERTEX_POINT('',#2356);
#2358=EDGE_CURVE('',#2351,#2353,#2346,.T.);
#2359=ORIENTED_EDGE('',*,*,#2358,.T.);
#2360=ORIENTED_EDGE('',*,*,#2358,.F.);
#2361=EDGE_CURVE('',#2353,#2351,#2346,.T.);
#2362=ORIENTED_EDGE('',*,*,#2361,.T.);
#2363=ORIENTED_EDGE('',*,*,#2361,.F.);
#2364=EDGE_LOOP('',(#2360,#2363));
#2365=FACE_BOUND('',#2364,.T.);
#2366=DIRECTION('',(0.000000000,0.000000000,1.600000000));
#2367=VECTOR('',#2366,1.);
#2368=LINE('',#2354,#2367);
#2369=EDGE_CURVE('',#2355,#2351,#2368,.T.);
#2370=ORIENTED_EDGE('',*,*,#2369,.T.);
#2371=ORIENTED_EDGE('',*,*,#2369,.F.);
#2372=LINE('',#2356,#2367);
#2373=EDGE_CURVE('',#2357,#2353,#2372,.T.);
#2374=ORIENTED_EDGE('',*,*,#2373,.T.);
#2375=ORIENTED_EDGE('',*,*,#2373,.F.);
#2376=EDGE_CURVE('',#2355,#2357,#2349,.T.);
#2377=ORIENTED_EDGE('',*,*,#2376,.T.);
#2378=ORIENTED_EDGE('',*,*,#2376,.F.);
#2379=EDGE_CURVE('',#2357,#2355,#2349,.T.);
#2380=ORIENTED_EDGE('',*,*,#2379,.T.);
#2381=ORIENTED_EDGE('',*,*,#2379,.F.);
#2382=EDGE_LOOP('',(#2378,#2381));
#2383=FACE_BOUND('',#2382,.T.);
#2384=EDGE_LOOP('',(#2359,#2375,#2380,#2370));
#2385=FACE_BOUND('',#2384,.T.);
#2386=CYLINDRICAL_SURFACE('',#2348,1.600000000);
#2387=ADVANCED_FACE('',(#2385),#2386,.F.);
#2388=EDGE_LOOP('',(#2362,#2371,#2377,#2374));
#2389=FACE_BOUND('',#2388,.T.);
#2390=CYLINDRICAL_SURFACE('',#2348,1.600000000);
#2391=ADVANCED_FACE('',(#2389),#2390,.F.);
#2392=DIRECTION('',(0.000000000,0.000000000,1.600000000));
#2393=DIRECTION('',(0.000000000,0.000000000,-1.600000000));
#2394=DIRECTION('',(1.600000000,0.000000000,0.000000000));
#2395=CARTESIAN_POINT('',(25.000000000,35.000000000,0.800000000));
#2396=AXIS2_PLACEMENT_3D('',#2395,#2392,#2394);
#2397=CIRCLE('',#2396,1.600000000);
#2398=CARTESIAN_POINT('',(25.000000000,35.000000000,-0.800000000));
#2399=AXIS2_PLACEMENT_3D('',#2398,#2393,#2394);
#2400=CIRCLE('',#2399,1.600000000);
#2401=CARTESIAN_POINT('',(26.600000000,35.000000000,0.800000000));
#2402=VERTEX_POINT('',#2401);
#2403=CARTESIAN_POINT('',(23.400000000,35.000000000,0.800000000));
#2404=VERTEX_POINT('',#2403);
#2405=CARTESIAN_POINT('',(26.600000000,35.000000000,-0.800000000));
#2406=VERTEX_POINT('',#2405);
#2407=CARTESIAN_POINT('',(23.400000000,35.000000000,-0.800000000));
#2408=VERTEX_POINT('',#2407);
#2409=EDGE_CURVE('',#2402,#2404,#2397,.T.);
#2410=ORIENTED_EDGE('',*,*,#2409,.T.);
#2411=ORIENTED_EDGE('',*,*,#2409,.F.);
#2412=EDGE_CURVE('',#2404,#2402,#2397,.T.);
#2413=ORIENTED_EDGE('',*,*,#2412,.T.);
#2414=ORIENTED_EDGE('',*,*,#2412,.F.);
#2415=EDGE_LOOP('',(#2411,#2414));
#2416=FACE_BOUND('',#2415,.T.);
#2417=DIRECTION('',(0.000000000,0.000000000,1.600000000));
#2418=VECTOR('',#2417,1.);
#2419=LINE('',#2405,#2418);
#2420=EDGE_CURVE('',#2406,#2402,#2419,.T.);
#2421=ORIENTED_EDGE('',*,*,#2420,.T.);
#2422=ORIENTED_EDGE('',*,*,#2420,.F.);
#2423=LINE('',#2407,#2418);
#2424=EDGE_CURVE('',#2408,#2404,#2423,.T.);
#2425=ORIENTED_EDGE('',*,*,#2424,.T.);
#2426=ORIENTED_EDGE('',*,*,#2424,.F.);
#2427=EDGE_CURVE('',#2406,#2408,#2400,.T.);
#2428=ORIENTED_EDGE('',*,*,#2427,.T.);
#2429=ORIENTED_EDGE('',*,*,#2427,.F.);
#2430=EDGE_CURVE('',#2408,#2406,#2400,.T.);
#2431=ORIENTED_EDGE('',*,*,#2430,.T.);
#2432=ORIENTED_EDGE('',*,*,#2430,.F.);
#2433=EDGE_LOOP('',(#2429,#2432));
#2434=FACE_BOUND('',#2433,.T.);
#2435=EDGE_LOOP('',(#2410,#2426,#2431,#2421));
#2436=FACE_BOUND('',#2435,.T.);
#2437=CYLINDRICAL_SURFACE('',#2399,1.600000000);
#2438=ADVANCED_FACE('',(#2436),#2437,.F.);
#2439=EDGE_LOOP('',(#2413,#2422,#2428,#2425));
#2440=FACE_BOUND('',#2439,.T.);
#2441=CYLINDRICAL_SURFACE('',#2399,1.600000000);
#2442=ADVANCED_FACE('',(#2440),#2441,.F.);
#2443=DIRECTION('',(0.000000000,0.000000000,1.600000000));
#2444=DIRECTION('',(0.000000000,0.000000000,-1.600000000));
#2445=DIRECTION('',(0.550000000,0.000000000,0.000000000));
#2446=CARTESIAN_POINT('',(10.795000000,17.145000000,0.800000000));
#2447=AXIS2_PLACEMENT_3D('',#2446,#2443,#2445);
#2448=CIRCLE('',#2447,0.550000000);
#2449=CARTESIAN_POINT('',(10.795000000,17.145000000,-0.800000000));
#2450=AXIS2_PLACEMENT_3D('',#2449,#2444,#2445);
#2451=CIRCLE('',#2450,0.550000000);
#2452=CARTESIAN_POINT('',(11.345000000,17.145000000,0.800000000));
#2453=VERTEX_POINT('',#2452);
#2454=CARTESIAN_POINT('',(10.245000000,17.145000000,0.800000000));
#2455=VERTEX_POINT('',#2454);
#2456=CARTESIAN_POINT('',(11.345000000,17.145000000,-0.800000000));
#2457=VERTEX_POINT('',#2456);
#2458=CARTESIAN_POINT('',(10.245000000,17.145000000,-0.800000000));
#2459=VERTEX_POINT('',#2458);
#2460=EDGE_CURVE('',#2453,#2455,#2448,.T.);
#2461=ORIENTED_EDGE('',*,*,#2460,.T.);
#2462=ORIENTED_EDGE('',*,*,#2460,.F.);
#2463=EDGE_CURVE('',#2455,#2453,#2448,.T.);
#2464=ORIENTED_EDGE('',*,*,#2463,.T.);
#2465=ORIENTED_EDGE('',*,*,#2463,.F.);
#2466=EDGE_LOOP('',(#2462,#2465));
#2467=FACE_BOUND('',#2466,.T.);
#2468=DIRECTION('',(0.000000000,0.000000000,1.600000000));
#2469=VECTOR('',#2468,1.);
#2470=LINE('',#2456,#2469);
#2471=EDGE_CURVE('',#2457,#2453,#2470,.T.);
#2472=ORIENTED_EDGE('',*,*,#2471,.T.);
#2473=ORIENTED_EDGE('',*,*,#2471,.F.);
#2474=LINE('',#2458,#2469);
#2475=EDGE_CURVE('',#2459,#2455,#2474,.T.);
#2476=ORIENTED_EDGE('',*,*,#2475,.T.);
#2477=ORIENTED_EDGE('',*,*,#2475,.F.);
#2478=EDGE_CURVE('',#2457,#2459,#2451,.T.);
#2479=ORIENTED_EDGE('',*,*,#2478,.T.);
#2480=ORIENTED_EDGE('',*,*,#2478,.F.);
#2481=EDGE_CURVE('',#2459,#2457,#2451,.T.);
#2482=ORIENTED_EDGE('',*,*,#2481,.T.);
#2483=ORIENTED_EDGE('',*,*,#2481,.F.);
#2484=EDGE_LOOP('',(#2480,#2483));
#2485=FACE_BOUND('',#2484,.T.);
#2486=EDGE_LOOP('',(#2461,#2477,#2482,#2472));
#2487=FACE_BOUND('',#2486,.T.);
#2488=CYLINDRICAL_SURFACE('',#2450,0.550000000);
#2489=ADVANCED_FACE('',(#2487),#2488,.F.);
#2490=EDGE_LOOP('',(#2464,#2473,#2479,#2476));
#2491=FACE_BOUND('',#2490,.T.);
#2492=CYLINDRICAL_SURFACE('',#2450,0.550000000);
#2493=ADVANCED_FACE('',(#2491),#2492,.F.);
#2494=DIRECTION('',(0.000000000,0.000000000,1.600000000));
#2495=DIRECTION('',(0.000000000,0.000000000,-1.600000000));
#2496=DIRECTION('',(0.550000000,0.000000000,0.000000000));
#2497=CARTESIAN_POINT('',(10.795000000,14.645000000,0.800000000));
#2498=AXIS2_PLACEMENT_3D('',#2497,#2494,#2496);
#2499=CIRCLE('',#2498,0.550000000);
#2500=CARTESIAN_POINT('',(10.795000000,14.645000000,-0.800000000));
#2501=AXIS2_PLACEMENT_3D('',#2500,#2495,#2496);
#2502=CIRCLE('',#2501,0.550000000);
#2503=CARTESIAN_POINT('',(11.345000000,14.645000000,0.800000000));
#2504=VERTEX_POINT('',#2503);
#2505=CARTESIAN_POINT('',(10.245000000,14.645000000,0.800000000));
#2506=VERTEX_POINT('',#2505);
#2507=CARTESIAN_POINT('',(11.345000000,14.645000000,-0.800000000));
#2508=VERTEX_POINT('',#2507);
#2509=CARTESIAN_POINT('',(10.245000000,14.645000000,-0.800000000));
#2510=VERTEX_POINT('',#2509);
#2511=EDGE_CURVE('',#2504,#2506,#2499,.T.);
#2512=ORIENTED_EDGE('',*,*,#2511,.T.);
#2513=ORIENTED_EDGE('',*,*,#2511,.F.);
#2514=EDGE_CURVE('',#2506,#2504,#2499,.T.);
#2515=ORIENTED_EDGE('',*,*,#2514,.T.);
#2516=ORIENTED_EDGE('',*,*,#2514,.F.);
#2517=EDGE_LOOP('',(#2513,#2516));
#2518=FACE_BOUND('',#2517,.T.);
#2519=DIRECTION('',(0.000000000,0.000000000,1.600000000));
#2520=VECTOR('',#2519,1.);
#2521=LINE('',#2507,#2520);
#2522=EDGE_CURVE('',#2508,#2504,#2521,.T.);
#2523=ORIENTED_EDGE('',*,*,#2522,.T.);
#2524=ORIENTED_EDGE('',*,*,#2522,.F.);
#2525=LINE('',#2509,#2520);
#2526=EDGE_CURVE('',#2510,#2506,#2525,.T.);
#2527=ORIENTED_EDGE('',*,*,#2526,.T.);
#2528=ORIENTED_EDGE('',*,*,#2526,.F.);
#2529=EDGE_CURVE('',#2508,#2510,#2502,.T.);
#2530=ORIENTED_EDGE('',*,*,#2529,.T.);
#2531=ORIENTED_EDGE('',*,*,#2529,.F.);
#2532=EDGE_CURVE('',#2510,#2508,#2502,.T.);
#2533=ORIENTED_EDGE('',*,*,#2532,.T.);
#2534=ORIENTED_EDGE('',*,*,#2532,.F.);
#2535=EDGE_LOOP('',(#2531,#2534));
#2536=FACE_BOUND('',#2535,.T.);
#2537=EDGE_LOOP('',(#2512,#2528,#2533,#2523));
#2538=FACE_BOUND('',#2537,.T.);
#2539=CYLINDRICAL_SURFACE('',#2501,0.550000000);
#2540=ADVANCED_FACE('',(#2538),#2539,.F.);
#2541=EDGE_LOOP('',(#2515,#2524,#2530,#2527));
#2542=FACE_BOUND('',#2541,.T.);
#2543=CYLINDRICAL_SURFACE('',#2501,0.550000000);
#2544=ADVANCED_FACE('',(#2542),#2543,.F.);
#2545=DIRECTION('',(0.000000000,0.000000000,1.600000000));
#2546=DIRECTION('',(0.000000000,0.000000000,-1.600000000));
#2547=DIRECTION('',(0.550000000,0.000000000,0.000000000));
#2548=CARTESIAN_POINT('',(10.795000000,12.145000000,0.800000000));
#2549=AXIS2_PLACEMENT_3D('',#2548,#2545,#2547);
#2550=CIRCLE('',#2549,0.550000000);
#2551=CARTESIAN_POINT('',(10.795000000,12.145000000,-0.800000000));
#2552=AXIS2_PLACEMENT_3D('',#2551,#2546,#2547);
#2553=CIRCLE('',#2552,0.550000000);
#2554=CARTESIAN_POINT('',(11.345000000,12.145000000,0.800000000));
#2555=VERTEX_POINT('',#2554);
#2556=CARTESIAN_POINT('',(10.245000000,12.145000000,0.800000000));
#2557=VERTEX_POINT('',#2556);
#2558=CARTESIAN_POINT('',(11.345000000,12.145000000,-0.800000000));
#2559=VERTEX_POINT('',#2558);
#2560=CARTESIAN_POINT('',(10.245000000,12.145000000,-0.800000000));
#2561=VERTEX_POINT('',#2560);
#2562=EDGE_CURVE('',#2555,#2557,#2550,.T.);
#2563=ORIENTED_EDGE('',*,*,#2562,.T.);
#2564=ORIENTED_EDGE('',*,*,#2562,.F.);
#2565=EDGE_CURVE('',#2557,#2555,#2550,.T.);
#2566=ORIENTED_EDGE('',*,*,#2565,.T.);
#2567=ORIENTED_EDGE('',*,*,#2565,.F.);
#2568=EDGE_LOOP('',(#2564,#2567));
#2569=FACE_BOUND('',#2568,.T.);
#2570=DIRECTION('',(0.000000000,0.000000000,1.600000000));
#2571=VECTOR('',#2570,1.);
#2572=LINE('',#2558,#2571);
#2573=EDGE_CURVE('',#2559,#2555,#2572,.T.);
#2574=ORIENTED_EDGE('',*,*,#2573,.T.);
#2575=ORIENTED_EDGE('',*,*,#2573,.F.);
#2576=LINE('',#2560,#2571);
#2577=EDGE_CURVE('',#2561,#2557,#2576,.T.);
#2578=ORIENTED_EDGE('',*,*,#2577,.T.);
#2579=ORIENTED_EDGE('',*,*,#2577,.F.);
#2580=EDGE_CURVE('',#2559,#2561,#2553,.T.);
#2581=ORIENTED_EDGE('',*,*,#2580,.T.);
#2582=ORIENTED_EDGE('',*,*,#2580,.F.);
#2583=EDGE_CURVE('',#2561,#2559,#2553,.T.);
#2584=ORIENTED_EDGE('',*,*,#2583,.T.);
#2585=ORIENTED_EDGE('',*,*,#2583,.F.);
#2586=EDGE_LOOP('',(#2582,#2585));
#2587=FACE_BOUND('',#2586,.T.);
#2588=EDGE_LOOP('',(#2563,#2579,#2584,#2574));
#2589=FACE_BOUND('',#2588,.T.);
#2590=CYLINDRICAL_SURFACE('',#2552,0.550000000);
#2591=ADVANCED_FACE('',(#2589),#2590,.F.);
#2592=EDGE_LOOP('',(#2566,#2575,#2581,#2578));
#2593=FACE_BOUND('',#2592,.T.);
#2594=CYLINDRICAL_SURFACE('',#2552,0.550000000);
#2595=ADVANCED_FACE('',(#2593),#2594,.F.);
#2596=DIRECTION('',(0.000000000,0.000000000,1.600000000));
#2597=DIRECTION('',(0.000000000,0.000000000,-1.600000000));
#2598=DIRECTION('',(0.550000000,0.000000000,0.000000000));
#2599=CARTESIAN_POINT('',(10.795000000,9.645000000,0.800000000));
#2600=AXIS2_PLACEMENT_3D('',#2599,#2596,#2598);
#2601=CIRCLE('',#2600,0.550000000);
#2602=CARTESIAN_POINT('',(10.795000000,9.645000000,-0.800000000));
#2603=AXIS2_PLACEMENT_3D('',#2602,#2597,#2598);
#2604=CIRCLE('',#2603,0.550000000);
#2605=CARTESIAN_POINT('',(11.345000000,9.645000000,0.800000000));
#2606=VERTEX_POINT('',#2605);
#2607=CARTESIAN_POINT('',(10.245000000,9.645000000,0.800000000));
#2608=VERTEX_POINT('',#2607);
#2609=CARTESIAN_POINT('',(11.345000000,9.645000000,-0.800000000));
#2610=VERTEX_POINT('',#2609);
#2611=CARTESIAN_POINT('',(10.245000000,9.645000000,-0.800000000));
#2612=VERTEX_POINT('',#2611);
#2613=EDGE_CURVE('',#2606,#2608,#2601,.T.);
#2614=ORIENTED_EDGE('',*,*,#2613,.T.);
#2615=ORIENTED_EDGE('',*,*,#2613,.F.);
#2616=EDGE_CURVE('',#2608,#2606,#2601,.T.);
#2617=ORIENTED_EDGE('',*,*,#2616,.T.);
#2618=ORIENTED_EDGE('',*,*,#2616,.F.);
#2619=EDGE_LOOP('',(#2615,#2618));
#2620=FACE_BOUND('',#2619,.T.);
#2621=DIRECTION('',(0.000000000,0.000000000,1.600000000));
#2622=VECTOR('',#2621,1.);
#2623=LINE('',#2609,#2622);
#2624=EDGE_CURVE('',#2610,#2606,#2623,.T.);
#2625=ORIENTED_EDGE('',*,*,#2624,.T.);
#2626=ORIENTED_EDGE('',*,*,#2624,.F.);
#2627=LINE('',#2611,#2622);
#2628=EDGE_CURVE('',#2612,#2608,#2627,.T.);
#2629=ORIENTED_EDGE('',*,*,#2628,.T.);
#2630=ORIENTED_EDGE('',*,*,#2628,.F.);
#2631=EDGE_CURVE('',#2610,#2612,#2604,.T.);
#2632=ORIENTED_EDGE('',*,*,#2631,.T.);
#2633=ORIENTED_EDGE('',*,*,#2631,.F.);
#2634=EDGE_CURVE('',#2612,#2610,#2604,.T.);
#2635=ORIENTED_EDGE('',*,*,#2634,.T.);
#2636=ORIENTED_EDGE('',*,*,#2634,.F.);
#2637=EDGE_LOOP('',(#2633,#2636));
#2638=FACE_BOUND('',#2637,.T.);
#2639=EDGE_LOOP('',(#2614,#2630,#2635,#2625));
#2640=FACE_BOUND('',#2639,.T.);
#2641=CYLINDRICAL_SURFACE('',#2603,0.550000000);
#2642=ADVANCED_FACE('',(#2640),#2641,.F.);
#2643=EDGE_LOOP('',(#2617,#2626,#2632,#2629));
#2644=FACE_BOUND('',#2643,.T.);
#2645=CYLINDRICAL_SURFACE('',#2603,0.550000000);
#2646=ADVANCED_FACE('',(#2644),#2645,.F.);
#2647=DIRECTION('',(0.000000000,0.000000000,1.600000000));
#2648=DIRECTION('',(0.000000000,0.000000000,-1.600000000));
#2649=DIRECTION('',(0.550000000,0.000000000,0.000000000));
#2650=CARTESIAN_POINT('',(10.795000000,7.145000000,0.800000000));
#2651=AXIS2_PLACEMENT_3D('',#2650,#2647,#2649);
#2652=CIRCLE('',#2651,0.550000000);
#2653=CARTESIAN_POINT('',(10.795000000,7.145000000,-0.800000000));
#2654=AXIS2_PLACEMENT_3D('',#2653,#2648,#2649);
#2655=CIRCLE('',#2654,0.550000000);
#2656=CARTESIAN_POINT('',(11.345000000,7.145000000,0.800000000));
#2657=VERTEX_POINT('',#2656);
#2658=CARTESIAN_POINT('',(10.245000000,7.145000000,0.800000000));
#2659=VERTEX_POINT('',#2658);
#2660=CARTESIAN_POINT('',(11.345000000,7.145000000,-0.800000000));
#2661=VERTEX_POINT('',#2660);
#2662=CARTESIAN_POINT('',(10.245000000,7.145000000,-0.800000000));
#2663=VERTEX_POINT('',#2662);
#2664=EDGE_CURVE('',#2657,#2659,#2652,.T.);
#2665=ORIENTED_EDGE('',*,*,#2664,.T.);
#2666=ORIENTED_EDGE('',*,*,#2664,.F.);
#2667=EDGE_CURVE('',#2659,#2657,#2652,.T.);
#2668=ORIENTED_EDGE('',*,*,#2667,.T.);
#2669=ORIENTED_EDGE('',*,*,#2667,.F.);
#2670=EDGE_LOOP('',(#2666,#2669));
#2671=FACE_BOUND('',#2670,.T.);
#2672=DIRECTION('',(0.000000000,0.000000000,1.600000000));
#2673=VECTOR('',#2672,1.);
#2674=LINE('',#2660,#2673);
#2675=EDGE_CURVE('',#2661,#2657,#2674,.T.);
#2676=ORIENTED_EDGE('',*,*,#2675,.T.);
#2677=ORIENTED_EDGE('',*,*,#2675,.F.);
#2678=LINE('',#2662,#2673);
#2679=EDGE_CURVE('',#2663,#2659,#2678,.T.);
#2680=ORIENTED_EDGE('',*,*,#2679,.T.);
#2681=ORIENTED_EDGE('',*,*,#2679,.F.);
#2682=EDGE_CURVE('',#2661,#2663,#2655,.T.);
#2683=ORIENTED_EDGE('',*,*,#2682,.T.);
#2684=ORIENTED_EDGE('',*,*,#2682,.F.);
#2685=EDGE_CURVE('',#2663,#2661,#2655,.T.);
#2686=ORIENTED_EDGE('',*,*,#2685,.T.);
#2687=ORIENTED_EDGE('',*,*,#2685,.F.);
#2688=EDGE_LOOP('',(#2684,#2687));
#2689=FACE_BOUND('',#2688,.T.);
#2690=EDGE_LOOP('',(#2665,#2681,#2686,#2676));
#2691=FACE_BOUND('',#2690,.T.);
#2692=CYLINDRICAL_SURFACE('',#2654,0.550000000);
#2693=ADVANCED_FACE('',(#2691),#2692,.F.);
#2694=EDGE_LOOP('',(#2668,#2677,#2683,#2680));
#2695=FACE_BOUND('',#2694,.T.);
#2696=CYLINDRICAL_SURFACE('',#2654,0.550000000);
#2697=ADVANCED_FACE('',(#2695),#2696,.F.);
#2698=DIRECTION('',(0.000000000,0.000000000,1.600000000));
#2699=DIRECTION('',(0.000000000,0.000000000,-1.600000000));
#2700=DIRECTION('',(0.550000000,0.000000000,0.000000000));
#2701=CARTESIAN_POINT('',(18.415000000,15.240000000,0.800000000));
#2702=AXIS2_PLACEMENT_3D('',#2701,#2698,#2700);
#2703=CIRCLE('',#2702,0.550000000);
#2704=CARTESIAN_POINT('',(18.415000000,15.240000000,-0.800000000));
#2705=AXIS2_PLACEMENT_3D('',#2704,#2699,#2700);
#2706=CIRCLE('',#2705,0.550000000);
#2707=CARTESIAN_POINT('',(18.965000000,15.240000000,0.800000000));
#2708=VERTEX_POINT('',#2707);
#2709=CARTESIAN_POINT('',(17.865000000,15.240000000,0.800000000));
#2710=VERTEX_POINT('',#2709);
#2711=CARTESIAN_POINT('',(18.965000000,15.240000000,-0.800000000));
#2712=VERTEX_POINT('',#2711);
#2713=CARTESIAN_POINT('',(17.865000000,15.240000000,-0.800000000));
#2714=VERTEX_POINT('',#2713);
#2715=EDGE_CURVE('',#2708,#2710,#2703,.T.);
#2716=ORIENTED_EDGE('',*,*,#2715,.T.);
#2717=ORIENTED_EDGE('',*,*,#2715,.F.);
#2718=EDGE_CURVE('',#2710,#2708,#2703,.T.);
#2719=ORIENTED_EDGE('',*,*,#2718,.T.);
#2720=ORIENTED_EDGE('',*,*,#2718,.F.);
#2721=EDGE_LOOP('',(#2717,#2720));
#2722=FACE_BOUND('',#2721,.T.);
#2723=DIRECTION('',(0.000000000,0.000000000,1.600000000));
#2724=VECTOR('',#2723,1.);
#2725=LINE('',#2711,#2724);
#2726=EDGE_CURVE('',#2712,#2708,#2725,.T.);
#2727=ORIENTED_EDGE('',*,*,#2726,.T.);
#2728=ORIENTED_EDGE('',*,*,#2726,.F.);
#2729=LINE('',#2713,#2724);
#2730=EDGE_CURVE('',#2714,#2710,#2729,.T.);
#2731=ORIENTED_EDGE('',*,*,#2730,.T.);
#2732=ORIENTED_EDGE('',*,*,#2730,.F.);
#2733=EDGE_CURVE('',#2712,#2714,#2706,.T.);
#2734=ORIENTED_EDGE('',*,*,#2733,.T.);
#2735=ORIENTED_EDGE('',*,*,#2733,.F.);
#2736=EDGE_CURVE('',#2714,#2712,#2706,.T.);
#2737=ORIENTED_EDGE('',*,*,#2736,.T.);
#2738=ORIENTED_EDGE('',*,*,#2736,.F.);
#2739=EDGE_LOOP('',(#2735,#2738));
#2740=FACE_BOUND('',#2739,.T.);
#2741=EDGE_LOOP('',(#2716,#2732,#2737,#2727));
#2742=FACE_BOUND('',#2741,.T.);
#2743=CYLINDRICAL_SURFACE('',#2705,0.550000000);
#2744=ADVANCED_FACE('',(#2742),#2743,.F.);
#2745=EDGE_LOOP('',(#2719,#2728,#2734,#2731));
#2746=FACE_BOUND('',#2745,.T.);
#2747=CYLINDRICAL_SURFACE('',#2705,0.550000000);
#2748=ADVANCED_FACE('',(#2746),#2747,.F.);
#2749=DIRECTION('',(0.000000000,0.000000000,1.600000000));
#2750=DIRECTION('',(0.000000000,0.000000000,-1.600000000));
#2751=DIRECTION('',(0.550000000,0.000000000,0.000000000));
#2752=CARTESIAN_POINT('',(18.415000000,17.740000000,0.800000000));
#2753=AXIS2_PLACEMENT_3D('',#2752,#2749,#2751);
#2754=CIRCLE('',#2753,0.550000000);
#2755=CARTESIAN_POINT('',(18.415000000,17.740000000,-0.800000000));
#2756=AXIS2_PLACEMENT_3D('',#2755,#2750,#2751);
#2757=CIRCLE('',#2756,0.550000000);
#2758=CARTESIAN_POINT('',(18.965000000,17.740000000,0.800000000));
#2759=VERTEX_POINT('',#2758);
#2760=CARTESIAN_POINT('',(17.865000000,17.740000000,0.800000000));
#2761=VERTEX_POINT('',#2760);
#2762=CARTESIAN_POINT('',(18.965000000,17.740000000,-0.800000000));
#2763=VERTEX_POINT('',#2762);
#2764=CARTESIAN_POINT('',(17.865000000,17.740000000,-0.800000000));
#2765=VERTEX_POINT('',#2764);
#2766=EDGE_CURVE('',#2759,#2761,#2754,.T.);
#2767=ORIENTED_EDGE('',*,*,#2766,.T.);
#2768=ORIENTED_EDGE('',*,*,#2766,.F.);
#2769=EDGE_CURVE('',#2761,#2759,#2754,.T.);
#2770=ORIENTED_EDGE('',*,*,#2769,.T.);
#2771=ORIENTED_EDGE('',*,*,#2769,.F.);
#2772=EDGE_LOOP('',(#2768,#2771));
#2773=FACE_BOUND('',#2772,.T.);
#2774=DIRECTION('',(0.000000000,0.000000000,1.600000000));
#2775=VECTOR('',#2774,1.);
#2776=LINE('',#2762,#2775);
#2777=EDGE_CURVE('',#2763,#2759,#2776,.T.);
#2778=ORIENTED_EDGE('',*,*,#2777,.T.);
#2779=ORIENTED_EDGE('',*,*,#2777,.F.);
#2780=LINE('',#2764,#2775);
#2781=EDGE_CURVE('',#2765,#2761,#2780,.T.);
#2782=ORIENTED_EDGE('',*,*,#2781,.T.);
#2783=ORIENTED_EDGE('',*,*,#2781,.F.);
#2784=EDGE_CURVE('',#2763,#2765,#2757,.T.);
#2785=ORIENTED_EDGE('',*,*,#2784,.T.);
#2786=ORIENTED_EDGE('',*,*,#2784,.F.);
#2787=EDGE_CURVE('',#2765,#2763,#2757,.T.);
#2788=ORIENTED_EDGE('',*,*,#2787,.T.);
#2789=ORIENTED_EDGE('',*,*,#2787,.F.);
#2790=EDGE_LOOP('',(#2786,#2789));
#2791=FACE_BOUND('',#2790,.T.);
#2792=EDGE_LOOP('',(#2767,#2783,#2788,#2778));
#2793=FACE_BOUND('',#2792,.T.);
#2794=CYLINDRICAL_SURFACE('',#2756,0.550000000);
#2795=ADVANCED_FACE('',(#2793),#2794,.F.);
#2796=EDGE_LOOP('',(#2770,#2779,#2785,#2782));
#2797=FACE_BOUND('',#2796,.T.);
#2798=CYLINDRICAL_SURFACE('',#2756,0.550000000);
#2799=ADVANCED_FACE('',(#2797),#2798,.F.);
#2800=DIRECTION('',(0.000000000,0.000000000,1.600000000));
#2801=DIRECTION('',(0.000000000,0.000000000,-1.600000000));
#2802=DIRECTION('',(0.550000000,0.000000000,0.000000000));
#2803=CARTESIAN_POINT('',(18.415000000,20.240000000,0.800000000));
#2804=AXIS2_PLACEMENT_3D('',#2803,#2800,#2802);
#2805=CIRCLE('',#2804,0.550000000);
#2806=CARTESIAN_POINT('',(18.415000000,20.240000000,-0.800000000));
#2807=AXIS2_PLACEMENT_3D('',#2806,#2801,#2802);
#2808=CIRCLE('',#2807,0.550000000);
#2809=CARTESIAN_POINT('',(18.965000000,20.240000000,0.800000000));
#2810=VERTEX_POINT('',#2809);
#2811=CARTESIAN_POINT('',(17.865000000,20.240000000,0.800000000));
#2812=VERTEX_POINT('',#2811);
#2813=CARTESIAN_POINT('',(18.965000000,20.240000000,-0.800000000));
#2814=VERTEX_POINT('',#2813);
#2815=CARTESIAN_POINT('',(17.865000000,20.240000000,-0.800000000));
#2816=VERTEX_POINT('',#2815);
#2817=EDGE_CURVE('',#2810,#2812,#2805,.T.);
#2818=ORIENTED_EDGE('',*,*,#2817,.T.);
#2819=ORIENTED_EDGE('',*,*,#2817,.F.);
#2820=EDGE_CURVE('',#2812,#2810,#2805,.T.);
#2821=ORIENTED_EDGE('',*,*,#2820,.T.);
#2822=ORIENTED_EDGE('',*,*,#2820,.F.);
#2823=EDGE_LOOP('',(#2819,#2822));
#2824=FACE_BOUND('',#2823,.T.);
#2825=DIRECTION('',(0.000000000,0.000000000,1.600000000));
#2826=VECTOR('',#2825,1.);
#2827=LINE('',#2813,#2826);
#2828=EDGE_CURVE('',#2814,#2810,#2827,.T.);
#2829=ORIENTED_EDGE('',*,*,#2828,.T.);
#2830=ORIENTED_EDGE('',*,*,#2828,.F.);
#2831=LINE('',#2815,#2826);
#2832=EDGE_CURVE('',#2816,#2812,#2831,.T.);
#2833=ORIENTED_EDGE('',*,*,#2832,.T.);
#2834=ORIENTED_EDGE('',*,*,#2832,.F.);
#2835=EDGE_CURVE('',#2814,#2816,#2808,.T.);
#2836=ORIENTED_EDGE('',*,*,#2835,.T.);
#2837=ORIENTED_EDGE('',*,*,#2835,.F.);
#2838=EDGE_CURVE('',#2816,#2814,#2808,.T.);
#2839=ORIENTED_EDGE('',*,*,#2838,.T.);
#2840=ORIENTED_EDGE('',*,*,#2838,.F.);
#2841=EDGE_LOOP('',(#2837,#2840));
#2842=FACE_BOUND('',#2841,.T.);
#2843=EDGE_LOOP('',(#2818,#2834,#2839,#2829));
#2844=FACE_BOUND('',#2843,.T.);
#2845=CYLINDRICAL_SURFACE('',#2807,0.550000000);
#2846=ADVANCED_FACE('',(#2844),#2845,.F.);
#2847=EDGE_LOOP('',(#2821,#2830,#2836,#2833));
#2848=FACE_BOUND('',#2847,.T.);
#2849=CYLINDRICAL_SURFACE('',#2807,0.550000000);
#2850=ADVANCED_FACE('',(#2848),#2849,.F.);
#2851=DIRECTION('',(0.000000000,0.000000000,1.600000000));
#2852=DIRECTION('',(0.000000000,0.000000000,-1.600000000));
#2853=DIRECTION('',(0.550000000,0.000000000,0.000000000));
#2854=CARTESIAN_POINT('',(18.415000000,22.740000000,0.800000000));
#2855=AXIS2_PLACEMENT_3D('',#2854,#2851,#2853);
#2856=CIRCLE('',#2855,0.550000000);
#2857=CARTESIAN_POINT('',(18.415000000,22.740000000,-0.800000000));
#2858=AXIS2_PLACEMENT_3D('',#2857,#2852,#2853);
#2859=CIRCLE('',#2858,0.550000000);
#2860=CARTESIAN_POINT('',(18.965000000,22.740000000,0.800000000));
#2861=VERTEX_POINT('',#2860);
#2862=CARTESIAN_POINT('',(17.865000000,22.740000000,0.800000000));
#2863=VERTEX_POINT('',#2862);
#2864=CARTESIAN_POINT('',(18.965000000,22.740000000,-0.800000000));
#2865=VERTEX_POINT('',#2864);
#2866=CARTESIAN_POINT('',(17.865000000,22.740000000,-0.800000000));
#2867=VERTEX_POINT('',#2866);
#2868=EDGE_CURVE('',#2861,#2863,#2856,.T.);
#2869=ORIENTED_EDGE('',*,*,#2868,.T.);
#2870=ORIENTED_EDGE('',*,*,#2868,.F.);
#2871=EDGE_CURVE('',#2863,#2861,#2856,.T.);
#2872=ORIENTED_EDGE('',*,*,#2871,.T.);
#2873=ORIENTED_EDGE('',*,*,#2871,.F.);
#2874=EDGE_LOOP('',(#2870,#2873));
#2875=FACE_BOUND('',#2874,.T.);
#2876=DIRECTION('',(0.000000000,0.000000000,1.600000000));
#2877=VECTOR('',#2876,1.);
#2878=LINE('',#2864,#2877);
#2879=EDGE_CURVE('',#2865,#2861,#2878,.T.);
#2880=ORIENTED_EDGE('',*,*,#2879,.T.);
#2881=ORIENTED_EDGE('',*,*,#2879,.F.);
#2882=LINE('',#2866,#2877);
#2883=EDGE_CURVE('',#2867,#2863,#2882,.T.);
#2884=ORIENTED_EDGE('',*,*,#2883,.T.);
#2885=ORIENTED_EDGE('',*,*,#2883,.F.);
#2886=EDGE_CURVE('',#2865,#2867,#2859,.T.);
#2887=ORIENTED_EDGE('',*,*,#2886,.T.);
#2888=ORIENTED_EDGE('',*,*,#2886,.F.);
#2889=EDGE_CURVE('',#2867,#2865,#2859,.T.);
#2890=ORIENTED_EDGE('',*,*,#2889,.T.);
#2891=ORIENTED_EDGE('',*,*,#2889,.F.);
#2892=EDGE_LOOP('',(#2888,#2891));
#2893=FACE_BOUND('',#2892,.T.);
#2894=EDGE_LOOP('',(#2869,#2885,#2890,#2880));
#2895=FACE_BOUND('',#2894,.T.);
#2896=CYLINDRICAL_SURFACE('',#2858,0.550000000);
#2897=ADVANCED_FACE('',(#2895),#2896,.F.);
#2898=EDGE_LOOP('',(#2872,#2881,#2887,#2884));
#2899=FACE_BOUND('',#2898,.T.);
#2900=CYLINDRICAL_SURFACE('',#2858,0.550000000);
#2901=ADVANCED_FACE('',(#2899),#2900,.F.);
#2902=DIRECTION('',(0.000000000,0.000000000,1.600000000));
#2903=DIRECTION('',(0.000000000,0.000000000,-1.600000000));
#2904=DIRECTION('',(0.550000000,0.000000000,0.000000000));
#2905=CARTESIAN_POINT('',(18.415000000,25.240000000,0.800000000));
#2906=AXIS2_PLACEMENT_3D('',#2905,#2902,#2904);
#2907=CIRCLE('',#2906,0.550000000);
#2908=CARTESIAN_POINT('',(18.415000000,25.240000000,-0.800000000));
#2909=AXIS2_PLACEMENT_3D('',#2908,#2903,#2904);
#2910=CIRCLE('',#2909,0.550000000);
#2911=CARTESIAN_POINT('',(18.965000000,25.240000000,0.800000000));
#2912=VERTEX_POINT('',#2911);
#2913=CARTESIAN_POINT('',(17.865000000,25.240000000,0.800000000));
#2914=VERTEX_POINT('',#2913);
#2915=CARTESIAN_POINT('',(18.965000000,25.240000000,-0.800000000));
#2916=VERTEX_POINT('',#2915);
#2917=CARTESIAN_POINT('',(17.865000000,25.240000000,-0.800000000));
#2918=VERTEX_POINT('',#2917);
#2919=EDGE_CURVE('',#2912,#2914,#2907,.T.);
#2920=ORIENTED_EDGE('',*,*,#2919,.T.);
#2921=ORIENTED_EDGE('',*,*,#2919,.F.);
#2922=EDGE_CURVE('',#2914,#2912,#2907,.T.);
#2923=ORIENTED_EDGE('',*,*,#2922,.T.);
#2924=ORIENTED_EDGE('',*,*,#2922,.F.);
#2925=EDGE_LOOP('',(#2921,#2924));
#2926=FACE_BOUND('',#2925,.T.);
#2927=DIRECTION('',(0.000000000,0.000000000,1.600000000));
#2928=VECTOR('',#2927,1.);
#2929=LINE('',#2915,#2928);
#2930=EDGE_CURVE('',#2916,#2912,#2929,.T.);
#2931=ORIENTED_EDGE('',*,*,#2930,.T.);
#2932=ORIENTED_EDGE('',*,*,#2930,.F.);
#2933=LINE('',#2917,#2928);
#2934=EDGE_CURVE('',#2918,#2914,#2933,.T.);
#2935=ORIENTED_EDGE('',*,*,#2934,.T.);
#2936=ORIENTED_EDGE('',*,*,#2934,.F.);
#2937=EDGE_CURVE('',#2916,#2918,#2910,.T.);
#2938=ORIENTED_EDGE('',*,*,#2937,.T.);
#2939=ORIENTED_EDGE('',*,*,#2937,.F.);
#2940=EDGE_CURVE('',#2918,#2916,#2910,.T.);
#2941=ORIENTED_EDGE('',*,*,#2940,.T.);
#2942=ORIENTED_EDGE('',*,*,#2940,.F.);
#2943=EDGE_LOOP('',(#2939,#2942));
#2944=FACE_BOUND('',#2943,.T.);
#2945=EDGE_LOOP('',(#2920,#2936,#2941,#2931));
#2946=FACE_BOUND('',#2945,.T.);
#2947=CYLINDRICAL_SURFACE('',#2909,0.550000000);
#2948=ADVANCED_FACE('',(#2946),#2947,.F.);
#2949=EDGE_LOOP('',(#2923,#2932,#2938,#2935));
#2950=FACE_BOUND('',#2949,.T.);
#2951=CYLINDRICAL_SURFACE('',#2909,0.550000000);
#2952=ADVANCED_FACE('',(#2950),#2951,.F.);
#2953=DIRECTION('',(0.000000000,0.000000000,1.600000000));
#2954=DIRECTION('',(0.000000000,0.000000000,-1.600000000));
#2955=DIRECTION('',(0.400000000,0.000000000,0.000000000));
#2956=CARTESIAN_POINT('',(14.605000000,17.145000000,0.800000000));
#2957=AXIS2_PLACEMENT_3D('',#2956,#2953,#2955);
#2958=CIRCLE('',#2957,0.400000000);
#2959=CARTESIAN_POINT('',(14.605000000,17.145000000,-0.800000000));
#2960=AXIS2_PLACEMENT_3D('',#2959,#2954,#2955);
#2961=CIRCLE('',#2960,0.400000000);
#2962=CARTESIAN_POINT('',(15.005000000,17.145000000,0.800000000));
#2963=VERTEX_POINT('',#2962);
#2964=CARTESIAN_POINT('',(14.205000000,17.145000000,0.800000000));
#2965=VERTEX_POINT('',#2964);
#2966=CARTESIAN_POINT('',(15.005000000,17.145000000,-0.800000000));
#2967=VERTEX_POINT('',#2966);
#2968=CARTESIAN_POINT('',(14.205000000,17.145000000,-0.800000000));
#2969=VERTEX_POINT('',#2968);
#2970=EDGE_CURVE('',#2963,#2965,#2958,.T.);
#2971=ORIENTED_EDGE('',*,*,#2970,.T.);
#2972=ORIENTED_EDGE('',*,*,#2970,.F.);
#2973=EDGE_CURVE('',#2965,#2963,#2958,.T.);
#2974=ORIENTED_EDGE('',*,*,#2973,.T.);
#2975=ORIENTED_EDGE('',*,*,#2973,.F.);
#2976=EDGE_LOOP('',(#2972,#2975));
#2977=FACE_BOUND('',#2976,.T.);
#2978=DIRECTION('',(0.000000000,0.000000000,1.600000000));
#2979=VECTOR('',#2978,1.);
#2980=LINE('',#2966,#2979);
#2981=EDGE_CURVE('',#2967,#2963,#2980,.T.);
#2982=ORIENTED_EDGE('',*,*,#2981,.T.);
#2983=ORIENTED_EDGE('',*,*,#2981,.F.);
#2984=LINE('',#2968,#2979);
#2985=EDGE_CURVE('',#2969,#2965,#2984,.T.);
#2986=ORIENTED_EDGE('',*,*,#2985,.T.);
#2987=ORIENTED_EDGE('',*,*,#2985,.F.);
#2988=EDGE_CURVE('',#2967,#2969,#2961,.T.);
#2989=ORIENTED_EDGE('',*,*,#2988,.T.);
#2990=ORIENTED_EDGE('',*,*,#2988,.F.);
#2991=EDGE_CURVE('',#2969,#2967,#2961,.T.);
#2992=ORIENTED_EDGE('',*,*,#2991,.T.);
#2993=ORIENTED_EDGE('',*,*,#2991,.F.);
#2994=EDGE_LOOP('',(#2990,#2993));
#2995=FACE_BOUND('',#2994,.T.);
#2996=EDGE_LOOP('',(#2971,#2987,#2992,#2982));
#2997=FACE_BOUND('',#2996,.T.);
#2998=CYLINDRICAL_SURFACE('',#2960,0.400000000);
#2999=ADVANCED_FACE('',(#2997),#2998,.F.);
#3000=EDGE_LOOP('',(#2974,#2983,#2989,#2986));
#3001=FACE_BOUND('',#3000,.T.);
#3002=CYLINDRICAL_SURFACE('',#2960,0.400000000);
#3003=ADVANCED_FACE('',(#3001),#3002,.F.);
#3004=DIRECTION('',(0.000000000,0.000000000,1.600000000));
#3005=DIRECTION('',(0.000000000,0.000000000,-1.600000000));
#3006=DIRECTION('',(0.400000000,0.000000000,0.000000000));
#3007=CARTESIAN_POINT('',(14.605000000,12.065000000,0.800000000));
#3008=AXIS2_PLACEMENT_3D('',#3007,#3004,#3006);
#3009=CIRCLE('',#3008,0.400000000);
#3010=CARTESIAN_POINT('',(14.605000000,12.065000000,-0.800000000));
#3011=AXIS2_PLACEMENT_3D('',#3010,#3005,#3006);
#3012=CIRCLE('',#3011,0.400000000);
#3013=CARTESIAN_POINT('',(15.005000000,12.065000000,0.800000000));
#3014=VERTEX_POINT('',#3013);
#3015=CARTESIAN_POINT('',(14.205000000,12.065000000,0.800000000));
#3016=VERTEX_POINT('',#3015);
#3017=CARTESIAN_POINT('',(15.005000000,12.065000000,-0.800000000));
#3018=VERTEX_POINT('',#3017);
#3019=CARTESIAN_POINT('',(14.205000000,12.065000000,-0.800000000));
#3020=VERTEX_POINT('',#3019);
#3021=EDGE_CURVE('',#3014,#3016,#3009,.T.);
#3022=ORIENTED_EDGE('',*,*,#3021,.T.);
#3023=ORIENTED_EDGE('',*,*,#3021,.F.);
#3024=EDGE_CURVE('',#3016,#3014,#3009,.T.);
#3025=ORIENTED_EDGE('',*,*,#3024,.T.);
#3026=ORIENTED_EDGE('',*,*,#3024,.F.);
#3027=EDGE_LOOP('',(#3023,#3026));
#3028=FACE_BOUND('',#3027,.T.);
#3029=DIRECTION('',(0.000000000,0.000000000,1.600000000));
#3030=VECTOR('',#3029,1.);
#3031=LINE('',#3017,#3030);
#3032=EDGE_CURVE('',#3018,#3014,#3031,.T.);
#3033=ORIENTED_EDGE('',*,*,#3032,.T.);
#3034=ORIENTED_EDGE('',*,*,#3032,.F.);
#3035=LINE('',#3019,#3030);
#3036=EDGE_CURVE('',#3020,#3016,#3035,.T.);
#3037=ORIENTED_EDGE('',*,*,#3036,.T.);
#3038=ORIENTED_EDGE('',*,*,#3036,.F.);
#3039=EDGE_CURVE('',#3018,#3020,#3012,.T.);
#3040=ORIENTED_EDGE('',*,*,#3039,.T.);
#3041=ORIENTED_EDGE('',*,*,#3039,.F.);
#3042=EDGE_CURVE('',#3020,#3018,#3012,.T.);
#3043=ORIENTED_EDGE('',*,*,#3042,.T.);
#3044=ORIENTED_EDGE('',*,*,#3042,.F.);
#3045=EDGE_LOOP('',(#3041,#3044));
#3046=FACE_BOUND('',#3045,.T.);
#3047=EDGE_LOOP('',(#3022,#3038,#3043,#3033));
#3048=FACE_BOUND('',#3047,.T.);
#3049=CYLINDRICAL_SURFACE('',#3011,0.400000000);
#3050=ADVANCED_FACE('',(#3048),#3049,.F.);
#3051=EDGE_LOOP('',(#3025,#3034,#3040,#3037));
#3052=FACE_BOUND('',#3051,.T.);
#3053=CYLINDRICAL_SURFACE('',#3011,0.400000000);
#3054=ADVANCED_FACE('',(#3052),#3053,.F.);
#3055=CARTESIAN_POINT('',(0.000000000,40.000000000,-0.800000000));
#3056=VERTEX_POINT('',#3055);
#3057=CARTESIAN_POINT('',(0.000000000,40.000000000,0.800000000));
#3058=VERTEX_POINT('',#3057);
#3059=CARTESIAN_POINT('',(0.000000000,0.000000000,-0.800000000));
#3060=VERTEX_POINT('',#3059);
#3061=CARTESIAN_POINT('',(0.000000000,0.000000000,0.800000000));
#3062=VERTEX_POINT('',#3061);
#3063=CARTESIAN_POINT('',(30.000000000,0.000000000,-0.800000000));
#3064=VERTEX_POINT('',#3063);
#3065=CARTESIAN_POINT('',(30.000000000,0.000000000,0.800000000));
#3066=VERTEX_POINT('',#3065);
#3067=CARTESIAN_POINT('',(30.000000000,40.000000000,-0.800000000));
#3068=VERTEX_POINT('',#3067);
#3069=CARTESIAN_POINT('',(30.000000000,40.000000000,0.800000000));
#3070=VERTEX_POINT('',#3069);
#3071=DIRECTION('',(0.000000000,-40.000000000,0.000000000));
#3072=VECTOR('',#3071,1.);
#3073=LINE('',#3055,#3072);
#3074=DIRECTION('',(0.000000000,-40.000000000,0.000000000));
#3075=VECTOR('',#3074,1.);
#3076=LINE('',#3057,#3075);
#3077=DIRECTION('',(30.000000000,0.000000000,0.000000000));
#3078=VECTOR('',#3077,1.);
#3079=LINE('',#3059,#3078);
#3080=DIRECTION('',(30.000000000,0.000000000,0.000000000));
#3081=VECTOR('',#3080,1.);
#3082=LINE('',#3061,#3081);
#3083=DIRECTION('',(0.000000000,40.000000000,0.000000000));
#3084=VECTOR('',#3083,1.);
#3085=LINE('',#3063,#3084);
#3086=DIRECTION('',(0.000000000,40.000000000,0.000000000));
#3087=VECTOR('',#3086,1.);
#3088=LINE('',#3065,#3087);
#3089=DIRECTION('',(-30.000000000,0.000000000,0.000000000));
#3090=VECTOR('',#3089,1.);
#3091=LINE('',#3067,#3090);
#3092=DIRECTION('',(-30.000000000,0.000000000,0.000000000));
#3093=VECTOR('',#3092,1.);
#3094=LINE('',#3069,#3093);
#3095=DIRECTION('',(0.000000000,0.000000000,1.600000000));
#3096=VECTOR('',#3095,1.);
#3097=LINE('',#3055,#3096);
#3098=DIRECTION('',(0.000000000,0.000000000,1.600000000));
#3099=VECTOR('',#3098,1.);
#3100=LINE('',#3059,#3099);
#3101=DIRECTION('',(0.000000000,0.000000000,1.600000000));
#3102=VECTOR('',#3101,1.);
#3103=LINE('',#3063,#3102);
#3104=DIRECTION('',(0.000000000,0.000000000,1.600000000));
#3105=VECTOR('',#3104,1.);
#3106=LINE('',#3067,#3105);
#3107=EDGE_CURVE('',#3056,#3060,#3073,.T.);
#3108=ORIENTED_EDGE('',*,*,#3107,.T.);
#3109=ORIENTED_EDGE('',*,*,#3107,.F.);
#3110=EDGE_CURVE('',#3058,#3062,#3076,.T.);
#3111=ORIENTED_EDGE('',*,*,#3110,.T.);
#3112=ORIENTED_EDGE('',*,*,#3110,.F.);
#3113=EDGE_CURVE('',#3056,#3058,#3097,.T.);
#3114=ORIENTED_EDGE('',*,*,#3113,.T.);
#3115=ORIENTED_EDGE('',*,*,#3113,.F.);
#3116=EDGE_CURVE('',#3060,#3064,#3079,.T.);
#3117=ORIENTED_EDGE('',*,*,#3116,.T.);
#3118=ORIENTED_EDGE('',*,*,#3116,.F.);
#3119=EDGE_CURVE('',#3062,#3066,#3082,.T.);
#3120=ORIENTED_EDGE('',*,*,#3119,.T.);
#3121=ORIENTED_EDGE('',*,*,#3119,.F.);
#3122=EDGE_CURVE('',#3060,#3062,#3100,.T.);
#3123=ORIENTED_EDGE('',*,*,#3122,.T.);
#3124=ORIENTED_EDGE('',*,*,#3122,.F.);
#3125=EDGE_CURVE('',#3064,#3068,#3085,.T.);
#3126=ORIENTED_EDGE('',*,*,#3125,.T.);
#3127=ORIENTED_EDGE('',*,*,#3125,.F.);
#3128=EDGE_CURVE('',#3066,#3070,#3088,.T.);
#3129=ORIENTED_EDGE('',*,*,#3128,.T.);
#3130=ORIENTED_EDGE('',*,*,#3128,.F.);
#3131=EDGE_CURVE('',#3064,#3066,#3103,.T.);
#3132=ORIENTED_EDGE('',*,*,#3131,.T.);
#3133=ORIENTED_EDGE('',*,*,#3131,.F.);
#3134=EDGE_CURVE('',#3068,#3056,#3091,.T.);
#3135=ORIENTED_EDGE('',*,*,#3134,.T.);
#3136=ORIENTED_EDGE('',*,*,#3134,.F.);
#3137=EDGE_CURVE('',#3070,#3058,#3094,.T.);
#3138=ORIENTED_EDGE('',*,*,#3137,.T.);
#3139=ORIENTED_EDGE('',*,*,#3137,.F.);
#3140=EDGE_CURVE('',#3068,#3070,#3106,.T.);
#3141=ORIENTED_EDGE('',*,*,#3140,.T.);
#3142=ORIENTED_EDGE('',*,*,#3140,.F.);
#3143=EDGE_LOOP('',(#3115,#3108,#3123,#3112));
#3144=FACE_OUTER_BOUND('',#3143,.T.);
#3145=DIRECTION('',(-1600000000.000000000,0.000000000,0.000000000));
#3146=AXIS2_PLACEMENT_3D('',#3055,#3145,$);
#3147=PLANE('',#3146);
#3148=ADVANCED_FACE('',(#3144),#3147,.T.);
#3149=EDGE_LOOP('',(#3124,#3117,#3132,#3121));
#3150=FACE_OUTER_BOUND('',#3149,.T.);
#3151=DIRECTION('',(0.000000000,-900000000.000000000,0.000000000));
#3152=AXIS2_PLACEMENT_3D('',#3059,#3151,$);
#3153=PLANE('',#3152);
#3154=ADVANCED_FACE('',(#3150),#3153,.T.);
#3155=EDGE_LOOP('',(#3133,#3126,#3141,#3130));
#3156=FACE_OUTER_BOUND('',#3155,.T.);
#3157=DIRECTION('',(1600000000.000000000,0.000000000,0.000000000));
#3158=AXIS2_PLACEMENT_3D('',#3063,#3157,$);
#3159=PLANE('',#3158);
#3160=ADVANCED_FACE('',(#3156),#3159,.T.);
#3161=EDGE_LOOP('',(#3142,#3135,#3114,#3139));
#3162=FACE_OUTER_BOUND('',#3161,.T.);
#3163=DIRECTION('',(0.000000000,900000000.000000000,0.000000000));
#3164=AXIS2_PLACEMENT_3D('',#3067,#3163,$);
#3165=PLANE('',#3164);
#3166=ADVANCED_FACE('',(#3162),#3165,.T.);
#3167=EDGE_LOOP('',(#3136,#3127,#3118,#3109));
#3168=FACE_OUTER_BOUND('',#3167,.T.);
#3169=DIRECTION('',(0.,0.,-1.));
#3170=AXIS2_PLACEMENT_3D('',#3055,#3169,$);
#3171=PLANE('',#3170);
#3172=ADVANCED_FACE('',(#2128,#2179,#2230,#2281,#2332,#2383,#2434,#2485,#2536,#2587,#2638,#2689,#2740,#2791,#2842,#2893,#2944,#2995,#3046,#3168),#3171,.T.);
#3173=EDGE_LOOP('',(#3111,#3120,#3129,#3138));
#3174=FACE_OUTER_BOUND('',#3173,.T.);
#3175=DIRECTION('',(0.,0.,1.));
#3176=AXIS2_PLACEMENT_3D('',#3057,#3175,$);
#3177=PLANE('',#3176);
#3178=ADVANCED_FACE('',(#2110,#2161,#2212,#2263,#2314,#2365,#2416,#2467,#2518,#2569,#2620,#2671,#2722,#2773,#2824,#2875,#2926,#2977,#3028,#3174),#3177,.T.);
#3179=CLOSED_SHELL('NONE',(#2132,#2136,#2183,#2187,#2234,#2238,#2285,#2289,#2336,#2340,#2387,#2391,#2438,#2442,#2489,#2493,#2540,#2544,#2591,#2595,#2642,#2646,#2693,#2697,#2744,#2748,#2795,#2799,#2846,#2850,#2897,#2901,#2948,#2952,#2999,#3003,#3050,#3054,#3148,#3154,#3160,#3166,#3172,#3178));
#3180=MANIFOLD_SOLID_BREP('Combinateur_LR_Board',#3179);
#3181=STYLED_ITEM('',(#2017),#3180);
#3182=MECHANICAL_DESIGN_GEOMETRIC_PRESENTATION_REPRESENTATION('',(#3181),#90);
#3183=PRODUCT('Board_assembly','Board_assembly','',(#2074));
#3184=PRODUCT_DEFINITION_FORMATION_WITH_SPECIFIED_SOURCE('NONE','',#3183,.NOT_KNOWN.);
#3185=PRODUCT_DEFINITION('NONE','',#3184,#2075);
#3186=SHAPE_REPRESENTATION('SR_Board_assembly',(#2079),#90);
#3187=PRODUCT_DEFINITION_SHAPE('PDS_Board_assembly','',#3185);
#3188=SHAPE_DEFINITION_REPRESENTATION(#3187,#3186);
#3189=PRODUCT('Board','Board','',(#2074));
#3190=PRODUCT_DEFINITION_FORMATION_WITH_SPECIFIED_SOURCE('NONE','',#3189,.NOT_KNOWN.);
#3191=PRODUCT_DEFINITION('NONE','',#3190,#2075);
#3192=SHAPE_REPRESENTATION('SR_Board',(#2079),#90);
#3193=PRODUCT_DEFINITION_SHAPE('PDS_Board','',#3191);
#3194=SHAPE_DEFINITION_REPRESENTATION(#3193,#3192);
#3195=ADVANCED_BREP_SHAPE_REPRESENTATION('Board',(#3180),#90);
#3196=SHAPE_REPRESENTATION_RELATIONSHIP('SRR_Board','',#3195,#3192);
#3197=ITEM_DEFINED_TRANSFORMATION('IDT_Board','',#2079,#2079);
#3198=(REPRESENTATION_RELATIONSHIP(' ',$,#3192,#3186)REPRESENTATION_RELATIONSHIP_WITH_TRANSFORMATION(#3197)SHAPE_REPRESENTATION_RELATIONSHIP());
#3199=NEXT_ASSEMBLY_USAGE_OCCURRENCE('NAUO_Board','Board','Board',#3185,#3191,$);
#3200=PRODUCT_DEFINITION_SHAPE('PDS_NAUO_Board','',#3199);
#3201=CONTEXT_DEPENDENT_SHAPE_REPRESENTATION(#3198,#3200);
#3202=ITEM_DEFINED_TRANSFORMATION('IDT_Board_1','',#2079,#2079);
#3203=(REPRESENTATION_RELATIONSHIP(' ',$,#3186,#2083)REPRESENTATION_RELATIONSHIP_WITH_TRANSFORMATION(#3202)SHAPE_REPRESENTATION_RELATIONSHIP());
#3204=NEXT_ASSEMBLY_USAGE_OCCURRENCE('NAUO_Board_1','Board_1','Board_1',#2082,#3185,$);
#3205=PRODUCT_DEFINITION_SHAPE('PDS_NAUO_Board_1','',#3204);
#3206=CONTEXT_DEPENDENT_SHAPE_REPRESENTATION(#3203,#3205);
#3207=PRODUCT('PadsAndTracks_assembly','PadsAndTracks_assembly','',(#2074));
#3208=PRODUCT_DEFINITION_FORMATION_WITH_SPECIFIED_SOURCE('NONE','',#3207,.NOT_KNOWN.);
#3209=PRODUCT_DEFINITION('NONE','',#3208,#2075);
#3210=SHAPE_REPRESENTATION('SR_PadsAndTracks_assembly',(#2079),#90);
#3211=PRODUCT_DEFINITION_SHAPE('PDS_PadsAndTracks_assembly','',#3209);
#3212=SHAPE_DEFINITION_REPRESENTATION(#3211,#3210);
#3213=ITEM_DEFINED_TRANSFORMATION('IDT_PadsAndTracks_1','',#2079,#2079);
#3214=(REPRESENTATION_RELATIONSHIP(' ',$,#3210,#2083)REPRESENTATION_RELATIONSHIP_WITH_TRANSFORMATION(#3213)SHAPE_REPRESENTATION_RELATIONSHIP());
#3215=NEXT_ASSEMBLY_USAGE_OCCURRENCE('NAUO_PadsAndTracks_1','PadsAndTracks_1','PadsAndTracks_1',#2082,#3209,$);
#3216=PRODUCT_DEFINITION_SHAPE('PDS_NAUO_PadsAndTracks_1','',#3215);
#3217=CONTEXT_DEPENDENT_SHAPE_REPRESENTATION(#3214,#3216);
#3218=DIRECTION('',(0.000000000,0.000000000,0.035000000));
#3219=DIRECTION('',(0.000000000,0.000000000,-0.035000000));
#3220=DIRECTION('',(0.550000000,0.000000000,0.000000000));
#3221=CARTESIAN_POINT('',(10.795000000,33.655000000,0.835000000));
#3222=AXIS2_PLACEMENT_3D('',#3221,#3218,#3220);
#3223=CIRCLE('',#3222,0.550000000);
#3224=CARTESIAN_POINT('',(10.795000000,33.655000000,0.800000000));
#3225=AXIS2_PLACEMENT_3D('',#3224,#3219,#3220);
#3226=CIRCLE('',#3225,0.550000000);
#3227=CARTESIAN_POINT('',(11.345000000,33.655000000,0.835000000));
#3228=VERTEX_POINT('',#3227);
#3229=CARTESIAN_POINT('',(10.245000000,33.655000000,0.835000000));
#3230=VERTEX_POINT('',#3229);
#3231=CARTESIAN_POINT('',(11.345000000,33.655000000,0.800000000));
#3232=VERTEX_POINT('',#3231);
#3233=CARTESIAN_POINT('',(10.245000000,33.655000000,0.800000000));
#3234=VERTEX_POINT('',#3233);
#3235=EDGE_CURVE('',#3228,#3230,#3223,.T.);
#3236=ORIENTED_EDGE('',*,*,#3235,.T.);
#3237=ORIENTED_EDGE('',*,*,#3235,.F.);
#3238=EDGE_CURVE('',#3230,#3228,#3223,.T.);
#3239=ORIENTED_EDGE('',*,*,#3238,.T.);
#3240=ORIENTED_EDGE('',*,*,#3238,.F.);
#3241=EDGE_LOOP('',(#3237,#3240));
#3242=FACE_BOUND('',#3241,.T.);
#3243=DIRECTION('',(0.000000000,0.000000000,0.035000000));
#3244=VECTOR('',#3243,1.);
#3245=LINE('',#3231,#3244);
#3246=EDGE_CURVE('',#3232,#3228,#3245,.T.);
#3247=ORIENTED_EDGE('',*,*,#3246,.T.);
#3248=ORIENTED_EDGE('',*,*,#3246,.F.);
#3249=LINE('',#3233,#3244);
#3250=EDGE_CURVE('',#3234,#3230,#3249,.T.);
#3251=ORIENTED_EDGE('',*,*,#3250,.T.);
#3252=ORIENTED_EDGE('',*,*,#3250,.F.);
#3253=EDGE_CURVE('',#3232,#3234,#3226,.T.);
#3254=ORIENTED_EDGE('',*,*,#3253,.T.);
#3255=ORIENTED_EDGE('',*,*,#3253,.F.);
#3256=EDGE_CURVE('',#3234,#3232,#3226,.T.);
#3257=ORIENTED_EDGE('',*,*,#3256,.T.);
#3258=ORIENTED_EDGE('',*,*,#3256,.F.);
#3259=EDGE_LOOP('',(#3255,#3258));
#3260=FACE_BOUND('',#3259,.T.);
#3261=EDGE_LOOP('',(#3236,#3252,#3257,#3247));
#3262=FACE_BOUND('',#3261,.T.);
#3263=CYLINDRICAL_SURFACE('',#3225,0.550000000);
#3264=ADVANCED_FACE('',(#3262),#3263,.F.);
#3265=EDGE_LOOP('',(#3239,#3248,#3254,#3251));
#3266=FACE_BOUND('',#3265,.T.);
#3267=CYLINDRICAL_SURFACE('',#3225,0.550000000);
#3268=ADVANCED_FACE('',(#3266),#3267,.F.);
#3269=CARTESIAN_POINT('',(11.620000000,32.830000000,0.800000000));
#3270=VERTEX_POINT('',#3269);
#3271=CARTESIAN_POINT('',(11.620000000,32.830000000,0.835000000));
#3272=VERTEX_POINT('',#3271);
#3273=CARTESIAN_POINT('',(11.620000000,34.480000000,0.800000000));
#3274=VERTEX_POINT('',#3273);
#3275=CARTESIAN_POINT('',(11.620000000,34.480000000,0.835000000));
#3276=VERTEX_POINT('',#3275);
#3277=CARTESIAN_POINT('',(9.970000000,34.480000000,0.800000000));
#3278=VERTEX_POINT('',#3277);
#3279=CARTESIAN_POINT('',(9.970000000,34.480000000,0.835000000));
#3280=VERTEX_POINT('',#3279);
#3281=CARTESIAN_POINT('',(9.970000000,32.830000000,0.800000000));
#3282=VERTEX_POINT('',#3281);
#3283=CARTESIAN_POINT('',(9.970000000,32.830000000,0.835000000));
#3284=VERTEX_POINT('',#3283);
#3285=DIRECTION('',(0.000000000,1.650000000,0.000000000));
#3286=VECTOR('',#3285,1.);
#3287=LINE('',#3269,#3286);
#3288=DIRECTION('',(0.000000000,1.650000000,0.000000000));
#3289=VECTOR('',#3288,1.);
#3290=LINE('',#3271,#3289);
#3291=DIRECTION('',(-1.650000000,0.000000000,0.000000000));
#3292=VECTOR('',#3291,1.);
#3293=LINE('',#3273,#3292);
#3294=DIRECTION('',(-1.650000000,0.000000000,0.000000000));
#3295=VECTOR('',#3294,1.);
#3296=LINE('',#3275,#3295);
#3297=DIRECTION('',(0.000000000,-1.650000000,0.000000000));
#3298=VECTOR('',#3297,1.);
#3299=LINE('',#3277,#3298);
#3300=DIRECTION('',(0.000000000,-1.650000000,0.000000000));
#3301=VECTOR('',#3300,1.);
#3302=LINE('',#3279,#3301);
#3303=DIRECTION('',(1.650000000,0.000000000,0.000000000));
#3304=VECTOR('',#3303,1.);
#3305=LINE('',#3281,#3304);
#3306=DIRECTION('',(1.650000000,0.000000000,0.000000000));
#3307=VECTOR('',#3306,1.);
#3308=LINE('',#3283,#3307);
#3309=DIRECTION('',(0.000000000,0.000000000,0.035000000));
#3310=VECTOR('',#3309,1.);
#3311=LINE('',#3269,#3310);
#3312=DIRECTION('',(0.000000000,0.000000000,0.035000000));
#3313=VECTOR('',#3312,1.);
#3314=LINE('',#3273,#3313);
#3315=DIRECTION('',(0.000000000,0.000000000,0.035000000));
#3316=VECTOR('',#3315,1.);
#3317=LINE('',#3277,#3316);
#3318=DIRECTION('',(0.000000000,0.000000000,0.035000000));
#3319=VECTOR('',#3318,1.);
#3320=LINE('',#3281,#3319);
#3321=EDGE_CURVE('',#3270,#3274,#3287,.T.);
#3322=ORIENTED_EDGE('',*,*,#3321,.T.);
#3323=ORIENTED_EDGE('',*,*,#3321,.F.);
#3324=EDGE_CURVE('',#3272,#3276,#3290,.T.);
#3325=ORIENTED_EDGE('',*,*,#3324,.T.);
#3326=ORIENTED_EDGE('',*,*,#3324,.F.);
#3327=EDGE_CURVE('',#3270,#3272,#3311,.T.);
#3328=ORIENTED_EDGE('',*,*,#3327,.T.);
#3329=ORIENTED_EDGE('',*,*,#3327,.F.);
#3330=EDGE_CURVE('',#3274,#3278,#3293,.T.);
#3331=ORIENTED_EDGE('',*,*,#3330,.T.);
#3332=ORIENTED_EDGE('',*,*,#3330,.F.);
#3333=EDGE_CURVE('',#3276,#3280,#3296,.T.);
#3334=ORIENTED_EDGE('',*,*,#3333,.T.);
#3335=ORIENTED_EDGE('',*,*,#3333,.F.);
#3336=EDGE_CURVE('',#3274,#3276,#3314,.T.);
#3337=ORIENTED_EDGE('',*,*,#3336,.T.);
#3338=ORIENTED_EDGE('',*,*,#3336,.F.);
#3339=EDGE_CURVE('',#3278,#3282,#3299,.T.);
#3340=ORIENTED_EDGE('',*,*,#3339,.T.);
#3341=ORIENTED_EDGE('',*,*,#3339,.F.);
#3342=EDGE_CURVE('',#3280,#3284,#3302,.T.);
#3343=ORIENTED_EDGE('',*,*,#3342,.T.);
#3344=ORIENTED_EDGE('',*,*,#3342,.F.);
#3345=EDGE_CURVE('',#3278,#3280,#3317,.T.);
#3346=ORIENTED_EDGE('',*,*,#3345,.T.);
#3347=ORIENTED_EDGE('',*,*,#3345,.F.);
#3348=EDGE_CURVE('',#3282,#3270,#3305,.T.);
#3349=ORIENTED_EDGE('',*,*,#3348,.T.);
#3350=ORIENTED_EDGE('',*,*,#3348,.F.);
#3351=EDGE_CURVE('',#3284,#3272,#3308,.T.);
#3352=ORIENTED_EDGE('',*,*,#3351,.T.);
#3353=ORIENTED_EDGE('',*,*,#3351,.F.);
#3354=EDGE_CURVE('',#3282,#3284,#3320,.T.);
#3355=ORIENTED_EDGE('',*,*,#3354,.T.);
#3356=ORIENTED_EDGE('',*,*,#3354,.F.);
#3357=EDGE_LOOP('',(#3329,#3322,#3337,#3326));
#3358=FACE_OUTER_BOUND('',#3357,.T.);
#3359=DIRECTION('',(2722500.000000000,0.000000000,0.000000000));
#3360=AXIS2_PLACEMENT_3D('',#3269,#3359,$);
#3361=PLANE('',#3360);
#3362=ADVANCED_FACE('',(#3358),#3361,.T.);
#3363=EDGE_LOOP('',(#3338,#3331,#3346,#3335));
#3364=FACE_OUTER_BOUND('',#3363,.T.);
#3365=DIRECTION('',(0.000000000,2722500.000000000,0.000000000));
#3366=AXIS2_PLACEMENT_3D('',#3273,#3365,$);
#3367=PLANE('',#3366);
#3368=ADVANCED_FACE('',(#3364),#3367,.T.);
#3369=EDGE_LOOP('',(#3347,#3340,#3355,#3344));
#3370=FACE_OUTER_BOUND('',#3369,.T.);
#3371=DIRECTION('',(-2722500.000000000,0.000000000,0.000000000));
#3372=AXIS2_PLACEMENT_3D('',#3277,#3371,$);
#3373=PLANE('',#3372);
#3374=ADVANCED_FACE('',(#3370),#3373,.T.);
#3375=EDGE_LOOP('',(#3356,#3349,#3328,#3353));
#3376=FACE_OUTER_BOUND('',#3375,.T.);
#3377=DIRECTION('',(0.000000000,-2722500.000000000,0.000000000));
#3378=AXIS2_PLACEMENT_3D('',#3281,#3377,$);
#3379=PLANE('',#3378);
#3380=ADVANCED_FACE('',(#3376),#3379,.T.);
#3381=EDGE_LOOP('',(#3350,#3341,#3332,#3323));
#3382=FACE_OUTER_BOUND('',#3381,.T.);
#3383=DIRECTION('',(0.,0.,-1.));
#3384=AXIS2_PLACEMENT_3D('',#3269,#3383,$);
#3385=PLANE('',#3384);
#3386=ADVANCED_FACE('',(#3260,#3382),#3385,.T.);
#3387=EDGE_LOOP('',(#3325,#3334,#3343,#3352));
#3388=FACE_OUTER_BOUND('',#3387,.T.);
#3389=DIRECTION('',(0.,0.,1.));
#3390=AXIS2_PLACEMENT_3D('',#3271,#3389,$);
#3391=PLANE('',#3390);
#3392=ADVANCED_FACE('',(#3242,#3388),#3391,.T.);
#3393=CLOSED_SHELL('NONE',(#3264,#3268,#3362,#3368,#3374,#3380,#3386,#3392));
#3394=MANIFOLD_SOLID_BREP('Combinateur_LR_Copperplane_16_+5V_1',#3393);
#3395=STYLED_ITEM('',(#2035),#3394);
#3396=MECHANICAL_DESIGN_GEOMETRIC_PRESENTATION_REPRESENTATION('',(#3395),#90);
#3397=DIRECTION('',(0.000000000,0.000000000,0.035000000));
#3398=DIRECTION('',(0.000000000,0.000000000,-0.035000000));
#3399=DIRECTION('',(0.400100000,0.000000000,0.000000000));
#3400=CARTESIAN_POINT('',(14.605000000,17.145000000,0.835000000));
#3401=AXIS2_PLACEMENT_3D('',#3400,#3397,#3399);
#3402=CIRCLE('',#3401,0.400100000);
#3403=CARTESIAN_POINT('',(14.605000000,17.145000000,0.800000000));
#3404=AXIS2_PLACEMENT_3D('',#3403,#3398,#3399);
#3405=CIRCLE('',#3404,0.400100000);
#3406=CARTESIAN_POINT('',(15.005100000,17.145000000,0.835000000));
#3407=VERTEX_POINT('',#3406);
#3408=CARTESIAN_POINT('',(14.204900000,17.145000000,0.835000000));
#3409=VERTEX_POINT('',#3408);
#3410=CARTESIAN_POINT('',(15.005100000,17.145000000,0.800000000));
#3411=VERTEX_POINT('',#3410);
#3412=CARTESIAN_POINT('',(14.204900000,17.145000000,0.800000000));
#3413=VERTEX_POINT('',#3412);
#3414=EDGE_CURVE('',#3407,#3409,#3402,.T.);
#3415=ORIENTED_EDGE('',*,*,#3414,.T.);
#3416=ORIENTED_EDGE('',*,*,#3414,.F.);
#3417=EDGE_CURVE('',#3409,#3407,#3402,.T.);
#3418=ORIENTED_EDGE('',*,*,#3417,.T.);
#3419=ORIENTED_EDGE('',*,*,#3417,.F.);
#3420=EDGE_LOOP('',(#3416,#3419));
#3421=FACE_BOUND('',#3420,.T.);
#3422=DIRECTION('',(0.000000000,0.000000000,0.035000000));
#3423=VECTOR('',#3422,1.);
#3424=LINE('',#3410,#3423);
#3425=EDGE_CURVE('',#3411,#3407,#3424,.T.);
#3426=ORIENTED_EDGE('',*,*,#3425,.T.);
#3427=ORIENTED_EDGE('',*,*,#3425,.F.);
#3428=LINE('',#3412,#3423);
#3429=EDGE_CURVE('',#3413,#3409,#3428,.T.);
#3430=ORIENTED_EDGE('',*,*,#3429,.T.);
#3431=ORIENTED_EDGE('',*,*,#3429,.F.);
#3432=EDGE_CURVE('',#3411,#3413,#3405,.T.);
#3433=ORIENTED_EDGE('',*,*,#3432,.T.);
#3434=ORIENTED_EDGE('',*,*,#3432,.F.);
#3435=EDGE_CURVE('',#3413,#3411,#3405,.T.);
#3436=ORIENTED_EDGE('',*,*,#3435,.T.);
#3437=ORIENTED_EDGE('',*,*,#3435,.F.);
#3438=EDGE_LOOP('',(#3434,#3437));
#3439=FACE_BOUND('',#3438,.T.);
#3440=EDGE_LOOP('',(#3415,#3431,#3436,#3426));
#3441=FACE_BOUND('',#3440,.T.);
#3442=CYLINDRICAL_SURFACE('',#3404,0.400100000);
#3443=ADVANCED_FACE('',(#3441),#3442,.F.);
#3444=EDGE_LOOP('',(#3418,#3427,#3433,#3430));
#3445=FACE_BOUND('',#3444,.T.);
#3446=CYLINDRICAL_SURFACE('',#3404,0.400100000);
#3447=ADVANCED_FACE('',(#3445),#3446,.F.);
#3448=DIRECTION('',(0.000000000,0.000000000,0.035000000));
#3449=DIRECTION('',(0.000000000,0.000000000,-0.035000000));
#3450=DIRECTION('',(0.400100000,0.000000000,0.000000000));
#3451=CARTESIAN_POINT('',(14.605000000,12.065000000,0.835000000));
#3452=AXIS2_PLACEMENT_3D('',#3451,#3448,#3450);
#3453=CIRCLE('',#3452,0.400100000);
#3454=CARTESIAN_POINT('',(14.605000000,12.065000000,0.800000000));
#3455=AXIS2_PLACEMENT_3D('',#3454,#3449,#3450);
#3456=CIRCLE('',#3455,0.400100000);
#3457=CARTESIAN_POINT('',(15.005100000,12.065000000,0.835000000));
#3458=VERTEX_POINT('',#3457);
#3459=CARTESIAN_POINT('',(14.204900000,12.065000000,0.835000000));
#3460=VERTEX_POINT('',#3459);
#3461=CARTESIAN_POINT('',(15.005100000,12.065000000,0.800000000));
#3462=VERTEX_POINT('',#3461);
#3463=CARTESIAN_POINT('',(14.204900000,12.065000000,0.800000000));
#3464=VERTEX_POINT('',#3463);
#3465=EDGE_CURVE('',#3458,#3460,#3453,.T.);
#3466=ORIENTED_EDGE('',*,*,#3465,.T.);
#3467=ORIENTED_EDGE('',*,*,#3465,.F.);
#3468=EDGE_CURVE('',#3460,#3458,#3453,.T.);
#3469=ORIENTED_EDGE('',*,*,#3468,.T.);
#3470=ORIENTED_EDGE('',*,*,#3468,.F.);
#3471=EDGE_LOOP('',(#3467,#3470));
#3472=FACE_BOUND('',#3471,.T.);
#3473=DIRECTION('',(0.000000000,0.000000000,0.035000000));
#3474=VECTOR('',#3473,1.);
#3475=LINE('',#3461,#3474);
#3476=EDGE_CURVE('',#3462,#3458,#3475,.T.);
#3477=ORIENTED_EDGE('',*,*,#3476,.T.);
#3478=ORIENTED_EDGE('',*,*,#3476,.F.);
#3479=LINE('',#3463,#3474);
#3480=EDGE_CURVE('',#3464,#3460,#3479,.T.);
#3481=ORIENTED_EDGE('',*,*,#3480,.T.);
#3482=ORIENTED_EDGE('',*,*,#3480,.F.);
#3483=EDGE_CURVE('',#3462,#3464,#3456,.T.);
#3484=ORIENTED_EDGE('',*,*,#3483,.T.);
#3485=ORIENTED_EDGE('',*,*,#3483,.F.);
#3486=EDGE_CURVE('',#3464,#3462,#3456,.T.);
#3487=ORIENTED_EDGE('',*,*,#3486,.T.);
#3488=ORIENTED_EDGE('',*,*,#3486,.F.);
#3489=EDGE_LOOP('',(#3485,#3488));
#3490=FACE_BOUND('',#3489,.T.);
#3491=EDGE_LOOP('',(#3466,#3482,#3487,#3477));
#3492=FACE_BOUND('',#3491,.T.);
#3493=CYLINDRICAL_SURFACE('',#3455,0.400100000);
#3494=ADVANCED_FACE('',(#3492),#3493,.F.);
#3495=EDGE_LOOP('',(#3469,#3478,#3484,#3481));
#3496=FACE_BOUND('',#3495,.T.);
#3497=CYLINDRICAL_SURFACE('',#3455,0.400100000);
#3498=ADVANCED_FACE('',(#3496),#3497,.F.);
#3499=CARTESIAN_POINT('',(14.859000000,13.048737770,0.800000000));
#3500=VERTEX_POINT('',#3499);
#3501=CARTESIAN_POINT('',(14.859000000,13.048737770,0.835000000));
#3502=VERTEX_POINT('',#3501);
#3503=CARTESIAN_POINT('',(14.859000000,16.161262230,0.800000000));
#3504=VERTEX_POINT('',#3503);
#3505=CARTESIAN_POINT('',(14.859000000,16.161262230,0.835000000));
#3506=VERTEX_POINT('',#3505);
#3507=CARTESIAN_POINT('',(14.351000000,16.161262230,0.800000000));
#3508=VERTEX_POINT('',#3507);
#3509=CARTESIAN_POINT('',(14.351000000,16.161262230,0.835000000));
#3510=VERTEX_POINT('',#3509);
#3511=CARTESIAN_POINT('',(14.351000000,13.048737770,0.800000000));
#3512=VERTEX_POINT('',#3511);
#3513=CARTESIAN_POINT('',(14.351000000,13.048737770,0.835000000));
#3514=VERTEX_POINT('',#3513);
#3515=DIRECTION('',(0.000000000,3.112524460,0.000000000));
#3516=VECTOR('',#3515,1.);
#3517=LINE('',#3499,#3516);
#3518=DIRECTION('',(0.000000000,3.112524460,0.000000000));
#3519=VECTOR('',#3518,1.);
#3520=LINE('',#3501,#3519);
#3521=CARTESIAN_POINT('',(14.605000000,17.145000000,0.800000000));
#3522=DIRECTION('',(0.,0.,1.));
#3523=DIRECTION('',(1.,0.,0.));
#3524=AXIS2_PLACEMENT_3D('',#3521,#3522,#3523);
#3525=CIRCLE('',#3524,1.016000000);
#3526=CARTESIAN_POINT('',(14.605000000,17.145000000,0.835000000));
#3527=DIRECTION('',(0.,0.,1.));
#3528=DIRECTION('',(1.,0.,0.));
#3529=AXIS2_PLACEMENT_3D('',#3526,#3527,#3528);
#3530=CIRCLE('',#3529,1.016000000);
#3531=DIRECTION('',(0.000000000,-3.112524460,0.000000000));
#3532=VECTOR('',#3531,1.);
#3533=LINE('',#3507,#3532);
#3534=DIRECTION('',(0.000000000,-3.112524460,0.000000000));
#3535=VECTOR('',#3534,1.);
#3536=LINE('',#3509,#3535);
#3537=CARTESIAN_POINT('',(14.605000000,12.065000000,0.800000000));
#3538=DIRECTION('',(0.,0.,1.));
#3539=DIRECTION('',(1.,0.,0.));
#3540=AXIS2_PLACEMENT_3D('',#3537,#3538,#3539);
#3541=CIRCLE('',#3540,1.016000000);
#3542=CARTESIAN_POINT('',(14.605000000,12.065000000,0.835000000));
#3543=DIRECTION('',(0.,0.,1.));
#3544=DIRECTION('',(1.,0.,0.));
#3545=AXIS2_PLACEMENT_3D('',#3542,#3543,#3544);
#3546=CIRCLE('',#3545,1.016000000);
#3547=DIRECTION('',(0.000000000,0.000000000,0.035000000));
#3548=VECTOR('',#3547,1.);
#3549=LINE('',#3499,#3548);
#3550=DIRECTION('',(0.000000000,0.000000000,0.035000000));
#3551=VECTOR('',#3550,1.);
#3552=LINE('',#3503,#3551);
#3553=DIRECTION('',(0.000000000,0.000000000,0.035000000));
#3554=VECTOR('',#3553,1.);
#3555=LINE('',#3507,#3554);
#3556=DIRECTION('',(0.000000000,0.000000000,0.035000000));
#3557=VECTOR('',#3556,1.);
#3558=LINE('',#3511,#3557);
#3559=EDGE_CURVE('',#3500,#3504,#3517,.T.);
#3560=ORIENTED_EDGE('',*,*,#3559,.T.);
#3561=ORIENTED_EDGE('',*,*,#3559,.F.);
#3562=EDGE_CURVE('',#3502,#3506,#3520,.T.);
#3563=ORIENTED_EDGE('',*,*,#3562,.T.);
#3564=ORIENTED_EDGE('',*,*,#3562,.F.);
#3565=EDGE_CURVE('',#3500,#3502,#3549,.T.);
#3566=ORIENTED_EDGE('',*,*,#3565,.T.);
#3567=ORIENTED_EDGE('',*,*,#3565,.F.);
#3568=EDGE_CURVE('',#3504,#3508,#3525,.T.);
#3569=ORIENTED_EDGE('',*,*,#3568,.T.);
#3570=ORIENTED_EDGE('',*,*,#3568,.F.);
#3571=EDGE_CURVE('',#3506,#3510,#3530,.T.);
#3572=ORIENTED_EDGE('',*,*,#3571,.T.);
#3573=ORIENTED_EDGE('',*,*,#3571,.F.);
#3574=EDGE_CURVE('',#3504,#3506,#3552,.T.);
#3575=ORIENTED_EDGE('',*,*,#3574,.T.);
#3576=ORIENTED_EDGE('',*,*,#3574,.F.);
#3577=EDGE_CURVE('',#3508,#3512,#3533,.T.);
#3578=ORIENTED_EDGE('',*,*,#3577,.T.);
#3579=ORIENTED_EDGE('',*,*,#3577,.F.);
#3580=EDGE_CURVE('',#3510,#3514,#3536,.T.);
#3581=ORIENTED_EDGE('',*,*,#3580,.T.);
#3582=ORIENTED_EDGE('',*,*,#3580,.F.);
#3583=EDGE_CURVE('',#3508,#3510,#3555,.T.);
#3584=ORIENTED_EDGE('',*,*,#3583,.T.);
#3585=ORIENTED_EDGE('',*,*,#3583,.F.);
#3586=EDGE_CURVE('',#3512,#3500,#3541,.T.);
#3587=ORIENTED_EDGE('',*,*,#3586,.T.);
#3588=ORIENTED_EDGE('',*,*,#3586,.F.);
#3589=EDGE_CURVE('',#3514,#3502,#3546,.T.);
#3590=ORIENTED_EDGE('',*,*,#3589,.T.);
#3591=ORIENTED_EDGE('',*,*,#3589,.F.);
#3592=EDGE_CURVE('',#3512,#3514,#3558,.T.);
#3593=ORIENTED_EDGE('',*,*,#3592,.T.);
#3594=ORIENTED_EDGE('',*,*,#3592,.F.);
#3595=EDGE_LOOP('',(#3567,#3560,#3575,#3564));
#3596=FACE_OUTER_BOUND('',#3595,.T.);
#3597=DIRECTION('',(9687808.514890000,0.000000000,0.000000000));
#3598=AXIS2_PLACEMENT_3D('',#3499,#3597,$);
#3599=PLANE('',#3598);
#3600=ADVANCED_FACE('',(#3596),#3599,.T.);
#3601=EDGE_LOOP('',(#3576,#3569,#3584,#3573));
#3602=FACE_OUTER_BOUND('',#3601,.T.);
#3603=CARTESIAN_POINT('',(14.605000000,17.145000000,0.800000000));
#3604=DIRECTION('',(0.,0.,1.));
#3605=AXIS2_PLACEMENT_3D('',#3603,#3604,#3544);
#3606=CYLINDRICAL_SURFACE('',#3605,1.016000000);
#3607=ADVANCED_FACE('',(#3602),#3606,.T.);
#3608=EDGE_LOOP('',(#3585,#3578,#3593,#3582));
#3609=FACE_OUTER_BOUND('',#3608,.T.);
#3610=DIRECTION('',(-9687808.514890000,0.000000000,0.000000000));
#3611=AXIS2_PLACEMENT_3D('',#3507,#3610,$);
#3612=PLANE('',#3611);
#3613=ADVANCED_FACE('',(#3609),#3612,.T.);
#3614=EDGE_LOOP('',(#3594,#3587,#3566,#3591));
#3615=FACE_OUTER_BOUND('',#3614,.T.);
#3616=CARTESIAN_POINT('',(14.605000000,12.065000000,0.800000000));
#3617=DIRECTION('',(0.,0.,1.));
#3618=AXIS2_PLACEMENT_3D('',#3616,#3617,#3544);
#3619=CYLINDRICAL_SURFACE('',#3618,1.016000000);
#3620=ADVANCED_FACE('',(#3615),#3619,.T.);
#3621=EDGE_LOOP('',(#3588,#3579,#3570,#3561));
#3622=FACE_OUTER_BOUND('',#3621,.T.);
#3623=DIRECTION('',(0.,0.,-1.));
#3624=AXIS2_PLACEMENT_3D('',#3499,#3623,$);
#3625=PLANE('',#3624);
#3626=ADVANCED_FACE('',(#3439,#3490,#3622),#3625,.T.);
#3627=EDGE_LOOP('',(#3563,#3572,#3581,#3590));
#3628=FACE_OUTER_BOUND('',#3627,.T.);
#3629=DIRECTION('',(0.,0.,1.));
#3630=AXIS2_PLACEMENT_3D('',#3501,#3629,$);
#3631=PLANE('',#3630);
#3632=ADVANCED_FACE('',(#3421,#3472,#3628),#3631,.T.);
#3633=CLOSED_SHELL('NONE',(#3443,#3447,#3494,#3498,#3600,#3607,#3613,#3620,#3626,#3632));
#3634=MANIFOLD_SOLID_BREP('Combinateur_LR_Copperplane_16_+5V_2',#3633);
#3635=STYLED_ITEM('',(#2035),#3634);
#3636=MECHANICAL_DESIGN_GEOMETRIC_PRESENTATION_REPRESENTATION('',(#3635),#90);
#3637=DIRECTION('',(0.000000000,0.000000000,0.035000000));
#3638=DIRECTION('',(0.000000000,0.000000000,-0.035000000));
#3639=DIRECTION('',(0.550000000,0.000000000,0.000000000));
#3640=CARTESIAN_POINT('',(10.795000000,17.145000000,0.835000000));
#3641=AXIS2_PLACEMENT_3D('',#3640,#3637,#3639);
#3642=CIRCLE('',#3641,0.550000000);
#3643=CARTESIAN_POINT('',(10.795000000,17.145000000,0.800000000));
#3644=AXIS2_PLACEMENT_3D('',#3643,#3638,#3639);
#3645=CIRCLE('',#3644,0.550000000);
#3646=CARTESIAN_POINT('',(11.345000000,17.145000000,0.835000000));
#3647=VERTEX_POINT('',#3646);
#3648=CARTESIAN_POINT('',(10.245000000,17.145000000,0.835000000));
#3649=VERTEX_POINT('',#3648);
#3650=CARTESIAN_POINT('',(11.345000000,17.145000000,0.800000000));
#3651=VERTEX_POINT('',#3650);
#3652=CARTESIAN_POINT('',(10.245000000,17.145000000,0.800000000));
#3653=VERTEX_POINT('',#3652);
#3654=EDGE_CURVE('',#3647,#3649,#3642,.T.);
#3655=ORIENTED_EDGE('',*,*,#3654,.T.);
#3656=ORIENTED_EDGE('',*,*,#3654,.F.);
#3657=EDGE_CURVE('',#3649,#3647,#3642,.T.);
#3658=ORIENTED_EDGE('',*,*,#3657,.T.);
#3659=ORIENTED_EDGE('',*,*,#3657,.F.);
#3660=EDGE_LOOP('',(#3656,#3659));
#3661=FACE_BOUND('',#3660,.T.);
#3662=DIRECTION('',(0.000000000,0.000000000,0.035000000));
#3663=VECTOR('',#3662,1.);
#3664=LINE('',#3650,#3663);
#3665=EDGE_CURVE('',#3651,#3647,#3664,.T.);
#3666=ORIENTED_EDGE('',*,*,#3665,.T.);
#3667=ORIENTED_EDGE('',*,*,#3665,.F.);
#3668=LINE('',#3652,#3663);
#3669=EDGE_CURVE('',#3653,#3649,#3668,.T.);
#3670=ORIENTED_EDGE('',*,*,#3669,.T.);
#3671=ORIENTED_EDGE('',*,*,#3669,.F.);
#3672=EDGE_CURVE('',#3651,#3653,#3645,.T.);
#3673=ORIENTED_EDGE('',*,*,#3672,.T.);
#3674=ORIENTED_EDGE('',*,*,#3672,.F.);
#3675=EDGE_CURVE('',#3653,#3651,#3645,.T.);
#3676=ORIENTED_EDGE('',*,*,#3675,.T.);
#3677=ORIENTED_EDGE('',*,*,#3675,.F.);
#3678=EDGE_LOOP('',(#3674,#3677));
#3679=FACE_BOUND('',#3678,.T.);
#3680=EDGE_LOOP('',(#3655,#3671,#3676,#3666));
#3681=FACE_BOUND('',#3680,.T.);
#3682=CYLINDRICAL_SURFACE('',#3644,0.550000000);
#3683=ADVANCED_FACE('',(#3681),#3682,.F.);
#3684=EDGE_LOOP('',(#3658,#3667,#3673,#3670));
#3685=FACE_BOUND('',#3684,.T.);
#3686=CYLINDRICAL_SURFACE('',#3644,0.550000000);
#3687=ADVANCED_FACE('',(#3685),#3686,.F.);
#3688=CARTESIAN_POINT('',(11.620000000,16.320000000,0.800000000));
#3689=VERTEX_POINT('',#3688);
#3690=CARTESIAN_POINT('',(11.620000000,16.320000000,0.835000000));
#3691=VERTEX_POINT('',#3690);
#3692=CARTESIAN_POINT('',(11.620000000,17.970000000,0.800000000));
#3693=VERTEX_POINT('',#3692);
#3694=CARTESIAN_POINT('',(11.620000000,17.970000000,0.835000000));
#3695=VERTEX_POINT('',#3694);
#3696=CARTESIAN_POINT('',(9.970000000,17.970000000,0.800000000));
#3697=VERTEX_POINT('',#3696);
#3698=CARTESIAN_POINT('',(9.970000000,17.970000000,0.835000000));
#3699=VERTEX_POINT('',#3698);
#3700=CARTESIAN_POINT('',(9.970000000,16.320000000,0.800000000));
#3701=VERTEX_POINT('',#3700);
#3702=CARTESIAN_POINT('',(9.970000000,16.320000000,0.835000000));
#3703=VERTEX_POINT('',#3702);
#3704=DIRECTION('',(0.000000000,1.650000000,0.000000000));
#3705=VECTOR('',#3704,1.);
#3706=LINE('',#3688,#3705);
#3707=DIRECTION('',(0.000000000,1.650000000,0.000000000));
#3708=VECTOR('',#3707,1.);
#3709=LINE('',#3690,#3708);
#3710=DIRECTION('',(-1.650000000,0.000000000,0.000000000));
#3711=VECTOR('',#3710,1.);
#3712=LINE('',#3692,#3711);
#3713=DIRECTION('',(-1.650000000,0.000000000,0.000000000));
#3714=VECTOR('',#3713,1.);
#3715=LINE('',#3694,#3714);
#3716=DIRECTION('',(0.000000000,-1.650000000,0.000000000));
#3717=VECTOR('',#3716,1.);
#3718=LINE('',#3696,#3717);
#3719=DIRECTION('',(0.000000000,-1.650000000,0.000000000));
#3720=VECTOR('',#3719,1.);
#3721=LINE('',#3698,#3720);
#3722=DIRECTION('',(1.650000000,0.000000000,0.000000000));
#3723=VECTOR('',#3722,1.);
#3724=LINE('',#3700,#3723);
#3725=DIRECTION('',(1.650000000,0.000000000,0.000000000));
#3726=VECTOR('',#3725,1.);
#3727=LINE('',#3702,#3726);
#3728=DIRECTION('',(0.000000000,0.000000000,0.035000000));
#3729=VECTOR('',#3728,1.);
#3730=LINE('',#3688,#3729);
#3731=DIRECTION('',(0.000000000,0.000000000,0.035000000));
#3732=VECTOR('',#3731,1.);
#3733=LINE('',#3692,#3732);
#3734=DIRECTION('',(0.000000000,0.000000000,0.035000000));
#3735=VECTOR('',#3734,1.);
#3736=LINE('',#3696,#3735);
#3737=DIRECTION('',(0.000000000,0.000000000,0.035000000));
#3738=VECTOR('',#3737,1.);
#3739=LINE('',#3700,#3738);
#3740=EDGE_CURVE('',#3689,#3693,#3706,.T.);
#3741=ORIENTED_EDGE('',*,*,#3740,.T.);
#3742=ORIENTED_EDGE('',*,*,#3740,.F.);
#3743=EDGE_CURVE('',#3691,#3695,#3709,.T.);
#3744=ORIENTED_EDGE('',*,*,#3743,.T.);
#3745=ORIENTED_EDGE('',*,*,#3743,.F.);
#3746=EDGE_CURVE('',#3689,#3691,#3730,.T.);
#3747=ORIENTED_EDGE('',*,*,#3746,.T.);
#3748=ORIENTED_EDGE('',*,*,#3746,.F.);
#3749=EDGE_CURVE('',#3693,#3697,#3712,.T.);
#3750=ORIENTED_EDGE('',*,*,#3749,.T.);
#3751=ORIENTED_EDGE('',*,*,#3749,.F.);
#3752=EDGE_CURVE('',#3695,#3699,#3715,.T.);
#3753=ORIENTED_EDGE('',*,*,#3752,.T.);
#3754=ORIENTED_EDGE('',*,*,#3752,.F.);
#3755=EDGE_CURVE('',#3693,#3695,#3733,.T.);
#3756=ORIENTED_EDGE('',*,*,#3755,.T.);
#3757=ORIENTED_EDGE('',*,*,#3755,.F.);
#3758=EDGE_CURVE('',#3697,#3701,#3718,.T.);
#3759=ORIENTED_EDGE('',*,*,#3758,.T.);
#3760=ORIENTED_EDGE('',*,*,#3758,.F.);
#3761=EDGE_CURVE('',#3699,#3703,#3721,.T.);
#3762=ORIENTED_EDGE('',*,*,#3761,.T.);
#3763=ORIENTED_EDGE('',*,*,#3761,.F.);
#3764=EDGE_CURVE('',#3697,#3699,#3736,.T.);
#3765=ORIENTED_EDGE('',*,*,#3764,.T.);
#3766=ORIENTED_EDGE('',*,*,#3764,.F.);
#3767=EDGE_CURVE('',#3701,#3689,#3724,.T.);
#3768=ORIENTED_EDGE('',*,*,#3767,.T.);
#3769=ORIENTED_EDGE('',*,*,#3767,.F.);
#3770=EDGE_CURVE('',#3703,#3691,#3727,.T.);
#3771=ORIENTED_EDGE('',*,*,#3770,.T.);
#3772=ORIENTED_EDGE('',*,*,#3770,.F.);
#3773=EDGE_CURVE('',#3701,#3703,#3739,.T.);
#3774=ORIENTED_EDGE('',*,*,#3773,.T.);
#3775=ORIENTED_EDGE('',*,*,#3773,.F.);
#3776=EDGE_LOOP('',(#3748,#3741,#3756,#3745));
#3777=FACE_OUTER_BOUND('',#3776,.T.);
#3778=DIRECTION('',(2722500.000000000,0.000000000,0.000000000));
#3779=AXIS2_PLACEMENT_3D('',#3688,#3778,$);
#3780=PLANE('',#3779);
#3781=ADVANCED_FACE('',(#3777),#3780,.T.);
#3782=EDGE_LOOP('',(#3757,#3750,#3765,#3754));
#3783=FACE_OUTER_BOUND('',#3782,.T.);
#3784=DIRECTION('',(0.000000000,2722500.000000000,0.000000000));
#3785=AXIS2_PLACEMENT_3D('',#3692,#3784,$);
#3786=PLANE('',#3785);
#3787=ADVANCED_FACE('',(#3783),#3786,.T.);
#3788=EDGE_LOOP('',(#3766,#3759,#3774,#3763));
#3789=FACE_OUTER_BOUND('',#3788,.T.);
#3790=DIRECTION('',(-2722500.000000000,0.000000000,0.000000000));
#3791=AXIS2_PLACEMENT_3D('',#3696,#3790,$);
#3792=PLANE('',#3791);
#3793=ADVANCED_FACE('',(#3789),#3792,.T.);
#3794=EDGE_LOOP('',(#3775,#3768,#3747,#3772));
#3795=FACE_OUTER_BOUND('',#3794,.T.);
#3796=DIRECTION('',(0.000000000,-2722500.000000000,0.000000000));
#3797=AXIS2_PLACEMENT_3D('',#3700,#3796,$);
#3798=PLANE('',#3797);
#3799=ADVANCED_FACE('',(#3795),#3798,.T.);
#3800=EDGE_LOOP('',(#3769,#3760,#3751,#3742));
#3801=FACE_OUTER_BOUND('',#3800,.T.);
#3802=DIRECTION('',(0.,0.,-1.));
#3803=AXIS2_PLACEMENT_3D('',#3688,#3802,$);
#3804=PLANE('',#3803);
#3805=ADVANCED_FACE('',(#3679,#3801),#3804,.T.);
#3806=EDGE_LOOP('',(#3744,#3753,#3762,#3771));
#3807=FACE_OUTER_BOUND('',#3806,.T.);
#3808=DIRECTION('',(0.,0.,1.));
#3809=AXIS2_PLACEMENT_3D('',#3690,#3808,$);
#3810=PLANE('',#3809);
#3811=ADVANCED_FACE('',(#3661,#3807),#3810,.T.);
#3812=CLOSED_SHELL('NONE',(#3683,#3687,#3781,#3787,#3793,#3799,#3805,#3811));
#3813=MANIFOLD_SOLID_BREP('Combinateur_LR_Copperplane_16_+5V_3',#3812);
#3814=STYLED_ITEM('',(#2035),#3813);
#3815=MECHANICAL_DESIGN_GEOMETRIC_PRESENTATION_REPRESENTATION('',(#3814),#90);
#3816=DIRECTION('',(0.000000000,0.000000000,0.035000000));
#3817=DIRECTION('',(0.000000000,0.000000000,-0.035000000));
#3818=DIRECTION('',(0.550000000,0.000000000,0.000000000));
#3819=CARTESIAN_POINT('',(18.415000000,15.240000000,0.835000000));
#3820=AXIS2_PLACEMENT_3D('',#3819,#3816,#3818);
#3821=CIRCLE('',#3820,0.550000000);
#3822=CARTESIAN_POINT('',(18.415000000,15.240000000,0.800000000));
#3823=AXIS2_PLACEMENT_3D('',#3822,#3817,#3818);
#3824=CIRCLE('',#3823,0.550000000);
#3825=CARTESIAN_POINT('',(18.965000000,15.240000000,0.835000000));
#3826=VERTEX_POINT('',#3825);
#3827=CARTESIAN_POINT('',(17.865000000,15.240000000,0.835000000));
#3828=VERTEX_POINT('',#3827);
#3829=CARTESIAN_POINT('',(18.965000000,15.240000000,0.800000000));
#3830=VERTEX_POINT('',#3829);
#3831=CARTESIAN_POINT('',(17.865000000,15.240000000,0.800000000));
#3832=VERTEX_POINT('',#3831);
#3833=EDGE_CURVE('',#3826,#3828,#3821,.T.);
#3834=ORIENTED_EDGE('',*,*,#3833,.T.);
#3835=ORIENTED_EDGE('',*,*,#3833,.F.);
#3836=EDGE_CURVE('',#3828,#3826,#3821,.T.);
#3837=ORIENTED_EDGE('',*,*,#3836,.T.);
#3838=ORIENTED_EDGE('',*,*,#3836,.F.);
#3839=EDGE_LOOP('',(#3835,#3838));
#3840=FACE_BOUND('',#3839,.T.);
#3841=DIRECTION('',(0.000000000,0.000000000,0.035000000));
#3842=VECTOR('',#3841,1.);
#3843=LINE('',#3829,#3842);
#3844=EDGE_CURVE('',#3830,#3826,#3843,.T.);
#3845=ORIENTED_EDGE('',*,*,#3844,.T.);
#3846=ORIENTED_EDGE('',*,*,#3844,.F.);
#3847=LINE('',#3831,#3842);
#3848=EDGE_CURVE('',#3832,#3828,#3847,.T.);
#3849=ORIENTED_EDGE('',*,*,#3848,.T.);
#3850=ORIENTED_EDGE('',*,*,#3848,.F.);
#3851=EDGE_CURVE('',#3830,#3832,#3824,.T.);
#3852=ORIENTED_EDGE('',*,*,#3851,.T.);
#3853=ORIENTED_EDGE('',*,*,#3851,.F.);
#3854=EDGE_CURVE('',#3832,#3830,#3824,.T.);
#3855=ORIENTED_EDGE('',*,*,#3854,.T.);
#3856=ORIENTED_EDGE('',*,*,#3854,.F.);
#3857=EDGE_LOOP('',(#3853,#3856));
#3858=FACE_BOUND('',#3857,.T.);
#3859=EDGE_LOOP('',(#3834,#3850,#3855,#3845));
#3860=FACE_BOUND('',#3859,.T.);
#3861=CYLINDRICAL_SURFACE('',#3823,0.550000000);
#3862=ADVANCED_FACE('',(#3860),#3861,.F.);
#3863=EDGE_LOOP('',(#3837,#3846,#3852,#3849));
#3864=FACE_BOUND('',#3863,.T.);
#3865=CYLINDRICAL_SURFACE('',#3823,0.550000000);
#3866=ADVANCED_FACE('',(#3864),#3865,.F.);
#3867=CARTESIAN_POINT('',(19.240000000,14.415000000,0.800000000));
#3868=VERTEX_POINT('',#3867);
#3869=CARTESIAN_POINT('',(19.240000000,14.415000000,0.835000000));
#3870=VERTEX_POINT('',#3869);
#3871=CARTESIAN_POINT('',(19.240000000,16.065000000,0.800000000));
#3872=VERTEX_POINT('',#3871);
#3873=CARTESIAN_POINT('',(19.240000000,16.065000000,0.835000000));
#3874=VERTEX_POINT('',#3873);
#3875=CARTESIAN_POINT('',(17.590000000,16.065000000,0.800000000));
#3876=VERTEX_POINT('',#3875);
#3877=CARTESIAN_POINT('',(17.590000000,16.065000000,0.835000000));
#3878=VERTEX_POINT('',#3877);
#3879=CARTESIAN_POINT('',(17.590000000,14.415000000,0.800000000));
#3880=VERTEX_POINT('',#3879);
#3881=CARTESIAN_POINT('',(17.590000000,14.415000000,0.835000000));
#3882=VERTEX_POINT('',#3881);
#3883=DIRECTION('',(0.000000000,1.650000000,0.000000000));
#3884=VECTOR('',#3883,1.);
#3885=LINE('',#3867,#3884);
#3886=DIRECTION('',(0.000000000,1.650000000,0.000000000));
#3887=VECTOR('',#3886,1.);
#3888=LINE('',#3869,#3887);
#3889=DIRECTION('',(-1.650000000,0.000000000,0.000000000));
#3890=VECTOR('',#3889,1.);
#3891=LINE('',#3871,#3890);
#3892=DIRECTION('',(-1.650000000,0.000000000,0.000000000));
#3893=VECTOR('',#3892,1.);
#3894=LINE('',#3873,#3893);
#3895=DIRECTION('',(0.000000000,-1.650000000,0.000000000));
#3896=VECTOR('',#3895,1.);
#3897=LINE('',#3875,#3896);
#3898=DIRECTION('',(0.000000000,-1.650000000,0.000000000));
#3899=VECTOR('',#3898,1.);
#3900=LINE('',#3877,#3899);
#3901=DIRECTION('',(1.650000000,0.000000000,0.000000000));
#3902=VECTOR('',#3901,1.);
#3903=LINE('',#3879,#3902);
#3904=DIRECTION('',(1.650000000,0.000000000,0.000000000));
#3905=VECTOR('',#3904,1.);
#3906=LINE('',#3881,#3905);
#3907=DIRECTION('',(0.000000000,0.000000000,0.035000000));
#3908=VECTOR('',#3907,1.);
#3909=LINE('',#3867,#3908);
#3910=DIRECTION('',(0.000000000,0.000000000,0.035000000));
#3911=VECTOR('',#3910,1.);
#3912=LINE('',#3871,#3911);
#3913=DIRECTION('',(0.000000000,0.000000000,0.035000000));
#3914=VECTOR('',#3913,1.);
#3915=LINE('',#3875,#3914);
#3916=DIRECTION('',(0.000000000,0.000000000,0.035000000));
#3917=VECTOR('',#3916,1.);
#3918=LINE('',#3879,#3917);
#3919=EDGE_CURVE('',#3868,#3872,#3885,.T.);
#3920=ORIENTED_EDGE('',*,*,#3919,.T.);
#3921=ORIENTED_EDGE('',*,*,#3919,.F.);
#3922=EDGE_CURVE('',#3870,#3874,#3888,.T.);
#3923=ORIENTED_EDGE('',*,*,#3922,.T.);
#3924=ORIENTED_EDGE('',*,*,#3922,.F.);
#3925=EDGE_CURVE('',#3868,#3870,#3909,.T.);
#3926=ORIENTED_EDGE('',*,*,#3925,.T.);
#3927=ORIENTED_EDGE('',*,*,#3925,.F.);
#3928=EDGE_CURVE('',#3872,#3876,#3891,.T.);
#3929=ORIENTED_EDGE('',*,*,#3928,.T.);
#3930=ORIENTED_EDGE('',*,*,#3928,.F.);
#3931=EDGE_CURVE('',#3874,#3878,#3894,.T.);
#3932=ORIENTED_EDGE('',*,*,#3931,.T.);
#3933=ORIENTED_EDGE('',*,*,#3931,.F.);
#3934=EDGE_CURVE('',#3872,#3874,#3912,.T.);
#3935=ORIENTED_EDGE('',*,*,#3934,.T.);
#3936=ORIENTED_EDGE('',*,*,#3934,.F.);
#3937=EDGE_CURVE('',#3876,#3880,#3897,.T.);
#3938=ORIENTED_EDGE('',*,*,#3937,.T.);
#3939=ORIENTED_EDGE('',*,*,#3937,.F.);
#3940=EDGE_CURVE('',#3878,#3882,#3900,.T.);
#3941=ORIENTED_EDGE('',*,*,#3940,.T.);
#3942=ORIENTED_EDGE('',*,*,#3940,.F.);
#3943=EDGE_CURVE('',#3876,#3878,#3915,.T.);
#3944=ORIENTED_EDGE('',*,*,#3943,.T.);
#3945=ORIENTED_EDGE('',*,*,#3943,.F.);
#3946=EDGE_CURVE('',#3880,#3868,#3903,.T.);
#3947=ORIENTED_EDGE('',*,*,#3946,.T.);
#3948=ORIENTED_EDGE('',*,*,#3946,.F.);
#3949=EDGE_CURVE('',#3882,#3870,#3906,.T.);
#3950=ORIENTED_EDGE('',*,*,#3949,.T.);
#3951=ORIENTED_EDGE('',*,*,#3949,.F.);
#3952=EDGE_CURVE('',#3880,#3882,#3918,.T.);
#3953=ORIENTED_EDGE('',*,*,#3952,.T.);
#3954=ORIENTED_EDGE('',*,*,#3952,.F.);
#3955=EDGE_LOOP('',(#3927,#3920,#3935,#3924));
#3956=FACE_OUTER_BOUND('',#3955,.T.);
#3957=DIRECTION('',(2722500.000000000,0.000000000,0.000000000));
#3958=AXIS2_PLACEMENT_3D('',#3867,#3957,$);
#3959=PLANE('',#3958);
#3960=ADVANCED_FACE('',(#3956),#3959,.T.);
#3961=EDGE_LOOP('',(#3936,#3929,#3944,#3933));
#3962=FACE_OUTER_BOUND('',#3961,.T.);
#3963=DIRECTION('',(0.000000000,2722500.000000000,0.000000000));
#3964=AXIS2_PLACEMENT_3D('',#3871,#3963,$);
#3965=PLANE('',#3964);
#3966=ADVANCED_FACE('',(#3962),#3965,.T.);
#3967=EDGE_LOOP('',(#3945,#3938,#3953,#3942));
#3968=FACE_OUTER_BOUND('',#3967,.T.);
#3969=DIRECTION('',(-2722500.000000000,0.000000000,0.000000000));
#3970=AXIS2_PLACEMENT_3D('',#3875,#3969,$);
#3971=PLANE('',#3970);
#3972=ADVANCED_FACE('',(#3968),#3971,.T.);
#3973=EDGE_LOOP('',(#3954,#3947,#3926,#3951));
#3974=FACE_OUTER_BOUND('',#3973,.T.);
#3975=DIRECTION('',(0.000000000,-2722500.000000000,0.000000000));
#3976=AXIS2_PLACEMENT_3D('',#3879,#3975,$);
#3977=PLANE('',#3976);
#3978=ADVANCED_FACE('',(#3974),#3977,.T.);
#3979=EDGE_LOOP('',(#3948,#3939,#3930,#3921));
#3980=FACE_OUTER_BOUND('',#3979,.T.);
#3981=DIRECTION('',(0.,0.,-1.));
#3982=AXIS2_PLACEMENT_3D('',#3867,#3981,$);
#3983=PLANE('',#3982);
#3984=ADVANCED_FACE('',(#3858,#3980),#3983,.T.);
#3985=EDGE_LOOP('',(#3923,#3932,#3941,#3950));
#3986=FACE_OUTER_BOUND('',#3985,.T.);
#3987=DIRECTION('',(0.,0.,1.));
#3988=AXIS2_PLACEMENT_3D('',#3869,#3987,$);
#3989=PLANE('',#3988);
#3990=ADVANCED_FACE('',(#3840,#3986),#3989,.T.);
#3991=CLOSED_SHELL('NONE',(#3862,#3866,#3960,#3966,#3972,#3978,#3984,#3990));
#3992=MANIFOLD_SOLID_BREP('Combinateur_LR_Copperplane_16_+5V_4',#3991);
#3993=STYLED_ITEM('',(#2035),#3992);
#3994=MECHANICAL_DESIGN_GEOMETRIC_PRESENTATION_REPRESENTATION('',(#3993),#90);
#3995=DIRECTION('',(0.000000000,0.000000000,0.035000000));
#3996=DIRECTION('',(0.000000000,0.000000000,-0.035000000));
#3997=DIRECTION('',(0.550000000,0.000000000,0.000000000));
#3998=CARTESIAN_POINT('',(10.795000000,33.655000000,-0.800000000));
#3999=AXIS2_PLACEMENT_3D('',#3998,#3995,#3997);
#4000=CIRCLE('',#3999,0.550000000);
#4001=CARTESIAN_POINT('',(10.795000000,33.655000000,-0.835000000));
#4002=AXIS2_PLACEMENT_3D('',#4001,#3996,#3997);
#4003=CIRCLE('',#4002,0.550000000);
#4004=CARTESIAN_POINT('',(11.345000000,33.655000000,-0.800000000));
#4005=VERTEX_POINT('',#4004);
#4006=CARTESIAN_POINT('',(10.245000000,33.655000000,-0.800000000));
#4007=VERTEX_POINT('',#4006);
#4008=CARTESIAN_POINT('',(11.345000000,33.655000000,-0.835000000));
#4009=VERTEX_POINT('',#4008);
#4010=CARTESIAN_POINT('',(10.245000000,33.655000000,-0.835000000));
#4011=VERTEX_POINT('',#4010);
#4012=EDGE_CURVE('',#4005,#4007,#4000,.T.);
#4013=ORIENTED_EDGE('',*,*,#4012,.T.);
#4014=ORIENTED_EDGE('',*,*,#4012,.F.);
#4015=EDGE_CURVE('',#4007,#4005,#4000,.T.);
#4016=ORIENTED_EDGE('',*,*,#4015,.T.);
#4017=ORIENTED_EDGE('',*,*,#4015,.F.);
#4018=EDGE_LOOP('',(#4014,#4017));
#4019=FACE_BOUND('',#4018,.T.);
#4020=DIRECTION('',(0.000000000,0.000000000,0.035000000));
#4021=VECTOR('',#4020,1.);
#4022=LINE('',#4008,#4021);
#4023=EDGE_CURVE('',#4009,#4005,#4022,.T.);
#4024=ORIENTED_EDGE('',*,*,#4023,.T.);
#4025=ORIENTED_EDGE('',*,*,#4023,.F.);
#4026=LINE('',#4010,#4021);
#4027=EDGE_CURVE('',#4011,#4007,#4026,.T.);
#4028=ORIENTED_EDGE('',*,*,#4027,.T.);
#4029=ORIENTED_EDGE('',*,*,#4027,.F.);
#4030=EDGE_CURVE('',#4009,#4011,#4003,.T.);
#4031=ORIENTED_EDGE('',*,*,#4030,.T.);
#4032=ORIENTED_EDGE('',*,*,#4030,.F.);
#4033=EDGE_CURVE('',#4011,#4009,#4003,.T.);
#4034=ORIENTED_EDGE('',*,*,#4033,.T.);
#4035=ORIENTED_EDGE('',*,*,#4033,.F.);
#4036=EDGE_LOOP('',(#4032,#4035));
#4037=FACE_BOUND('',#4036,.T.);
#4038=EDGE_LOOP('',(#4013,#4029,#4034,#4024));
#4039=FACE_BOUND('',#4038,.T.);
#4040=CYLINDRICAL_SURFACE('',#4002,0.550000000);
#4041=ADVANCED_FACE('',(#4039),#4040,.F.);
#4042=EDGE_LOOP('',(#4016,#4025,#4031,#4028));
#4043=FACE_BOUND('',#4042,.T.);
#4044=CYLINDRICAL_SURFACE('',#4002,0.550000000);
#4045=ADVANCED_FACE('',(#4043),#4044,.F.);
#4046=DIRECTION('',(0.000000000,0.000000000,0.035000000));
#4047=DIRECTION('',(0.000000000,0.000000000,-0.035000000));
#4048=DIRECTION('',(0.550000000,0.000000000,0.000000000));
#4049=CARTESIAN_POINT('',(18.415000000,15.240000000,-0.800000000));
#4050=AXIS2_PLACEMENT_3D('',#4049,#4046,#4048);
#4051=CIRCLE('',#4050,0.550000000);
#4052=CARTESIAN_POINT('',(18.415000000,15.240000000,-0.835000000));
#4053=AXIS2_PLACEMENT_3D('',#4052,#4047,#4048);
#4054=CIRCLE('',#4053,0.550000000);
#4055=CARTESIAN_POINT('',(18.965000000,15.240000000,-0.800000000));
#4056=VERTEX_POINT('',#4055);
#4057=CARTESIAN_POINT('',(17.865000000,15.240000000,-0.800000000));
#4058=VERTEX_POINT('',#4057);
#4059=CARTESIAN_POINT('',(18.965000000,15.240000000,-0.835000000));
#4060=VERTEX_POINT('',#4059);
#4061=CARTESIAN_POINT('',(17.865000000,15.240000000,-0.835000000));
#4062=VERTEX_POINT('',#4061);
#4063=EDGE_CURVE('',#4056,#4058,#4051,.T.);
#4064=ORIENTED_EDGE('',*,*,#4063,.T.);
#4065=ORIENTED_EDGE('',*,*,#4063,.F.);
#4066=EDGE_CURVE('',#4058,#4056,#4051,.T.);
#4067=ORIENTED_EDGE('',*,*,#4066,.T.);
#4068=ORIENTED_EDGE('',*,*,#4066,.F.);
#4069=EDGE_LOOP('',(#4065,#4068));
#4070=FACE_BOUND('',#4069,.T.);
#4071=DIRECTION('',(0.000000000,0.000000000,0.035000000));
#4072=VECTOR('',#4071,1.);
#4073=LINE('',#4059,#4072);
#4074=EDGE_CURVE('',#4060,#4056,#4073,.T.);
#4075=ORIENTED_EDGE('',*,*,#4074,.T.);
#4076=ORIENTED_EDGE('',*,*,#4074,.F.);
#4077=LINE('',#4061,#4072);
#4078=EDGE_CURVE('',#4062,#4058,#4077,.T.);
#4079=ORIENTED_EDGE('',*,*,#4078,.T.);
#4080=ORIENTED_EDGE('',*,*,#4078,.F.);
#4081=EDGE_CURVE('',#4060,#4062,#4054,.T.);
#4082=ORIENTED_EDGE('',*,*,#4081,.T.);
#4083=ORIENTED_EDGE('',*,*,#4081,.F.);
#4084=EDGE_CURVE('',#4062,#4060,#4054,.T.);
#4085=ORIENTED_EDGE('',*,*,#4084,.T.);
#4086=ORIENTED_EDGE('',*,*,#4084,.F.);
#4087=EDGE_LOOP('',(#4083,#4086));
#4088=FACE_BOUND('',#4087,.T.);
#4089=EDGE_LOOP('',(#4064,#4080,#4085,#4075));
#4090=FACE_BOUND('',#4089,.T.);
#4091=CYLINDRICAL_SURFACE('',#4053,0.550000000);
#4092=ADVANCED_FACE('',(#4090),#4091,.F.);
#4093=EDGE_LOOP('',(#4067,#4076,#4082,#4079));
#4094=FACE_BOUND('',#4093,.T.);
#4095=CYLINDRICAL_SURFACE('',#4053,0.550000000);
#4096=ADVANCED_FACE('',(#4094),#4095,.F.);
#4097=DIRECTION('',(0.000000000,0.000000000,0.035000000));
#4098=DIRECTION('',(0.000000000,0.000000000,-0.035000000));
#4099=DIRECTION('',(0.400100000,0.000000000,0.000000000));
#4100=CARTESIAN_POINT('',(14.605000000,12.065000000,-0.800000000));
#4101=AXIS2_PLACEMENT_3D('',#4100,#4097,#4099);
#4102=CIRCLE('',#4101,0.400100000);
#4103=CARTESIAN_POINT('',(14.605000000,12.065000000,-0.835000000));
#4104=AXIS2_PLACEMENT_3D('',#4103,#4098,#4099);
#4105=CIRCLE('',#4104,0.400100000);
#4106=CARTESIAN_POINT('',(15.005100000,12.065000000,-0.800000000));
#4107=VERTEX_POINT('',#4106);
#4108=CARTESIAN_POINT('',(14.204900000,12.065000000,-0.800000000));
#4109=VERTEX_POINT('',#4108);
#4110=CARTESIAN_POINT('',(15.005100000,12.065000000,-0.835000000));
#4111=VERTEX_POINT('',#4110);
#4112=CARTESIAN_POINT('',(14.204900000,12.065000000,-0.835000000));
#4113=VERTEX_POINT('',#4112);
#4114=EDGE_CURVE('',#4107,#4109,#4102,.T.);
#4115=ORIENTED_EDGE('',*,*,#4114,.T.);
#4116=ORIENTED_EDGE('',*,*,#4114,.F.);
#4117=EDGE_CURVE('',#4109,#4107,#4102,.T.);
#4118=ORIENTED_EDGE('',*,*,#4117,.T.);
#4119=ORIENTED_EDGE('',*,*,#4117,.F.);
#4120=EDGE_LOOP('',(#4116,#4119));
#4121=FACE_BOUND('',#4120,.T.);
#4122=DIRECTION('',(0.000000000,0.000000000,0.035000000));
#4123=VECTOR('',#4122,1.);
#4124=LINE('',#4110,#4123);
#4125=EDGE_CURVE('',#4111,#4107,#4124,.T.);
#4126=ORIENTED_EDGE('',*,*,#4125,.T.);
#4127=ORIENTED_EDGE('',*,*,#4125,.F.);
#4128=LINE('',#4112,#4123);
#4129=EDGE_CURVE('',#4113,#4109,#4128,.T.);
#4130=ORIENTED_EDGE('',*,*,#4129,.T.);
#4131=ORIENTED_EDGE('',*,*,#4129,.F.);
#4132=EDGE_CURVE('',#4111,#4113,#4105,.T.);
#4133=ORIENTED_EDGE('',*,*,#4132,.T.);
#4134=ORIENTED_EDGE('',*,*,#4132,.F.);
#4135=EDGE_CURVE('',#4113,#4111,#4105,.T.);
#4136=ORIENTED_EDGE('',*,*,#4135,.T.);
#4137=ORIENTED_EDGE('',*,*,#4135,.F.);
#4138=EDGE_LOOP('',(#4134,#4137));
#4139=FACE_BOUND('',#4138,.T.);
#4140=EDGE_LOOP('',(#4115,#4131,#4136,#4126));
#4141=FACE_BOUND('',#4140,.T.);
#4142=CYLINDRICAL_SURFACE('',#4104,0.400100000);
#4143=ADVANCED_FACE('',(#4141),#4142,.F.);
#4144=EDGE_LOOP('',(#4118,#4127,#4133,#4130));
#4145=FACE_BOUND('',#4144,.T.);
#4146=CYLINDRICAL_SURFACE('',#4104,0.400100000);
#4147=ADVANCED_FACE('',(#4145),#4146,.F.);
#4148=CARTESIAN_POINT('',(15.620771192,12.086561192,-0.835000000));
#4149=VERTEX_POINT('',#4148);
#4150=CARTESIAN_POINT('',(15.620771192,12.086561192,-0.800000000));
#4151=VERTEX_POINT('',#4150);
#4152=CARTESIAN_POINT('',(17.949210000,14.415000000,-0.835000000));
#4153=VERTEX_POINT('',#4152);
#4154=CARTESIAN_POINT('',(17.949210000,14.415000000,-0.800000000));
#4155=VERTEX_POINT('',#4154);
#4156=CARTESIAN_POINT('',(19.240000000,14.415000000,-0.835000000));
#4157=VERTEX_POINT('',#4156);
#4158=CARTESIAN_POINT('',(19.240000000,14.415000000,-0.800000000));
#4159=VERTEX_POINT('',#4158);
#4160=CARTESIAN_POINT('',(19.240000000,15.705790000,-0.835000000));
#4161=VERTEX_POINT('',#4160);
#4162=CARTESIAN_POINT('',(19.240000000,15.705790000,-0.800000000));
#4163=VERTEX_POINT('',#4162);
#4164=CARTESIAN_POINT('',(23.039395298,19.505185298,-0.835000000));
#4165=VERTEX_POINT('',#4164);
#4166=CARTESIAN_POINT('',(23.039395298,19.505185298,-0.800000000));
#4167=VERTEX_POINT('',#4166);
#4168=CARTESIAN_POINT('',(23.114000000,19.685000000,-0.835000000));
#4169=VERTEX_POINT('',#4168);
#4170=CARTESIAN_POINT('',(23.114000000,19.685000000,-0.800000000));
#4171=VERTEX_POINT('',#4170);
#4172=CARTESIAN_POINT('',(23.114000000,27.940000000,-0.835000000));
#4173=VERTEX_POINT('',#4172);
#4174=CARTESIAN_POINT('',(23.114000000,27.940000000,-0.800000000));
#4175=VERTEX_POINT('',#4174);
#4176=CARTESIAN_POINT('',(23.039814702,28.119395298,-0.835000000));
#4177=VERTEX_POINT('',#4176);
#4178=CARTESIAN_POINT('',(23.039814702,28.119395298,-0.800000000));
#4179=VERTEX_POINT('',#4178);
#4180=CARTESIAN_POINT('',(17.324814702,33.834395298,-0.835000000));
#4181=VERTEX_POINT('',#4180);
#4182=CARTESIAN_POINT('',(17.324814702,33.834395298,-0.800000000));
#4183=VERTEX_POINT('',#4182);
#4184=CARTESIAN_POINT('',(17.145000000,33.909000000,-0.835000000));
#4185=VERTEX_POINT('',#4184);
#4186=CARTESIAN_POINT('',(17.145000000,33.909000000,-0.800000000));
#4187=VERTEX_POINT('',#4186);
#4188=CARTESIAN_POINT('',(11.620000000,33.909000000,-0.835000000));
#4189=VERTEX_POINT('',#4188);
#4190=CARTESIAN_POINT('',(11.620000000,33.909000000,-0.800000000));
#4191=VERTEX_POINT('',#4190);
#4192=CARTESIAN_POINT('',(11.620000000,34.480000000,-0.835000000));
#4193=VERTEX_POINT('',#4192);
#4194=CARTESIAN_POINT('',(11.620000000,34.480000000,-0.800000000));
#4195=VERTEX_POINT('',#4194);
#4196=CARTESIAN_POINT('',(9.970000000,34.480000000,-0.835000000));
#4197=VERTEX_POINT('',#4196);
#4198=CARTESIAN_POINT('',(9.970000000,34.480000000,-0.800000000));
#4199=VERTEX_POINT('',#4198);
#4200=CARTESIAN_POINT('',(9.970000000,32.830000000,-0.835000000));
#4201=VERTEX_POINT('',#4200);
#4202=CARTESIAN_POINT('',(9.970000000,32.830000000,-0.800000000));
#4203=VERTEX_POINT('',#4202);
#4204=CARTESIAN_POINT('',(11.620000000,32.830000000,-0.835000000));
#4205=VERTEX_POINT('',#4204);
#4206=CARTESIAN_POINT('',(11.620000000,32.830000000,-0.800000000));
#4207=VERTEX_POINT('',#4206);
#4208=CARTESIAN_POINT('',(11.620000000,33.401000000,-0.835000000));
#4209=VERTEX_POINT('',#4208);
#4210=CARTESIAN_POINT('',(11.620000000,33.401000000,-0.800000000));
#4211=VERTEX_POINT('',#4210);
#4212=CARTESIAN_POINT('',(17.039790000,33.401000000,-0.835000000));
#4213=VERTEX_POINT('',#4212);
#4214=CARTESIAN_POINT('',(17.039790000,33.401000000,-0.800000000));
#4215=VERTEX_POINT('',#4214);
#4216=CARTESIAN_POINT('',(22.606000000,27.834790000,-0.835000000));
#4217=VERTEX_POINT('',#4216);
#4218=CARTESIAN_POINT('',(22.606000000,27.834790000,-0.800000000));
#4219=VERTEX_POINT('',#4218);
#4220=CARTESIAN_POINT('',(22.606000000,19.790210000,-0.835000000));
#4221=VERTEX_POINT('',#4220);
#4222=CARTESIAN_POINT('',(22.606000000,19.790210000,-0.800000000));
#4223=VERTEX_POINT('',#4222);
#4224=CARTESIAN_POINT('',(18.880790000,16.065000000,-0.835000000));
#4225=VERTEX_POINT('',#4224);
#4226=CARTESIAN_POINT('',(18.880790000,16.065000000,-0.800000000));
#4227=VERTEX_POINT('',#4226);
#4228=CARTESIAN_POINT('',(17.590000000,16.065000000,-0.835000000));
#4229=VERTEX_POINT('',#4228);
#4230=CARTESIAN_POINT('',(17.590000000,16.065000000,-0.800000000));
#4231=VERTEX_POINT('',#4230);
#4232=CARTESIAN_POINT('',(17.590000000,14.774210000,-0.835000000));
#4233=VERTEX_POINT('',#4232);
#4234=CARTESIAN_POINT('',(17.590000000,14.774210000,-0.800000000));
#4235=VERTEX_POINT('',#4234);
#4236=CARTESIAN_POINT('',(15.447957387,12.632167387,-0.835000000));
#4237=VERTEX_POINT('',#4236);
#4238=CARTESIAN_POINT('',(15.447957387,12.632167387,-0.800000000));
#4239=VERTEX_POINT('',#4238);
#4240=DIRECTION('',(2.328438808,2.328438808,0.000000000));
#4241=VECTOR('',#4240,1.);
#4242=LINE('',#4148,#4241);
#4243=DIRECTION('',(2.328438808,2.328438808,0.000000000));
#4244=VECTOR('',#4243,1.);
#4245=LINE('',#4150,#4244);
#4246=DIRECTION('',(1.290790000,0.000000000,0.000000000));
#4247=VECTOR('',#4246,1.);
#4248=LINE('',#4152,#4247);
#4249=DIRECTION('',(1.290790000,0.000000000,0.000000000));
#4250=VECTOR('',#4249,1.);
#4251=LINE('',#4154,#4250);
#4252=DIRECTION('',(0.000000000,1.290790000,0.000000000));
#4253=VECTOR('',#4252,1.);
#4254=LINE('',#4156,#4253);
#4255=DIRECTION('',(0.000000000,1.290790000,0.000000000));
#4256=VECTOR('',#4255,1.);
#4257=LINE('',#4158,#4256);
#4258=DIRECTION('',(3.799395298,3.799395298,0.000000000));
#4259=VECTOR('',#4258,1.);
#4260=LINE('',#4160,#4259);
#4261=DIRECTION('',(3.799395298,3.799395298,0.000000000));
#4262=VECTOR('',#4261,1.);
#4263=LINE('',#4162,#4262);
#4264=CARTESIAN_POINT('',(22.860000000,19.685000000,-0.835000000));
#4265=DIRECTION('',(0.,0.,1.));
#4266=DIRECTION('',(1.,0.,0.));
#4267=AXIS2_PLACEMENT_3D('',#4264,#4265,#4266);
#4268=CIRCLE('',#4267,0.254000000);
#4269=CARTESIAN_POINT('',(22.860000000,19.685000000,-0.800000000));
#4270=DIRECTION('',(0.,0.,1.));
#4271=DIRECTION('',(1.,0.,0.));
#4272=AXIS2_PLACEMENT_3D('',#4269,#4270,#4271);
#4273=CIRCLE('',#4272,0.254000000);
#4274=DIRECTION('',(0.000000000,8.255000000,0.000000000));
#4275=VECTOR('',#4274,1.);
#4276=LINE('',#4168,#4275);
#4277=DIRECTION('',(0.000000000,8.255000000,0.000000000));
#4278=VECTOR('',#4277,1.);
#4279=LINE('',#4170,#4278);
#4280=CARTESIAN_POINT('',(22.860000000,27.940000000,-0.835000000));
#4281=DIRECTION('',(0.,0.,1.));
#4282=DIRECTION('',(1.,0.,0.));
#4283=AXIS2_PLACEMENT_3D('',#4280,#4281,#4282);
#4284=CIRCLE('',#4283,0.254000000);
#4285=CARTESIAN_POINT('',(22.860000000,27.940000000,-0.800000000));
#4286=DIRECTION('',(0.,0.,1.));
#4287=DIRECTION('',(1.,0.,0.));
#4288=AXIS2_PLACEMENT_3D('',#4285,#4286,#4287);
#4289=CIRCLE('',#4288,0.254000000);
#4290=DIRECTION('',(-5.715000000,5.715000000,0.000000000));
#4291=VECTOR('',#4290,1.);
#4292=LINE('',#4176,#4291);
#4293=DIRECTION('',(-5.715000000,5.715000000,0.000000000));
#4294=VECTOR('',#4293,1.);
#4295=LINE('',#4178,#4294);
#4296=CARTESIAN_POINT('',(17.145000000,33.655000000,-0.835000000));
#4297=DIRECTION('',(0.,0.,1.));
#4298=DIRECTION('',(1.,0.,0.));
#4299=AXIS2_PLACEMENT_3D('',#4296,#4297,#4298);
#4300=CIRCLE('',#4299,0.254000000);
#4301=CARTESIAN_POINT('',(17.145000000,33.655000000,-0.800000000));
#4302=DIRECTION('',(0.,0.,1.));
#4303=DIRECTION('',(1.,0.,0.));
#4304=AXIS2_PLACEMENT_3D('',#4301,#4302,#4303);
#4305=CIRCLE('',#4304,0.254000000);
#4306=DIRECTION('',(-5.525000000,0.000000000,0.000000000));
#4307=VECTOR('',#4306,1.);
#4308=LINE('',#4184,#4307);
#4309=DIRECTION('',(-5.525000000,0.000000000,0.000000000));
#4310=VECTOR('',#4309,1.);
#4311=LINE('',#4186,#4310);
#4312=DIRECTION('',(0.000000000,0.571000000,0.000000000));
#4313=VECTOR('',#4312,1.);
#4314=LINE('',#4188,#4313);
#4315=DIRECTION('',(0.000000000,0.571000000,0.000000000));
#4316=VECTOR('',#4315,1.);
#4317=LINE('',#4190,#4316);
#4318=DIRECTION('',(-1.650000000,0.000000000,0.000000000));
#4319=VECTOR('',#4318,1.);
#4320=LINE('',#4192,#4319);
#4321=DIRECTION('',(-1.650000000,0.000000000,0.000000000));
#4322=VECTOR('',#4321,1.);
#4323=LINE('',#4194,#4322);
#4324=DIRECTION('',(0.000000000,-1.650000000,0.000000000));
#4325=VECTOR('',#4324,1.);
#4326=LINE('',#4196,#4325);
#4327=DIRECTION('',(0.000000000,-1.650000000,0.000000000));
#4328=VECTOR('',#4327,1.);
#4329=LINE('',#4198,#4328);
#4330=DIRECTION('',(1.650000000,0.000000000,0.000000000));
#4331=VECTOR('',#4330,1.);
#4332=LINE('',#4200,#4331);
#4333=DIRECTION('',(1.650000000,0.000000000,0.000000000));
#4334=VECTOR('',#4333,1.);
#4335=LINE('',#4202,#4334);
#4336=DIRECTION('',(0.000000000,0.571000000,0.000000000));
#4337=VECTOR('',#4336,1.);
#4338=LINE('',#4204,#4337);
#4339=DIRECTION('',(0.000000000,0.571000000,0.000000000));
#4340=VECTOR('',#4339,1.);
#4341=LINE('',#4206,#4340);
#4342=DIRECTION('',(5.419790000,0.000000000,0.000000000));
#4343=VECTOR('',#4342,1.);
#4344=LINE('',#4208,#4343);
#4345=DIRECTION('',(5.419790000,0.000000000,0.000000000));
#4346=VECTOR('',#4345,1.);
#4347=LINE('',#4210,#4346);
#4348=DIRECTION('',(5.566210000,-5.566210000,0.000000000));
#4349=VECTOR('',#4348,1.);
#4350=LINE('',#4212,#4349);
#4351=DIRECTION('',(5.566210000,-5.566210000,0.000000000));
#4352=VECTOR('',#4351,1.);
#4353=LINE('',#4214,#4352);
#4354=DIRECTION('',(0.000000000,-8.044580000,0.000000000));
#4355=VECTOR('',#4354,1.);
#4356=LINE('',#4216,#4355);
#4357=DIRECTION('',(0.000000000,-8.044580000,0.000000000));
#4358=VECTOR('',#4357,1.);
#4359=LINE('',#4218,#4358);
#4360=DIRECTION('',(-3.725210000,-3.725210000,0.000000000));
#4361=VECTOR('',#4360,1.);
#4362=LINE('',#4220,#4361);
#4363=DIRECTION('',(-3.725210000,-3.725210000,0.000000000));
#4364=VECTOR('',#4363,1.);
#4365=LINE('',#4222,#4364);
#4366=DIRECTION('',(-1.290790000,0.000000000,0.000000000));
#4367=VECTOR('',#4366,1.);
#4368=LINE('',#4224,#4367);
#4369=DIRECTION('',(-1.290790000,0.000000000,0.000000000));
#4370=VECTOR('',#4369,1.);
#4371=LINE('',#4226,#4370);
#4372=DIRECTION('',(0.000000000,-1.290790000,0.000000000));
#4373=VECTOR('',#4372,1.);
#4374=LINE('',#4228,#4373);
#4375=DIRECTION('',(0.000000000,-1.290790000,0.000000000));
#4376=VECTOR('',#4375,1.);
#4377=LINE('',#4230,#4376);
#4378=DIRECTION('',(-2.142042613,-2.142042613,0.000000000));
#4379=VECTOR('',#4378,1.);
#4380=LINE('',#4232,#4379);
#4381=DIRECTION('',(-2.142042613,-2.142042613,0.000000000));
#4382=VECTOR('',#4381,1.);
#4383=LINE('',#4234,#4382);
#4384=CARTESIAN_POINT('',(14.605000000,12.065000000,-0.835000000));
#4385=DIRECTION('',(0.,0.,1.));
#4386=DIRECTION('',(1.,0.,0.));
#4387=AXIS2_PLACEMENT_3D('',#4384,#4385,#4386);
#4388=CIRCLE('',#4387,1.016000000);
#4389=CARTESIAN_POINT('',(14.605000000,12.065000000,-0.800000000));
#4390=DIRECTION('',(0.,0.,1.));
#4391=DIRECTION('',(1.,0.,0.));
#4392=AXIS2_PLACEMENT_3D('',#4389,#4390,#4391);
#4393=CIRCLE('',#4392,1.016000000);
#4394=DIRECTION('',(0.000000000,0.000000000,0.035000000));
#4395=VECTOR('',#4394,1.);
#4396=LINE('',#4148,#4395);
#4397=DIRECTION('',(0.000000000,0.000000000,0.035000000));
#4398=VECTOR('',#4397,1.);
#4399=LINE('',#4152,#4398);
#4400=DIRECTION('',(0.000000000,0.000000000,0.035000000));
#4401=VECTOR('',#4400,1.);
#4402=LINE('',#4156,#4401);
#4403=DIRECTION('',(0.000000000,0.000000000,0.035000000));
#4404=VECTOR('',#4403,1.);
#4405=LINE('',#4160,#4404);
#4406=DIRECTION('',(0.000000000,0.000000000,0.035000000));
#4407=VECTOR('',#4406,1.);
#4408=LINE('',#4164,#4407);
#4409=DIRECTION('',(0.000000000,0.000000000,0.035000000));
#4410=VECTOR('',#4409,1.);
#4411=LINE('',#4168,#4410);
#4412=DIRECTION('',(0.000000000,0.000000000,0.035000000));
#4413=VECTOR('',#4412,1.);
#4414=LINE('',#4172,#4413);
#4415=DIRECTION('',(0.000000000,0.000000000,0.035000000));
#4416=VECTOR('',#4415,1.);
#4417=LINE('',#4176,#4416);
#4418=DIRECTION('',(0.000000000,0.000000000,0.035000000));
#4419=VECTOR('',#4418,1.);
#4420=LINE('',#4180,#4419);
#4421=DIRECTION('',(0.000000000,0.000000000,0.035000000));
#4422=VECTOR('',#4421,1.);
#4423=LINE('',#4184,#4422);
#4424=DIRECTION('',(0.000000000,0.000000000,0.035000000));
#4425=VECTOR('',#4424,1.);
#4426=LINE('',#4188,#4425);
#4427=DIRECTION('',(0.000000000,0.000000000,0.035000000));
#4428=VECTOR('',#4427,1.);
#4429=LINE('',#4192,#4428);
#4430=DIRECTION('',(0.000000000,0.000000000,0.035000000));
#4431=VECTOR('',#4430,1.);
#4432=LINE('',#4196,#4431);
#4433=DIRECTION('',(0.000000000,0.000000000,0.035000000));
#4434=VECTOR('',#4433,1.);
#4435=LINE('',#4200,#4434);
#4436=DIRECTION('',(0.000000000,0.000000000,0.035000000));
#4437=VECTOR('',#4436,1.);
#4438=LINE('',#4204,#4437);
#4439=DIRECTION('',(0.000000000,0.000000000,0.035000000));
#4440=VECTOR('',#4439,1.);
#4441=LINE('',#4208,#4440);
#4442=DIRECTION('',(0.000000000,0.000000000,0.035000000));
#4443=VECTOR('',#4442,1.);
#4444=LINE('',#4212,#4443);
#4445=DIRECTION('',(0.000000000,0.000000000,0.035000000));
#4446=VECTOR('',#4445,1.);
#4447=LINE('',#4216,#4446);
#4448=DIRECTION('',(0.000000000,0.000000000,0.035000000));
#4449=VECTOR('',#4448,1.);
#4450=LINE('',#4220,#4449);
#4451=DIRECTION('',(0.000000000,0.000000000,0.035000000));
#4452=VECTOR('',#4451,1.);
#4453=LINE('',#4224,#4452);
#4454=DIRECTION('',(0.000000000,0.000000000,0.035000000));
#4455=VECTOR('',#4454,1.);
#4456=LINE('',#4228,#4455);
#4457=DIRECTION('',(0.000000000,0.000000000,0.035000000));
#4458=VECTOR('',#4457,1.);
#4459=LINE('',#4232,#4458);
#4460=DIRECTION('',(0.000000000,0.000000000,0.035000000));
#4461=VECTOR('',#4460,1.);
#4462=LINE('',#4236,#4461);
#4463=EDGE_CURVE('',#4149,#4153,#4242,.T.);
#4464=ORIENTED_EDGE('',*,*,#4463,.T.);
#4465=ORIENTED_EDGE('',*,*,#4463,.F.);
#4466=EDGE_CURVE('',#4151,#4155,#4245,.T.);
#4467=ORIENTED_EDGE('',*,*,#4466,.T.);
#4468=ORIENTED_EDGE('',*,*,#4466,.F.);
#4469=EDGE_CURVE('',#4149,#4151,#4396,.T.);
#4470=ORIENTED_EDGE('',*,*,#4469,.T.);
#4471=ORIENTED_EDGE('',*,*,#4469,.F.);
#4472=EDGE_CURVE('',#4153,#4157,#4248,.T.);
#4473=ORIENTED_EDGE('',*,*,#4472,.T.);
#4474=ORIENTED_EDGE('',*,*,#4472,.F.);
#4475=EDGE_CURVE('',#4155,#4159,#4251,.T.);
#4476=ORIENTED_EDGE('',*,*,#4475,.T.);
#4477=ORIENTED_EDGE('',*,*,#4475,.F.);
#4478=EDGE_CURVE('',#4153,#4155,#4399,.T.);
#4479=ORIENTED_EDGE('',*,*,#4478,.T.);
#4480=ORIENTED_EDGE('',*,*,#4478,.F.);
#4481=EDGE_CURVE('',#4157,#4161,#4254,.T.);
#4482=ORIENTED_EDGE('',*,*,#4481,.T.);
#4483=ORIENTED_EDGE('',*,*,#4481,.F.);
#4484=EDGE_CURVE('',#4159,#4163,#4257,.T.);
#4485=ORIENTED_EDGE('',*,*,#4484,.T.);
#4486=ORIENTED_EDGE('',*,*,#4484,.F.);
#4487=EDGE_CURVE('',#4157,#4159,#4402,.T.);
#4488=ORIENTED_EDGE('',*,*,#4487,.T.);
#4489=ORIENTED_EDGE('',*,*,#4487,.F.);
#4490=EDGE_CURVE('',#4161,#4165,#4260,.T.);
#4491=ORIENTED_EDGE('',*,*,#4490,.T.);
#4492=ORIENTED_EDGE('',*,*,#4490,.F.);
#4493=EDGE_CURVE('',#4163,#4167,#4263,.T.);
#4494=ORIENTED_EDGE('',*,*,#4493,.T.);
#4495=ORIENTED_EDGE('',*,*,#4493,.F.);
#4496=EDGE_CURVE('',#4161,#4163,#4405,.T.);
#4497=ORIENTED_EDGE('',*,*,#4496,.T.);
#4498=ORIENTED_EDGE('',*,*,#4496,.F.);
#4499=EDGE_CURVE('',#4165,#4169,#4268,.T.);
#4500=ORIENTED_EDGE('',*,*,#4499,.T.);
#4501=ORIENTED_EDGE('',*,*,#4499,.F.);
#4502=EDGE_CURVE('',#4167,#4171,#4273,.T.);
#4503=ORIENTED_EDGE('',*,*,#4502,.T.);
#4504=ORIENTED_EDGE('',*,*,#4502,.F.);
#4505=EDGE_CURVE('',#4165,#4167,#4408,.T.);
#4506=ORIENTED_EDGE('',*,*,#4505,.T.);
#4507=ORIENTED_EDGE('',*,*,#4505,.F.);
#4508=EDGE_CURVE('',#4169,#4173,#4276,.T.);
#4509=ORIENTED_EDGE('',*,*,#4508,.T.);
#4510=ORIENTED_EDGE('',*,*,#4508,.F.);
#4511=EDGE_CURVE('',#4171,#4175,#4279,.T.);
#4512=ORIENTED_EDGE('',*,*,#4511,.T.);
#4513=ORIENTED_EDGE('',*,*,#4511,.F.);
#4514=EDGE_CURVE('',#4169,#4171,#4411,.T.);
#4515=ORIENTED_EDGE('',*,*,#4514,.T.);
#4516=ORIENTED_EDGE('',*,*,#4514,.F.);
#4517=EDGE_CURVE('',#4173,#4177,#4284,.T.);
#4518=ORIENTED_EDGE('',*,*,#4517,.T.);
#4519=ORIENTED_EDGE('',*,*,#4517,.F.);
#4520=EDGE_CURVE('',#4175,#4179,#4289,.T.);
#4521=ORIENTED_EDGE('',*,*,#4520,.T.);
#4522=ORIENTED_EDGE('',*,*,#4520,.F.);
#4523=EDGE_CURVE('',#4173,#4175,#4414,.T.);
#4524=ORIENTED_EDGE('',*,*,#4523,.T.);
#4525=ORIENTED_EDGE('',*,*,#4523,.F.);
#4526=EDGE_CURVE('',#4177,#4181,#4292,.T.);
#4527=ORIENTED_EDGE('',*,*,#4526,.T.);
#4528=ORIENTED_EDGE('',*,*,#4526,.F.);
#4529=EDGE_CURVE('',#4179,#4183,#4295,.T.);
#4530=ORIENTED_EDGE('',*,*,#4529,.T.);
#4531=ORIENTED_EDGE('',*,*,#4529,.F.);
#4532=EDGE_CURVE('',#4177,#4179,#4417,.T.);
#4533=ORIENTED_EDGE('',*,*,#4532,.T.);
#4534=ORIENTED_EDGE('',*,*,#4532,.F.);
#4535=EDGE_CURVE('',#4181,#4185,#4300,.T.);
#4536=ORIENTED_EDGE('',*,*,#4535,.T.);
#4537=ORIENTED_EDGE('',*,*,#4535,.F.);
#4538=EDGE_CURVE('',#4183,#4187,#4305,.T.);
#4539=ORIENTED_EDGE('',*,*,#4538,.T.);
#4540=ORIENTED_EDGE('',*,*,#4538,.F.);
#4541=EDGE_CURVE('',#4181,#4183,#4420,.T.);
#4542=ORIENTED_EDGE('',*,*,#4541,.T.);
#4543=ORIENTED_EDGE('',*,*,#4541,.F.);
#4544=EDGE_CURVE('',#4185,#4189,#4308,.T.);
#4545=ORIENTED_EDGE('',*,*,#4544,.T.);
#4546=ORIENTED_EDGE('',*,*,#4544,.F.);
#4547=EDGE_CURVE('',#4187,#4191,#4311,.T.);
#4548=ORIENTED_EDGE('',*,*,#4547,.T.);
#4549=ORIENTED_EDGE('',*,*,#4547,.F.);
#4550=EDGE_CURVE('',#4185,#4187,#4423,.T.);
#4551=ORIENTED_EDGE('',*,*,#4550,.T.);
#4552=ORIENTED_EDGE('',*,*,#4550,.F.);
#4553=EDGE_CURVE('',#4189,#4193,#4314,.T.);
#4554=ORIENTED_EDGE('',*,*,#4553,.T.);
#4555=ORIENTED_EDGE('',*,*,#4553,.F.);
#4556=EDGE_CURVE('',#4191,#4195,#4317,.T.);
#4557=ORIENTED_EDGE('',*,*,#4556,.T.);
#4558=ORIENTED_EDGE('',*,*,#4556,.F.);
#4559=EDGE_CURVE('',#4189,#4191,#4426,.T.);
#4560=ORIENTED_EDGE('',*,*,#4559,.T.);
#4561=ORIENTED_EDGE('',*,*,#4559,.F.);
#4562=EDGE_CURVE('',#4193,#4197,#4320,.T.);
#4563=ORIENTED_EDGE('',*,*,#4562,.T.);
#4564=ORIENTED_EDGE('',*,*,#4562,.F.);
#4565=EDGE_CURVE('',#4195,#4199,#4323,.T.);
#4566=ORIENTED_EDGE('',*,*,#4565,.T.);
#4567=ORIENTED_EDGE('',*,*,#4565,.F.);
#4568=EDGE_CURVE('',#4193,#4195,#4429,.T.);
#4569=ORIENTED_EDGE('',*,*,#4568,.T.);
#4570=ORIENTED_EDGE('',*,*,#4568,.F.);
#4571=EDGE_CURVE('',#4197,#4201,#4326,.T.);
#4572=ORIENTED_EDGE('',*,*,#4571,.T.);
#4573=ORIENTED_EDGE('',*,*,#4571,.F.);
#4574=EDGE_CURVE('',#4199,#4203,#4329,.T.);
#4575=ORIENTED_EDGE('',*,*,#4574,.T.);
#4576=ORIENTED_EDGE('',*,*,#4574,.F.);
#4577=EDGE_CURVE('',#4197,#4199,#4432,.T.);
#4578=ORIENTED_EDGE('',*,*,#4577,.T.);
#4579=ORIENTED_EDGE('',*,*,#4577,.F.);
#4580=EDGE_CURVE('',#4201,#4205,#4332,.T.);
#4581=ORIENTED_EDGE('',*,*,#4580,.T.);
#4582=ORIENTED_EDGE('',*,*,#4580,.F.);
#4583=EDGE_CURVE('',#4203,#4207,#4335,.T.);
#4584=ORIENTED_EDGE('',*,*,#4583,.T.);
#4585=ORIENTED_EDGE('',*,*,#4583,.F.);
#4586=EDGE_CURVE('',#4201,#4203,#4435,.T.);
#4587=ORIENTED_EDGE('',*,*,#4586,.T.);
#4588=ORIENTED_EDGE('',*,*,#4586,.F.);
#4589=EDGE_CURVE('',#4205,#4209,#4338,.T.);
#4590=ORIENTED_EDGE('',*,*,#4589,.T.);
#4591=ORIENTED_EDGE('',*,*,#4589,.F.);
#4592=EDGE_CURVE('',#4207,#4211,#4341,.T.);
#4593=ORIENTED_EDGE('',*,*,#4592,.T.);
#4594=ORIENTED_EDGE('',*,*,#4592,.F.);
#4595=EDGE_CURVE('',#4205,#4207,#4438,.T.);
#4596=ORIENTED_EDGE('',*,*,#4595,.T.);
#4597=ORIENTED_EDGE('',*,*,#4595,.F.);
#4598=EDGE_CURVE('',#4209,#4213,#4344,.T.);
#4599=ORIENTED_EDGE('',*,*,#4598,.T.);
#4600=ORIENTED_EDGE('',*,*,#4598,.F.);
#4601=EDGE_CURVE('',#4211,#4215,#4347,.T.);
#4602=ORIENTED_EDGE('',*,*,#4601,.T.);
#4603=ORIENTED_EDGE('',*,*,#4601,.F.);
#4604=EDGE_CURVE('',#4209,#4211,#4441,.T.);
#4605=ORIENTED_EDGE('',*,*,#4604,.T.);
#4606=ORIENTED_EDGE('',*,*,#4604,.F.);
#4607=EDGE_CURVE('',#4213,#4217,#4350,.T.);
#4608=ORIENTED_EDGE('',*,*,#4607,.T.);
#4609=ORIENTED_EDGE('',*,*,#4607,.F.);
#4610=EDGE_CURVE('',#4215,#4219,#4353,.T.);
#4611=ORIENTED_EDGE('',*,*,#4610,.T.);
#4612=ORIENTED_EDGE('',*,*,#4610,.F.);
#4613=EDGE_CURVE('',#4213,#4215,#4444,.T.);
#4614=ORIENTED_EDGE('',*,*,#4613,.T.);
#4615=ORIENTED_EDGE('',*,*,#4613,.F.);
#4616=EDGE_CURVE('',#4217,#4221,#4356,.T.);
#4617=ORIENTED_EDGE('',*,*,#4616,.T.);
#4618=ORIENTED_EDGE('',*,*,#4616,.F.);
#4619=EDGE_CURVE('',#4219,#4223,#4359,.T.);
#4620=ORIENTED_EDGE('',*,*,#4619,.T.);
#4621=ORIENTED_EDGE('',*,*,#4619,.F.);
#4622=EDGE_CURVE('',#4217,#4219,#4447,.T.);
#4623=ORIENTED_EDGE('',*,*,#4622,.T.);
#4624=ORIENTED_EDGE('',*,*,#4622,.F.);
#4625=EDGE_CURVE('',#4221,#4225,#4362,.T.);
#4626=ORIENTED_EDGE('',*,*,#4625,.T.);
#4627=ORIENTED_EDGE('',*,*,#4625,.F.);
#4628=EDGE_CURVE('',#4223,#4227,#4365,.T.);
#4629=ORIENTED_EDGE('',*,*,#4628,.T.);
#4630=ORIENTED_EDGE('',*,*,#4628,.F.);
#4631=EDGE_CURVE('',#4221,#4223,#4450,.T.);
#4632=ORIENTED_EDGE('',*,*,#4631,.T.);
#4633=ORIENTED_EDGE('',*,*,#4631,.F.);
#4634=EDGE_CURVE('',#4225,#4229,#4368,.T.);
#4635=ORIENTED_EDGE('',*,*,#4634,.T.);
#4636=ORIENTED_EDGE('',*,*,#4634,.F.);
#4637=EDGE_CURVE('',#4227,#4231,#4371,.T.);
#4638=ORIENTED_EDGE('',*,*,#4637,.T.);
#4639=ORIENTED_EDGE('',*,*,#4637,.F.);
#4640=EDGE_CURVE('',#4225,#4227,#4453,.T.);
#4641=ORIENTED_EDGE('',*,*,#4640,.T.);
#4642=ORIENTED_EDGE('',*,*,#4640,.F.);
#4643=EDGE_CURVE('',#4229,#4233,#4374,.T.);
#4644=ORIENTED_EDGE('',*,*,#4643,.T.);
#4645=ORIENTED_EDGE('',*,*,#4643,.F.);
#4646=EDGE_CURVE('',#4231,#4235,#4377,.T.);
#4647=ORIENTED_EDGE('',*,*,#4646,.T.);
#4648=ORIENTED_EDGE('',*,*,#4646,.F.);
#4649=EDGE_CURVE('',#4229,#4231,#4456,.T.);
#4650=ORIENTED_EDGE('',*,*,#4649,.T.);
#4651=ORIENTED_EDGE('',*,*,#4649,.F.);
#4652=EDGE_CURVE('',#4233,#4237,#4380,.T.);
#4653=ORIENTED_EDGE('',*,*,#4652,.T.);
#4654=ORIENTED_EDGE('',*,*,#4652,.F.);
#4655=EDGE_CURVE('',#4235,#4239,#4383,.T.);
#4656=ORIENTED_EDGE('',*,*,#4655,.T.);
#4657=ORIENTED_EDGE('',*,*,#4655,.F.);
#4658=EDGE_CURVE('',#4233,#4235,#4459,.T.);
#4659=ORIENTED_EDGE('',*,*,#4658,.T.);
#4660=ORIENTED_EDGE('',*,*,#4658,.F.);
#4661=EDGE_CURVE('',#4237,#4149,#4388,.T.);
#4662=ORIENTED_EDGE('',*,*,#4661,.T.);
#4663=ORIENTED_EDGE('',*,*,#4661,.F.);
#4664=EDGE_CURVE('',#4239,#4151,#4393,.T.);
#4665=ORIENTED_EDGE('',*,*,#4664,.T.);
#4666=ORIENTED_EDGE('',*,*,#4664,.F.);
#4667=EDGE_CURVE('',#4237,#4239,#4462,.T.);
#4668=ORIENTED_EDGE('',*,*,#4667,.T.);
#4669=ORIENTED_EDGE('',*,*,#4667,.F.);
#4670=EDGE_LOOP('',(#4471,#4464,#4479,#4468));
#4671=FACE_OUTER_BOUND('',#4670,.T.);
#4672=DIRECTION('',(7667338.831590000,-7667338.831590000,0.000000000));
#4673=AXIS2_PLACEMENT_3D('',#4148,#4672,$);
#4674=PLANE('',#4673);
#4675=ADVANCED_FACE('',(#4671),#4674,.T.);
#4676=EDGE_LOOP('',(#4480,#4473,#4488,#4477));
#4677=FACE_OUTER_BOUND('',#4676,.T.);
#4678=DIRECTION('',(0.000000000,-1666138.824100000,0.000000000));
#4679=AXIS2_PLACEMENT_3D('',#4152,#4678,$);
#4680=PLANE('',#4679);
#4681=ADVANCED_FACE('',(#4677),#4680,.T.);
#4682=EDGE_LOOP('',(#4489,#4482,#4497,#4486));
#4683=FACE_OUTER_BOUND('',#4682,.T.);
#4684=DIRECTION('',(1666138.824100000,0.000000000,0.000000000));
#4685=AXIS2_PLACEMENT_3D('',#4156,#4684,$);
#4686=PLANE('',#4685);
#4687=ADVANCED_FACE('',(#4683),#4686,.T.);
#4688=EDGE_LOOP('',(#4498,#4491,#4506,#4495));
#4689=FACE_OUTER_BOUND('',#4688,.T.);
#4690=DIRECTION('',(20414745.004900000,-20414745.004900000,0.000000000));
#4691=AXIS2_PLACEMENT_3D('',#4160,#4690,$);
#4692=PLANE('',#4691);
#4693=ADVANCED_FACE('',(#4689),#4692,.T.);
#4694=EDGE_LOOP('',(#4507,#4500,#4515,#4504));
#4695=FACE_OUTER_BOUND('',#4694,.T.);
#4696=CARTESIAN_POINT('',(22.860000000,19.685000000,-0.835000000));
#4697=DIRECTION('',(0.,0.,1.));
#4698=AXIS2_PLACEMENT_3D('',#4696,#4697,#4391);
#4699=CYLINDRICAL_SURFACE('',#4698,0.254000000);
#4700=ADVANCED_FACE('',(#4695),#4699,.T.);
#4701=EDGE_LOOP('',(#4516,#4509,#4524,#4513));
#4702=FACE_OUTER_BOUND('',#4701,.T.);
#4703=DIRECTION('',(68145025.000000000,0.000000000,0.000000000));
#4704=AXIS2_PLACEMENT_3D('',#4168,#4703,$);
#4705=PLANE('',#4704);
#4706=ADVANCED_FACE('',(#4702),#4705,.T.);
#4707=EDGE_LOOP('',(#4525,#4518,#4533,#4522));
#4708=FACE_OUTER_BOUND('',#4707,.T.);
#4709=CARTESIAN_POINT('',(22.860000000,27.940000000,-0.835000000));
#4710=DIRECTION('',(0.,0.,1.));
#4711=AXIS2_PLACEMENT_3D('',#4709,#4710,#4391);
#4712=CYLINDRICAL_SURFACE('',#4711,0.254000000);
#4713=ADVANCED_FACE('',(#4708),#4712,.T.);
#4714=EDGE_LOOP('',(#4534,#4527,#4542,#4531));
#4715=FACE_OUTER_BOUND('',#4714,.T.);
#4716=DIRECTION('',(46189947.358700000,46189947.358700000,0.000000000));
#4717=AXIS2_PLACEMENT_3D('',#4176,#4716,$);
#4718=PLANE('',#4717);
#4719=ADVANCED_FACE('',(#4715),#4718,.T.);
#4720=EDGE_LOOP('',(#4543,#4536,#4551,#4540));
#4721=FACE_OUTER_BOUND('',#4720,.T.);
#4722=CARTESIAN_POINT('',(17.145000000,33.655000000,-0.835000000));
#4723=DIRECTION('',(0.,0.,1.));
#4724=AXIS2_PLACEMENT_3D('',#4722,#4723,#4391);
#4725=CYLINDRICAL_SURFACE('',#4724,0.254000000);
#4726=ADVANCED_FACE('',(#4721),#4725,.T.);
#4727=EDGE_LOOP('',(#4552,#4545,#4560,#4549));
#4728=FACE_OUTER_BOUND('',#4727,.T.);
#4729=DIRECTION('',(0.000000000,30525625.000000000,0.000000000));
#4730=AXIS2_PLACEMENT_3D('',#4184,#4729,$);
#4731=PLANE('',#4730);
#4732=ADVANCED_FACE('',(#4728),#4731,.T.);
#4733=EDGE_LOOP('',(#4561,#4554,#4569,#4558));
#4734=FACE_OUTER_BOUND('',#4733,.T.);
#4735=DIRECTION('',(326041.000000000,0.000000000,0.000000000));
#4736=AXIS2_PLACEMENT_3D('',#4188,#4735,$);
#4737=PLANE('',#4736);
#4738=ADVANCED_FACE('',(#4734),#4737,.T.);
#4739=EDGE_LOOP('',(#4570,#4563,#4578,#4567));
#4740=FACE_OUTER_BOUND('',#4739,.T.);
#4741=DIRECTION('',(0.000000000,2722500.000000000,0.000000000));
#4742=AXIS2_PLACEMENT_3D('',#4192,#4741,$);
#4743=PLANE('',#4742);
#4744=ADVANCED_FACE('',(#4740),#4743,.T.);
#4745=EDGE_LOOP('',(#4579,#4572,#4587,#4576));
#4746=FACE_OUTER_BOUND('',#4745,.T.);
#4747=DIRECTION('',(-2722500.000000000,0.000000000,0.000000000));
#4748=AXIS2_PLACEMENT_3D('',#4196,#4747,$);
#4749=PLANE('',#4748);
#4750=ADVANCED_FACE('',(#4746),#4749,.T.);
#4751=EDGE_LOOP('',(#4588,#4581,#4596,#4585));
#4752=FACE_OUTER_BOUND('',#4751,.T.);
#4753=DIRECTION('',(0.000000000,-2722500.000000000,0.000000000));
#4754=AXIS2_PLACEMENT_3D('',#4200,#4753,$);
#4755=PLANE('',#4754);
#4756=ADVANCED_FACE('',(#4752),#4755,.T.);
#4757=EDGE_LOOP('',(#4597,#4590,#4605,#4594));
#4758=FACE_OUTER_BOUND('',#4757,.T.);
#4759=DIRECTION('',(326041.000000000,0.000000000,0.000000000));
#4760=AXIS2_PLACEMENT_3D('',#4204,#4759,$);
#4761=PLANE('',#4760);
#4762=ADVANCED_FACE('',(#4758),#4761,.T.);
#4763=EDGE_LOOP('',(#4606,#4599,#4614,#4603));
#4764=FACE_OUTER_BOUND('',#4763,.T.);
#4765=DIRECTION('',(0.000000000,-29374123.644100000,0.000000000));
#4766=AXIS2_PLACEMENT_3D('',#4208,#4765,$);
#4767=PLANE('',#4766);
#4768=ADVANCED_FACE('',(#4764),#4767,.T.);
#4769=EDGE_LOOP('',(#4615,#4608,#4623,#4612));
#4770=FACE_OUTER_BOUND('',#4769,.T.);
#4771=DIRECTION('',(-43816145.720000000,-43816145.720000000,0.000000000));
#4772=AXIS2_PLACEMENT_3D('',#4212,#4771,$);
#4773=PLANE('',#4772);
#4774=ADVANCED_FACE('',(#4770),#4773,.T.);
#4775=EDGE_LOOP('',(#4624,#4617,#4632,#4621));
#4776=FACE_OUTER_BOUND('',#4775,.T.);
#4777=DIRECTION('',(-64715267.376400000,0.000000000,0.000000000));
#4778=AXIS2_PLACEMENT_3D('',#4216,#4777,$);
#4779=PLANE('',#4778);
#4780=ADVANCED_FACE('',(#4776),#4779,.T.);
#4781=EDGE_LOOP('',(#4633,#4626,#4641,#4630));
#4782=FACE_OUTER_BOUND('',#4781,.T.);
#4783=DIRECTION('',(-19625309.660900000,19625309.660900000,0.000000000));
#4784=AXIS2_PLACEMENT_3D('',#4220,#4783,$);
#4785=PLANE('',#4784);
#4786=ADVANCED_FACE('',(#4782),#4785,.T.);
#4787=EDGE_LOOP('',(#4642,#4635,#4650,#4639));
#4788=FACE_OUTER_BOUND('',#4787,.T.);
#4789=DIRECTION('',(0.000000000,1666138.824100000,0.000000000));
#4790=AXIS2_PLACEMENT_3D('',#4224,#4789,$);
#4791=PLANE('',#4790);
#4792=ADVANCED_FACE('',(#4788),#4791,.T.);
#4793=EDGE_LOOP('',(#4651,#4644,#4659,#4648));
#4794=FACE_OUTER_BOUND('',#4793,.T.);
#4795=DIRECTION('',(-1666138.824100000,0.000000000,0.000000000));
#4796=AXIS2_PLACEMENT_3D('',#4228,#4795,$);
#4797=PLANE('',#4796);
#4798=ADVANCED_FACE('',(#4794),#4797,.T.);
#4799=EDGE_LOOP('',(#4660,#4653,#4668,#4657));
#4800=FACE_OUTER_BOUND('',#4799,.T.);
#4801=DIRECTION('',(-6488901.930760000,6488901.930760000,0.000000000));
#4802=AXIS2_PLACEMENT_3D('',#4232,#4801,$);
#4803=PLANE('',#4802);
#4804=ADVANCED_FACE('',(#4800),#4803,.T.);
#4805=EDGE_LOOP('',(#4669,#4662,#4470,#4666));
#4806=FACE_OUTER_BOUND('',#4805,.T.);
#4807=CARTESIAN_POINT('',(14.605000000,12.065000000,-0.835000000));
#4808=DIRECTION('',(0.,0.,1.));
#4809=AXIS2_PLACEMENT_3D('',#4807,#4808,#4391);
#4810=CYLINDRICAL_SURFACE('',#4809,1.016000000);
#4811=ADVANCED_FACE('',(#4806),#4810,.T.);
#4812=EDGE_LOOP('',(#4663,#4654,#4645,#4636,#4627,#4618,#4609,#4600,#4591,#4582,#4573,#4564,#4555,#4546,#4537,#4528,#4519,#4510,#4501,#4492,#4483,#4474,#4465));
#4813=FACE_OUTER_BOUND('',#4812,.T.);
#4814=DIRECTION('',(0.,0.,-1.));
#4815=AXIS2_PLACEMENT_3D('',#4148,#4814,$);
#4816=PLANE('',#4815);
#4817=ADVANCED_FACE('',(#4037,#4088,#4139,#4813),#4816,.T.);
#4818=EDGE_LOOP('',(#4467,#4476,#4485,#4494,#4503,#4512,#4521,#4530,#4539,#4548,#4557,#4566,#4575,#4584,#4593,#4602,#4611,#4620,#4629,#4638,#4647,#4656,#4665));
#4819=FACE_OUTER_BOUND('',#4818,.T.);
#4820=DIRECTION('',(0.,0.,1.));
#4821=AXIS2_PLACEMENT_3D('',#4150,#4820,$);
#4822=PLANE('',#4821);
#4823=ADVANCED_FACE('',(#4019,#4070,#4121,#4819),#4822,.T.);
#4824=CLOSED_SHELL('NONE',(#4041,#4045,#4092,#4096,#4143,#4147,#4675,#4681,#4687,#4693,#4700,#4706,#4713,#4719,#4726,#4732,#4738,#4744,#4750,#4756,#4762,#4768,#4774,#4780,#4786,#4792,#4798,#4804,#4811,#4817,#4823));
#4825=MANIFOLD_SOLID_BREP('Combinateur_LR_Copperplane_2_+5V_1',#4824);
#4826=STYLED_ITEM('',(#2035),#4825);
#4827=MECHANICAL_DESIGN_GEOMETRIC_PRESENTATION_REPRESENTATION('',(#4826),#90);
#4828=DIRECTION('',(0.000000000,0.000000000,0.035000000));
#4829=DIRECTION('',(0.000000000,0.000000000,-0.035000000));
#4830=DIRECTION('',(0.550000000,0.000000000,0.000000000));
#4831=CARTESIAN_POINT('',(10.795000000,17.145000000,-0.800000000));
#4832=AXIS2_PLACEMENT_3D('',#4831,#4828,#4830);
#4833=CIRCLE('',#4832,0.550000000);
#4834=CARTESIAN_POINT('',(10.795000000,17.145000000,-0.835000000));
#4835=AXIS2_PLACEMENT_3D('',#4834,#4829,#4830);
#4836=CIRCLE('',#4835,0.550000000);
#4837=CARTESIAN_POINT('',(11.345000000,17.145000000,-0.800000000));
#4838=VERTEX_POINT('',#4837);
#4839=CARTESIAN_POINT('',(10.245000000,17.145000000,-0.800000000));
#4840=VERTEX_POINT('',#4839);
#4841=CARTESIAN_POINT('',(11.345000000,17.145000000,-0.835000000));
#4842=VERTEX_POINT('',#4841);
#4843=CARTESIAN_POINT('',(10.245000000,17.145000000,-0.835000000));
#4844=VERTEX_POINT('',#4843);
#4845=EDGE_CURVE('',#4838,#4840,#4833,.T.);
#4846=ORIENTED_EDGE('',*,*,#4845,.T.);
#4847=ORIENTED_EDGE('',*,*,#4845,.F.);
#4848=EDGE_CURVE('',#4840,#4838,#4833,.T.);
#4849=ORIENTED_EDGE('',*,*,#4848,.T.);
#4850=ORIENTED_EDGE('',*,*,#4848,.F.);
#4851=EDGE_LOOP('',(#4847,#4850));
#4852=FACE_BOUND('',#4851,.T.);
#4853=DIRECTION('',(0.000000000,0.000000000,0.035000000));
#4854=VECTOR('',#4853,1.);
#4855=LINE('',#4841,#4854);
#4856=EDGE_CURVE('',#4842,#4838,#4855,.T.);
#4857=ORIENTED_EDGE('',*,*,#4856,.T.);
#4858=ORIENTED_EDGE('',*,*,#4856,.F.);
#4859=LINE('',#4843,#4854);
#4860=EDGE_CURVE('',#4844,#4840,#4859,.T.);
#4861=ORIENTED_EDGE('',*,*,#4860,.T.);
#4862=ORIENTED_EDGE('',*,*,#4860,.F.);
#4863=EDGE_CURVE('',#4842,#4844,#4836,.T.);
#4864=ORIENTED_EDGE('',*,*,#4863,.T.);
#4865=ORIENTED_EDGE('',*,*,#4863,.F.);
#4866=EDGE_CURVE('',#4844,#4842,#4836,.T.);
#4867=ORIENTED_EDGE('',*,*,#4866,.T.);
#4868=ORIENTED_EDGE('',*,*,#4866,.F.);
#4869=EDGE_LOOP('',(#4865,#4868));
#4870=FACE_BOUND('',#4869,.T.);
#4871=EDGE_LOOP('',(#4846,#4862,#4867,#4857));
#4872=FACE_BOUND('',#4871,.T.);
#4873=CYLINDRICAL_SURFACE('',#4835,0.550000000);
#4874=ADVANCED_FACE('',(#4872),#4873,.F.);
#4875=EDGE_LOOP('',(#4849,#4858,#4864,#4861));
#4876=FACE_BOUND('',#4875,.T.);
#4877=CYLINDRICAL_SURFACE('',#4835,0.550000000);
#4878=ADVANCED_FACE('',(#4876),#4877,.F.);
#4879=DIRECTION('',(0.000000000,0.000000000,0.035000000));
#4880=DIRECTION('',(0.000000000,0.000000000,-0.035000000));
#4881=DIRECTION('',(0.400100000,0.000000000,0.000000000));
#4882=CARTESIAN_POINT('',(14.605000000,17.145000000,-0.800000000));
#4883=AXIS2_PLACEMENT_3D('',#4882,#4879,#4881);
#4884=CIRCLE('',#4883,0.400100000);
#4885=CARTESIAN_POINT('',(14.605000000,17.145000000,-0.835000000));
#4886=AXIS2_PLACEMENT_3D('',#4885,#4880,#4881);
#4887=CIRCLE('',#4886,0.400100000);
#4888=CARTESIAN_POINT('',(15.005100000,17.145000000,-0.800000000));
#4889=VERTEX_POINT('',#4888);
#4890=CARTESIAN_POINT('',(14.204900000,17.145000000,-0.800000000));
#4891=VERTEX_POINT('',#4890);
#4892=CARTESIAN_POINT('',(15.005100000,17.145000000,-0.835000000));
#4893=VERTEX_POINT('',#4892);
#4894=CARTESIAN_POINT('',(14.204900000,17.145000000,-0.835000000));
#4895=VERTEX_POINT('',#4894);
#4896=EDGE_CURVE('',#4889,#4891,#4884,.T.);
#4897=ORIENTED_EDGE('',*,*,#4896,.T.);
#4898=ORIENTED_EDGE('',*,*,#4896,.F.);
#4899=EDGE_CURVE('',#4891,#4889,#4884,.T.);
#4900=ORIENTED_EDGE('',*,*,#4899,.T.);
#4901=ORIENTED_EDGE('',*,*,#4899,.F.);
#4902=EDGE_LOOP('',(#4898,#4901));
#4903=FACE_BOUND('',#4902,.T.);
#4904=DIRECTION('',(0.000000000,0.000000000,0.035000000));
#4905=VECTOR('',#4904,1.);
#4906=LINE('',#4892,#4905);
#4907=EDGE_CURVE('',#4893,#4889,#4906,.T.);
#4908=ORIENTED_EDGE('',*,*,#4907,.T.);
#4909=ORIENTED_EDGE('',*,*,#4907,.F.);
#4910=LINE('',#4894,#4905);
#4911=EDGE_CURVE('',#4895,#4891,#4910,.T.);
#4912=ORIENTED_EDGE('',*,*,#4911,.T.);
#4913=ORIENTED_EDGE('',*,*,#4911,.F.);
#4914=EDGE_CURVE('',#4893,#4895,#4887,.T.);
#4915=ORIENTED_EDGE('',*,*,#4914,.T.);
#4916=ORIENTED_EDGE('',*,*,#4914,.F.);
#4917=EDGE_CURVE('',#4895,#4893,#4887,.T.);
#4918=ORIENTED_EDGE('',*,*,#4917,.T.);
#4919=ORIENTED_EDGE('',*,*,#4917,.F.);
#4920=EDGE_LOOP('',(#4916,#4919));
#4921=FACE_BOUND('',#4920,.T.);
#4922=EDGE_LOOP('',(#4897,#4913,#4918,#4908));
#4923=FACE_BOUND('',#4922,.T.);
#4924=CYLINDRICAL_SURFACE('',#4886,0.400100000);
#4925=ADVANCED_FACE('',(#4923),#4924,.F.);
#4926=EDGE_LOOP('',(#4900,#4909,#4915,#4912));
#4927=FACE_BOUND('',#4926,.T.);
#4928=CYLINDRICAL_SURFACE('',#4886,0.400100000);
#4929=ADVANCED_FACE('',(#4927),#4928,.F.);
#4930=CARTESIAN_POINT('',(13.621262230,17.399000000,-0.835000000));
#4931=VERTEX_POINT('',#4930);
#4932=CARTESIAN_POINT('',(13.621262230,17.399000000,-0.800000000));
#4933=VERTEX_POINT('',#4932);
#4934=CARTESIAN_POINT('',(11.620000000,17.399000000,-0.835000000));
#4935=VERTEX_POINT('',#4934);
#4936=CARTESIAN_POINT('',(11.620000000,17.399000000,-0.800000000));
#4937=VERTEX_POINT('',#4936);
#4938=CARTESIAN_POINT('',(11.620000000,17.970000000,-0.835000000));
#4939=VERTEX_POINT('',#4938);
#4940=CARTESIAN_POINT('',(11.620000000,17.970000000,-0.800000000));
#4941=VERTEX_POINT('',#4940);
#4942=CARTESIAN_POINT('',(9.970000000,17.970000000,-0.835000000));
#4943=VERTEX_POINT('',#4942);
#4944=CARTESIAN_POINT('',(9.970000000,17.970000000,-0.800000000));
#4945=VERTEX_POINT('',#4944);
#4946=CARTESIAN_POINT('',(9.970000000,16.320000000,-0.835000000));
#4947=VERTEX_POINT('',#4946);
#4948=CARTESIAN_POINT('',(9.970000000,16.320000000,-0.800000000));
#4949=VERTEX_POINT('',#4948);
#4950=CARTESIAN_POINT('',(11.620000000,16.320000000,-0.835000000));
#4951=VERTEX_POINT('',#4950);
#4952=CARTESIAN_POINT('',(11.620000000,16.320000000,-0.800000000));
#4953=VERTEX_POINT('',#4952);
#4954=CARTESIAN_POINT('',(11.620000000,16.891000000,-0.835000000));
#4955=VERTEX_POINT('',#4954);
#4956=CARTESIAN_POINT('',(11.620000000,16.891000000,-0.800000000));
#4957=VERTEX_POINT('',#4956);
#4958=CARTESIAN_POINT('',(13.621262230,16.891000000,-0.835000000));
#4959=VERTEX_POINT('',#4958);
#4960=CARTESIAN_POINT('',(13.621262230,16.891000000,-0.800000000));
#4961=VERTEX_POINT('',#4960);
#4962=DIRECTION('',(-2.001262230,0.000000000,0.000000000));
#4963=VECTOR('',#4962,1.);
#4964=LINE('',#4930,#4963);
#4965=DIRECTION('',(-2.001262230,0.000000000,0.000000000));
#4966=VECTOR('',#4965,1.);
#4967=LINE('',#4932,#4966);
#4968=DIRECTION('',(0.000000000,0.571000000,0.000000000));
#4969=VECTOR('',#4968,1.);
#4970=LINE('',#4934,#4969);
#4971=DIRECTION('',(0.000000000,0.571000000,0.000000000));
#4972=VECTOR('',#4971,1.);
#4973=LINE('',#4936,#4972);
#4974=DIRECTION('',(-1.650000000,0.000000000,0.000000000));
#4975=VECTOR('',#4974,1.);
#4976=LINE('',#4938,#4975);
#4977=DIRECTION('',(-1.650000000,0.000000000,0.000000000));
#4978=VECTOR('',#4977,1.);
#4979=LINE('',#4940,#4978);
#4980=DIRECTION('',(0.000000000,-1.650000000,0.000000000));
#4981=VECTOR('',#4980,1.);
#4982=LINE('',#4942,#4981);
#4983=DIRECTION('',(0.000000000,-1.650000000,0.000000000));
#4984=VECTOR('',#4983,1.);
#4985=LINE('',#4944,#4984);
#4986=DIRECTION('',(1.650000000,0.000000000,0.000000000));
#4987=VECTOR('',#4986,1.);
#4988=LINE('',#4946,#4987);
#4989=DIRECTION('',(1.650000000,0.000000000,0.000000000));
#4990=VECTOR('',#4989,1.);
#4991=LINE('',#4948,#4990);
#4992=DIRECTION('',(0.000000000,0.571000000,0.000000000));
#4993=VECTOR('',#4992,1.);
#4994=LINE('',#4950,#4993);
#4995=DIRECTION('',(0.000000000,0.571000000,0.000000000));
#4996=VECTOR('',#4995,1.);
#4997=LINE('',#4952,#4996);
#4998=DIRECTION('',(2.001262230,0.000000000,0.000000000));
#4999=VECTOR('',#4998,1.);
#5000=LINE('',#4954,#4999);
#5001=DIRECTION('',(2.001262230,0.000000000,0.000000000));
#5002=VECTOR('',#5001,1.);
#5003=LINE('',#4956,#5002);
#5004=CARTESIAN_POINT('',(14.605000000,17.145000000,-0.835000000));
#5005=DIRECTION('',(0.,0.,1.));
#5006=DIRECTION('',(1.,0.,0.));
#5007=AXIS2_PLACEMENT_3D('',#5004,#5005,#5006);
#5008=CIRCLE('',#5007,1.016000000);
#5009=CARTESIAN_POINT('',(14.605000000,17.145000000,-0.800000000));
#5010=DIRECTION('',(0.,0.,1.));
#5011=DIRECTION('',(1.,0.,0.));
#5012=AXIS2_PLACEMENT_3D('',#5009,#5010,#5011);
#5013=CIRCLE('',#5012,1.016000000);
#5014=DIRECTION('',(0.000000000,0.000000000,0.035000000));
#5015=VECTOR('',#5014,1.);
#5016=LINE('',#4930,#5015);
#5017=DIRECTION('',(0.000000000,0.000000000,0.035000000));
#5018=VECTOR('',#5017,1.);
#5019=LINE('',#4934,#5018);
#5020=DIRECTION('',(0.000000000,0.000000000,0.035000000));
#5021=VECTOR('',#5020,1.);
#5022=LINE('',#4938,#5021);
#5023=DIRECTION('',(0.000000000,0.000000000,0.035000000));
#5024=VECTOR('',#5023,1.);
#5025=LINE('',#4942,#5024);
#5026=DIRECTION('',(0.000000000,0.000000000,0.035000000));
#5027=VECTOR('',#5026,1.);
#5028=LINE('',#4946,#5027);
#5029=DIRECTION('',(0.000000000,0.000000000,0.035000000));
#5030=VECTOR('',#5029,1.);
#5031=LINE('',#4950,#5030);
#5032=DIRECTION('',(0.000000000,0.000000000,0.035000000));
#5033=VECTOR('',#5032,1.);
#5034=LINE('',#4954,#5033);
#5035=DIRECTION('',(0.000000000,0.000000000,0.035000000));
#5036=VECTOR('',#5035,1.);
#5037=LINE('',#4958,#5036);
#5038=EDGE_CURVE('',#4931,#4935,#4964,.T.);
#5039=ORIENTED_EDGE('',*,*,#5038,.T.);
#5040=ORIENTED_EDGE('',*,*,#5038,.F.);
#5041=EDGE_CURVE('',#4933,#4937,#4967,.T.);
#5042=ORIENTED_EDGE('',*,*,#5041,.T.);
#5043=ORIENTED_EDGE('',*,*,#5041,.F.);
#5044=EDGE_CURVE('',#4931,#4933,#5016,.T.);
#5045=ORIENTED_EDGE('',*,*,#5044,.T.);
#5046=ORIENTED_EDGE('',*,*,#5044,.F.);
#5047=EDGE_CURVE('',#4935,#4939,#4970,.T.);
#5048=ORIENTED_EDGE('',*,*,#5047,.T.);
#5049=ORIENTED_EDGE('',*,*,#5047,.F.);
#5050=EDGE_CURVE('',#4937,#4941,#4973,.T.);
#5051=ORIENTED_EDGE('',*,*,#5050,.T.);
#5052=ORIENTED_EDGE('',*,*,#5050,.F.);
#5053=EDGE_CURVE('',#4935,#4937,#5019,.T.);
#5054=ORIENTED_EDGE('',*,*,#5053,.T.);
#5055=ORIENTED_EDGE('',*,*,#5053,.F.);
#5056=EDGE_CURVE('',#4939,#4943,#4976,.T.);
#5057=ORIENTED_EDGE('',*,*,#5056,.T.);
#5058=ORIENTED_EDGE('',*,*,#5056,.F.);
#5059=EDGE_CURVE('',#4941,#4945,#4979,.T.);
#5060=ORIENTED_EDGE('',*,*,#5059,.T.);
#5061=ORIENTED_EDGE('',*,*,#5059,.F.);
#5062=EDGE_CURVE('',#4939,#4941,#5022,.T.);
#5063=ORIENTED_EDGE('',*,*,#5062,.T.);
#5064=ORIENTED_EDGE('',*,*,#5062,.F.);
#5065=EDGE_CURVE('',#4943,#4947,#4982,.T.);
#5066=ORIENTED_EDGE('',*,*,#5065,.T.);
#5067=ORIENTED_EDGE('',*,*,#5065,.F.);
#5068=EDGE_CURVE('',#4945,#4949,#4985,.T.);
#5069=ORIENTED_EDGE('',*,*,#5068,.T.);
#5070=ORIENTED_EDGE('',*,*,#5068,.F.);
#5071=EDGE_CURVE('',#4943,#4945,#5025,.T.);
#5072=ORIENTED_EDGE('',*,*,#5071,.T.);
#5073=ORIENTED_EDGE('',*,*,#5071,.F.);
#5074=EDGE_CURVE('',#4947,#4951,#4988,.T.);
#5075=ORIENTED_EDGE('',*,*,#5074,.T.);
#5076=ORIENTED_EDGE('',*,*,#5074,.F.);
#5077=EDGE_CURVE('',#4949,#4953,#4991,.T.);
#5078=ORIENTED_EDGE('',*,*,#5077,.T.);
#5079=ORIENTED_EDGE('',*,*,#5077,.F.);
#5080=EDGE_CURVE('',#4947,#4949,#5028,.T.);
#5081=ORIENTED_EDGE('',*,*,#5080,.T.);
#5082=ORIENTED_EDGE('',*,*,#5080,.F.);
#5083=EDGE_CURVE('',#4951,#4955,#4994,.T.);
#5084=ORIENTED_EDGE('',*,*,#5083,.T.);
#5085=ORIENTED_EDGE('',*,*,#5083,.F.);
#5086=EDGE_CURVE('',#4953,#4957,#4997,.T.);
#5087=ORIENTED_EDGE('',*,*,#5086,.T.);
#5088=ORIENTED_EDGE('',*,*,#5086,.F.);
#5089=EDGE_CURVE('',#4951,#4953,#5031,.T.);
#5090=ORIENTED_EDGE('',*,*,#5089,.T.);
#5091=ORIENTED_EDGE('',*,*,#5089,.F.);
#5092=EDGE_CURVE('',#4955,#4959,#5000,.T.);
#5093=ORIENTED_EDGE('',*,*,#5092,.T.);
#5094=ORIENTED_EDGE('',*,*,#5092,.F.);
#5095=EDGE_CURVE('',#4957,#4961,#5003,.T.);
#5096=ORIENTED_EDGE('',*,*,#5095,.T.);
#5097=ORIENTED_EDGE('',*,*,#5095,.F.);
#5098=EDGE_CURVE('',#4955,#4957,#5034,.T.);
#5099=ORIENTED_EDGE('',*,*,#5098,.T.);
#5100=ORIENTED_EDGE('',*,*,#5098,.F.);
#5101=EDGE_CURVE('',#4959,#4931,#5008,.T.);
#5102=ORIENTED_EDGE('',*,*,#5101,.T.);
#5103=ORIENTED_EDGE('',*,*,#5101,.F.);
#5104=EDGE_CURVE('',#4961,#4933,#5013,.T.);
#5105=ORIENTED_EDGE('',*,*,#5104,.T.);
#5106=ORIENTED_EDGE('',*,*,#5104,.F.);
#5107=EDGE_CURVE('',#4959,#4961,#5037,.T.);
#5108=ORIENTED_EDGE('',*,*,#5107,.T.);
#5109=ORIENTED_EDGE('',*,*,#5107,.F.);
#5110=EDGE_LOOP('',(#5046,#5039,#5054,#5043));
#5111=FACE_OUTER_BOUND('',#5110,.T.);
#5112=DIRECTION('',(0.000000000,4005050.513480000,0.000000000));
#5113=AXIS2_PLACEMENT_3D('',#4930,#5112,$);
#5114=PLANE('',#5113);
#5115=ADVANCED_FACE('',(#5111),#5114,.T.);
#5116=EDGE_LOOP('',(#5055,#5048,#5063,#5052));
#5117=FACE_OUTER_BOUND('',#5116,.T.);
#5118=DIRECTION('',(326041.000000000,0.000000000,0.000000000));
#5119=AXIS2_PLACEMENT_3D('',#4934,#5118,$);
#5120=PLANE('',#5119);
#5121=ADVANCED_FACE('',(#5117),#5120,.T.);
#5122=EDGE_LOOP('',(#5064,#5057,#5072,#5061));
#5123=FACE_OUTER_BOUND('',#5122,.T.);
#5124=DIRECTION('',(0.000000000,2722500.000000000,0.000000000));
#5125=AXIS2_PLACEMENT_3D('',#4938,#5124,$);
#5126=PLANE('',#5125);
#5127=ADVANCED_FACE('',(#5123),#5126,.T.);
#5128=EDGE_LOOP('',(#5073,#5066,#5081,#5070));
#5129=FACE_OUTER_BOUND('',#5128,.T.);
#5130=DIRECTION('',(-2722500.000000000,0.000000000,0.000000000));
#5131=AXIS2_PLACEMENT_3D('',#4942,#5130,$);
#5132=PLANE('',#5131);
#5133=ADVANCED_FACE('',(#5129),#5132,.T.);
#5134=EDGE_LOOP('',(#5082,#5075,#5090,#5079));
#5135=FACE_OUTER_BOUND('',#5134,.T.);
#5136=DIRECTION('',(0.000000000,-2722500.000000000,0.000000000));
#5137=AXIS2_PLACEMENT_3D('',#4946,#5136,$);
#5138=PLANE('',#5137);
#5139=ADVANCED_FACE('',(#5135),#5138,.T.);
#5140=EDGE_LOOP('',(#5091,#5084,#5099,#5088));
#5141=FACE_OUTER_BOUND('',#5140,.T.);
#5142=DIRECTION('',(326041.000000000,0.000000000,0.000000000));
#5143=AXIS2_PLACEMENT_3D('',#4950,#5142,$);
#5144=PLANE('',#5143);
#5145=ADVANCED_FACE('',(#5141),#5144,.T.);
#5146=EDGE_LOOP('',(#5100,#5093,#5108,#5097));
#5147=FACE_OUTER_BOUND('',#5146,.T.);
#5148=DIRECTION('',(0.000000000,-4005050.513480000,0.000000000));
#5149=AXIS2_PLACEMENT_3D('',#4954,#5148,$);
#5150=PLANE('',#5149);
#5151=ADVANCED_FACE('',(#5147),#5150,.T.);
#5152=EDGE_LOOP('',(#5109,#5102,#5045,#5106));
#5153=FACE_OUTER_BOUND('',#5152,.T.);
#5154=CARTESIAN_POINT('',(14.605000000,17.145000000,-0.835000000));
#5155=DIRECTION('',(0.,0.,1.));
#5156=AXIS2_PLACEMENT_3D('',#5154,#5155,#5011);
#5157=CYLINDRICAL_SURFACE('',#5156,1.016000000);
#5158=ADVANCED_FACE('',(#5153),#5157,.T.);
#5159=EDGE_LOOP('',(#5103,#5094,#5085,#5076,#5067,#5058,#5049,#5040));
#5160=FACE_OUTER_BOUND('',#5159,.T.);
#5161=DIRECTION('',(0.,0.,-1.));
#5162=AXIS2_PLACEMENT_3D('',#4930,#5161,$);
#5163=PLANE('',#5162);
#5164=ADVANCED_FACE('',(#4870,#4921,#5160),#5163,.T.);
#5165=EDGE_LOOP('',(#5042,#5051,#5060,#5069,#5078,#5087,#5096,#5105));
#5166=FACE_OUTER_BOUND('',#5165,.T.);
#5167=DIRECTION('',(0.,0.,1.));
#5168=AXIS2_PLACEMENT_3D('',#4932,#5167,$);
#5169=PLANE('',#5168);
#5170=ADVANCED_FACE('',(#4852,#4903,#5166),#5169,.T.);
#5171=CLOSED_SHELL('NONE',(#4874,#4878,#4925,#4929,#5115,#5121,#5127,#5133,#5139,#5145,#5151,#5158,#5164,#5170));
#5172=MANIFOLD_SOLID_BREP('Combinateur_LR_Copperplane_2_+5V_2',#5171);
#5173=STYLED_ITEM('',(#2035),#5172);
#5174=MECHANICAL_DESIGN_GEOMETRIC_PRESENTATION_REPRESENTATION('',(#5173),#90);
#5175=PRODUCT('Copper_+5V_assembly','Copper_+5V_assembly','',(#2074));
#5176=PRODUCT_DEFINITION_FORMATION_WITH_SPECIFIED_SOURCE('NONE','',#5175,.NOT_KNOWN.);
#5177=PRODUCT_DEFINITION('NONE','',#5176,#2075);
#5178=SHAPE_REPRESENTATION('SR_Copper_+5V_assembly',(#2079),#90);
#5179=PRODUCT_DEFINITION_SHAPE('PDS_Copper_+5V_assembly','',#5177);
#5180=SHAPE_DEFINITION_REPRESENTATION(#5179,#5178);
#5181=PRODUCT('Copper_+5V','Copper_+5V','',(#2074));
#5182=PRODUCT_DEFINITION_FORMATION_WITH_SPECIFIED_SOURCE('NONE','',#5181,.NOT_KNOWN.);
#5183=PRODUCT_DEFINITION('NONE','',#5182,#2075);
#5184=SHAPE_REPRESENTATION('SR_Copper_+5V',(#2079),#90);
#5185=PRODUCT_DEFINITION_SHAPE('PDS_Copper_+5V','',#5183);
#5186=SHAPE_DEFINITION_REPRESENTATION(#5185,#5184);
#5187=ADVANCED_BREP_SHAPE_REPRESENTATION('Copper_+5V',(#3394,#3634,#3813,#3992,#4825,#5172),#90);
#5188=SHAPE_REPRESENTATION_RELATIONSHIP('SRR_Copper_+5V','',#5187,#5184);
#5189=ITEM_DEFINED_TRANSFORMATION('IDT_Copper_+5V','',#2079,#2079);
#5190=(REPRESENTATION_RELATIONSHIP(' ',$,#5184,#5178)REPRESENTATION_RELATIONSHIP_WITH_TRANSFORMATION(#5189)SHAPE_REPRESENTATION_RELATIONSHIP());
#5191=NEXT_ASSEMBLY_USAGE_OCCURRENCE('NAUO_Copper_+5V','Copper_+5V','Copper_+5V',#5177,#5183,$);
#5192=PRODUCT_DEFINITION_SHAPE('PDS_NAUO_Copper_+5V','',#5191);
#5193=CONTEXT_DEPENDENT_SHAPE_REPRESENTATION(#5190,#5192);
#5194=ITEM_DEFINED_TRANSFORMATION('IDT_Copper_+5V_1','',#2079,#2079);
#5195=(REPRESENTATION_RELATIONSHIP(' ',$,#5178,#3210)REPRESENTATION_RELATIONSHIP_WITH_TRANSFORMATION(#5194)SHAPE_REPRESENTATION_RELATIONSHIP());
#5196=NEXT_ASSEMBLY_USAGE_OCCURRENCE('NAUO_Copper_+5V_1','Copper_+5V_1','Copper_+5V_1',#3209,#5177,$);
#5197=PRODUCT_DEFINITION_SHAPE('PDS_NAUO_Copper_+5V_1','',#5196);
#5198=CONTEXT_DEPENDENT_SHAPE_REPRESENTATION(#5195,#5197);
#5199=DIRECTION('',(0.000000000,0.000000000,0.035000000));
#5200=DIRECTION('',(0.000000000,0.000000000,-0.035000000));
#5201=DIRECTION('',(0.550000000,0.000000000,0.000000000));
#5202=CARTESIAN_POINT('',(10.795000000,31.155000000,0.835000000));
#5203=AXIS2_PLACEMENT_3D('',#5202,#5199,#5201);
#5204=CIRCLE('',#5203,0.550000000);
#5205=CARTESIAN_POINT('',(10.795000000,31.155000000,0.800000000));
#5206=AXIS2_PLACEMENT_3D('',#5205,#5200,#5201);
#5207=CIRCLE('',#5206,0.550000000);
#5208=CARTESIAN_POINT('',(11.345000000,31.155000000,0.835000000));
#5209=VERTEX_POINT('',#5208);
#5210=CARTESIAN_POINT('',(10.245000000,31.155000000,0.835000000));
#5211=VERTEX_POINT('',#5210);
#5212=CARTESIAN_POINT('',(11.345000000,31.155000000,0.800000000));
#5213=VERTEX_POINT('',#5212);
#5214=CARTESIAN_POINT('',(10.245000000,31.155000000,0.800000000));
#5215=VERTEX_POINT('',#5214);
#5216=EDGE_CURVE('',#5209,#5211,#5204,.T.);
#5217=ORIENTED_EDGE('',*,*,#5216,.T.);
#5218=ORIENTED_EDGE('',*,*,#5216,.F.);
#5219=EDGE_CURVE('',#5211,#5209,#5204,.T.);
#5220=ORIENTED_EDGE('',*,*,#5219,.T.);
#5221=ORIENTED_EDGE('',*,*,#5219,.F.);
#5222=EDGE_LOOP('',(#5218,#5221));
#5223=FACE_BOUND('',#5222,.T.);
#5224=DIRECTION('',(0.000000000,0.000000000,0.035000000));
#5225=VECTOR('',#5224,1.);
#5226=LINE('',#5212,#5225);
#5227=EDGE_CURVE('',#5213,#5209,#5226,.T.);
#5228=ORIENTED_EDGE('',*,*,#5227,.T.);
#5229=ORIENTED_EDGE('',*,*,#5227,.F.);
#5230=LINE('',#5214,#5225);
#5231=EDGE_CURVE('',#5215,#5211,#5230,.T.);
#5232=ORIENTED_EDGE('',*,*,#5231,.T.);
#5233=ORIENTED_EDGE('',*,*,#5231,.F.);
#5234=EDGE_CURVE('',#5213,#5215,#5207,.T.);
#5235=ORIENTED_EDGE('',*,*,#5234,.T.);
#5236=ORIENTED_EDGE('',*,*,#5234,.F.);
#5237=EDGE_CURVE('',#5215,#5213,#5207,.T.);
#5238=ORIENTED_EDGE('',*,*,#5237,.T.);
#5239=ORIENTED_EDGE('',*,*,#5237,.F.);
#5240=EDGE_LOOP('',(#5236,#5239));
#5241=FACE_BOUND('',#5240,.T.);
#5242=EDGE_LOOP('',(#5217,#5233,#5238,#5228));
#5243=FACE_BOUND('',#5242,.T.);
#5244=CYLINDRICAL_SURFACE('',#5206,0.550000000);
#5245=ADVANCED_FACE('',(#5243),#5244,.F.);
#5246=EDGE_LOOP('',(#5220,#5229,#5235,#5232));
#5247=FACE_BOUND('',#5246,.T.);
#5248=CYLINDRICAL_SURFACE('',#5206,0.550000000);
#5249=ADVANCED_FACE('',(#5247),#5248,.F.);
#5250=DIRECTION('',(0.000000000,0.000000000,0.035000000));
#5251=DIRECTION('',(0.000000000,0.000000000,-0.035000000));
#5252=DIRECTION('',(0.825000000,0.000000000,0.000000000));
#5253=CARTESIAN_POINT('',(10.795000000,31.155000000,0.835000000));
#5254=AXIS2_PLACEMENT_3D('',#5253,#5250,#5252);
#5255=CIRCLE('',#5254,0.825000000);
#5256=CARTESIAN_POINT('',(10.795000000,31.155000000,0.800000000));
#5257=AXIS2_PLACEMENT_3D('',#5256,#5251,#5252);
#5258=CIRCLE('',#5257,0.825000000);
#5259=CARTESIAN_POINT('',(11.620000000,31.155000000,0.835000000));
#5260=VERTEX_POINT('',#5259);
#5261=CARTESIAN_POINT('',(9.970000000,31.155000000,0.835000000));
#5262=VERTEX_POINT('',#5261);
#5263=CARTESIAN_POINT('',(11.620000000,31.155000000,0.800000000));
#5264=VERTEX_POINT('',#5263);
#5265=CARTESIAN_POINT('',(9.970000000,31.155000000,0.800000000));
#5266=VERTEX_POINT('',#5265);
#5267=EDGE_CURVE('',#5260,#5262,#5255,.T.);
#5268=ORIENTED_EDGE('',*,*,#5267,.T.);
#5269=ORIENTED_EDGE('',*,*,#5267,.F.);
#5270=EDGE_CURVE('',#5262,#5260,#5255,.T.);
#5271=ORIENTED_EDGE('',*,*,#5270,.T.);
#5272=ORIENTED_EDGE('',*,*,#5270,.F.);
#5273=EDGE_LOOP('',(#5268,#5271));
#5274=FACE_OUTER_BOUND('',#5273,.T.);
#5275=DIRECTION('',(0.000000000,0.000000000,0.035000000));
#5276=VECTOR('',#5275,1.);
#5277=LINE('',#5263,#5276);
#5278=EDGE_CURVE('',#5264,#5260,#5277,.T.);
#5279=ORIENTED_EDGE('',*,*,#5278,.T.);
#5280=ORIENTED_EDGE('',*,*,#5278,.F.);
#5281=LINE('',#5265,#5276);
#5282=EDGE_CURVE('',#5266,#5262,#5281,.T.);
#5283=ORIENTED_EDGE('',*,*,#5282,.T.);
#5284=ORIENTED_EDGE('',*,*,#5282,.F.);
#5285=EDGE_CURVE('',#5264,#5266,#5258,.T.);
#5286=ORIENTED_EDGE('',*,*,#5285,.T.);
#5287=ORIENTED_EDGE('',*,*,#5285,.F.);
#5288=EDGE_CURVE('',#5266,#5264,#5258,.T.);
#5289=ORIENTED_EDGE('',*,*,#5288,.T.);
#5290=ORIENTED_EDGE('',*,*,#5288,.F.);
#5291=EDGE_LOOP('',(#5286,#5289));
#5292=FACE_OUTER_BOUND('',#5291,.T.);
#5293=EDGE_LOOP('',(#5269,#5280,#5290,#5283));
#5294=FACE_BOUND('',#5293,.T.);
#5295=CYLINDRICAL_SURFACE('',#5257,0.825000000);
#5296=ADVANCED_FACE('',(#5294),#5295,.T.);
#5297=EDGE_LOOP('',(#5272,#5284,#5287,#5279));
#5298=FACE_BOUND('',#5297,.T.);
#5299=CYLINDRICAL_SURFACE('',#5257,0.825000000);
#5300=ADVANCED_FACE('',(#5298),#5299,.T.);
#5301=PLANE('',#5257);
#5302=ADVANCED_FACE('',(#5241,#5292),#5301,.T.);
#5303=PLANE('',#5254);
#5304=ADVANCED_FACE('',(#5223,#5274),#5303,.T.);
#5305=CLOSED_SHELL('NONE',(#5245,#5249,#5296,#5300,#5302,#5304));
#5306=MANIFOLD_SOLID_BREP('Combinateur_LR_Copperplane_16_+3.3V_1',#5305);
#5307=STYLED_ITEM('',(#2035),#5306);
#5308=MECHANICAL_DESIGN_GEOMETRIC_PRESENTATION_REPRESENTATION('',(#5307),#90);
#5309=DIRECTION('',(0.000000000,0.000000000,0.035000000));
#5310=DIRECTION('',(0.000000000,0.000000000,-0.035000000));
#5311=DIRECTION('',(0.550000000,0.000000000,0.000000000));
#5312=CARTESIAN_POINT('',(18.415000000,17.740000000,0.835000000));
#5313=AXIS2_PLACEMENT_3D('',#5312,#5309,#5311);
#5314=CIRCLE('',#5313,0.550000000);
#5315=CARTESIAN_POINT('',(18.415000000,17.740000000,0.800000000));
#5316=AXIS2_PLACEMENT_3D('',#5315,#5310,#5311);
#5317=CIRCLE('',#5316,0.550000000);
#5318=CARTESIAN_POINT('',(18.965000000,17.740000000,0.835000000));
#5319=VERTEX_POINT('',#5318);
#5320=CARTESIAN_POINT('',(17.865000000,17.740000000,0.835000000));
#5321=VERTEX_POINT('',#5320);
#5322=CARTESIAN_POINT('',(18.965000000,17.740000000,0.800000000));
#5323=VERTEX_POINT('',#5322);
#5324=CARTESIAN_POINT('',(17.865000000,17.740000000,0.800000000));
#5325=VERTEX_POINT('',#5324);
#5326=EDGE_CURVE('',#5319,#5321,#5314,.T.);
#5327=ORIENTED_EDGE('',*,*,#5326,.T.);
#5328=ORIENTED_EDGE('',*,*,#5326,.F.);
#5329=EDGE_CURVE('',#5321,#5319,#5314,.T.);
#5330=ORIENTED_EDGE('',*,*,#5329,.T.);
#5331=ORIENTED_EDGE('',*,*,#5329,.F.);
#5332=EDGE_LOOP('',(#5328,#5331));
#5333=FACE_BOUND('',#5332,.T.);
#5334=DIRECTION('',(0.000000000,0.000000000,0.035000000));
#5335=VECTOR('',#5334,1.);
#5336=LINE('',#5322,#5335);
#5337=EDGE_CURVE('',#5323,#5319,#5336,.T.);
#5338=ORIENTED_EDGE('',*,*,#5337,.T.);
#5339=ORIENTED_EDGE('',*,*,#5337,.F.);
#5340=LINE('',#5324,#5335);
#5341=EDGE_CURVE('',#5325,#5321,#5340,.T.);
#5342=ORIENTED_EDGE('',*,*,#5341,.T.);
#5343=ORIENTED_EDGE('',*,*,#5341,.F.);
#5344=EDGE_CURVE('',#5323,#5325,#5317,.T.);
#5345=ORIENTED_EDGE('',*,*,#5344,.T.);
#5346=ORIENTED_EDGE('',*,*,#5344,.F.);
#5347=EDGE_CURVE('',#5325,#5323,#5317,.T.);
#5348=ORIENTED_EDGE('',*,*,#5347,.T.);
#5349=ORIENTED_EDGE('',*,*,#5347,.F.);
#5350=EDGE_LOOP('',(#5346,#5349));
#5351=FACE_BOUND('',#5350,.T.);
#5352=EDGE_LOOP('',(#5327,#5343,#5348,#5338));
#5353=FACE_BOUND('',#5352,.T.);
#5354=CYLINDRICAL_SURFACE('',#5316,0.550000000);
#5355=ADVANCED_FACE('',(#5353),#5354,.F.);
#5356=EDGE_LOOP('',(#5330,#5339,#5345,#5342));
#5357=FACE_BOUND('',#5356,.T.);
#5358=CYLINDRICAL_SURFACE('',#5316,0.550000000);
#5359=ADVANCED_FACE('',(#5357),#5358,.F.);
#5360=DIRECTION('',(0.000000000,0.000000000,0.035000000));
#5361=DIRECTION('',(0.000000000,0.000000000,-0.035000000));
#5362=DIRECTION('',(0.825000000,0.000000000,0.000000000));
#5363=CARTESIAN_POINT('',(18.415000000,17.740000000,0.835000000));
#5364=AXIS2_PLACEMENT_3D('',#5363,#5360,#5362);
#5365=CIRCLE('',#5364,0.825000000);
#5366=CARTESIAN_POINT('',(18.415000000,17.740000000,0.800000000));
#5367=AXIS2_PLACEMENT_3D('',#5366,#5361,#5362);
#5368=CIRCLE('',#5367,0.825000000);
#5369=CARTESIAN_POINT('',(19.240000000,17.740000000,0.835000000));
#5370=VERTEX_POINT('',#5369);
#5371=CARTESIAN_POINT('',(17.590000000,17.740000000,0.835000000));
#5372=VERTEX_POINT('',#5371);
#5373=CARTESIAN_POINT('',(19.240000000,17.740000000,0.800000000));
#5374=VERTEX_POINT('',#5373);
#5375=CARTESIAN_POINT('',(17.590000000,17.740000000,0.800000000));
#5376=VERTEX_POINT('',#5375);
#5377=EDGE_CURVE('',#5370,#5372,#5365,.T.);
#5378=ORIENTED_EDGE('',*,*,#5377,.T.);
#5379=ORIENTED_EDGE('',*,*,#5377,.F.);
#5380=EDGE_CURVE('',#5372,#5370,#5365,.T.);
#5381=ORIENTED_EDGE('',*,*,#5380,.T.);
#5382=ORIENTED_EDGE('',*,*,#5380,.F.);
#5383=EDGE_LOOP('',(#5378,#5381));
#5384=FACE_OUTER_BOUND('',#5383,.T.);
#5385=DIRECTION('',(0.000000000,0.000000000,0.035000000));
#5386=VECTOR('',#5385,1.);
#5387=LINE('',#5373,#5386);
#5388=EDGE_CURVE('',#5374,#5370,#5387,.T.);
#5389=ORIENTED_EDGE('',*,*,#5388,.T.);
#5390=ORIENTED_EDGE('',*,*,#5388,.F.);
#5391=LINE('',#5375,#5386);
#5392=EDGE_CURVE('',#5376,#5372,#5391,.T.);
#5393=ORIENTED_EDGE('',*,*,#5392,.T.);
#5394=ORIENTED_EDGE('',*,*,#5392,.F.);
#5395=EDGE_CURVE('',#5374,#5376,#5368,.T.);
#5396=ORIENTED_EDGE('',*,*,#5395,.T.);
#5397=ORIENTED_EDGE('',*,*,#5395,.F.);
#5398=EDGE_CURVE('',#5376,#5374,#5368,.T.);
#5399=ORIENTED_EDGE('',*,*,#5398,.T.);
#5400=ORIENTED_EDGE('',*,*,#5398,.F.);
#5401=EDGE_LOOP('',(#5396,#5399));
#5402=FACE_OUTER_BOUND('',#5401,.T.);
#5403=EDGE_LOOP('',(#5379,#5390,#5400,#5393));
#5404=FACE_BOUND('',#5403,.T.);
#5405=CYLINDRICAL_SURFACE('',#5367,0.825000000);
#5406=ADVANCED_FACE('',(#5404),#5405,.T.);
#5407=EDGE_LOOP('',(#5382,#5394,#5397,#5389));
#5408=FACE_BOUND('',#5407,.T.);
#5409=CYLINDRICAL_SURFACE('',#5367,0.825000000);
#5410=ADVANCED_FACE('',(#5408),#5409,.T.);
#5411=PLANE('',#5367);
#5412=ADVANCED_FACE('',(#5351,#5402),#5411,.T.);
#5413=PLANE('',#5364);
#5414=ADVANCED_FACE('',(#5333,#5384),#5413,.T.);
#5415=CLOSED_SHELL('NONE',(#5355,#5359,#5406,#5410,#5412,#5414));
#5416=MANIFOLD_SOLID_BREP('Combinateur_LR_Copperplane_16_+3.3V_2',#5415);
#5417=STYLED_ITEM('',(#2035),#5416);
#5418=MECHANICAL_DESIGN_GEOMETRIC_PRESENTATION_REPRESENTATION('',(#5417),#90);
#5419=DIRECTION('',(0.000000000,0.000000000,0.035000000));
#5420=DIRECTION('',(0.000000000,0.000000000,-0.035000000));
#5421=DIRECTION('',(0.550000000,0.000000000,0.000000000));
#5422=CARTESIAN_POINT('',(10.795000000,14.645000000,0.835000000));
#5423=AXIS2_PLACEMENT_3D('',#5422,#5419,#5421);
#5424=CIRCLE('',#5423,0.550000000);
#5425=CARTESIAN_POINT('',(10.795000000,14.645000000,0.800000000));
#5426=AXIS2_PLACEMENT_3D('',#5425,#5420,#5421);
#5427=CIRCLE('',#5426,0.550000000);
#5428=CARTESIAN_POINT('',(11.345000000,14.645000000,0.835000000));
#5429=VERTEX_POINT('',#5428);
#5430=CARTESIAN_POINT('',(10.245000000,14.645000000,0.835000000));
#5431=VERTEX_POINT('',#5430);
#5432=CARTESIAN_POINT('',(11.345000000,14.645000000,0.800000000));
#5433=VERTEX_POINT('',#5432);
#5434=CARTESIAN_POINT('',(10.245000000,14.645000000,0.800000000));
#5435=VERTEX_POINT('',#5434);
#5436=EDGE_CURVE('',#5429,#5431,#5424,.T.);
#5437=ORIENTED_EDGE('',*,*,#5436,.T.);
#5438=ORIENTED_EDGE('',*,*,#5436,.F.);
#5439=EDGE_CURVE('',#5431,#5429,#5424,.T.);
#5440=ORIENTED_EDGE('',*,*,#5439,.T.);
#5441=ORIENTED_EDGE('',*,*,#5439,.F.);
#5442=EDGE_LOOP('',(#5438,#5441));
#5443=FACE_BOUND('',#5442,.T.);
#5444=DIRECTION('',(0.000000000,0.000000000,0.035000000));
#5445=VECTOR('',#5444,1.);
#5446=LINE('',#5432,#5445);
#5447=EDGE_CURVE('',#5433,#5429,#5446,.T.);
#5448=ORIENTED_EDGE('',*,*,#5447,.T.);
#5449=ORIENTED_EDGE('',*,*,#5447,.F.);
#5450=LINE('',#5434,#5445);
#5451=EDGE_CURVE('',#5435,#5431,#5450,.T.);
#5452=ORIENTED_EDGE('',*,*,#5451,.T.);
#5453=ORIENTED_EDGE('',*,*,#5451,.F.);
#5454=EDGE_CURVE('',#5433,#5435,#5427,.T.);
#5455=ORIENTED_EDGE('',*,*,#5454,.T.);
#5456=ORIENTED_EDGE('',*,*,#5454,.F.);
#5457=EDGE_CURVE('',#5435,#5433,#5427,.T.);
#5458=ORIENTED_EDGE('',*,*,#5457,.T.);
#5459=ORIENTED_EDGE('',*,*,#5457,.F.);
#5460=EDGE_LOOP('',(#5456,#5459));
#5461=FACE_BOUND('',#5460,.T.);
#5462=EDGE_LOOP('',(#5437,#5453,#5458,#5448));
#5463=FACE_BOUND('',#5462,.T.);
#5464=CYLINDRICAL_SURFACE('',#5426,0.550000000);
#5465=ADVANCED_FACE('',(#5463),#5464,.F.);
#5466=EDGE_LOOP('',(#5440,#5449,#5455,#5452));
#5467=FACE_BOUND('',#5466,.T.);
#5468=CYLINDRICAL_SURFACE('',#5426,0.550000000);
#5469=ADVANCED_FACE('',(#5467),#5468,.F.);
#5470=DIRECTION('',(0.000000000,0.000000000,0.035000000));
#5471=DIRECTION('',(0.000000000,0.000000000,-0.035000000));
#5472=DIRECTION('',(0.825000000,0.000000000,0.000000000));
#5473=CARTESIAN_POINT('',(10.795000000,14.645000000,0.835000000));
#5474=AXIS2_PLACEMENT_3D('',#5473,#5470,#5472);
#5475=CIRCLE('',#5474,0.825000000);
#5476=CARTESIAN_POINT('',(10.795000000,14.645000000,0.800000000));
#5477=AXIS2_PLACEMENT_3D('',#5476,#5471,#5472);
#5478=CIRCLE('',#5477,0.825000000);
#5479=CARTESIAN_POINT('',(11.620000000,14.645000000,0.835000000));
#5480=VERTEX_POINT('',#5479);
#5481=CARTESIAN_POINT('',(9.970000000,14.645000000,0.835000000));
#5482=VERTEX_POINT('',#5481);
#5483=CARTESIAN_POINT('',(11.620000000,14.645000000,0.800000000));
#5484=VERTEX_POINT('',#5483);
#5485=CARTESIAN_POINT('',(9.970000000,14.645000000,0.800000000));
#5486=VERTEX_POINT('',#5485);
#5487=EDGE_CURVE('',#5480,#5482,#5475,.T.);
#5488=ORIENTED_EDGE('',*,*,#5487,.T.);
#5489=ORIENTED_EDGE('',*,*,#5487,.F.);
#5490=EDGE_CURVE('',#5482,#5480,#5475,.T.);
#5491=ORIENTED_EDGE('',*,*,#5490,.T.);
#5492=ORIENTED_EDGE('',*,*,#5490,.F.);
#5493=EDGE_LOOP('',(#5488,#5491));
#5494=FACE_OUTER_BOUND('',#5493,.T.);
#5495=DIRECTION('',(0.000000000,0.000000000,0.035000000));
#5496=VECTOR('',#5495,1.);
#5497=LINE('',#5483,#5496);
#5498=EDGE_CURVE('',#5484,#5480,#5497,.T.);
#5499=ORIENTED_EDGE('',*,*,#5498,.T.);
#5500=ORIENTED_EDGE('',*,*,#5498,.F.);
#5501=LINE('',#5485,#5496);
#5502=EDGE_CURVE('',#5486,#5482,#5501,.T.);
#5503=ORIENTED_EDGE('',*,*,#5502,.T.);
#5504=ORIENTED_EDGE('',*,*,#5502,.F.);
#5505=EDGE_CURVE('',#5484,#5486,#5478,.T.);
#5506=ORIENTED_EDGE('',*,*,#5505,.T.);
#5507=ORIENTED_EDGE('',*,*,#5505,.F.);
#5508=EDGE_CURVE('',#5486,#5484,#5478,.T.);
#5509=ORIENTED_EDGE('',*,*,#5508,.T.);
#5510=ORIENTED_EDGE('',*,*,#5508,.F.);
#5511=EDGE_LOOP('',(#5506,#5509));
#5512=FACE_OUTER_BOUND('',#5511,.T.);
#5513=EDGE_LOOP('',(#5489,#5500,#5510,#5503));
#5514=FACE_BOUND('',#5513,.T.);
#5515=CYLINDRICAL_SURFACE('',#5477,0.825000000);
#5516=ADVANCED_FACE('',(#5514),#5515,.T.);
#5517=EDGE_LOOP('',(#5492,#5504,#5507,#5499));
#5518=FACE_BOUND('',#5517,.T.);
#5519=CYLINDRICAL_SURFACE('',#5477,0.825000000);
#5520=ADVANCED_FACE('',(#5518),#5519,.T.);
#5521=PLANE('',#5477);
#5522=ADVANCED_FACE('',(#5461,#5512),#5521,.T.);
#5523=PLANE('',#5474);
#5524=ADVANCED_FACE('',(#5443,#5494),#5523,.T.);
#5525=CLOSED_SHELL('NONE',(#5465,#5469,#5516,#5520,#5522,#5524));
#5526=MANIFOLD_SOLID_BREP('Combinateur_LR_Copperplane_16_+3.3V_3',#5525);
#5527=STYLED_ITEM('',(#2035),#5526);
#5528=MECHANICAL_DESIGN_GEOMETRIC_PRESENTATION_REPRESENTATION('',(#5527),#90);
#5529=DIRECTION('',(0.000000000,0.000000000,0.035000000));
#5530=DIRECTION('',(0.000000000,0.000000000,-0.035000000));
#5531=DIRECTION('',(0.550000000,0.000000000,0.000000000));
#5532=CARTESIAN_POINT('',(10.795000000,31.155000000,-0.800000000));
#5533=AXIS2_PLACEMENT_3D('',#5532,#5529,#5531);
#5534=CIRCLE('',#5533,0.550000000);
#5535=CARTESIAN_POINT('',(10.795000000,31.155000000,-0.835000000));
#5536=AXIS2_PLACEMENT_3D('',#5535,#5530,#5531);
#5537=CIRCLE('',#5536,0.550000000);
#5538=CARTESIAN_POINT('',(11.345000000,31.155000000,-0.800000000));
#5539=VERTEX_POINT('',#5538);
#5540=CARTESIAN_POINT('',(10.245000000,31.155000000,-0.800000000));
#5541=VERTEX_POINT('',#5540);
#5542=CARTESIAN_POINT('',(11.345000000,31.155000000,-0.835000000));
#5543=VERTEX_POINT('',#5542);
#5544=CARTESIAN_POINT('',(10.245000000,31.155000000,-0.835000000));
#5545=VERTEX_POINT('',#5544);
#5546=EDGE_CURVE('',#5539,#5541,#5534,.T.);
#5547=ORIENTED_EDGE('',*,*,#5546,.T.);
#5548=ORIENTED_EDGE('',*,*,#5546,.F.);
#5549=EDGE_CURVE('',#5541,#5539,#5534,.T.);
#5550=ORIENTED_EDGE('',*,*,#5549,.T.);
#5551=ORIENTED_EDGE('',*,*,#5549,.F.);
#5552=EDGE_LOOP('',(#5548,#5551));
#5553=FACE_BOUND('',#5552,.T.);
#5554=DIRECTION('',(0.000000000,0.000000000,0.035000000));
#5555=VECTOR('',#5554,1.);
#5556=LINE('',#5542,#5555);
#5557=EDGE_CURVE('',#5543,#5539,#5556,.T.);
#5558=ORIENTED_EDGE('',*,*,#5557,.T.);
#5559=ORIENTED_EDGE('',*,*,#5557,.F.);
#5560=LINE('',#5544,#5555);
#5561=EDGE_CURVE('',#5545,#5541,#5560,.T.);
#5562=ORIENTED_EDGE('',*,*,#5561,.T.);
#5563=ORIENTED_EDGE('',*,*,#5561,.F.);
#5564=EDGE_CURVE('',#5543,#5545,#5537,.T.);
#5565=ORIENTED_EDGE('',*,*,#5564,.T.);
#5566=ORIENTED_EDGE('',*,*,#5564,.F.);
#5567=EDGE_CURVE('',#5545,#5543,#5537,.T.);
#5568=ORIENTED_EDGE('',*,*,#5567,.T.);
#5569=ORIENTED_EDGE('',*,*,#5567,.F.);
#5570=EDGE_LOOP('',(#5566,#5569));
#5571=FACE_BOUND('',#5570,.T.);
#5572=EDGE_LOOP('',(#5547,#5563,#5568,#5558));
#5573=FACE_BOUND('',#5572,.T.);
#5574=CYLINDRICAL_SURFACE('',#5536,0.550000000);
#5575=ADVANCED_FACE('',(#5573),#5574,.F.);
#5576=EDGE_LOOP('',(#5550,#5559,#5565,#5562));
#5577=FACE_BOUND('',#5576,.T.);
#5578=CYLINDRICAL_SURFACE('',#5536,0.550000000);
#5579=ADVANCED_FACE('',(#5577),#5578,.F.);
#5580=DIRECTION('',(0.000000000,0.000000000,0.035000000));
#5581=DIRECTION('',(0.000000000,0.000000000,-0.035000000));
#5582=DIRECTION('',(0.550000000,0.000000000,0.000000000));
#5583=CARTESIAN_POINT('',(18.415000000,17.740000000,-0.800000000));
#5584=AXIS2_PLACEMENT_3D('',#5583,#5580,#5582);
#5585=CIRCLE('',#5584,0.550000000);
#5586=CARTESIAN_POINT('',(18.415000000,17.740000000,-0.835000000));
#5587=AXIS2_PLACEMENT_3D('',#5586,#5581,#5582);
#5588=CIRCLE('',#5587,0.550000000);
#5589=CARTESIAN_POINT('',(18.965000000,17.740000000,-0.800000000));
#5590=VERTEX_POINT('',#5589);
#5591=CARTESIAN_POINT('',(17.865000000,17.740000000,-0.800000000));
#5592=VERTEX_POINT('',#5591);
#5593=CARTESIAN_POINT('',(18.965000000,17.740000000,-0.835000000));
#5594=VERTEX_POINT('',#5593);
#5595=CARTESIAN_POINT('',(17.865000000,17.740000000,-0.835000000));
#5596=VERTEX_POINT('',#5595);
#5597=EDGE_CURVE('',#5590,#5592,#5585,.T.);
#5598=ORIENTED_EDGE('',*,*,#5597,.T.);
#5599=ORIENTED_EDGE('',*,*,#5597,.F.);
#5600=EDGE_CURVE('',#5592,#5590,#5585,.T.);
#5601=ORIENTED_EDGE('',*,*,#5600,.T.);
#5602=ORIENTED_EDGE('',*,*,#5600,.F.);
#5603=EDGE_LOOP('',(#5599,#5602));
#5604=FACE_BOUND('',#5603,.T.);
#5605=DIRECTION('',(0.000000000,0.000000000,0.035000000));
#5606=VECTOR('',#5605,1.);
#5607=LINE('',#5593,#5606);
#5608=EDGE_CURVE('',#5594,#5590,#5607,.T.);
#5609=ORIENTED_EDGE('',*,*,#5608,.T.);
#5610=ORIENTED_EDGE('',*,*,#5608,.F.);
#5611=LINE('',#5595,#5606);
#5612=EDGE_CURVE('',#5596,#5592,#5611,.T.);
#5613=ORIENTED_EDGE('',*,*,#5612,.T.);
#5614=ORIENTED_EDGE('',*,*,#5612,.F.);
#5615=EDGE_CURVE('',#5594,#5596,#5588,.T.);
#5616=ORIENTED_EDGE('',*,*,#5615,.T.);
#5617=ORIENTED_EDGE('',*,*,#5615,.F.);
#5618=EDGE_CURVE('',#5596,#5594,#5588,.T.);
#5619=ORIENTED_EDGE('',*,*,#5618,.T.);
#5620=ORIENTED_EDGE('',*,*,#5618,.F.);
#5621=EDGE_LOOP('',(#5617,#5620));
#5622=FACE_BOUND('',#5621,.T.);
#5623=EDGE_LOOP('',(#5598,#5614,#5619,#5609));
#5624=FACE_BOUND('',#5623,.T.);
#5625=CYLINDRICAL_SURFACE('',#5587,0.550000000);
#5626=ADVANCED_FACE('',(#5624),#5625,.F.);
#5627=EDGE_LOOP('',(#5601,#5610,#5616,#5613));
#5628=FACE_BOUND('',#5627,.T.);
#5629=CYLINDRICAL_SURFACE('',#5587,0.550000000);
#5630=ADVANCED_FACE('',(#5628),#5629,.F.);
#5631=DIRECTION('',(0.000000000,0.000000000,0.035000000));
#5632=DIRECTION('',(0.000000000,0.000000000,-0.035000000));
#5633=DIRECTION('',(0.550000000,0.000000000,0.000000000));
#5634=CARTESIAN_POINT('',(10.795000000,14.645000000,-0.800000000));
#5635=AXIS2_PLACEMENT_3D('',#5634,#5631,#5633);
#5636=CIRCLE('',#5635,0.550000000);
#5637=CARTESIAN_POINT('',(10.795000000,14.645000000,-0.835000000));
#5638=AXIS2_PLACEMENT_3D('',#5637,#5632,#5633);
#5639=CIRCLE('',#5638,0.550000000);
#5640=CARTESIAN_POINT('',(11.345000000,14.645000000,-0.800000000));
#5641=VERTEX_POINT('',#5640);
#5642=CARTESIAN_POINT('',(10.245000000,14.645000000,-0.800000000));
#5643=VERTEX_POINT('',#5642);
#5644=CARTESIAN_POINT('',(11.345000000,14.645000000,-0.835000000));
#5645=VERTEX_POINT('',#5644);
#5646=CARTESIAN_POINT('',(10.245000000,14.645000000,-0.835000000));
#5647=VERTEX_POINT('',#5646);
#5648=EDGE_CURVE('',#5641,#5643,#5636,.T.);
#5649=ORIENTED_EDGE('',*,*,#5648,.T.);
#5650=ORIENTED_EDGE('',*,*,#5648,.F.);
#5651=EDGE_CURVE('',#5643,#5641,#5636,.T.);
#5652=ORIENTED_EDGE('',*,*,#5651,.T.);
#5653=ORIENTED_EDGE('',*,*,#5651,.F.);
#5654=EDGE_LOOP('',(#5650,#5653));
#5655=FACE_BOUND('',#5654,.T.);
#5656=DIRECTION('',(0.000000000,0.000000000,0.035000000));
#5657=VECTOR('',#5656,1.);
#5658=LINE('',#5644,#5657);
#5659=EDGE_CURVE('',#5645,#5641,#5658,.T.);
#5660=ORIENTED_EDGE('',*,*,#5659,.T.);
#5661=ORIENTED_EDGE('',*,*,#5659,.F.);
#5662=LINE('',#5646,#5657);
#5663=EDGE_CURVE('',#5647,#5643,#5662,.T.);
#5664=ORIENTED_EDGE('',*,*,#5663,.T.);
#5665=ORIENTED_EDGE('',*,*,#5663,.F.);
#5666=EDGE_CURVE('',#5645,#5647,#5639,.T.);
#5667=ORIENTED_EDGE('',*,*,#5666,.T.);
#5668=ORIENTED_EDGE('',*,*,#5666,.F.);
#5669=EDGE_CURVE('',#5647,#5645,#5639,.T.);
#5670=ORIENTED_EDGE('',*,*,#5669,.T.);
#5671=ORIENTED_EDGE('',*,*,#5669,.F.);
#5672=EDGE_LOOP('',(#5668,#5671));
#5673=FACE_BOUND('',#5672,.T.);
#5674=EDGE_LOOP('',(#5649,#5665,#5670,#5660));
#5675=FACE_BOUND('',#5674,.T.);
#5676=CYLINDRICAL_SURFACE('',#5638,0.550000000);
#5677=ADVANCED_FACE('',(#5675),#5676,.F.);
#5678=EDGE_LOOP('',(#5652,#5661,#5667,#5664));
#5679=FACE_BOUND('',#5678,.T.);
#5680=CYLINDRICAL_SURFACE('',#5638,0.550000000);
#5681=ADVANCED_FACE('',(#5679),#5680,.F.);
#5682=CARTESIAN_POINT('',(11.579926111,14.391000000,-0.835000000));
#5683=VERTEX_POINT('',#5682);
#5684=CARTESIAN_POINT('',(11.579926111,14.391000000,-0.800000000));
#5685=VERTEX_POINT('',#5684);
#5686=CARTESIAN_POINT('',(15.279999985,14.391000000,-0.835000000));
#5687=VERTEX_POINT('',#5686);
#5688=CARTESIAN_POINT('',(15.279999985,14.391000000,-0.800000000));
#5689=VERTEX_POINT('',#5688);
#5690=CARTESIAN_POINT('',(15.459395298,14.465185298,-0.835000000));
#5691=VERTEX_POINT('',#5690);
#5692=CARTESIAN_POINT('',(15.459395298,14.465185298,-0.800000000));
#5693=VERTEX_POINT('',#5692);
#5694=CARTESIAN_POINT('',(18.013500069,17.019290069,-0.835000000));
#5695=VERTEX_POINT('',#5694);
#5696=CARTESIAN_POINT('',(18.013500069,17.019290069,-0.800000000));
#5697=VERTEX_POINT('',#5696);
#5698=CARTESIAN_POINT('',(19.135709931,18.141499931,-0.835000000));
#5699=VERTEX_POINT('',#5698);
#5700=CARTESIAN_POINT('',(19.135709931,18.141499931,-0.800000000));
#5701=VERTEX_POINT('',#5700);
#5702=CARTESIAN_POINT('',(21.769395298,20.775185298,-0.835000000));
#5703=VERTEX_POINT('',#5702);
#5704=CARTESIAN_POINT('',(21.769395298,20.775185298,-0.800000000));
#5705=VERTEX_POINT('',#5704);
#5706=CARTESIAN_POINT('',(21.844000000,20.955000000,-0.835000000));
#5707=VERTEX_POINT('',#5706);
#5708=CARTESIAN_POINT('',(21.844000000,20.955000000,-0.800000000));
#5709=VERTEX_POINT('',#5708);
#5710=CARTESIAN_POINT('',(21.844000000,27.305000000,-0.835000000));
#5711=VERTEX_POINT('',#5710);
#5712=CARTESIAN_POINT('',(21.844000000,27.305000000,-0.800000000));
#5713=VERTEX_POINT('',#5712);
#5714=CARTESIAN_POINT('',(21.769814702,27.484395298,-0.835000000));
#5715=VERTEX_POINT('',#5714);
#5716=CARTESIAN_POINT('',(21.769814702,27.484395298,-0.800000000));
#5717=VERTEX_POINT('',#5716);
#5718=CARTESIAN_POINT('',(17.919814702,31.334395298,-0.835000000));
#5719=VERTEX_POINT('',#5718);
#5720=CARTESIAN_POINT('',(17.919814702,31.334395298,-0.800000000));
#5721=VERTEX_POINT('',#5720);
#5722=CARTESIAN_POINT('',(17.740000000,31.409000000,-0.835000000));
#5723=VERTEX_POINT('',#5722);
#5724=CARTESIAN_POINT('',(17.740000000,31.409000000,-0.800000000));
#5725=VERTEX_POINT('',#5724);
#5726=CARTESIAN_POINT('',(11.579926111,31.409000000,-0.835000000));
#5727=VERTEX_POINT('',#5726);
#5728=CARTESIAN_POINT('',(11.579926111,31.409000000,-0.800000000));
#5729=VERTEX_POINT('',#5728);
#5730=CARTESIAN_POINT('',(11.579926111,30.901000000,-0.835000000));
#5731=VERTEX_POINT('',#5730);
#5732=CARTESIAN_POINT('',(11.579926111,30.901000000,-0.800000000));
#5733=VERTEX_POINT('',#5732);
#5734=CARTESIAN_POINT('',(17.634790000,30.901000000,-0.835000000));
#5735=VERTEX_POINT('',#5734);
#5736=CARTESIAN_POINT('',(17.634790000,30.901000000,-0.800000000));
#5737=VERTEX_POINT('',#5736);
#5738=CARTESIAN_POINT('',(21.336000000,27.199790000,-0.835000000));
#5739=VERTEX_POINT('',#5738);
#5740=CARTESIAN_POINT('',(21.336000000,27.199790000,-0.800000000));
#5741=VERTEX_POINT('',#5740);
#5742=CARTESIAN_POINT('',(21.336000000,21.060210000,-0.835000000));
#5743=VERTEX_POINT('',#5742);
#5744=CARTESIAN_POINT('',(21.336000000,21.060210000,-0.800000000));
#5745=VERTEX_POINT('',#5744);
#5746=CARTESIAN_POINT('',(18.763546753,18.487756753,-0.835000000));
#5747=VERTEX_POINT('',#5746);
#5748=CARTESIAN_POINT('',(18.763546753,18.487756753,-0.800000000));
#5749=VERTEX_POINT('',#5748);
#5750=CARTESIAN_POINT('',(17.667243247,17.391453247,-0.835000000));
#5751=VERTEX_POINT('',#5750);
#5752=CARTESIAN_POINT('',(17.667243247,17.391453247,-0.800000000));
#5753=VERTEX_POINT('',#5752);
#5754=CARTESIAN_POINT('',(15.174790000,14.899000000,-0.835000000));
#5755=VERTEX_POINT('',#5754);
#5756=CARTESIAN_POINT('',(15.174790000,14.899000000,-0.800000000));
#5757=VERTEX_POINT('',#5756);
#5758=CARTESIAN_POINT('',(11.579926111,14.899000000,-0.835000000));
#5759=VERTEX_POINT('',#5758);
#5760=CARTESIAN_POINT('',(11.579926111,14.899000000,-0.800000000));
#5761=VERTEX_POINT('',#5760);
#5762=DIRECTION('',(3.700073873,0.000000000,0.000000000));
#5763=VECTOR('',#5762,1.);
#5764=LINE('',#5682,#5763);
#5765=DIRECTION('',(3.700073873,0.000000000,0.000000000));
#5766=VECTOR('',#5765,1.);
#5767=LINE('',#5684,#5766);
#5768=CARTESIAN_POINT('',(15.280000000,14.645000000,-0.835000000));
#5769=DIRECTION('',(0.,0.,1.));
#5770=DIRECTION('',(1.,0.,0.));
#5771=AXIS2_PLACEMENT_3D('',#5768,#5769,#5770);
#5772=CIRCLE('',#5771,0.254000000);
#5773=CARTESIAN_POINT('',(15.280000000,14.645000000,-0.800000000));
#5774=DIRECTION('',(0.,0.,1.));
#5775=DIRECTION('',(1.,0.,0.));
#5776=AXIS2_PLACEMENT_3D('',#5773,#5774,#5775);
#5777=CIRCLE('',#5776,0.254000000);
#5778=DIRECTION('',(2.554104771,2.554104771,0.000000000));
#5779=VECTOR('',#5778,1.);
#5780=LINE('',#5690,#5779);
#5781=DIRECTION('',(2.554104771,2.554104771,0.000000000));
#5782=VECTOR('',#5781,1.);
#5783=LINE('',#5692,#5782);
#5784=CARTESIAN_POINT('',(18.415000000,17.740000000,-0.835000000));
#5785=DIRECTION('',(0.,0.,1.));
#5786=DIRECTION('',(1.,0.,0.));
#5787=AXIS2_PLACEMENT_3D('',#5784,#5785,#5786);
#5788=CIRCLE('',#5787,0.825000000);
#5789=CARTESIAN_POINT('',(18.415000000,17.740000000,-0.800000000));
#5790=DIRECTION('',(0.,0.,1.));
#5791=DIRECTION('',(1.,0.,0.));
#5792=AXIS2_PLACEMENT_3D('',#5789,#5790,#5791);
#5793=CIRCLE('',#5792,0.825000000);
#5794=DIRECTION('',(2.633685366,2.633685366,0.000000000));
#5795=VECTOR('',#5794,1.);
#5796=LINE('',#5698,#5795);
#5797=DIRECTION('',(2.633685366,2.633685366,0.000000000));
#5798=VECTOR('',#5797,1.);
#5799=LINE('',#5700,#5798);
#5800=CARTESIAN_POINT('',(21.590000000,20.955000000,-0.835000000));
#5801=DIRECTION('',(0.,0.,1.));
#5802=DIRECTION('',(1.,0.,0.));
#5803=AXIS2_PLACEMENT_3D('',#5800,#5801,#5802);
#5804=CIRCLE('',#5803,0.254000000);
#5805=CARTESIAN_POINT('',(21.590000000,20.955000000,-0.800000000));
#5806=DIRECTION('',(0.,0.,1.));
#5807=DIRECTION('',(1.,0.,0.));
#5808=AXIS2_PLACEMENT_3D('',#5805,#5806,#5807);
#5809=CIRCLE('',#5808,0.254000000);
#5810=DIRECTION('',(0.000000000,6.350000000,0.000000000));
#5811=VECTOR('',#5810,1.);
#5812=LINE('',#5706,#5811);
#5813=DIRECTION('',(0.000000000,6.350000000,0.000000000));
#5814=VECTOR('',#5813,1.);
#5815=LINE('',#5708,#5814);
#5816=CARTESIAN_POINT('',(21.590000000,27.305000000,-0.835000000));
#5817=DIRECTION('',(0.,0.,1.));
#5818=DIRECTION('',(1.,0.,0.));
#5819=AXIS2_PLACEMENT_3D('',#5816,#5817,#5818);
#5820=CIRCLE('',#5819,0.254000000);
#5821=CARTESIAN_POINT('',(21.590000000,27.305000000,-0.800000000));
#5822=DIRECTION('',(0.,0.,1.));
#5823=DIRECTION('',(1.,0.,0.));
#5824=AXIS2_PLACEMENT_3D('',#5821,#5822,#5823);
#5825=CIRCLE('',#5824,0.254000000);
#5826=DIRECTION('',(-3.850000000,3.850000000,0.000000000));
#5827=VECTOR('',#5826,1.);
#5828=LINE('',#5714,#5827);
#5829=DIRECTION('',(-3.850000000,3.850000000,0.000000000));
#5830=VECTOR('',#5829,1.);
#5831=LINE('',#5716,#5830);
#5832=CARTESIAN_POINT('',(17.740000000,31.155000000,-0.835000000));
#5833=DIRECTION('',(0.,0.,1.));
#5834=DIRECTION('',(1.,0.,0.));
#5835=AXIS2_PLACEMENT_3D('',#5832,#5833,#5834);
#5836=CIRCLE('',#5835,0.254000000);
#5837=CARTESIAN_POINT('',(17.740000000,31.155000000,-0.800000000));
#5838=DIRECTION('',(0.,0.,1.));
#5839=DIRECTION('',(1.,0.,0.));
#5840=AXIS2_PLACEMENT_3D('',#5837,#5838,#5839);
#5841=CIRCLE('',#5840,0.254000000);
#5842=DIRECTION('',(-6.160073889,0.000000000,0.000000000));
#5843=VECTOR('',#5842,1.);
#5844=LINE('',#5722,#5843);
#5845=DIRECTION('',(-6.160073889,0.000000000,0.000000000));
#5846=VECTOR('',#5845,1.);
#5847=LINE('',#5724,#5846);
#5848=CARTESIAN_POINT('',(10.795000000,31.155000000,-0.835000000));
#5849=DIRECTION('',(0.,0.,1.));
#5850=DIRECTION('',(1.,0.,0.));
#5851=AXIS2_PLACEMENT_3D('',#5848,#5849,#5850);
#5852=CIRCLE('',#5851,0.825000000);
#5853=CARTESIAN_POINT('',(10.795000000,31.155000000,-0.800000000));
#5854=DIRECTION('',(0.,0.,1.));
#5855=DIRECTION('',(1.,0.,0.));
#5856=AXIS2_PLACEMENT_3D('',#5853,#5854,#5855);
#5857=CIRCLE('',#5856,0.825000000);
#5858=DIRECTION('',(6.054863889,0.000000000,0.000000000));
#5859=VECTOR('',#5858,1.);
#5860=LINE('',#5730,#5859);
#5861=DIRECTION('',(6.054863889,0.000000000,0.000000000));
#5862=VECTOR('',#5861,1.);
#5863=LINE('',#5732,#5862);
#5864=DIRECTION('',(3.701210000,-3.701210000,0.000000000));
#5865=VECTOR('',#5864,1.);
#5866=LINE('',#5734,#5865);
#5867=DIRECTION('',(3.701210000,-3.701210000,0.000000000));
#5868=VECTOR('',#5867,1.);
#5869=LINE('',#5736,#5868);
#5870=DIRECTION('',(0.000000000,-6.139580000,0.000000000));
#5871=VECTOR('',#5870,1.);
#5872=LINE('',#5738,#5871);
#5873=DIRECTION('',(0.000000000,-6.139580000,0.000000000));
#5874=VECTOR('',#5873,1.);
#5875=LINE('',#5740,#5874);
#5876=DIRECTION('',(-2.572453247,-2.572453247,0.000000000));
#5877=VECTOR('',#5876,1.);
#5878=LINE('',#5742,#5877);
#5879=DIRECTION('',(-2.572453247,-2.572453247,0.000000000));
#5880=VECTOR('',#5879,1.);
#5881=LINE('',#5744,#5880);
#5882=CARTESIAN_POINT('',(18.415000000,17.740000000,-0.835000000));
#5883=DIRECTION('',(0.,0.,1.));
#5884=DIRECTION('',(1.,0.,0.));
#5885=AXIS2_PLACEMENT_3D('',#5882,#5883,#5884);
#5886=CIRCLE('',#5885,0.825000000);
#5887=CARTESIAN_POINT('',(18.415000000,17.740000000,-0.800000000));
#5888=DIRECTION('',(0.,0.,1.));
#5889=DIRECTION('',(1.,0.,0.));
#5890=AXIS2_PLACEMENT_3D('',#5887,#5888,#5889);
#5891=CIRCLE('',#5890,0.825000000);
#5892=DIRECTION('',(-2.492453247,-2.492453247,0.000000000));
#5893=VECTOR('',#5892,1.);
#5894=LINE('',#5750,#5893);
#5895=DIRECTION('',(-2.492453247,-2.492453247,0.000000000));
#5896=VECTOR('',#5895,1.);
#5897=LINE('',#5752,#5896);
#5898=DIRECTION('',(-3.594863889,0.000000000,0.000000000));
#5899=VECTOR('',#5898,1.);
#5900=LINE('',#5754,#5899);
#5901=DIRECTION('',(-3.594863889,0.000000000,0.000000000));
#5902=VECTOR('',#5901,1.);
#5903=LINE('',#5756,#5902);
#5904=CARTESIAN_POINT('',(10.795000000,14.645000000,-0.835000000));
#5905=DIRECTION('',(0.,0.,1.));
#5906=DIRECTION('',(1.,0.,0.));
#5907=AXIS2_PLACEMENT_3D('',#5904,#5905,#5906);
#5908=CIRCLE('',#5907,0.825000000);
#5909=CARTESIAN_POINT('',(10.795000000,14.645000000,-0.800000000));
#5910=DIRECTION('',(0.,0.,1.));
#5911=DIRECTION('',(1.,0.,0.));
#5912=AXIS2_PLACEMENT_3D('',#5909,#5910,#5911);
#5913=CIRCLE('',#5912,0.825000000);
#5914=DIRECTION('',(0.000000000,0.000000000,0.035000000));
#5915=VECTOR('',#5914,1.);
#5916=LINE('',#5682,#5915);
#5917=DIRECTION('',(0.000000000,0.000000000,0.035000000));
#5918=VECTOR('',#5917,1.);
#5919=LINE('',#5686,#5918);
#5920=DIRECTION('',(0.000000000,0.000000000,0.035000000));
#5921=VECTOR('',#5920,1.);
#5922=LINE('',#5690,#5921);
#5923=DIRECTION('',(0.000000000,0.000000000,0.035000000));
#5924=VECTOR('',#5923,1.);
#5925=LINE('',#5694,#5924);
#5926=DIRECTION('',(0.000000000,0.000000000,0.035000000));
#5927=VECTOR('',#5926,1.);
#5928=LINE('',#5698,#5927);
#5929=DIRECTION('',(0.000000000,0.000000000,0.035000000));
#5930=VECTOR('',#5929,1.);
#5931=LINE('',#5702,#5930);
#5932=DIRECTION('',(0.000000000,0.000000000,0.035000000));
#5933=VECTOR('',#5932,1.);
#5934=LINE('',#5706,#5933);
#5935=DIRECTION('',(0.000000000,0.000000000,0.035000000));
#5936=VECTOR('',#5935,1.);
#5937=LINE('',#5710,#5936);
#5938=DIRECTION('',(0.000000000,0.000000000,0.035000000));
#5939=VECTOR('',#5938,1.);
#5940=LINE('',#5714,#5939);
#5941=DIRECTION('',(0.000000000,0.000000000,0.035000000));
#5942=VECTOR('',#5941,1.);
#5943=LINE('',#5718,#5942);
#5944=DIRECTION('',(0.000000000,0.000000000,0.035000000));
#5945=VECTOR('',#5944,1.);
#5946=LINE('',#5722,#5945);
#5947=DIRECTION('',(0.000000000,0.000000000,0.035000000));
#5948=VECTOR('',#5947,1.);
#5949=LINE('',#5726,#5948);
#5950=DIRECTION('',(0.000000000,0.000000000,0.035000000));
#5951=VECTOR('',#5950,1.);
#5952=LINE('',#5730,#5951);
#5953=DIRECTION('',(0.000000000,0.000000000,0.035000000));
#5954=VECTOR('',#5953,1.);
#5955=LINE('',#5734,#5954);
#5956=DIRECTION('',(0.000000000,0.000000000,0.035000000));
#5957=VECTOR('',#5956,1.);
#5958=LINE('',#5738,#5957);
#5959=DIRECTION('',(0.000000000,0.000000000,0.035000000));
#5960=VECTOR('',#5959,1.);
#5961=LINE('',#5742,#5960);
#5962=DIRECTION('',(0.000000000,0.000000000,0.035000000));
#5963=VECTOR('',#5962,1.);
#5964=LINE('',#5746,#5963);
#5965=DIRECTION('',(0.000000000,0.000000000,0.035000000));
#5966=VECTOR('',#5965,1.);
#5967=LINE('',#5750,#5966);
#5968=DIRECTION('',(0.000000000,0.000000000,0.035000000));
#5969=VECTOR('',#5968,1.);
#5970=LINE('',#5754,#5969);
#5971=DIRECTION('',(0.000000000,0.000000000,0.035000000));
#5972=VECTOR('',#5971,1.);
#5973=LINE('',#5758,#5972);
#5974=EDGE_CURVE('',#5683,#5687,#5764,.T.);
#5975=ORIENTED_EDGE('',*,*,#5974,.T.);
#5976=ORIENTED_EDGE('',*,*,#5974,.F.);
#5977=EDGE_CURVE('',#5685,#5689,#5767,.T.);
#5978=ORIENTED_EDGE('',*,*,#5977,.T.);
#5979=ORIENTED_EDGE('',*,*,#5977,.F.);
#5980=EDGE_CURVE('',#5683,#5685,#5916,.T.);
#5981=ORIENTED_EDGE('',*,*,#5980,.T.);
#5982=ORIENTED_EDGE('',*,*,#5980,.F.);
#5983=EDGE_CURVE('',#5687,#5691,#5772,.T.);
#5984=ORIENTED_EDGE('',*,*,#5983,.T.);
#5985=ORIENTED_EDGE('',*,*,#5983,.F.);
#5986=EDGE_CURVE('',#5689,#5693,#5777,.T.);
#5987=ORIENTED_EDGE('',*,*,#5986,.T.);
#5988=ORIENTED_EDGE('',*,*,#5986,.F.);
#5989=EDGE_CURVE('',#5687,#5689,#5919,.T.);
#5990=ORIENTED_EDGE('',*,*,#5989,.T.);
#5991=ORIENTED_EDGE('',*,*,#5989,.F.);
#5992=EDGE_CURVE('',#5691,#5695,#5780,.T.);
#5993=ORIENTED_EDGE('',*,*,#5992,.T.);
#5994=ORIENTED_EDGE('',*,*,#5992,.F.);
#5995=EDGE_CURVE('',#5693,#5697,#5783,.T.);
#5996=ORIENTED_EDGE('',*,*,#5995,.T.);
#5997=ORIENTED_EDGE('',*,*,#5995,.F.);
#5998=EDGE_CURVE('',#5691,#5693,#5922,.T.);
#5999=ORIENTED_EDGE('',*,*,#5998,.T.);
#6000=ORIENTED_EDGE('',*,*,#5998,.F.);
#6001=EDGE_CURVE('',#5695,#5699,#5788,.T.);
#6002=ORIENTED_EDGE('',*,*,#6001,.T.);
#6003=ORIENTED_EDGE('',*,*,#6001,.F.);
#6004=EDGE_CURVE('',#5697,#5701,#5793,.T.);
#6005=ORIENTED_EDGE('',*,*,#6004,.T.);
#6006=ORIENTED_EDGE('',*,*,#6004,.F.);
#6007=EDGE_CURVE('',#5695,#5697,#5925,.T.);
#6008=ORIENTED_EDGE('',*,*,#6007,.T.);
#6009=ORIENTED_EDGE('',*,*,#6007,.F.);
#6010=EDGE_CURVE('',#5699,#5703,#5796,.T.);
#6011=ORIENTED_EDGE('',*,*,#6010,.T.);
#6012=ORIENTED_EDGE('',*,*,#6010,.F.);
#6013=EDGE_CURVE('',#5701,#5705,#5799,.T.);
#6014=ORIENTED_EDGE('',*,*,#6013,.T.);
#6015=ORIENTED_EDGE('',*,*,#6013,.F.);
#6016=EDGE_CURVE('',#5699,#5701,#5928,.T.);
#6017=ORIENTED_EDGE('',*,*,#6016,.T.);
#6018=ORIENTED_EDGE('',*,*,#6016,.F.);
#6019=EDGE_CURVE('',#5703,#5707,#5804,.T.);
#6020=ORIENTED_EDGE('',*,*,#6019,.T.);
#6021=ORIENTED_EDGE('',*,*,#6019,.F.);
#6022=EDGE_CURVE('',#5705,#5709,#5809,.T.);
#6023=ORIENTED_EDGE('',*,*,#6022,.T.);
#6024=ORIENTED_EDGE('',*,*,#6022,.F.);
#6025=EDGE_CURVE('',#5703,#5705,#5931,.T.);
#6026=ORIENTED_EDGE('',*,*,#6025,.T.);
#6027=ORIENTED_EDGE('',*,*,#6025,.F.);
#6028=EDGE_CURVE('',#5707,#5711,#5812,.T.);
#6029=ORIENTED_EDGE('',*,*,#6028,.T.);
#6030=ORIENTED_EDGE('',*,*,#6028,.F.);
#6031=EDGE_CURVE('',#5709,#5713,#5815,.T.);
#6032=ORIENTED_EDGE('',*,*,#6031,.T.);
#6033=ORIENTED_EDGE('',*,*,#6031,.F.);
#6034=EDGE_CURVE('',#5707,#5709,#5934,.T.);
#6035=ORIENTED_EDGE('',*,*,#6034,.T.);
#6036=ORIENTED_EDGE('',*,*,#6034,.F.);
#6037=EDGE_CURVE('',#5711,#5715,#5820,.T.);
#6038=ORIENTED_EDGE('',*,*,#6037,.T.);
#6039=ORIENTED_EDGE('',*,*,#6037,.F.);
#6040=EDGE_CURVE('',#5713,#5717,#5825,.T.);
#6041=ORIENTED_EDGE('',*,*,#6040,.T.);
#6042=ORIENTED_EDGE('',*,*,#6040,.F.);
#6043=EDGE_CURVE('',#5711,#5713,#5937,.T.);
#6044=ORIENTED_EDGE('',*,*,#6043,.T.);
#6045=ORIENTED_EDGE('',*,*,#6043,.F.);
#6046=EDGE_CURVE('',#5715,#5719,#5828,.T.);
#6047=ORIENTED_EDGE('',*,*,#6046,.T.);
#6048=ORIENTED_EDGE('',*,*,#6046,.F.);
#6049=EDGE_CURVE('',#5717,#5721,#5831,.T.);
#6050=ORIENTED_EDGE('',*,*,#6049,.T.);
#6051=ORIENTED_EDGE('',*,*,#6049,.F.);
#6052=EDGE_CURVE('',#5715,#5717,#5940,.T.);
#6053=ORIENTED_EDGE('',*,*,#6052,.T.);
#6054=ORIENTED_EDGE('',*,*,#6052,.F.);
#6055=EDGE_CURVE('',#5719,#5723,#5836,.T.);
#6056=ORIENTED_EDGE('',*,*,#6055,.T.);
#6057=ORIENTED_EDGE('',*,*,#6055,.F.);
#6058=EDGE_CURVE('',#5721,#5725,#5841,.T.);
#6059=ORIENTED_EDGE('',*,*,#6058,.T.);
#6060=ORIENTED_EDGE('',*,*,#6058,.F.);
#6061=EDGE_CURVE('',#5719,#5721,#5943,.T.);
#6062=ORIENTED_EDGE('',*,*,#6061,.T.);
#6063=ORIENTED_EDGE('',*,*,#6061,.F.);
#6064=EDGE_CURVE('',#5723,#5727,#5844,.T.);
#6065=ORIENTED_EDGE('',*,*,#6064,.T.);
#6066=ORIENTED_EDGE('',*,*,#6064,.F.);
#6067=EDGE_CURVE('',#5725,#5729,#5847,.T.);
#6068=ORIENTED_EDGE('',*,*,#6067,.T.);
#6069=ORIENTED_EDGE('',*,*,#6067,.F.);
#6070=EDGE_CURVE('',#5723,#5725,#5946,.T.);
#6071=ORIENTED_EDGE('',*,*,#6070,.T.);
#6072=ORIENTED_EDGE('',*,*,#6070,.F.);
#6073=EDGE_CURVE('',#5727,#5731,#5852,.T.);
#6074=ORIENTED_EDGE('',*,*,#6073,.T.);
#6075=ORIENTED_EDGE('',*,*,#6073,.F.);
#6076=EDGE_CURVE('',#5729,#5733,#5857,.T.);
#6077=ORIENTED_EDGE('',*,*,#6076,.T.);
#6078=ORIENTED_EDGE('',*,*,#6076,.F.);
#6079=EDGE_CURVE('',#5727,#5729,#5949,.T.);
#6080=ORIENTED_EDGE('',*,*,#6079,.T.);
#6081=ORIENTED_EDGE('',*,*,#6079,.F.);
#6082=EDGE_CURVE('',#5731,#5735,#5860,.T.);
#6083=ORIENTED_EDGE('',*,*,#6082,.T.);
#6084=ORIENTED_EDGE('',*,*,#6082,.F.);
#6085=EDGE_CURVE('',#5733,#5737,#5863,.T.);
#6086=ORIENTED_EDGE('',*,*,#6085,.T.);
#6087=ORIENTED_EDGE('',*,*,#6085,.F.);
#6088=EDGE_CURVE('',#5731,#5733,#5952,.T.);
#6089=ORIENTED_EDGE('',*,*,#6088,.T.);
#6090=ORIENTED_EDGE('',*,*,#6088,.F.);
#6091=EDGE_CURVE('',#5735,#5739,#5866,.T.);
#6092=ORIENTED_EDGE('',*,*,#6091,.T.);
#6093=ORIENTED_EDGE('',*,*,#6091,.F.);
#6094=EDGE_CURVE('',#5737,#5741,#5869,.T.);
#6095=ORIENTED_EDGE('',*,*,#6094,.T.);
#6096=ORIENTED_EDGE('',*,*,#6094,.F.);
#6097=EDGE_CURVE('',#5735,#5737,#5955,.T.);
#6098=ORIENTED_EDGE('',*,*,#6097,.T.);
#6099=ORIENTED_EDGE('',*,*,#6097,.F.);
#6100=EDGE_CURVE('',#5739,#5743,#5872,.T.);
#6101=ORIENTED_EDGE('',*,*,#6100,.T.);
#6102=ORIENTED_EDGE('',*,*,#6100,.F.);
#6103=EDGE_CURVE('',#5741,#5745,#5875,.T.);
#6104=ORIENTED_EDGE('',*,*,#6103,.T.);
#6105=ORIENTED_EDGE('',*,*,#6103,.F.);
#6106=EDGE_CURVE('',#5739,#5741,#5958,.T.);
#6107=ORIENTED_EDGE('',*,*,#6106,.T.);
#6108=ORIENTED_EDGE('',*,*,#6106,.F.);
#6109=EDGE_CURVE('',#5743,#5747,#5878,.T.);
#6110=ORIENTED_EDGE('',*,*,#6109,.T.);
#6111=ORIENTED_EDGE('',*,*,#6109,.F.);
#6112=EDGE_CURVE('',#5745,#5749,#5881,.T.);
#6113=ORIENTED_EDGE('',*,*,#6112,.T.);
#6114=ORIENTED_EDGE('',*,*,#6112,.F.);
#6115=EDGE_CURVE('',#5743,#5745,#5961,.T.);
#6116=ORIENTED_EDGE('',*,*,#6115,.T.);
#6117=ORIENTED_EDGE('',*,*,#6115,.F.);
#6118=EDGE_CURVE('',#5747,#5751,#5886,.T.);
#6119=ORIENTED_EDGE('',*,*,#6118,.T.);
#6120=ORIENTED_EDGE('',*,*,#6118,.F.);
#6121=EDGE_CURVE('',#5749,#5753,#5891,.T.);
#6122=ORIENTED_EDGE('',*,*,#6121,.T.);
#6123=ORIENTED_EDGE('',*,*,#6121,.F.);
#6124=EDGE_CURVE('',#5747,#5749,#5964,.T.);
#6125=ORIENTED_EDGE('',*,*,#6124,.T.);
#6126=ORIENTED_EDGE('',*,*,#6124,.F.);
#6127=EDGE_CURVE('',#5751,#5755,#5894,.T.);
#6128=ORIENTED_EDGE('',*,*,#6127,.T.);
#6129=ORIENTED_EDGE('',*,*,#6127,.F.);
#6130=EDGE_CURVE('',#5753,#5757,#5897,.T.);
#6131=ORIENTED_EDGE('',*,*,#6130,.T.);
#6132=ORIENTED_EDGE('',*,*,#6130,.F.);
#6133=EDGE_CURVE('',#5751,#5753,#5967,.T.);
#6134=ORIENTED_EDGE('',*,*,#6133,.T.);
#6135=ORIENTED_EDGE('',*,*,#6133,.F.);
#6136=EDGE_CURVE('',#5755,#5759,#5900,.T.);
#6137=ORIENTED_EDGE('',*,*,#6136,.T.);
#6138=ORIENTED_EDGE('',*,*,#6136,.F.);
#6139=EDGE_CURVE('',#5757,#5761,#5903,.T.);
#6140=ORIENTED_EDGE('',*,*,#6139,.T.);
#6141=ORIENTED_EDGE('',*,*,#6139,.F.);
#6142=EDGE_CURVE('',#5755,#5757,#5970,.T.);
#6143=ORIENTED_EDGE('',*,*,#6142,.T.);
#6144=ORIENTED_EDGE('',*,*,#6142,.F.);
#6145=EDGE_CURVE('',#5759,#5683,#5908,.T.);
#6146=ORIENTED_EDGE('',*,*,#6145,.T.);
#6147=ORIENTED_EDGE('',*,*,#6145,.F.);
#6148=EDGE_CURVE('',#5761,#5685,#5913,.T.);
#6149=ORIENTED_EDGE('',*,*,#6148,.T.);
#6150=ORIENTED_EDGE('',*,*,#6148,.F.);
#6151=EDGE_CURVE('',#5759,#5761,#5973,.T.);
#6152=ORIENTED_EDGE('',*,*,#6151,.T.);
#6153=ORIENTED_EDGE('',*,*,#6151,.F.);
#6154=EDGE_LOOP('',(#5982,#5975,#5990,#5979));
#6155=FACE_OUTER_BOUND('',#6154,.T.);
#6156=DIRECTION('',(0.000000000,-13690546.669100000,0.000000000));
#6157=AXIS2_PLACEMENT_3D('',#5682,#6156,$);
#6158=PLANE('',#6157);
#6159=ADVANCED_FACE('',(#6155),#6158,.T.);
#6160=EDGE_LOOP('',(#5991,#5984,#5999,#5988));
#6161=FACE_OUTER_BOUND('',#6160,.T.);
#6162=CARTESIAN_POINT('',(15.280000000,14.645000000,-0.835000000));
#6163=DIRECTION('',(0.,0.,1.));
#6164=AXIS2_PLACEMENT_3D('',#6162,#6163,#5911);
#6165=CYLINDRICAL_SURFACE('',#6164,0.254000000);
#6166=ADVANCED_FACE('',(#6161),#6165,.T.);
#6167=EDGE_LOOP('',(#6000,#5993,#6008,#5997));
#6168=FACE_OUTER_BOUND('',#6167,.T.);
#6169=DIRECTION('',(9225553.132760000,-9225553.132760000,0.000000000));
#6170=AXIS2_PLACEMENT_3D('',#5690,#6169,$);
#6171=PLANE('',#6170);
#6172=ADVANCED_FACE('',(#6168),#6171,.T.);
#6173=EDGE_LOOP('',(#6009,#6002,#6017,#6006));
#6174=FACE_OUTER_BOUND('',#6173,.T.);
#6175=CARTESIAN_POINT('',(18.415000000,17.740000000,-0.835000000));
#6176=DIRECTION('',(0.,0.,1.));
#6177=AXIS2_PLACEMENT_3D('',#6175,#6176,#5911);
#6178=CYLINDRICAL_SURFACE('',#6177,0.825000000);
#6179=ADVANCED_FACE('',(#6174),#6178,.T.);
#6180=EDGE_LOOP('',(#6018,#6011,#6026,#6015));
#6181=FACE_OUTER_BOUND('',#6180,.T.);
#6182=DIRECTION('',(9809407.566450000,-9809407.566450000,0.000000000));
#6183=AXIS2_PLACEMENT_3D('',#5698,#6182,$);
#6184=PLANE('',#6183);
#6185=ADVANCED_FACE('',(#6181),#6184,.T.);
#6186=EDGE_LOOP('',(#6027,#6020,#6035,#6024));
#6187=FACE_OUTER_BOUND('',#6186,.T.);
#6188=CARTESIAN_POINT('',(21.590000000,20.955000000,-0.835000000));
#6189=DIRECTION('',(0.,0.,1.));
#6190=AXIS2_PLACEMENT_3D('',#6188,#6189,#5911);
#6191=CYLINDRICAL_SURFACE('',#6190,0.254000000);
#6192=ADVANCED_FACE('',(#6187),#6191,.T.);
#6193=EDGE_LOOP('',(#6036,#6029,#6044,#6033));
#6194=FACE_OUTER_BOUND('',#6193,.T.);
#6195=DIRECTION('',(40322500.000000000,0.000000000,0.000000000));
#6196=AXIS2_PLACEMENT_3D('',#5706,#6195,$);
#6197=PLANE('',#6196);
#6198=ADVANCED_FACE('',(#6194),#6197,.T.);
#6199=EDGE_LOOP('',(#6045,#6038,#6053,#6042));
#6200=FACE_OUTER_BOUND('',#6199,.T.);
#6201=CARTESIAN_POINT('',(21.590000000,27.305000000,-0.835000000));
#6202=DIRECTION('',(0.,0.,1.));
#6203=AXIS2_PLACEMENT_3D('',#6201,#6202,#5911);
#6204=CYLINDRICAL_SURFACE('',#6203,0.254000000);
#6205=ADVANCED_FACE('',(#6200),#6204,.T.);
#6206=EDGE_LOOP('',(#6054,#6047,#6062,#6051));
#6207=FACE_OUTER_BOUND('',#6206,.T.);
#6208=DIRECTION('',(20962180.528300000,20962180.528300000,0.000000000));
#6209=AXIS2_PLACEMENT_3D('',#5714,#6208,$);
#6210=PLANE('',#6209);
#6211=ADVANCED_FACE('',(#6207),#6210,.T.);
#6212=EDGE_LOOP('',(#6063,#6056,#6071,#6060));
#6213=FACE_OUTER_BOUND('',#6212,.T.);
#6214=CARTESIAN_POINT('',(17.740000000,31.155000000,-0.835000000));
#6215=DIRECTION('',(0.,0.,1.));
#6216=AXIS2_PLACEMENT_3D('',#6214,#6215,#5911);
#6217=CYLINDRICAL_SURFACE('',#6216,0.254000000);
#6218=ADVANCED_FACE('',(#6213),#6217,.T.);
#6219=EDGE_LOOP('',(#6072,#6065,#6080,#6069));
#6220=FACE_OUTER_BOUND('',#6219,.T.);
#6221=DIRECTION('',(0.000000000,37946510.315800000,0.000000000));
#6222=AXIS2_PLACEMENT_3D('',#5722,#6221,$);
#6223=PLANE('',#6222);
#6224=ADVANCED_FACE('',(#6220),#6223,.T.);
#6225=EDGE_LOOP('',(#6081,#6074,#6089,#6078));
#6226=FACE_OUTER_BOUND('',#6225,.T.);
#6227=CARTESIAN_POINT('',(10.795000000,31.155000000,-0.835000000));
#6228=DIRECTION('',(0.,0.,1.));
#6229=AXIS2_PLACEMENT_3D('',#6227,#6228,#5911);
#6230=CYLINDRICAL_SURFACE('',#6229,0.825000000);
#6231=ADVANCED_FACE('',(#6226),#6230,.T.);
#6232=EDGE_LOOP('',(#6090,#6083,#6098,#6087));
#6233=FACE_OUTER_BOUND('',#6232,.T.);
#6234=DIRECTION('',(0.000000000,-36661376.712200000,0.000000000));
#6235=AXIS2_PLACEMENT_3D('',#5730,#6234,$);
#6236=PLANE('',#6235);
#6237=ADVANCED_FACE('',(#6233),#6236,.T.);
#6238=EDGE_LOOP('',(#6099,#6092,#6107,#6096));
#6239=FACE_OUTER_BOUND('',#6238,.T.);
#6240=DIRECTION('',(-19373248.607700000,-19373248.607700000,0.000000000));
#6241=AXIS2_PLACEMENT_3D('',#5734,#6240,$);
#6242=PLANE('',#6241);
#6243=ADVANCED_FACE('',(#6239),#6242,.T.);
#6244=EDGE_LOOP('',(#6108,#6101,#6116,#6105));
#6245=FACE_OUTER_BOUND('',#6244,.T.);
#6246=DIRECTION('',(-37694442.576400000,0.000000000,0.000000000));
#6247=AXIS2_PLACEMENT_3D('',#5738,#6246,$);
#6248=PLANE('',#6247);
#6249=ADVANCED_FACE('',(#6245),#6248,.T.);
#6250=EDGE_LOOP('',(#6117,#6110,#6125,#6114));
#6251=FACE_OUTER_BOUND('',#6250,.T.);
#6252=DIRECTION('',(-9358580.465740000,9358580.465740000,0.000000000));
#6253=AXIS2_PLACEMENT_3D('',#5742,#6252,$);
#6254=PLANE('',#6253);
#6255=ADVANCED_FACE('',(#6251),#6254,.T.);
#6256=EDGE_LOOP('',(#6126,#6119,#6134,#6123));
#6257=FACE_OUTER_BOUND('',#6256,.T.);
#6258=CARTESIAN_POINT('',(18.415000000,17.740000000,-0.835000000));
#6259=DIRECTION('',(0.,0.,1.));
#6260=AXIS2_PLACEMENT_3D('',#6258,#6259,#5911);
#6261=CYLINDRICAL_SURFACE('',#6260,0.825000000);
#6262=ADVANCED_FACE('',(#6257),#6261,.T.);
#6263=EDGE_LOOP('',(#6135,#6128,#6143,#6132));
#6264=FACE_OUTER_BOUND('',#6263,.T.);
#6265=DIRECTION('',(-8785551.709190000,8785551.709190000,0.000000000));
#6266=AXIS2_PLACEMENT_3D('',#5750,#6265,$);
#6267=PLANE('',#6266);
#6268=ADVANCED_FACE('',(#6264),#6267,.T.);
#6269=EDGE_LOOP('',(#6144,#6137,#6152,#6141));
#6270=FACE_OUTER_BOUND('',#6269,.T.);
#6271=DIRECTION('',(0.000000000,12923046.379200000,0.000000000));
#6272=AXIS2_PLACEMENT_3D('',#5754,#6271,$);
#6273=PLANE('',#6272);
#6274=ADVANCED_FACE('',(#6270),#6273,.T.);
#6275=EDGE_LOOP('',(#6153,#6146,#5981,#6150));
#6276=FACE_OUTER_BOUND('',#6275,.T.);
#6277=CARTESIAN_POINT('',(10.795000000,14.645000000,-0.835000000));
#6278=DIRECTION('',(0.,0.,1.));
#6279=AXIS2_PLACEMENT_3D('',#6277,#6278,#5911);
#6280=CYLINDRICAL_SURFACE('',#6279,0.825000000);
#6281=ADVANCED_FACE('',(#6276),#6280,.T.);
#6282=EDGE_LOOP('',(#6147,#6138,#6129,#6120,#6111,#6102,#6093,#6084,#6075,#6066,#6057,#6048,#6039,#6030,#6021,#6012,#6003,#5994,#5985,#5976));
#6283=FACE_OUTER_BOUND('',#6282,.T.);
#6284=DIRECTION('',(0.,0.,-1.));
#6285=AXIS2_PLACEMENT_3D('',#5682,#6284,$);
#6286=PLANE('',#6285);
#6287=ADVANCED_FACE('',(#5571,#5622,#5673,#6283),#6286,.T.);
#6288=EDGE_LOOP('',(#5978,#5987,#5996,#6005,#6014,#6023,#6032,#6041,#6050,#6059,#6068,#6077,#6086,#6095,#6104,#6113,#6122,#6131,#6140,#6149));
#6289=FACE_OUTER_BOUND('',#6288,.T.);
#6290=DIRECTION('',(0.,0.,1.));
#6291=AXIS2_PLACEMENT_3D('',#5684,#6290,$);
#6292=PLANE('',#6291);
#6293=ADVANCED_FACE('',(#5553,#5604,#5655,#6289),#6292,.T.);
#6294=CLOSED_SHELL('NONE',(#5575,#5579,#5626,#5630,#5677,#5681,#6159,#6166,#6172,#6179,#6185,#6192,#6198,#6205,#6211,#6218,#6224,#6231,#6237,#6243,#6249,#6255,#6262,#6268,#6274,#6281,#6287,#6293));
#6295=MANIFOLD_SOLID_BREP('Combinateur_LR_Copperplane_2_+3.3V_1',#6294);
#6296=STYLED_ITEM('',(#2035),#6295);
#6297=MECHANICAL_DESIGN_GEOMETRIC_PRESENTATION_REPRESENTATION('',(#6296),#90);
#6298=PRODUCT('Copper_+3.3V_assembly','Copper_+3.3V_assembly','',(#2074));
#6299=PRODUCT_DEFINITION_FORMATION_WITH_SPECIFIED_SOURCE('NONE','',#6298,.NOT_KNOWN.);
#6300=PRODUCT_DEFINITION('NONE','',#6299,#2075);
#6301=SHAPE_REPRESENTATION('SR_Copper_+3.3V_assembly',(#2079),#90);
#6302=PRODUCT_DEFINITION_SHAPE('PDS_Copper_+3.3V_assembly','',#6300);
#6303=SHAPE_DEFINITION_REPRESENTATION(#6302,#6301);
#6304=PRODUCT('Copper_+3.3V','Copper_+3.3V','',(#2074));
#6305=PRODUCT_DEFINITION_FORMATION_WITH_SPECIFIED_SOURCE('NONE','',#6304,.NOT_KNOWN.);
#6306=PRODUCT_DEFINITION('NONE','',#6305,#2075);
#6307=SHAPE_REPRESENTATION('SR_Copper_+3.3V',(#2079),#90);
#6308=PRODUCT_DEFINITION_SHAPE('PDS_Copper_+3.3V','',#6306);
#6309=SHAPE_DEFINITION_REPRESENTATION(#6308,#6307);
#6310=ADVANCED_BREP_SHAPE_REPRESENTATION('Copper_+3.3V',(#5306,#5416,#5526,#6295),#90);
#6311=SHAPE_REPRESENTATION_RELATIONSHIP('SRR_Copper_+3.3V','',#6310,#6307);
#6312=ITEM_DEFINED_TRANSFORMATION('IDT_Copper_+3.3V','',#2079,#2079);
#6313=(REPRESENTATION_RELATIONSHIP(' ',$,#6307,#6301)REPRESENTATION_RELATIONSHIP_WITH_TRANSFORMATION(#6312)SHAPE_REPRESENTATION_RELATIONSHIP());
#6314=NEXT_ASSEMBLY_USAGE_OCCURRENCE('NAUO_Copper_+3.3V','Copper_+3.3V','Copper_+3.3V',#6300,#6306,$);
#6315=PRODUCT_DEFINITION_SHAPE('PDS_NAUO_Copper_+3.3V','',#6314);
#6316=CONTEXT_DEPENDENT_SHAPE_REPRESENTATION(#6313,#6315);
#6317=ITEM_DEFINED_TRANSFORMATION('IDT_Copper_+3.3V_1','',#2079,#2079);
#6318=(REPRESENTATION_RELATIONSHIP(' ',$,#6301,#3210)REPRESENTATION_RELATIONSHIP_WITH_TRANSFORMATION(#6317)SHAPE_REPRESENTATION_RELATIONSHIP());
#6319=NEXT_ASSEMBLY_USAGE_OCCURRENCE('NAUO_Copper_+3.3V_1','Copper_+3.3V_1','Copper_+3.3V_1',#3209,#6300,$);
#6320=PRODUCT_DEFINITION_SHAPE('PDS_NAUO_Copper_+3.3V_1','',#6319);
#6321=CONTEXT_DEPENDENT_SHAPE_REPRESENTATION(#6318,#6320);
#6322=DIRECTION('',(0.000000000,0.000000000,0.035000000));
#6323=DIRECTION('',(0.000000000,0.000000000,-0.035000000));
#6324=DIRECTION('',(0.550000000,0.000000000,0.000000000));
#6325=CARTESIAN_POINT('',(10.795000000,26.155000000,0.835000000));
#6326=AXIS2_PLACEMENT_3D('',#6325,#6322,#6324);
#6327=CIRCLE('',#6326,0.550000000);
#6328=CARTESIAN_POINT('',(10.795000000,26.155000000,0.800000000));
#6329=AXIS2_PLACEMENT_3D('',#6328,#6323,#6324);
#6330=CIRCLE('',#6329,0.550000000);
#6331=CARTESIAN_POINT('',(11.345000000,26.155000000,0.835000000));
#6332=VERTEX_POINT('',#6331);
#6333=CARTESIAN_POINT('',(10.245000000,26.155000000,0.835000000));
#6334=VERTEX_POINT('',#6333);
#6335=CARTESIAN_POINT('',(11.345000000,26.155000000,0.800000000));
#6336=VERTEX_POINT('',#6335);
#6337=CARTESIAN_POINT('',(10.245000000,26.155000000,0.800000000));
#6338=VERTEX_POINT('',#6337);
#6339=EDGE_CURVE('',#6332,#6334,#6327,.T.);
#6340=ORIENTED_EDGE('',*,*,#6339,.T.);
#6341=ORIENTED_EDGE('',*,*,#6339,.F.);
#6342=EDGE_CURVE('',#6334,#6332,#6327,.T.);
#6343=ORIENTED_EDGE('',*,*,#6342,.T.);
#6344=ORIENTED_EDGE('',*,*,#6342,.F.);
#6345=EDGE_LOOP('',(#6341,#6344));
#6346=FACE_BOUND('',#6345,.T.);
#6347=DIRECTION('',(0.000000000,0.000000000,0.035000000));
#6348=VECTOR('',#6347,1.);
#6349=LINE('',#6335,#6348);
#6350=EDGE_CURVE('',#6336,#6332,#6349,.T.);
#6351=ORIENTED_EDGE('',*,*,#6350,.T.);
#6352=ORIENTED_EDGE('',*,*,#6350,.F.);
#6353=LINE('',#6337,#6348);
#6354=EDGE_CURVE('',#6338,#6334,#6353,.T.);
#6355=ORIENTED_EDGE('',*,*,#6354,.T.);
#6356=ORIENTED_EDGE('',*,*,#6354,.F.);
#6357=EDGE_CURVE('',#6336,#6338,#6330,.T.);
#6358=ORIENTED_EDGE('',*,*,#6357,.T.);
#6359=ORIENTED_EDGE('',*,*,#6357,.F.);
#6360=EDGE_CURVE('',#6338,#6336,#6330,.T.);
#6361=ORIENTED_EDGE('',*,*,#6360,.T.);
#6362=ORIENTED_EDGE('',*,*,#6360,.F.);
#6363=EDGE_LOOP('',(#6359,#6362));
#6364=FACE_BOUND('',#6363,.T.);
#6365=EDGE_LOOP('',(#6340,#6356,#6361,#6351));
#6366=FACE_BOUND('',#6365,.T.);
#6367=CYLINDRICAL_SURFACE('',#6329,0.550000000);
#6368=ADVANCED_FACE('',(#6366),#6367,.F.);
#6369=EDGE_LOOP('',(#6343,#6352,#6358,#6355));
#6370=FACE_BOUND('',#6369,.T.);
#6371=CYLINDRICAL_SURFACE('',#6329,0.550000000);
#6372=ADVANCED_FACE('',(#6370),#6371,.F.);
#6373=DIRECTION('',(0.000000000,0.000000000,0.035000000));
#6374=DIRECTION('',(0.000000000,0.000000000,-0.035000000));
#6375=DIRECTION('',(0.825000000,0.000000000,0.000000000));
#6376=CARTESIAN_POINT('',(10.795000000,26.155000000,0.835000000));
#6377=AXIS2_PLACEMENT_3D('',#6376,#6373,#6375);
#6378=CIRCLE('',#6377,0.825000000);
#6379=CARTESIAN_POINT('',(10.795000000,26.155000000,0.800000000));
#6380=AXIS2_PLACEMENT_3D('',#6379,#6374,#6375);
#6381=CIRCLE('',#6380,0.825000000);
#6382=CARTESIAN_POINT('',(11.620000000,26.155000000,0.835000000));
#6383=VERTEX_POINT('',#6382);
#6384=CARTESIAN_POINT('',(9.970000000,26.155000000,0.835000000));
#6385=VERTEX_POINT('',#6384);
#6386=CARTESIAN_POINT('',(11.620000000,26.155000000,0.800000000));
#6387=VERTEX_POINT('',#6386);
#6388=CARTESIAN_POINT('',(9.970000000,26.155000000,0.800000000));
#6389=VERTEX_POINT('',#6388);
#6390=EDGE_CURVE('',#6383,#6385,#6378,.T.);
#6391=ORIENTED_EDGE('',*,*,#6390,.T.);
#6392=ORIENTED_EDGE('',*,*,#6390,.F.);
#6393=EDGE_CURVE('',#6385,#6383,#6378,.T.);
#6394=ORIENTED_EDGE('',*,*,#6393,.T.);
#6395=ORIENTED_EDGE('',*,*,#6393,.F.);
#6396=EDGE_LOOP('',(#6391,#6394));
#6397=FACE_OUTER_BOUND('',#6396,.T.);
#6398=DIRECTION('',(0.000000000,0.000000000,0.035000000));
#6399=VECTOR('',#6398,1.);
#6400=LINE('',#6386,#6399);
#6401=EDGE_CURVE('',#6387,#6383,#6400,.T.);
#6402=ORIENTED_EDGE('',*,*,#6401,.T.);
#6403=ORIENTED_EDGE('',*,*,#6401,.F.);
#6404=LINE('',#6388,#6399);
#6405=EDGE_CURVE('',#6389,#6385,#6404,.T.);
#6406=ORIENTED_EDGE('',*,*,#6405,.T.);
#6407=ORIENTED_EDGE('',*,*,#6405,.F.);
#6408=EDGE_CURVE('',#6387,#6389,#6381,.T.);
#6409=ORIENTED_EDGE('',*,*,#6408,.T.);
#6410=ORIENTED_EDGE('',*,*,#6408,.F.);
#6411=EDGE_CURVE('',#6389,#6387,#6381,.T.);
#6412=ORIENTED_EDGE('',*,*,#6411,.T.);
#6413=ORIENTED_EDGE('',*,*,#6411,.F.);
#6414=EDGE_LOOP('',(#6409,#6412));
#6415=FACE_OUTER_BOUND('',#6414,.T.);
#6416=EDGE_LOOP('',(#6392,#6403,#6413,#6406));
#6417=FACE_BOUND('',#6416,.T.);
#6418=CYLINDRICAL_SURFACE('',#6380,0.825000000);
#6419=ADVANCED_FACE('',(#6417),#6418,.T.);
#6420=EDGE_LOOP('',(#6395,#6407,#6410,#6402));
#6421=FACE_BOUND('',#6420,.T.);
#6422=CYLINDRICAL_SURFACE('',#6380,0.825000000);
#6423=ADVANCED_FACE('',(#6421),#6422,.T.);
#6424=PLANE('',#6380);
#6425=ADVANCED_FACE('',(#6364,#6415),#6424,.T.);
#6426=PLANE('',#6377);
#6427=ADVANCED_FACE('',(#6346,#6397),#6426,.T.);
#6428=CLOSED_SHELL('NONE',(#6368,#6372,#6419,#6423,#6425,#6427));
#6429=MANIFOLD_SOLID_BREP('Combinateur_LR_Copperplane_16_GND_1',#6428);
#6430=STYLED_ITEM('',(#2035),#6429);
#6431=MECHANICAL_DESIGN_GEOMETRIC_PRESENTATION_REPRESENTATION('',(#6430),#90);
#6432=DIRECTION('',(0.000000000,0.000000000,0.035000000));
#6433=DIRECTION('',(0.000000000,0.000000000,-0.035000000));
#6434=DIRECTION('',(0.550000000,0.000000000,0.000000000));
#6435=CARTESIAN_POINT('',(18.415000000,25.240000000,0.835000000));
#6436=AXIS2_PLACEMENT_3D('',#6435,#6432,#6434);
#6437=CIRCLE('',#6436,0.550000000);
#6438=CARTESIAN_POINT('',(18.415000000,25.240000000,0.800000000));
#6439=AXIS2_PLACEMENT_3D('',#6438,#6433,#6434);
#6440=CIRCLE('',#6439,0.550000000);
#6441=CARTESIAN_POINT('',(18.965000000,25.240000000,0.835000000));
#6442=VERTEX_POINT('',#6441);
#6443=CARTESIAN_POINT('',(17.865000000,25.240000000,0.835000000));
#6444=VERTEX_POINT('',#6443);
#6445=CARTESIAN_POINT('',(18.965000000,25.240000000,0.800000000));
#6446=VERTEX_POINT('',#6445);
#6447=CARTESIAN_POINT('',(17.865000000,25.240000000,0.800000000));
#6448=VERTEX_POINT('',#6447);
#6449=EDGE_CURVE('',#6442,#6444,#6437,.T.);
#6450=ORIENTED_EDGE('',*,*,#6449,.T.);
#6451=ORIENTED_EDGE('',*,*,#6449,.F.);
#6452=EDGE_CURVE('',#6444,#6442,#6437,.T.);
#6453=ORIENTED_EDGE('',*,*,#6452,.T.);
#6454=ORIENTED_EDGE('',*,*,#6452,.F.);
#6455=EDGE_LOOP('',(#6451,#6454));
#6456=FACE_BOUND('',#6455,.T.);
#6457=DIRECTION('',(0.000000000,0.000000000,0.035000000));
#6458=VECTOR('',#6457,1.);
#6459=LINE('',#6445,#6458);
#6460=EDGE_CURVE('',#6446,#6442,#6459,.T.);
#6461=ORIENTED_EDGE('',*,*,#6460,.T.);
#6462=ORIENTED_EDGE('',*,*,#6460,.F.);
#6463=LINE('',#6447,#6458);
#6464=EDGE_CURVE('',#6448,#6444,#6463,.T.);
#6465=ORIENTED_EDGE('',*,*,#6464,.T.);
#6466=ORIENTED_EDGE('',*,*,#6464,.F.);
#6467=EDGE_CURVE('',#6446,#6448,#6440,.T.);
#6468=ORIENTED_EDGE('',*,*,#6467,.T.);
#6469=ORIENTED_EDGE('',*,*,#6467,.F.);
#6470=EDGE_CURVE('',#6448,#6446,#6440,.T.);
#6471=ORIENTED_EDGE('',*,*,#6470,.T.);
#6472=ORIENTED_EDGE('',*,*,#6470,.F.);
#6473=EDGE_LOOP('',(#6469,#6472));
#6474=FACE_BOUND('',#6473,.T.);
#6475=EDGE_LOOP('',(#6450,#6466,#6471,#6461));
#6476=FACE_BOUND('',#6475,.T.);
#6477=CYLINDRICAL_SURFACE('',#6439,0.550000000);
#6478=ADVANCED_FACE('',(#6476),#6477,.F.);
#6479=EDGE_LOOP('',(#6453,#6462,#6468,#6465));
#6480=FACE_BOUND('',#6479,.T.);
#6481=CYLINDRICAL_SURFACE('',#6439,0.550000000);
#6482=ADVANCED_FACE('',(#6480),#6481,.F.);
#6483=DIRECTION('',(0.000000000,0.000000000,0.035000000));
#6484=DIRECTION('',(0.000000000,0.000000000,-0.035000000));
#6485=DIRECTION('',(0.825000000,0.000000000,0.000000000));
#6486=CARTESIAN_POINT('',(18.415000000,25.240000000,0.835000000));
#6487=AXIS2_PLACEMENT_3D('',#6486,#6483,#6485);
#6488=CIRCLE('',#6487,0.825000000);
#6489=CARTESIAN_POINT('',(18.415000000,25.240000000,0.800000000));
#6490=AXIS2_PLACEMENT_3D('',#6489,#6484,#6485);
#6491=CIRCLE('',#6490,0.825000000);
#6492=CARTESIAN_POINT('',(19.240000000,25.240000000,0.835000000));
#6493=VERTEX_POINT('',#6492);
#6494=CARTESIAN_POINT('',(17.590000000,25.240000000,0.835000000));
#6495=VERTEX_POINT('',#6494);
#6496=CARTESIAN_POINT('',(19.240000000,25.240000000,0.800000000));
#6497=VERTEX_POINT('',#6496);
#6498=CARTESIAN_POINT('',(17.590000000,25.240000000,0.800000000));
#6499=VERTEX_POINT('',#6498);
#6500=EDGE_CURVE('',#6493,#6495,#6488,.T.);
#6501=ORIENTED_EDGE('',*,*,#6500,.T.);
#6502=ORIENTED_EDGE('',*,*,#6500,.F.);
#6503=EDGE_CURVE('',#6495,#6493,#6488,.T.);
#6504=ORIENTED_EDGE('',*,*,#6503,.T.);
#6505=ORIENTED_EDGE('',*,*,#6503,.F.);
#6506=EDGE_LOOP('',(#6501,#6504));
#6507=FACE_OUTER_BOUND('',#6506,.T.);
#6508=DIRECTION('',(0.000000000,0.000000000,0.035000000));
#6509=VECTOR('',#6508,1.);
#6510=LINE('',#6496,#6509);
#6511=EDGE_CURVE('',#6497,#6493,#6510,.T.);
#6512=ORIENTED_EDGE('',*,*,#6511,.T.);
#6513=ORIENTED_EDGE('',*,*,#6511,.F.);
#6514=LINE('',#6498,#6509);
#6515=EDGE_CURVE('',#6499,#6495,#6514,.T.);
#6516=ORIENTED_EDGE('',*,*,#6515,.T.);
#6517=ORIENTED_EDGE('',*,*,#6515,.F.);
#6518=EDGE_CURVE('',#6497,#6499,#6491,.T.);
#6519=ORIENTED_EDGE('',*,*,#6518,.T.);
#6520=ORIENTED_EDGE('',*,*,#6518,.F.);
#6521=EDGE_CURVE('',#6499,#6497,#6491,.T.);
#6522=ORIENTED_EDGE('',*,*,#6521,.T.);
#6523=ORIENTED_EDGE('',*,*,#6521,.F.);
#6524=EDGE_LOOP('',(#6519,#6522));
#6525=FACE_OUTER_BOUND('',#6524,.T.);
#6526=EDGE_LOOP('',(#6502,#6513,#6523,#6516));
#6527=FACE_BOUND('',#6526,.T.);
#6528=CYLINDRICAL_SURFACE('',#6490,0.825000000);
#6529=ADVANCED_FACE('',(#6527),#6528,.T.);
#6530=EDGE_LOOP('',(#6505,#6517,#6520,#6512));
#6531=FACE_BOUND('',#6530,.T.);
#6532=CYLINDRICAL_SURFACE('',#6490,0.825000000);
#6533=ADVANCED_FACE('',(#6531),#6532,.T.);
#6534=PLANE('',#6490);
#6535=ADVANCED_FACE('',(#6474,#6525),#6534,.T.);
#6536=PLANE('',#6487);
#6537=ADVANCED_FACE('',(#6456,#6507),#6536,.T.);
#6538=CLOSED_SHELL('NONE',(#6478,#6482,#6529,#6533,#6535,#6537));
#6539=MANIFOLD_SOLID_BREP('Combinateur_LR_Copperplane_16_GND_2',#6538);
#6540=STYLED_ITEM('',(#2035),#6539);
#6541=MECHANICAL_DESIGN_GEOMETRIC_PRESENTATION_REPRESENTATION('',(#6540),#90);
#6542=DIRECTION('',(0.000000000,0.000000000,0.035000000));
#6543=DIRECTION('',(0.000000000,0.000000000,-0.035000000));
#6544=DIRECTION('',(0.550000000,0.000000000,0.000000000));
#6545=CARTESIAN_POINT('',(10.795000000,23.655000000,0.835000000));
#6546=AXIS2_PLACEMENT_3D('',#6545,#6542,#6544);
#6547=CIRCLE('',#6546,0.550000000);
#6548=CARTESIAN_POINT('',(10.795000000,23.655000000,0.800000000));
#6549=AXIS2_PLACEMENT_3D('',#6548,#6543,#6544);
#6550=CIRCLE('',#6549,0.550000000);
#6551=CARTESIAN_POINT('',(11.345000000,23.655000000,0.835000000));
#6552=VERTEX_POINT('',#6551);
#6553=CARTESIAN_POINT('',(10.245000000,23.655000000,0.835000000));
#6554=VERTEX_POINT('',#6553);
#6555=CARTESIAN_POINT('',(11.345000000,23.655000000,0.800000000));
#6556=VERTEX_POINT('',#6555);
#6557=CARTESIAN_POINT('',(10.245000000,23.655000000,0.800000000));
#6558=VERTEX_POINT('',#6557);
#6559=EDGE_CURVE('',#6552,#6554,#6547,.T.);
#6560=ORIENTED_EDGE('',*,*,#6559,.T.);
#6561=ORIENTED_EDGE('',*,*,#6559,.F.);
#6562=EDGE_CURVE('',#6554,#6552,#6547,.T.);
#6563=ORIENTED_EDGE('',*,*,#6562,.T.);
#6564=ORIENTED_EDGE('',*,*,#6562,.F.);
#6565=EDGE_LOOP('',(#6561,#6564));
#6566=FACE_BOUND('',#6565,.T.);
#6567=DIRECTION('',(0.000000000,0.000000000,0.035000000));
#6568=VECTOR('',#6567,1.);
#6569=LINE('',#6555,#6568);
#6570=EDGE_CURVE('',#6556,#6552,#6569,.T.);
#6571=ORIENTED_EDGE('',*,*,#6570,.T.);
#6572=ORIENTED_EDGE('',*,*,#6570,.F.);
#6573=LINE('',#6557,#6568);
#6574=EDGE_CURVE('',#6558,#6554,#6573,.T.);
#6575=ORIENTED_EDGE('',*,*,#6574,.T.);
#6576=ORIENTED_EDGE('',*,*,#6574,.F.);
#6577=EDGE_CURVE('',#6556,#6558,#6550,.T.);
#6578=ORIENTED_EDGE('',*,*,#6577,.T.);
#6579=ORIENTED_EDGE('',*,*,#6577,.F.);
#6580=EDGE_CURVE('',#6558,#6556,#6550,.T.);
#6581=ORIENTED_EDGE('',*,*,#6580,.T.);
#6582=ORIENTED_EDGE('',*,*,#6580,.F.);
#6583=EDGE_LOOP('',(#6579,#6582));
#6584=FACE_BOUND('',#6583,.T.);
#6585=EDGE_LOOP('',(#6560,#6576,#6581,#6571));
#6586=FACE_BOUND('',#6585,.T.);
#6587=CYLINDRICAL_SURFACE('',#6549,0.550000000);
#6588=ADVANCED_FACE('',(#6586),#6587,.F.);
#6589=EDGE_LOOP('',(#6563,#6572,#6578,#6575));
#6590=FACE_BOUND('',#6589,.T.);
#6591=CYLINDRICAL_SURFACE('',#6549,0.550000000);
#6592=ADVANCED_FACE('',(#6590),#6591,.F.);
#6593=DIRECTION('',(0.000000000,0.000000000,0.035000000));
#6594=DIRECTION('',(0.000000000,0.000000000,-0.035000000));
#6595=DIRECTION('',(0.825000000,0.000000000,0.000000000));
#6596=CARTESIAN_POINT('',(10.795000000,23.655000000,0.835000000));
#6597=AXIS2_PLACEMENT_3D('',#6596,#6593,#6595);
#6598=CIRCLE('',#6597,0.825000000);
#6599=CARTESIAN_POINT('',(10.795000000,23.655000000,0.800000000));
#6600=AXIS2_PLACEMENT_3D('',#6599,#6594,#6595);
#6601=CIRCLE('',#6600,0.825000000);
#6602=CARTESIAN_POINT('',(11.620000000,23.655000000,0.835000000));
#6603=VERTEX_POINT('',#6602);
#6604=CARTESIAN_POINT('',(9.970000000,23.655000000,0.835000000));
#6605=VERTEX_POINT('',#6604);
#6606=CARTESIAN_POINT('',(11.620000000,23.655000000,0.800000000));
#6607=VERTEX_POINT('',#6606);
#6608=CARTESIAN_POINT('',(9.970000000,23.655000000,0.800000000));
#6609=VERTEX_POINT('',#6608);
#6610=EDGE_CURVE('',#6603,#6605,#6598,.T.);
#6611=ORIENTED_EDGE('',*,*,#6610,.T.);
#6612=ORIENTED_EDGE('',*,*,#6610,.F.);
#6613=EDGE_CURVE('',#6605,#6603,#6598,.T.);
#6614=ORIENTED_EDGE('',*,*,#6613,.T.);
#6615=ORIENTED_EDGE('',*,*,#6613,.F.);
#6616=EDGE_LOOP('',(#6611,#6614));
#6617=FACE_OUTER_BOUND('',#6616,.T.);
#6618=DIRECTION('',(0.000000000,0.000000000,0.035000000));
#6619=VECTOR('',#6618,1.);
#6620=LINE('',#6606,#6619);
#6621=EDGE_CURVE('',#6607,#6603,#6620,.T.);
#6622=ORIENTED_EDGE('',*,*,#6621,.T.);
#6623=ORIENTED_EDGE('',*,*,#6621,.F.);
#6624=LINE('',#6608,#6619);
#6625=EDGE_CURVE('',#6609,#6605,#6624,.T.);
#6626=ORIENTED_EDGE('',*,*,#6625,.T.);
#6627=ORIENTED_EDGE('',*,*,#6625,.F.);
#6628=EDGE_CURVE('',#6607,#6609,#6601,.T.);
#6629=ORIENTED_EDGE('',*,*,#6628,.T.);
#6630=ORIENTED_EDGE('',*,*,#6628,.F.);
#6631=EDGE_CURVE('',#6609,#6607,#6601,.T.);
#6632=ORIENTED_EDGE('',*,*,#6631,.T.);
#6633=ORIENTED_EDGE('',*,*,#6631,.F.);
#6634=EDGE_LOOP('',(#6629,#6632));
#6635=FACE_OUTER_BOUND('',#6634,.T.);
#6636=EDGE_LOOP('',(#6612,#6623,#6633,#6626));
#6637=FACE_BOUND('',#6636,.T.);
#6638=CYLINDRICAL_SURFACE('',#6600,0.825000000);
#6639=ADVANCED_FACE('',(#6637),#6638,.T.);
#6640=EDGE_LOOP('',(#6615,#6627,#6630,#6622));
#6641=FACE_BOUND('',#6640,.T.);
#6642=CYLINDRICAL_SURFACE('',#6600,0.825000000);
#6643=ADVANCED_FACE('',(#6641),#6642,.T.);
#6644=PLANE('',#6600);
#6645=ADVANCED_FACE('',(#6584,#6635),#6644,.T.);
#6646=PLANE('',#6597);
#6647=ADVANCED_FACE('',(#6566,#6617),#6646,.T.);
#6648=CLOSED_SHELL('NONE',(#6588,#6592,#6639,#6643,#6645,#6647));
#6649=MANIFOLD_SOLID_BREP('Combinateur_LR_Copperplane_16_GND_3',#6648);
#6650=STYLED_ITEM('',(#2035),#6649);
#6651=MECHANICAL_DESIGN_GEOMETRIC_PRESENTATION_REPRESENTATION('',(#6650),#90);
#6652=DIRECTION('',(0.000000000,0.000000000,0.035000000));
#6653=DIRECTION('',(0.000000000,0.000000000,-0.035000000));
#6654=DIRECTION('',(0.550000000,0.000000000,0.000000000));
#6655=CARTESIAN_POINT('',(10.795000000,9.645000000,0.835000000));
#6656=AXIS2_PLACEMENT_3D('',#6655,#6652,#6654);
#6657=CIRCLE('',#6656,0.550000000);
#6658=CARTESIAN_POINT('',(10.795000000,9.645000000,0.800000000));
#6659=AXIS2_PLACEMENT_3D('',#6658,#6653,#6654);
#6660=CIRCLE('',#6659,0.550000000);
#6661=CARTESIAN_POINT('',(11.345000000,9.645000000,0.835000000));
#6662=VERTEX_POINT('',#6661);
#6663=CARTESIAN_POINT('',(10.245000000,9.645000000,0.835000000));
#6664=VERTEX_POINT('',#6663);
#6665=CARTESIAN_POINT('',(11.345000000,9.645000000,0.800000000));
#6666=VERTEX_POINT('',#6665);
#6667=CARTESIAN_POINT('',(10.245000000,9.645000000,0.800000000));
#6668=VERTEX_POINT('',#6667);
#6669=EDGE_CURVE('',#6662,#6664,#6657,.T.);
#6670=ORIENTED_EDGE('',*,*,#6669,.T.);
#6671=ORIENTED_EDGE('',*,*,#6669,.F.);
#6672=EDGE_CURVE('',#6664,#6662,#6657,.T.);
#6673=ORIENTED_EDGE('',*,*,#6672,.T.);
#6674=ORIENTED_EDGE('',*,*,#6672,.F.);
#6675=EDGE_LOOP('',(#6671,#6674));
#6676=FACE_BOUND('',#6675,.T.);
#6677=DIRECTION('',(0.000000000,0.000000000,0.035000000));
#6678=VECTOR('',#6677,1.);
#6679=LINE('',#6665,#6678);
#6680=EDGE_CURVE('',#6666,#6662,#6679,.T.);
#6681=ORIENTED_EDGE('',*,*,#6680,.T.);
#6682=ORIENTED_EDGE('',*,*,#6680,.F.);
#6683=LINE('',#6667,#6678);
#6684=EDGE_CURVE('',#6668,#6664,#6683,.T.);
#6685=ORIENTED_EDGE('',*,*,#6684,.T.);
#6686=ORIENTED_EDGE('',*,*,#6684,.F.);
#6687=EDGE_CURVE('',#6666,#6668,#6660,.T.);
#6688=ORIENTED_EDGE('',*,*,#6687,.T.);
#6689=ORIENTED_EDGE('',*,*,#6687,.F.);
#6690=EDGE_CURVE('',#6668,#6666,#6660,.T.);
#6691=ORIENTED_EDGE('',*,*,#6690,.T.);
#6692=ORIENTED_EDGE('',*,*,#6690,.F.);
#6693=EDGE_LOOP('',(#6689,#6692));
#6694=FACE_BOUND('',#6693,.T.);
#6695=EDGE_LOOP('',(#6670,#6686,#6691,#6681));
#6696=FACE_BOUND('',#6695,.T.);
#6697=CYLINDRICAL_SURFACE('',#6659,0.550000000);
#6698=ADVANCED_FACE('',(#6696),#6697,.F.);
#6699=EDGE_LOOP('',(#6673,#6682,#6688,#6685));
#6700=FACE_BOUND('',#6699,.T.);
#6701=CYLINDRICAL_SURFACE('',#6659,0.550000000);
#6702=ADVANCED_FACE('',(#6700),#6701,.F.);
#6703=DIRECTION('',(0.000000000,0.000000000,0.035000000));
#6704=DIRECTION('',(0.000000000,0.000000000,-0.035000000));
#6705=DIRECTION('',(0.825000000,0.000000000,0.000000000));
#6706=CARTESIAN_POINT('',(10.795000000,9.645000000,0.835000000));
#6707=AXIS2_PLACEMENT_3D('',#6706,#6703,#6705);
#6708=CIRCLE('',#6707,0.825000000);
#6709=CARTESIAN_POINT('',(10.795000000,9.645000000,0.800000000));
#6710=AXIS2_PLACEMENT_3D('',#6709,#6704,#6705);
#6711=CIRCLE('',#6710,0.825000000);
#6712=CARTESIAN_POINT('',(11.620000000,9.645000000,0.835000000));
#6713=VERTEX_POINT('',#6712);
#6714=CARTESIAN_POINT('',(9.970000000,9.645000000,0.835000000));
#6715=VERTEX_POINT('',#6714);
#6716=CARTESIAN_POINT('',(11.620000000,9.645000000,0.800000000));
#6717=VERTEX_POINT('',#6716);
#6718=CARTESIAN_POINT('',(9.970000000,9.645000000,0.800000000));
#6719=VERTEX_POINT('',#6718);
#6720=EDGE_CURVE('',#6713,#6715,#6708,.T.);
#6721=ORIENTED_EDGE('',*,*,#6720,.T.);
#6722=ORIENTED_EDGE('',*,*,#6720,.F.);
#6723=EDGE_CURVE('',#6715,#6713,#6708,.T.);
#6724=ORIENTED_EDGE('',*,*,#6723,.T.);
#6725=ORIENTED_EDGE('',*,*,#6723,.F.);
#6726=EDGE_LOOP('',(#6721,#6724));
#6727=FACE_OUTER_BOUND('',#6726,.T.);
#6728=DIRECTION('',(0.000000000,0.000000000,0.035000000));
#6729=VECTOR('',#6728,1.);
#6730=LINE('',#6716,#6729);
#6731=EDGE_CURVE('',#6717,#6713,#6730,.T.);
#6732=ORIENTED_EDGE('',*,*,#6731,.T.);
#6733=ORIENTED_EDGE('',*,*,#6731,.F.);
#6734=LINE('',#6718,#6729);
#6735=EDGE_CURVE('',#6719,#6715,#6734,.T.);
#6736=ORIENTED_EDGE('',*,*,#6735,.T.);
#6737=ORIENTED_EDGE('',*,*,#6735,.F.);
#6738=EDGE_CURVE('',#6717,#6719,#6711,.T.);
#6739=ORIENTED_EDGE('',*,*,#6738,.T.);
#6740=ORIENTED_EDGE('',*,*,#6738,.F.);
#6741=EDGE_CURVE('',#6719,#6717,#6711,.T.);
#6742=ORIENTED_EDGE('',*,*,#6741,.T.);
#6743=ORIENTED_EDGE('',*,*,#6741,.F.);
#6744=EDGE_LOOP('',(#6739,#6742));
#6745=FACE_OUTER_BOUND('',#6744,.T.);
#6746=EDGE_LOOP('',(#6722,#6733,#6743,#6736));
#6747=FACE_BOUND('',#6746,.T.);
#6748=CYLINDRICAL_SURFACE('',#6710,0.825000000);
#6749=ADVANCED_FACE('',(#6747),#6748,.T.);
#6750=EDGE_LOOP('',(#6725,#6737,#6740,#6732));
#6751=FACE_BOUND('',#6750,.T.);
#6752=CYLINDRICAL_SURFACE('',#6710,0.825000000);
#6753=ADVANCED_FACE('',(#6751),#6752,.T.);
#6754=PLANE('',#6710);
#6755=ADVANCED_FACE('',(#6694,#6745),#6754,.T.);
#6756=PLANE('',#6707);
#6757=ADVANCED_FACE('',(#6676,#6727),#6756,.T.);
#6758=CLOSED_SHELL('NONE',(#6698,#6702,#6749,#6753,#6755,#6757));
#6759=MANIFOLD_SOLID_BREP('Combinateur_LR_Copperplane_16_GND_4',#6758);
#6760=STYLED_ITEM('',(#2035),#6759);
#6761=MECHANICAL_DESIGN_GEOMETRIC_PRESENTATION_REPRESENTATION('',(#6760),#90);
#6762=DIRECTION('',(0.000000000,0.000000000,0.035000000));
#6763=DIRECTION('',(0.000000000,0.000000000,-0.035000000));
#6764=DIRECTION('',(0.550000000,0.000000000,0.000000000));
#6765=CARTESIAN_POINT('',(10.795000000,7.145000000,0.835000000));
#6766=AXIS2_PLACEMENT_3D('',#6765,#6762,#6764);
#6767=CIRCLE('',#6766,0.550000000);
#6768=CARTESIAN_POINT('',(10.795000000,7.145000000,0.800000000));
#6769=AXIS2_PLACEMENT_3D('',#6768,#6763,#6764);
#6770=CIRCLE('',#6769,0.550000000);
#6771=CARTESIAN_POINT('',(11.345000000,7.145000000,0.835000000));
#6772=VERTEX_POINT('',#6771);
#6773=CARTESIAN_POINT('',(10.245000000,7.145000000,0.835000000));
#6774=VERTEX_POINT('',#6773);
#6775=CARTESIAN_POINT('',(11.345000000,7.145000000,0.800000000));
#6776=VERTEX_POINT('',#6775);
#6777=CARTESIAN_POINT('',(10.245000000,7.145000000,0.800000000));
#6778=VERTEX_POINT('',#6777);
#6779=EDGE_CURVE('',#6772,#6774,#6767,.T.);
#6780=ORIENTED_EDGE('',*,*,#6779,.T.);
#6781=ORIENTED_EDGE('',*,*,#6779,.F.);
#6782=EDGE_CURVE('',#6774,#6772,#6767,.T.);
#6783=ORIENTED_EDGE('',*,*,#6782,.T.);
#6784=ORIENTED_EDGE('',*,*,#6782,.F.);
#6785=EDGE_LOOP('',(#6781,#6784));
#6786=FACE_BOUND('',#6785,.T.);
#6787=DIRECTION('',(0.000000000,0.000000000,0.035000000));
#6788=VECTOR('',#6787,1.);
#6789=LINE('',#6775,#6788);
#6790=EDGE_CURVE('',#6776,#6772,#6789,.T.);
#6791=ORIENTED_EDGE('',*,*,#6790,.T.);
#6792=ORIENTED_EDGE('',*,*,#6790,.F.);
#6793=LINE('',#6777,#6788);
#6794=EDGE_CURVE('',#6778,#6774,#6793,.T.);
#6795=ORIENTED_EDGE('',*,*,#6794,.T.);
#6796=ORIENTED_EDGE('',*,*,#6794,.F.);
#6797=EDGE_CURVE('',#6776,#6778,#6770,.T.);
#6798=ORIENTED_EDGE('',*,*,#6797,.T.);
#6799=ORIENTED_EDGE('',*,*,#6797,.F.);
#6800=EDGE_CURVE('',#6778,#6776,#6770,.T.);
#6801=ORIENTED_EDGE('',*,*,#6800,.T.);
#6802=ORIENTED_EDGE('',*,*,#6800,.F.);
#6803=EDGE_LOOP('',(#6799,#6802));
#6804=FACE_BOUND('',#6803,.T.);
#6805=EDGE_LOOP('',(#6780,#6796,#6801,#6791));
#6806=FACE_BOUND('',#6805,.T.);
#6807=CYLINDRICAL_SURFACE('',#6769,0.550000000);
#6808=ADVANCED_FACE('',(#6806),#6807,.F.);
#6809=EDGE_LOOP('',(#6783,#6792,#6798,#6795));
#6810=FACE_BOUND('',#6809,.T.);
#6811=CYLINDRICAL_SURFACE('',#6769,0.550000000);
#6812=ADVANCED_FACE('',(#6810),#6811,.F.);
#6813=DIRECTION('',(0.000000000,0.000000000,0.035000000));
#6814=DIRECTION('',(0.000000000,0.000000000,-0.035000000));
#6815=DIRECTION('',(0.825000000,0.000000000,0.000000000));
#6816=CARTESIAN_POINT('',(10.795000000,7.145000000,0.835000000));
#6817=AXIS2_PLACEMENT_3D('',#6816,#6813,#6815);
#6818=CIRCLE('',#6817,0.825000000);
#6819=CARTESIAN_POINT('',(10.795000000,7.145000000,0.800000000));
#6820=AXIS2_PLACEMENT_3D('',#6819,#6814,#6815);
#6821=CIRCLE('',#6820,0.825000000);
#6822=CARTESIAN_POINT('',(11.620000000,7.145000000,0.835000000));
#6823=VERTEX_POINT('',#6822);
#6824=CARTESIAN_POINT('',(9.970000000,7.145000000,0.835000000));
#6825=VERTEX_POINT('',#6824);
#6826=CARTESIAN_POINT('',(11.620000000,7.145000000,0.800000000));
#6827=VERTEX_POINT('',#6826);
#6828=CARTESIAN_POINT('',(9.970000000,7.145000000,0.800000000));
#6829=VERTEX_POINT('',#6828);
#6830=EDGE_CURVE('',#6823,#6825,#6818,.T.);
#6831=ORIENTED_EDGE('',*,*,#6830,.T.);
#6832=ORIENTED_EDGE('',*,*,#6830,.F.);
#6833=EDGE_CURVE('',#6825,#6823,#6818,.T.);
#6834=ORIENTED_EDGE('',*,*,#6833,.T.);
#6835=ORIENTED_EDGE('',*,*,#6833,.F.);
#6836=EDGE_LOOP('',(#6831,#6834));
#6837=FACE_OUTER_BOUND('',#6836,.T.);
#6838=DIRECTION('',(0.000000000,0.000000000,0.035000000));
#6839=VECTOR('',#6838,1.);
#6840=LINE('',#6826,#6839);
#6841=EDGE_CURVE('',#6827,#6823,#6840,.T.);
#6842=ORIENTED_EDGE('',*,*,#6841,.T.);
#6843=ORIENTED_EDGE('',*,*,#6841,.F.);
#6844=LINE('',#6828,#6839);
#6845=EDGE_CURVE('',#6829,#6825,#6844,.T.);
#6846=ORIENTED_EDGE('',*,*,#6845,.T.);
#6847=ORIENTED_EDGE('',*,*,#6845,.F.);
#6848=EDGE_CURVE('',#6827,#6829,#6821,.T.);
#6849=ORIENTED_EDGE('',*,*,#6848,.T.);
#6850=ORIENTED_EDGE('',*,*,#6848,.F.);
#6851=EDGE_CURVE('',#6829,#6827,#6821,.T.);
#6852=ORIENTED_EDGE('',*,*,#6851,.T.);
#6853=ORIENTED_EDGE('',*,*,#6851,.F.);
#6854=EDGE_LOOP('',(#6849,#6852));
#6855=FACE_OUTER_BOUND('',#6854,.T.);
#6856=EDGE_LOOP('',(#6832,#6843,#6853,#6846));
#6857=FACE_BOUND('',#6856,.T.);
#6858=CYLINDRICAL_SURFACE('',#6820,0.825000000);
#6859=ADVANCED_FACE('',(#6857),#6858,.T.);
#6860=EDGE_LOOP('',(#6835,#6847,#6850,#6842));
#6861=FACE_BOUND('',#6860,.T.);
#6862=CYLINDRICAL_SURFACE('',#6820,0.825000000);
#6863=ADVANCED_FACE('',(#6861),#6862,.T.);
#6864=PLANE('',#6820);
#6865=ADVANCED_FACE('',(#6804,#6855),#6864,.T.);
#6866=PLANE('',#6817);
#6867=ADVANCED_FACE('',(#6786,#6837),#6866,.T.);
#6868=CLOSED_SHELL('NONE',(#6808,#6812,#6859,#6863,#6865,#6867));
#6869=MANIFOLD_SOLID_BREP('Combinateur_LR_Copperplane_16_GND_5',#6868);
#6870=STYLED_ITEM('',(#2035),#6869);
#6871=MECHANICAL_DESIGN_GEOMETRIC_PRESENTATION_REPRESENTATION('',(#6870),#90);
#6872=DIRECTION('',(0.000000000,0.000000000,0.035000000));
#6873=DIRECTION('',(0.000000000,0.000000000,-0.035000000));
#6874=DIRECTION('',(0.550000000,0.000000000,0.000000000));
#6875=CARTESIAN_POINT('',(10.795000000,26.155000000,-0.800000000));
#6876=AXIS2_PLACEMENT_3D('',#6875,#6872,#6874);
#6877=CIRCLE('',#6876,0.550000000);
#6878=CARTESIAN_POINT('',(10.795000000,26.155000000,-0.835000000));
#6879=AXIS2_PLACEMENT_3D('',#6878,#6873,#6874);
#6880=CIRCLE('',#6879,0.550000000);
#6881=CARTESIAN_POINT('',(11.345000000,26.155000000,-0.800000000));
#6882=VERTEX_POINT('',#6881);
#6883=CARTESIAN_POINT('',(10.245000000,26.155000000,-0.800000000));
#6884=VERTEX_POINT('',#6883);
#6885=CARTESIAN_POINT('',(11.345000000,26.155000000,-0.835000000));
#6886=VERTEX_POINT('',#6885);
#6887=CARTESIAN_POINT('',(10.245000000,26.155000000,-0.835000000));
#6888=VERTEX_POINT('',#6887);
#6889=EDGE_CURVE('',#6882,#6884,#6877,.T.);
#6890=ORIENTED_EDGE('',*,*,#6889,.T.);
#6891=ORIENTED_EDGE('',*,*,#6889,.F.);
#6892=EDGE_CURVE('',#6884,#6882,#6877,.T.);
#6893=ORIENTED_EDGE('',*,*,#6892,.T.);
#6894=ORIENTED_EDGE('',*,*,#6892,.F.);
#6895=EDGE_LOOP('',(#6891,#6894));
#6896=FACE_BOUND('',#6895,.T.);
#6897=DIRECTION('',(0.000000000,0.000000000,0.035000000));
#6898=VECTOR('',#6897,1.);
#6899=LINE('',#6885,#6898);
#6900=EDGE_CURVE('',#6886,#6882,#6899,.T.);
#6901=ORIENTED_EDGE('',*,*,#6900,.T.);
#6902=ORIENTED_EDGE('',*,*,#6900,.F.);
#6903=LINE('',#6887,#6898);
#6904=EDGE_CURVE('',#6888,#6884,#6903,.T.);
#6905=ORIENTED_EDGE('',*,*,#6904,.T.);
#6906=ORIENTED_EDGE('',*,*,#6904,.F.);
#6907=EDGE_CURVE('',#6886,#6888,#6880,.T.);
#6908=ORIENTED_EDGE('',*,*,#6907,.T.);
#6909=ORIENTED_EDGE('',*,*,#6907,.F.);
#6910=EDGE_CURVE('',#6888,#6886,#6880,.T.);
#6911=ORIENTED_EDGE('',*,*,#6910,.T.);
#6912=ORIENTED_EDGE('',*,*,#6910,.F.);
#6913=EDGE_LOOP('',(#6909,#6912));
#6914=FACE_BOUND('',#6913,.T.);
#6915=EDGE_LOOP('',(#6890,#6906,#6911,#6901));
#6916=FACE_BOUND('',#6915,.T.);
#6917=CYLINDRICAL_SURFACE('',#6879,0.550000000);
#6918=ADVANCED_FACE('',(#6916),#6917,.F.);
#6919=EDGE_LOOP('',(#6893,#6902,#6908,#6905));
#6920=FACE_BOUND('',#6919,.T.);
#6921=CYLINDRICAL_SURFACE('',#6879,0.550000000);
#6922=ADVANCED_FACE('',(#6920),#6921,.F.);
#6923=DIRECTION('',(0.000000000,0.000000000,0.035000000));
#6924=DIRECTION('',(0.000000000,0.000000000,-0.035000000));
#6925=DIRECTION('',(0.550000000,0.000000000,0.000000000));
#6926=CARTESIAN_POINT('',(18.415000000,25.240000000,-0.800000000));
#6927=AXIS2_PLACEMENT_3D('',#6926,#6923,#6925);
#6928=CIRCLE('',#6927,0.550000000);
#6929=CARTESIAN_POINT('',(18.415000000,25.240000000,-0.835000000));
#6930=AXIS2_PLACEMENT_3D('',#6929,#6924,#6925);
#6931=CIRCLE('',#6930,0.550000000);
#6932=CARTESIAN_POINT('',(18.965000000,25.240000000,-0.800000000));
#6933=VERTEX_POINT('',#6932);
#6934=CARTESIAN_POINT('',(17.865000000,25.240000000,-0.800000000));
#6935=VERTEX_POINT('',#6934);
#6936=CARTESIAN_POINT('',(18.965000000,25.240000000,-0.835000000));
#6937=VERTEX_POINT('',#6936);
#6938=CARTESIAN_POINT('',(17.865000000,25.240000000,-0.835000000));
#6939=VERTEX_POINT('',#6938);
#6940=EDGE_CURVE('',#6933,#6935,#6928,.T.);
#6941=ORIENTED_EDGE('',*,*,#6940,.T.);
#6942=ORIENTED_EDGE('',*,*,#6940,.F.);
#6943=EDGE_CURVE('',#6935,#6933,#6928,.T.);
#6944=ORIENTED_EDGE('',*,*,#6943,.T.);
#6945=ORIENTED_EDGE('',*,*,#6943,.F.);
#6946=EDGE_LOOP('',(#6942,#6945));
#6947=FACE_BOUND('',#6946,.T.);
#6948=DIRECTION('',(0.000000000,0.000000000,0.035000000));
#6949=VECTOR('',#6948,1.);
#6950=LINE('',#6936,#6949);
#6951=EDGE_CURVE('',#6937,#6933,#6950,.T.);
#6952=ORIENTED_EDGE('',*,*,#6951,.T.);
#6953=ORIENTED_EDGE('',*,*,#6951,.F.);
#6954=LINE('',#6938,#6949);
#6955=EDGE_CURVE('',#6939,#6935,#6954,.T.);
#6956=ORIENTED_EDGE('',*,*,#6955,.T.);
#6957=ORIENTED_EDGE('',*,*,#6955,.F.);
#6958=EDGE_CURVE('',#6937,#6939,#6931,.T.);
#6959=ORIENTED_EDGE('',*,*,#6958,.T.);
#6960=ORIENTED_EDGE('',*,*,#6958,.F.);
#6961=EDGE_CURVE('',#6939,#6937,#6931,.T.);
#6962=ORIENTED_EDGE('',*,*,#6961,.T.);
#6963=ORIENTED_EDGE('',*,*,#6961,.F.);
#6964=EDGE_LOOP('',(#6960,#6963));
#6965=FACE_BOUND('',#6964,.T.);
#6966=EDGE_LOOP('',(#6941,#6957,#6962,#6952));
#6967=FACE_BOUND('',#6966,.T.);
#6968=CYLINDRICAL_SURFACE('',#6930,0.550000000);
#6969=ADVANCED_FACE('',(#6967),#6968,.F.);
#6970=EDGE_LOOP('',(#6944,#6953,#6959,#6956));
#6971=FACE_BOUND('',#6970,.T.);
#6972=CYLINDRICAL_SURFACE('',#6930,0.550000000);
#6973=ADVANCED_FACE('',(#6971),#6972,.F.);
#6974=DIRECTION('',(0.000000000,0.000000000,0.035000000));
#6975=DIRECTION('',(0.000000000,0.000000000,-0.035000000));
#6976=DIRECTION('',(0.550000000,0.000000000,0.000000000));
#6977=CARTESIAN_POINT('',(10.795000000,23.655000000,-0.800000000));
#6978=AXIS2_PLACEMENT_3D('',#6977,#6974,#6976);
#6979=CIRCLE('',#6978,0.550000000);
#6980=CARTESIAN_POINT('',(10.795000000,23.655000000,-0.835000000));
#6981=AXIS2_PLACEMENT_3D('',#6980,#6975,#6976);
#6982=CIRCLE('',#6981,0.550000000);
#6983=CARTESIAN_POINT('',(11.345000000,23.655000000,-0.800000000));
#6984=VERTEX_POINT('',#6983);
#6985=CARTESIAN_POINT('',(10.245000000,23.655000000,-0.800000000));
#6986=VERTEX_POINT('',#6985);
#6987=CARTESIAN_POINT('',(11.345000000,23.655000000,-0.835000000));
#6988=VERTEX_POINT('',#6987);
#6989=CARTESIAN_POINT('',(10.245000000,23.655000000,-0.835000000));
#6990=VERTEX_POINT('',#6989);
#6991=EDGE_CURVE('',#6984,#6986,#6979,.T.);
#6992=ORIENTED_EDGE('',*,*,#6991,.T.);
#6993=ORIENTED_EDGE('',*,*,#6991,.F.);
#6994=EDGE_CURVE('',#6986,#6984,#6979,.T.);
#6995=ORIENTED_EDGE('',*,*,#6994,.T.);
#6996=ORIENTED_EDGE('',*,*,#6994,.F.);
#6997=EDGE_LOOP('',(#6993,#6996));
#6998=FACE_BOUND('',#6997,.T.);
#6999=DIRECTION('',(0.000000000,0.000000000,0.035000000));
#7000=VECTOR('',#6999,1.);
#7001=LINE('',#6987,#7000);
#7002=EDGE_CURVE('',#6988,#6984,#7001,.T.);
#7003=ORIENTED_EDGE('',*,*,#7002,.T.);
#7004=ORIENTED_EDGE('',*,*,#7002,.F.);
#7005=LINE('',#6989,#7000);
#7006=EDGE_CURVE('',#6990,#6986,#7005,.T.);
#7007=ORIENTED_EDGE('',*,*,#7006,.T.);
#7008=ORIENTED_EDGE('',*,*,#7006,.F.);
#7009=EDGE_CURVE('',#6988,#6990,#6982,.T.);
#7010=ORIENTED_EDGE('',*,*,#7009,.T.);
#7011=ORIENTED_EDGE('',*,*,#7009,.F.);
#7012=EDGE_CURVE('',#6990,#6988,#6982,.T.);
#7013=ORIENTED_EDGE('',*,*,#7012,.T.);
#7014=ORIENTED_EDGE('',*,*,#7012,.F.);
#7015=EDGE_LOOP('',(#7011,#7014));
#7016=FACE_BOUND('',#7015,.T.);
#7017=EDGE_LOOP('',(#6992,#7008,#7013,#7003));
#7018=FACE_BOUND('',#7017,.T.);
#7019=CYLINDRICAL_SURFACE('',#6981,0.550000000);
#7020=ADVANCED_FACE('',(#7018),#7019,.F.);
#7021=EDGE_LOOP('',(#6995,#7004,#7010,#7007));
#7022=FACE_BOUND('',#7021,.T.);
#7023=CYLINDRICAL_SURFACE('',#6981,0.550000000);
#7024=ADVANCED_FACE('',(#7022),#7023,.F.);
#7025=DIRECTION('',(0.000000000,0.000000000,0.035000000));
#7026=DIRECTION('',(0.000000000,0.000000000,-0.035000000));
#7027=DIRECTION('',(0.550000000,0.000000000,0.000000000));
#7028=CARTESIAN_POINT('',(10.795000000,9.645000000,-0.800000000));
#7029=AXIS2_PLACEMENT_3D('',#7028,#7025,#7027);
#7030=CIRCLE('',#7029,0.550000000);
#7031=CARTESIAN_POINT('',(10.795000000,9.645000000,-0.835000000));
#7032=AXIS2_PLACEMENT_3D('',#7031,#7026,#7027);
#7033=CIRCLE('',#7032,0.550000000);
#7034=CARTESIAN_POINT('',(11.345000000,9.645000000,-0.800000000));
#7035=VERTEX_POINT('',#7034);
#7036=CARTESIAN_POINT('',(10.245000000,9.645000000,-0.800000000));
#7037=VERTEX_POINT('',#7036);
#7038=CARTESIAN_POINT('',(11.345000000,9.645000000,-0.835000000));
#7039=VERTEX_POINT('',#7038);
#7040=CARTESIAN_POINT('',(10.245000000,9.645000000,-0.835000000));
#7041=VERTEX_POINT('',#7040);
#7042=EDGE_CURVE('',#7035,#7037,#7030,.T.);
#7043=ORIENTED_EDGE('',*,*,#7042,.T.);
#7044=ORIENTED_EDGE('',*,*,#7042,.F.);
#7045=EDGE_CURVE('',#7037,#7035,#7030,.T.);
#7046=ORIENTED_EDGE('',*,*,#7045,.T.);
#7047=ORIENTED_EDGE('',*,*,#7045,.F.);
#7048=EDGE_LOOP('',(#7044,#7047));
#7049=FACE_BOUND('',#7048,.T.);
#7050=DIRECTION('',(0.000000000,0.000000000,0.035000000));
#7051=VECTOR('',#7050,1.);
#7052=LINE('',#7038,#7051);
#7053=EDGE_CURVE('',#7039,#7035,#7052,.T.);
#7054=ORIENTED_EDGE('',*,*,#7053,.T.);
#7055=ORIENTED_EDGE('',*,*,#7053,.F.);
#7056=LINE('',#7040,#7051);
#7057=EDGE_CURVE('',#7041,#7037,#7056,.T.);
#7058=ORIENTED_EDGE('',*,*,#7057,.T.);
#7059=ORIENTED_EDGE('',*,*,#7057,.F.);
#7060=EDGE_CURVE('',#7039,#7041,#7033,.T.);
#7061=ORIENTED_EDGE('',*,*,#7060,.T.);
#7062=ORIENTED_EDGE('',*,*,#7060,.F.);
#7063=EDGE_CURVE('',#7041,#7039,#7033,.T.);
#7064=ORIENTED_EDGE('',*,*,#7063,.T.);
#7065=ORIENTED_EDGE('',*,*,#7063,.F.);
#7066=EDGE_LOOP('',(#7062,#7065));
#7067=FACE_BOUND('',#7066,.T.);
#7068=EDGE_LOOP('',(#7043,#7059,#7064,#7054));
#7069=FACE_BOUND('',#7068,.T.);
#7070=CYLINDRICAL_SURFACE('',#7032,0.550000000);
#7071=ADVANCED_FACE('',(#7069),#7070,.F.);
#7072=EDGE_LOOP('',(#7046,#7055,#7061,#7058));
#7073=FACE_BOUND('',#7072,.T.);
#7074=CYLINDRICAL_SURFACE('',#7032,0.550000000);
#7075=ADVANCED_FACE('',(#7073),#7074,.F.);
#7076=DIRECTION('',(0.000000000,0.000000000,0.035000000));
#7077=DIRECTION('',(0.000000000,0.000000000,-0.035000000));
#7078=DIRECTION('',(0.550000000,0.000000000,0.000000000));
#7079=CARTESIAN_POINT('',(10.795000000,7.145000000,-0.800000000));
#7080=AXIS2_PLACEMENT_3D('',#7079,#7076,#7078);
#7081=CIRCLE('',#7080,0.550000000);
#7082=CARTESIAN_POINT('',(10.795000000,7.145000000,-0.835000000));
#7083=AXIS2_PLACEMENT_3D('',#7082,#7077,#7078);
#7084=CIRCLE('',#7083,0.550000000);
#7085=CARTESIAN_POINT('',(11.345000000,7.145000000,-0.800000000));
#7086=VERTEX_POINT('',#7085);
#7087=CARTESIAN_POINT('',(10.245000000,7.145000000,-0.800000000));
#7088=VERTEX_POINT('',#7087);
#7089=CARTESIAN_POINT('',(11.345000000,7.145000000,-0.835000000));
#7090=VERTEX_POINT('',#7089);
#7091=CARTESIAN_POINT('',(10.245000000,7.145000000,-0.835000000));
#7092=VERTEX_POINT('',#7091);
#7093=EDGE_CURVE('',#7086,#7088,#7081,.T.);
#7094=ORIENTED_EDGE('',*,*,#7093,.T.);
#7095=ORIENTED_EDGE('',*,*,#7093,.F.);
#7096=EDGE_CURVE('',#7088,#7086,#7081,.T.);
#7097=ORIENTED_EDGE('',*,*,#7096,.T.);
#7098=ORIENTED_EDGE('',*,*,#7096,.F.);
#7099=EDGE_LOOP('',(#7095,#7098));
#7100=FACE_BOUND('',#7099,.T.);
#7101=DIRECTION('',(0.000000000,0.000000000,0.035000000));
#7102=VECTOR('',#7101,1.);
#7103=LINE('',#7089,#7102);
#7104=EDGE_CURVE('',#7090,#7086,#7103,.T.);
#7105=ORIENTED_EDGE('',*,*,#7104,.T.);
#7106=ORIENTED_EDGE('',*,*,#7104,.F.);
#7107=LINE('',#7091,#7102);
#7108=EDGE_CURVE('',#7092,#7088,#7107,.T.);
#7109=ORIENTED_EDGE('',*,*,#7108,.T.);
#7110=ORIENTED_EDGE('',*,*,#7108,.F.);
#7111=EDGE_CURVE('',#7090,#7092,#7084,.T.);
#7112=ORIENTED_EDGE('',*,*,#7111,.T.);
#7113=ORIENTED_EDGE('',*,*,#7111,.F.);
#7114=EDGE_CURVE('',#7092,#7090,#7084,.T.);
#7115=ORIENTED_EDGE('',*,*,#7114,.T.);
#7116=ORIENTED_EDGE('',*,*,#7114,.F.);
#7117=EDGE_LOOP('',(#7113,#7116));
#7118=FACE_BOUND('',#7117,.T.);
#7119=EDGE_LOOP('',(#7094,#7110,#7115,#7105));
#7120=FACE_BOUND('',#7119,.T.);
#7121=CYLINDRICAL_SURFACE('',#7083,0.550000000);
#7122=ADVANCED_FACE('',(#7120),#7121,.F.);
#7123=EDGE_LOOP('',(#7097,#7106,#7112,#7109));
#7124=FACE_BOUND('',#7123,.T.);
#7125=CYLINDRICAL_SURFACE('',#7083,0.550000000);
#7126=ADVANCED_FACE('',(#7124),#7125,.F.);
#7127=CARTESIAN_POINT('',(24.726347000,30.999349000,-0.835000000));
#7128=VERTEX_POINT('',#7127);
#7129=CARTESIAN_POINT('',(24.726347000,30.999349000,-0.800000000));
#7130=VERTEX_POINT('',#7129);
#7131=CARTESIAN_POINT('',(24.184141000,31.073874000,-0.835000000));
#7132=VERTEX_POINT('',#7131);
#7133=CARTESIAN_POINT('',(24.184141000,31.073874000,-0.800000000));
#7134=VERTEX_POINT('',#7133);
#7135=CARTESIAN_POINT('',(23.657136000,31.221534000,-0.835000000));
#7136=VERTEX_POINT('',#7135);
#7137=CARTESIAN_POINT('',(23.657136000,31.221534000,-0.800000000));
#7138=VERTEX_POINT('',#7137);
#7139=CARTESIAN_POINT('',(23.155137000,31.439582000,-0.835000000));
#7140=VERTEX_POINT('',#7139);
#7141=CARTESIAN_POINT('',(23.155137000,31.439582000,-0.800000000));
#7142=VERTEX_POINT('',#7141);
#7143=CARTESIAN_POINT('',(22.687513000,31.723951000,-0.835000000));
#7144=VERTEX_POINT('',#7143);
#7145=CARTESIAN_POINT('',(22.687513000,31.723951000,-0.800000000));
#7146=VERTEX_POINT('',#7145);
#7147=CARTESIAN_POINT('',(22.262963000,32.069349000,-0.835000000));
#7148=VERTEX_POINT('',#7147);
#7149=CARTESIAN_POINT('',(22.262963000,32.069349000,-0.800000000));
#7150=VERTEX_POINT('',#7149);
#7151=CARTESIAN_POINT('',(21.889398000,32.469340000,-0.835000000));
#7152=VERTEX_POINT('',#7151);
#7153=CARTESIAN_POINT('',(21.889398000,32.469340000,-0.800000000));
#7154=VERTEX_POINT('',#7153);
#7155=CARTESIAN_POINT('',(21.573779000,32.916468000,-0.835000000));
#7156=VERTEX_POINT('',#7155);
#7157=CARTESIAN_POINT('',(21.573779000,32.916468000,-0.800000000));
#7158=VERTEX_POINT('',#7157);
#7159=CARTESIAN_POINT('',(21.321983000,33.402414000,-0.835000000));
#7160=VERTEX_POINT('',#7159);
#7161=CARTESIAN_POINT('',(21.321983000,33.402414000,-0.800000000));
#7162=VERTEX_POINT('',#7161);
#7163=CARTESIAN_POINT('',(21.138703000,33.918115000,-0.835000000));
#7164=VERTEX_POINT('',#7163);
#7165=CARTESIAN_POINT('',(21.138703000,33.918115000,-0.800000000));
#7166=VERTEX_POINT('',#7165);
#7167=CARTESIAN_POINT('',(21.027351000,34.453969000,-0.835000000));
#7168=VERTEX_POINT('',#7167);
#7169=CARTESIAN_POINT('',(21.027351000,34.453969000,-0.800000000));
#7170=VERTEX_POINT('',#7169);
#7171=CARTESIAN_POINT('',(20.990001000,35.000000000,-0.835000000));
#7172=VERTEX_POINT('',#7171);
#7173=CARTESIAN_POINT('',(20.990001000,35.000000000,-0.800000000));
#7174=VERTEX_POINT('',#7173);
#7175=CARTESIAN_POINT('',(21.027351000,35.546031000,-0.835000000));
#7176=VERTEX_POINT('',#7175);
#7177=CARTESIAN_POINT('',(21.027351000,35.546031000,-0.800000000));
#7178=VERTEX_POINT('',#7177);
#7179=CARTESIAN_POINT('',(21.138703000,36.081885000,-0.835000000));
#7180=VERTEX_POINT('',#7179);
#7181=CARTESIAN_POINT('',(21.138703000,36.081885000,-0.800000000));
#7182=VERTEX_POINT('',#7181);
#7183=CARTESIAN_POINT('',(21.321983000,36.597586000,-0.835000000));
#7184=VERTEX_POINT('',#7183);
#7185=CARTESIAN_POINT('',(21.321983000,36.597586000,-0.800000000));
#7186=VERTEX_POINT('',#7185);
#7187=CARTESIAN_POINT('',(21.573779000,37.083532000,-0.835000000));
#7188=VERTEX_POINT('',#7187);
#7189=CARTESIAN_POINT('',(21.573779000,37.083532000,-0.800000000));
#7190=VERTEX_POINT('',#7189);
#7191=CARTESIAN_POINT('',(21.889398000,37.530660000,-0.835000000));
#7192=VERTEX_POINT('',#7191);
#7193=CARTESIAN_POINT('',(21.889398000,37.530660000,-0.800000000));
#7194=VERTEX_POINT('',#7193);
#7195=CARTESIAN_POINT('',(22.262963000,37.930651000,-0.835000000));
#7196=VERTEX_POINT('',#7195);
#7197=CARTESIAN_POINT('',(22.262963000,37.930651000,-0.800000000));
#7198=VERTEX_POINT('',#7197);
#7199=CARTESIAN_POINT('',(22.687513000,38.276049000,-0.835000000));
#7200=VERTEX_POINT('',#7199);
#7201=CARTESIAN_POINT('',(22.687513000,38.276049000,-0.800000000));
#7202=VERTEX_POINT('',#7201);
#7203=CARTESIAN_POINT('',(23.155137000,38.560418000,-0.835000000));
#7204=VERTEX_POINT('',#7203);
#7205=CARTESIAN_POINT('',(23.155137000,38.560418000,-0.800000000));
#7206=VERTEX_POINT('',#7205);
#7207=CARTESIAN_POINT('',(23.657136000,38.778466000,-0.835000000));
#7208=VERTEX_POINT('',#7207);
#7209=CARTESIAN_POINT('',(23.657136000,38.778466000,-0.800000000));
#7210=VERTEX_POINT('',#7209);
#7211=CARTESIAN_POINT('',(24.184141000,38.926126000,-0.835000000));
#7212=VERTEX_POINT('',#7211);
#7213=CARTESIAN_POINT('',(24.184141000,38.926126000,-0.800000000));
#7214=VERTEX_POINT('',#7213);
#7215=CARTESIAN_POINT('',(24.726347000,39.000651000,-0.835000000));
#7216=VERTEX_POINT('',#7215);
#7217=CARTESIAN_POINT('',(24.726347000,39.000651000,-0.800000000));
#7218=VERTEX_POINT('',#7217);
#7219=CARTESIAN_POINT('',(25.273653000,39.000651000,-0.835000000));
#7220=VERTEX_POINT('',#7219);
#7221=CARTESIAN_POINT('',(25.273653000,39.000651000,-0.800000000));
#7222=VERTEX_POINT('',#7221);
#7223=CARTESIAN_POINT('',(25.815859000,38.926126000,-0.835000000));
#7224=VERTEX_POINT('',#7223);
#7225=CARTESIAN_POINT('',(25.815859000,38.926126000,-0.800000000));
#7226=VERTEX_POINT('',#7225);
#7227=CARTESIAN_POINT('',(26.342864000,38.778466000,-0.835000000));
#7228=VERTEX_POINT('',#7227);
#7229=CARTESIAN_POINT('',(26.342864000,38.778466000,-0.800000000));
#7230=VERTEX_POINT('',#7229);
#7231=CARTESIAN_POINT('',(26.844863000,38.560418000,-0.835000000));
#7232=VERTEX_POINT('',#7231);
#7233=CARTESIAN_POINT('',(26.844863000,38.560418000,-0.800000000));
#7234=VERTEX_POINT('',#7233);
#7235=CARTESIAN_POINT('',(27.312487000,38.276049000,-0.835000000));
#7236=VERTEX_POINT('',#7235);
#7237=CARTESIAN_POINT('',(27.312487000,38.276049000,-0.800000000));
#7238=VERTEX_POINT('',#7237);
#7239=CARTESIAN_POINT('',(27.737037000,37.930651000,-0.835000000));
#7240=VERTEX_POINT('',#7239);
#7241=CARTESIAN_POINT('',(27.737037000,37.930651000,-0.800000000));
#7242=VERTEX_POINT('',#7241);
#7243=CARTESIAN_POINT('',(28.110602000,37.530660000,-0.835000000));
#7244=VERTEX_POINT('',#7243);
#7245=CARTESIAN_POINT('',(28.110602000,37.530660000,-0.800000000));
#7246=VERTEX_POINT('',#7245);
#7247=CARTESIAN_POINT('',(28.426221000,37.083532000,-0.835000000));
#7248=VERTEX_POINT('',#7247);
#7249=CARTESIAN_POINT('',(28.426221000,37.083532000,-0.800000000));
#7250=VERTEX_POINT('',#7249);
#7251=CARTESIAN_POINT('',(28.678017000,36.597586000,-0.835000000));
#7252=VERTEX_POINT('',#7251);
#7253=CARTESIAN_POINT('',(28.678017000,36.597586000,-0.800000000));
#7254=VERTEX_POINT('',#7253);
#7255=CARTESIAN_POINT('',(28.861297000,36.081885000,-0.835000000));
#7256=VERTEX_POINT('',#7255);
#7257=CARTESIAN_POINT('',(28.861297000,36.081885000,-0.800000000));
#7258=VERTEX_POINT('',#7257);
#7259=CARTESIAN_POINT('',(28.972649000,35.546031000,-0.835000000));
#7260=VERTEX_POINT('',#7259);
#7261=CARTESIAN_POINT('',(28.972649000,35.546031000,-0.800000000));
#7262=VERTEX_POINT('',#7261);
#7263=CARTESIAN_POINT('',(29.009999000,35.000000000,-0.835000000));
#7264=VERTEX_POINT('',#7263);
#7265=CARTESIAN_POINT('',(29.009999000,35.000000000,-0.800000000));
#7266=VERTEX_POINT('',#7265);
#7267=CARTESIAN_POINT('',(28.972649000,34.453969000,-0.835000000));
#7268=VERTEX_POINT('',#7267);
#7269=CARTESIAN_POINT('',(28.972649000,34.453969000,-0.800000000));
#7270=VERTEX_POINT('',#7269);
#7271=CARTESIAN_POINT('',(28.861297000,33.918115000,-0.835000000));
#7272=VERTEX_POINT('',#7271);
#7273=CARTESIAN_POINT('',(28.861297000,33.918115000,-0.800000000));
#7274=VERTEX_POINT('',#7273);
#7275=CARTESIAN_POINT('',(28.678017000,33.402414000,-0.835000000));
#7276=VERTEX_POINT('',#7275);
#7277=CARTESIAN_POINT('',(28.678017000,33.402414000,-0.800000000));
#7278=VERTEX_POINT('',#7277);
#7279=CARTESIAN_POINT('',(28.426221000,32.916468000,-0.835000000));
#7280=VERTEX_POINT('',#7279);
#7281=CARTESIAN_POINT('',(28.426221000,32.916468000,-0.800000000));
#7282=VERTEX_POINT('',#7281);
#7283=CARTESIAN_POINT('',(28.110602000,32.469340000,-0.835000000));
#7284=VERTEX_POINT('',#7283);
#7285=CARTESIAN_POINT('',(28.110602000,32.469340000,-0.800000000));
#7286=VERTEX_POINT('',#7285);
#7287=CARTESIAN_POINT('',(27.737037000,32.069349000,-0.835000000));
#7288=VERTEX_POINT('',#7287);
#7289=CARTESIAN_POINT('',(27.737037000,32.069349000,-0.800000000));
#7290=VERTEX_POINT('',#7289);
#7291=CARTESIAN_POINT('',(27.312487000,31.723951000,-0.835000000));
#7292=VERTEX_POINT('',#7291);
#7293=CARTESIAN_POINT('',(27.312487000,31.723951000,-0.800000000));
#7294=VERTEX_POINT('',#7293);
#7295=CARTESIAN_POINT('',(26.844863000,31.439582000,-0.835000000));
#7296=VERTEX_POINT('',#7295);
#7297=CARTESIAN_POINT('',(26.844863000,31.439582000,-0.800000000));
#7298=VERTEX_POINT('',#7297);
#7299=CARTESIAN_POINT('',(26.342864000,31.221534000,-0.835000000));
#7300=VERTEX_POINT('',#7299);
#7301=CARTESIAN_POINT('',(26.342864000,31.221534000,-0.800000000));
#7302=VERTEX_POINT('',#7301);
#7303=CARTESIAN_POINT('',(25.815859000,31.073874000,-0.835000000));
#7304=VERTEX_POINT('',#7303);
#7305=CARTESIAN_POINT('',(25.815859000,31.073874000,-0.800000000));
#7306=VERTEX_POINT('',#7305);
#7307=CARTESIAN_POINT('',(25.273653000,30.999349000,-0.835000000));
#7308=VERTEX_POINT('',#7307);
#7309=CARTESIAN_POINT('',(25.273653000,30.999349000,-0.800000000));
#7310=VERTEX_POINT('',#7309);
#7311=DIRECTION('',(-0.542206000,0.074525000,0.000000000));
#7312=VECTOR('',#7311,1.);
#7313=LINE('',#7127,#7312);
#7314=DIRECTION('',(-0.542206000,0.074525000,0.000000000));
#7315=VECTOR('',#7314,1.);
#7316=LINE('',#7129,#7315);
#7317=DIRECTION('',(-0.527005000,0.147660000,0.000000000));
#7318=VECTOR('',#7317,1.);
#7319=LINE('',#7131,#7318);
#7320=DIRECTION('',(-0.527005000,0.147660000,0.000000000));
#7321=VECTOR('',#7320,1.);
#7322=LINE('',#7133,#7321);
#7323=DIRECTION('',(-0.501999000,0.218048000,0.000000000));
#7324=VECTOR('',#7323,1.);
#7325=LINE('',#7135,#7324);
#7326=DIRECTION('',(-0.501999000,0.218048000,0.000000000));
#7327=VECTOR('',#7326,1.);
#7328=LINE('',#7137,#7327);
#7329=DIRECTION('',(-0.467624000,0.284369000,0.000000000));
#7330=VECTOR('',#7329,1.);
#7331=LINE('',#7139,#7330);
#7332=DIRECTION('',(-0.467624000,0.284369000,0.000000000));
#7333=VECTOR('',#7332,1.);
#7334=LINE('',#7141,#7333);
#7335=DIRECTION('',(-0.424550000,0.345398000,0.000000000));
#7336=VECTOR('',#7335,1.);
#7337=LINE('',#7143,#7336);
#7338=DIRECTION('',(-0.424550000,0.345398000,0.000000000));
#7339=VECTOR('',#7338,1.);
#7340=LINE('',#7145,#7339);
#7341=DIRECTION('',(-0.373565000,0.399991000,0.000000000));
#7342=VECTOR('',#7341,1.);
#7343=LINE('',#7147,#7342);
#7344=DIRECTION('',(-0.373565000,0.399991000,0.000000000));
#7345=VECTOR('',#7344,1.);
#7346=LINE('',#7149,#7345);
#7347=DIRECTION('',(-0.315619000,0.447128000,0.000000000));
#7348=VECTOR('',#7347,1.);
#7349=LINE('',#7151,#7348);
#7350=DIRECTION('',(-0.315619000,0.447128000,0.000000000));
#7351=VECTOR('',#7350,1.);
#7352=LINE('',#7153,#7351);
#7353=DIRECTION('',(-0.251796000,0.485946000,0.000000000));
#7354=VECTOR('',#7353,1.);
#7355=LINE('',#7155,#7354);
#7356=DIRECTION('',(-0.251796000,0.485946000,0.000000000));
#7357=VECTOR('',#7356,1.);
#7358=LINE('',#7157,#7357);
#7359=DIRECTION('',(-0.183280000,0.515701000,0.000000000));
#7360=VECTOR('',#7359,1.);
#7361=LINE('',#7159,#7360);
#7362=DIRECTION('',(-0.183280000,0.515701000,0.000000000));
#7363=VECTOR('',#7362,1.);
#7364=LINE('',#7161,#7363);
#7365=DIRECTION('',(-0.111352000,0.535854000,0.000000000));
#7366=VECTOR('',#7365,1.);
#7367=LINE('',#7163,#7366);
#7368=DIRECTION('',(-0.111352000,0.535854000,0.000000000));
#7369=VECTOR('',#7368,1.);
#7370=LINE('',#7165,#7369);
#7371=DIRECTION('',(-0.037350000,0.546031000,0.000000000));
#7372=VECTOR('',#7371,1.);
#7373=LINE('',#7167,#7372);
#7374=DIRECTION('',(-0.037350000,0.546031000,0.000000000));
#7375=VECTOR('',#7374,1.);
#7376=LINE('',#7169,#7375);
#7377=DIRECTION('',(0.037350000,0.546031000,0.000000000));
#7378=VECTOR('',#7377,1.);
#7379=LINE('',#7171,#7378);
#7380=DIRECTION('',(0.037350000,0.546031000,0.000000000));
#7381=VECTOR('',#7380,1.);
#7382=LINE('',#7173,#7381);
#7383=DIRECTION('',(0.111352000,0.535854000,0.000000000));
#7384=VECTOR('',#7383,1.);
#7385=LINE('',#7175,#7384);
#7386=DIRECTION('',(0.111352000,0.535854000,0.000000000));
#7387=VECTOR('',#7386,1.);
#7388=LINE('',#7177,#7387);
#7389=DIRECTION('',(0.183280000,0.515701000,0.000000000));
#7390=VECTOR('',#7389,1.);
#7391=LINE('',#7179,#7390);
#7392=DIRECTION('',(0.183280000,0.515701000,0.000000000));
#7393=VECTOR('',#7392,1.);
#7394=LINE('',#7181,#7393);
#7395=DIRECTION('',(0.251796000,0.485946000,0.000000000));
#7396=VECTOR('',#7395,1.);
#7397=LINE('',#7183,#7396);
#7398=DIRECTION('',(0.251796000,0.485946000,0.000000000));
#7399=VECTOR('',#7398,1.);
#7400=LINE('',#7185,#7399);
#7401=DIRECTION('',(0.315619000,0.447128000,0.000000000));
#7402=VECTOR('',#7401,1.);
#7403=LINE('',#7187,#7402);
#7404=DIRECTION('',(0.315619000,0.447128000,0.000000000));
#7405=VECTOR('',#7404,1.);
#7406=LINE('',#7189,#7405);
#7407=DIRECTION('',(0.373565000,0.399991000,0.000000000));
#7408=VECTOR('',#7407,1.);
#7409=LINE('',#7191,#7408);
#7410=DIRECTION('',(0.373565000,0.399991000,0.000000000));
#7411=VECTOR('',#7410,1.);
#7412=LINE('',#7193,#7411);
#7413=DIRECTION('',(0.424550000,0.345398000,0.000000000));
#7414=VECTOR('',#7413,1.);
#7415=LINE('',#7195,#7414);
#7416=DIRECTION('',(0.424550000,0.345398000,0.000000000));
#7417=VECTOR('',#7416,1.);
#7418=LINE('',#7197,#7417);
#7419=DIRECTION('',(0.467624000,0.284369000,0.000000000));
#7420=VECTOR('',#7419,1.);
#7421=LINE('',#7199,#7420);
#7422=DIRECTION('',(0.467624000,0.284369000,0.000000000));
#7423=VECTOR('',#7422,1.);
#7424=LINE('',#7201,#7423);
#7425=DIRECTION('',(0.501999000,0.218048000,0.000000000));
#7426=VECTOR('',#7425,1.);
#7427=LINE('',#7203,#7426);
#7428=DIRECTION('',(0.501999000,0.218048000,0.000000000));
#7429=VECTOR('',#7428,1.);
#7430=LINE('',#7205,#7429);
#7431=DIRECTION('',(0.527005000,0.147660000,0.000000000));
#7432=VECTOR('',#7431,1.);
#7433=LINE('',#7207,#7432);
#7434=DIRECTION('',(0.527005000,0.147660000,0.000000000));
#7435=VECTOR('',#7434,1.);
#7436=LINE('',#7209,#7435);
#7437=DIRECTION('',(0.542206000,0.074525000,0.000000000));
#7438=VECTOR('',#7437,1.);
#7439=LINE('',#7211,#7438);
#7440=DIRECTION('',(0.542206000,0.074525000,0.000000000));
#7441=VECTOR('',#7440,1.);
#7442=LINE('',#7213,#7441);
#7443=DIRECTION('',(0.547306000,0.000000000,0.000000000));
#7444=VECTOR('',#7443,1.);
#7445=LINE('',#7215,#7444);
#7446=DIRECTION('',(0.547306000,0.000000000,0.000000000));
#7447=VECTOR('',#7446,1.);
#7448=LINE('',#7217,#7447);
#7449=DIRECTION('',(0.542206000,-0.074525000,0.000000000));
#7450=VECTOR('',#7449,1.);
#7451=LINE('',#7219,#7450);
#7452=DIRECTION('',(0.542206000,-0.074525000,0.000000000));
#7453=VECTOR('',#7452,1.);
#7454=LINE('',#7221,#7453);
#7455=DIRECTION('',(0.527005000,-0.147660000,0.000000000));
#7456=VECTOR('',#7455,1.);
#7457=LINE('',#7223,#7456);
#7458=DIRECTION('',(0.527005000,-0.147660000,0.000000000));
#7459=VECTOR('',#7458,1.);
#7460=LINE('',#7225,#7459);
#7461=DIRECTION('',(0.501999000,-0.218048000,0.000000000));
#7462=VECTOR('',#7461,1.);
#7463=LINE('',#7227,#7462);
#7464=DIRECTION('',(0.501999000,-0.218048000,0.000000000));
#7465=VECTOR('',#7464,1.);
#7466=LINE('',#7229,#7465);
#7467=DIRECTION('',(0.467624000,-0.284369000,0.000000000));
#7468=VECTOR('',#7467,1.);
#7469=LINE('',#7231,#7468);
#7470=DIRECTION('',(0.467624000,-0.284369000,0.000000000));
#7471=VECTOR('',#7470,1.);
#7472=LINE('',#7233,#7471);
#7473=DIRECTION('',(0.424550000,-0.345398000,0.000000000));
#7474=VECTOR('',#7473,1.);
#7475=LINE('',#7235,#7474);
#7476=DIRECTION('',(0.424550000,-0.345398000,0.000000000));
#7477=VECTOR('',#7476,1.);
#7478=LINE('',#7237,#7477);
#7479=DIRECTION('',(0.373565000,-0.399991000,0.000000000));
#7480=VECTOR('',#7479,1.);
#7481=LINE('',#7239,#7480);
#7482=DIRECTION('',(0.373565000,-0.399991000,0.000000000));
#7483=VECTOR('',#7482,1.);
#7484=LINE('',#7241,#7483);
#7485=DIRECTION('',(0.315619000,-0.447128000,0.000000000));
#7486=VECTOR('',#7485,1.);
#7487=LINE('',#7243,#7486);
#7488=DIRECTION('',(0.315619000,-0.447128000,0.000000000));
#7489=VECTOR('',#7488,1.);
#7490=LINE('',#7245,#7489);
#7491=DIRECTION('',(0.251796000,-0.485946000,0.000000000));
#7492=VECTOR('',#7491,1.);
#7493=LINE('',#7247,#7492);
#7494=DIRECTION('',(0.251796000,-0.485946000,0.000000000));
#7495=VECTOR('',#7494,1.);
#7496=LINE('',#7249,#7495);
#7497=DIRECTION('',(0.183280000,-0.515701000,0.000000000));
#7498=VECTOR('',#7497,1.);
#7499=LINE('',#7251,#7498);
#7500=DIRECTION('',(0.183280000,-0.515701000,0.000000000));
#7501=VECTOR('',#7500,1.);
#7502=LINE('',#7253,#7501);
#7503=DIRECTION('',(0.111352000,-0.535854000,0.000000000));
#7504=VECTOR('',#7503,1.);
#7505=LINE('',#7255,#7504);
#7506=DIRECTION('',(0.111352000,-0.535854000,0.000000000));
#7507=VECTOR('',#7506,1.);
#7508=LINE('',#7257,#7507);
#7509=DIRECTION('',(0.037350000,-0.546031000,0.000000000));
#7510=VECTOR('',#7509,1.);
#7511=LINE('',#7259,#7510);
#7512=DIRECTION('',(0.037350000,-0.546031000,0.000000000));
#7513=VECTOR('',#7512,1.);
#7514=LINE('',#7261,#7513);
#7515=DIRECTION('',(-0.037350000,-0.546031000,0.000000000));
#7516=VECTOR('',#7515,1.);
#7517=LINE('',#7263,#7516);
#7518=DIRECTION('',(-0.037350000,-0.546031000,0.000000000));
#7519=VECTOR('',#7518,1.);
#7520=LINE('',#7265,#7519);
#7521=DIRECTION('',(-0.111352000,-0.535854000,0.000000000));
#7522=VECTOR('',#7521,1.);
#7523=LINE('',#7267,#7522);
#7524=DIRECTION('',(-0.111352000,-0.535854000,0.000000000));
#7525=VECTOR('',#7524,1.);
#7526=LINE('',#7269,#7525);
#7527=DIRECTION('',(-0.183280000,-0.515701000,0.000000000));
#7528=VECTOR('',#7527,1.);
#7529=LINE('',#7271,#7528);
#7530=DIRECTION('',(-0.183280000,-0.515701000,0.000000000));
#7531=VECTOR('',#7530,1.);
#7532=LINE('',#7273,#7531);
#7533=DIRECTION('',(-0.251796000,-0.485946000,0.000000000));
#7534=VECTOR('',#7533,1.);
#7535=LINE('',#7275,#7534);
#7536=DIRECTION('',(-0.251796000,-0.485946000,0.000000000));
#7537=VECTOR('',#7536,1.);
#7538=LINE('',#7277,#7537);
#7539=DIRECTION('',(-0.315619000,-0.447128000,0.000000000));
#7540=VECTOR('',#7539,1.);
#7541=LINE('',#7279,#7540);
#7542=DIRECTION('',(-0.315619000,-0.447128000,0.000000000));
#7543=VECTOR('',#7542,1.);
#7544=LINE('',#7281,#7543);
#7545=DIRECTION('',(-0.373565000,-0.399991000,0.000000000));
#7546=VECTOR('',#7545,1.);
#7547=LINE('',#7283,#7546);
#7548=DIRECTION('',(-0.373565000,-0.399991000,0.000000000));
#7549=VECTOR('',#7548,1.);
#7550=LINE('',#7285,#7549);
#7551=DIRECTION('',(-0.424550000,-0.345398000,0.000000000));
#7552=VECTOR('',#7551,1.);
#7553=LINE('',#7287,#7552);
#7554=DIRECTION('',(-0.424550000,-0.345398000,0.000000000));
#7555=VECTOR('',#7554,1.);
#7556=LINE('',#7289,#7555);
#7557=DIRECTION('',(-0.467624000,-0.284369000,0.000000000));
#7558=VECTOR('',#7557,1.);
#7559=LINE('',#7291,#7558);
#7560=DIRECTION('',(-0.467624000,-0.284369000,0.000000000));
#7561=VECTOR('',#7560,1.);
#7562=LINE('',#7293,#7561);
#7563=DIRECTION('',(-0.501999000,-0.218048000,0.000000000));
#7564=VECTOR('',#7563,1.);
#7565=LINE('',#7295,#7564);
#7566=DIRECTION('',(-0.501999000,-0.218048000,0.000000000));
#7567=VECTOR('',#7566,1.);
#7568=LINE('',#7297,#7567);
#7569=DIRECTION('',(-0.527005000,-0.147660000,0.000000000));
#7570=VECTOR('',#7569,1.);
#7571=LINE('',#7299,#7570);
#7572=DIRECTION('',(-0.527005000,-0.147660000,0.000000000));
#7573=VECTOR('',#7572,1.);
#7574=LINE('',#7301,#7573);
#7575=DIRECTION('',(-0.542206000,-0.074525000,0.000000000));
#7576=VECTOR('',#7575,1.);
#7577=LINE('',#7303,#7576);
#7578=DIRECTION('',(-0.542206000,-0.074525000,0.000000000));
#7579=VECTOR('',#7578,1.);
#7580=LINE('',#7305,#7579);
#7581=DIRECTION('',(-0.547306000,0.000000000,0.000000000));
#7582=VECTOR('',#7581,1.);
#7583=LINE('',#7307,#7582);
#7584=DIRECTION('',(-0.547306000,0.000000000,0.000000000));
#7585=VECTOR('',#7584,1.);
#7586=LINE('',#7309,#7585);
#7587=DIRECTION('',(0.000000000,0.000000000,0.035000000));
#7588=VECTOR('',#7587,1.);
#7589=LINE('',#7127,#7588);
#7590=DIRECTION('',(0.000000000,0.000000000,0.035000000));
#7591=VECTOR('',#7590,1.);
#7592=LINE('',#7131,#7591);
#7593=DIRECTION('',(0.000000000,0.000000000,0.035000000));
#7594=VECTOR('',#7593,1.);
#7595=LINE('',#7135,#7594);
#7596=DIRECTION('',(0.000000000,0.000000000,0.035000000));
#7597=VECTOR('',#7596,1.);
#7598=LINE('',#7139,#7597);
#7599=DIRECTION('',(0.000000000,0.000000000,0.035000000));
#7600=VECTOR('',#7599,1.);
#7601=LINE('',#7143,#7600);
#7602=DIRECTION('',(0.000000000,0.000000000,0.035000000));
#7603=VECTOR('',#7602,1.);
#7604=LINE('',#7147,#7603);
#7605=DIRECTION('',(0.000000000,0.000000000,0.035000000));
#7606=VECTOR('',#7605,1.);
#7607=LINE('',#7151,#7606);
#7608=DIRECTION('',(0.000000000,0.000000000,0.035000000));
#7609=VECTOR('',#7608,1.);
#7610=LINE('',#7155,#7609);
#7611=DIRECTION('',(0.000000000,0.000000000,0.035000000));
#7612=VECTOR('',#7611,1.);
#7613=LINE('',#7159,#7612);
#7614=DIRECTION('',(0.000000000,0.000000000,0.035000000));
#7615=VECTOR('',#7614,1.);
#7616=LINE('',#7163,#7615);
#7617=DIRECTION('',(0.000000000,0.000000000,0.035000000));
#7618=VECTOR('',#7617,1.);
#7619=LINE('',#7167,#7618);
#7620=DIRECTION('',(0.000000000,0.000000000,0.035000000));
#7621=VECTOR('',#7620,1.);
#7622=LINE('',#7171,#7621);
#7623=DIRECTION('',(0.000000000,0.000000000,0.035000000));
#7624=VECTOR('',#7623,1.);
#7625=LINE('',#7175,#7624);
#7626=DIRECTION('',(0.000000000,0.000000000,0.035000000));
#7627=VECTOR('',#7626,1.);
#7628=LINE('',#7179,#7627);
#7629=DIRECTION('',(0.000000000,0.000000000,0.035000000));
#7630=VECTOR('',#7629,1.);
#7631=LINE('',#7183,#7630);
#7632=DIRECTION('',(0.000000000,0.000000000,0.035000000));
#7633=VECTOR('',#7632,1.);
#7634=LINE('',#7187,#7633);
#7635=DIRECTION('',(0.000000000,0.000000000,0.035000000));
#7636=VECTOR('',#7635,1.);
#7637=LINE('',#7191,#7636);
#7638=DIRECTION('',(0.000000000,0.000000000,0.035000000));
#7639=VECTOR('',#7638,1.);
#7640=LINE('',#7195,#7639);
#7641=DIRECTION('',(0.000000000,0.000000000,0.035000000));
#7642=VECTOR('',#7641,1.);
#7643=LINE('',#7199,#7642);
#7644=DIRECTION('',(0.000000000,0.000000000,0.035000000));
#7645=VECTOR('',#7644,1.);
#7646=LINE('',#7203,#7645);
#7647=DIRECTION('',(0.000000000,0.000000000,0.035000000));
#7648=VECTOR('',#7647,1.);
#7649=LINE('',#7207,#7648);
#7650=DIRECTION('',(0.000000000,0.000000000,0.035000000));
#7651=VECTOR('',#7650,1.);
#7652=LINE('',#7211,#7651);
#7653=DIRECTION('',(0.000000000,0.000000000,0.035000000));
#7654=VECTOR('',#7653,1.);
#7655=LINE('',#7215,#7654);
#7656=DIRECTION('',(0.000000000,0.000000000,0.035000000));
#7657=VECTOR('',#7656,1.);
#7658=LINE('',#7219,#7657);
#7659=DIRECTION('',(0.000000000,0.000000000,0.035000000));
#7660=VECTOR('',#7659,1.);
#7661=LINE('',#7223,#7660);
#7662=DIRECTION('',(0.000000000,0.000000000,0.035000000));
#7663=VECTOR('',#7662,1.);
#7664=LINE('',#7227,#7663);
#7665=DIRECTION('',(0.000000000,0.000000000,0.035000000));
#7666=VECTOR('',#7665,1.);
#7667=LINE('',#7231,#7666);
#7668=DIRECTION('',(0.000000000,0.000000000,0.035000000));
#7669=VECTOR('',#7668,1.);
#7670=LINE('',#7235,#7669);
#7671=DIRECTION('',(0.000000000,0.000000000,0.035000000));
#7672=VECTOR('',#7671,1.);
#7673=LINE('',#7239,#7672);
#7674=DIRECTION('',(0.000000000,0.000000000,0.035000000));
#7675=VECTOR('',#7674,1.);
#7676=LINE('',#7243,#7675);
#7677=DIRECTION('',(0.000000000,0.000000000,0.035000000));
#7678=VECTOR('',#7677,1.);
#7679=LINE('',#7247,#7678);
#7680=DIRECTION('',(0.000000000,0.000000000,0.035000000));
#7681=VECTOR('',#7680,1.);
#7682=LINE('',#7251,#7681);
#7683=DIRECTION('',(0.000000000,0.000000000,0.035000000));
#7684=VECTOR('',#7683,1.);
#7685=LINE('',#7255,#7684);
#7686=DIRECTION('',(0.000000000,0.000000000,0.035000000));
#7687=VECTOR('',#7686,1.);
#7688=LINE('',#7259,#7687);
#7689=DIRECTION('',(0.000000000,0.000000000,0.035000000));
#7690=VECTOR('',#7689,1.);
#7691=LINE('',#7263,#7690);
#7692=DIRECTION('',(0.000000000,0.000000000,0.035000000));
#7693=VECTOR('',#7692,1.);
#7694=LINE('',#7267,#7693);
#7695=DIRECTION('',(0.000000000,0.000000000,0.035000000));
#7696=VECTOR('',#7695,1.);
#7697=LINE('',#7271,#7696);
#7698=DIRECTION('',(0.000000000,0.000000000,0.035000000));
#7699=VECTOR('',#7698,1.);
#7700=LINE('',#7275,#7699);
#7701=DIRECTION('',(0.000000000,0.000000000,0.035000000));
#7702=VECTOR('',#7701,1.);
#7703=LINE('',#7279,#7702);
#7704=DIRECTION('',(0.000000000,0.000000000,0.035000000));
#7705=VECTOR('',#7704,1.);
#7706=LINE('',#7283,#7705);
#7707=DIRECTION('',(0.000000000,0.000000000,0.035000000));
#7708=VECTOR('',#7707,1.);
#7709=LINE('',#7287,#7708);
#7710=DIRECTION('',(0.000000000,0.000000000,0.035000000));
#7711=VECTOR('',#7710,1.);
#7712=LINE('',#7291,#7711);
#7713=DIRECTION('',(0.000000000,0.000000000,0.035000000));
#7714=VECTOR('',#7713,1.);
#7715=LINE('',#7295,#7714);
#7716=DIRECTION('',(0.000000000,0.000000000,0.035000000));
#7717=VECTOR('',#7716,1.);
#7718=LINE('',#7299,#7717);
#7719=DIRECTION('',(0.000000000,0.000000000,0.035000000));
#7720=VECTOR('',#7719,1.);
#7721=LINE('',#7303,#7720);
#7722=DIRECTION('',(0.000000000,0.000000000,0.035000000));
#7723=VECTOR('',#7722,1.);
#7724=LINE('',#7307,#7723);
#7725=EDGE_CURVE('',#7128,#7132,#7313,.T.);
#7726=ORIENTED_EDGE('',*,*,#7725,.T.);
#7727=ORIENTED_EDGE('',*,*,#7725,.F.);
#7728=EDGE_CURVE('',#7130,#7134,#7316,.T.);
#7729=ORIENTED_EDGE('',*,*,#7728,.T.);
#7730=ORIENTED_EDGE('',*,*,#7728,.F.);
#7731=EDGE_CURVE('',#7128,#7130,#7589,.T.);
#7732=ORIENTED_EDGE('',*,*,#7731,.T.);
#7733=ORIENTED_EDGE('',*,*,#7731,.F.);
#7734=EDGE_CURVE('',#7132,#7136,#7319,.T.);
#7735=ORIENTED_EDGE('',*,*,#7734,.T.);
#7736=ORIENTED_EDGE('',*,*,#7734,.F.);
#7737=EDGE_CURVE('',#7134,#7138,#7322,.T.);
#7738=ORIENTED_EDGE('',*,*,#7737,.T.);
#7739=ORIENTED_EDGE('',*,*,#7737,.F.);
#7740=EDGE_CURVE('',#7132,#7134,#7592,.T.);
#7741=ORIENTED_EDGE('',*,*,#7740,.T.);
#7742=ORIENTED_EDGE('',*,*,#7740,.F.);
#7743=EDGE_CURVE('',#7136,#7140,#7325,.T.);
#7744=ORIENTED_EDGE('',*,*,#7743,.T.);
#7745=ORIENTED_EDGE('',*,*,#7743,.F.);
#7746=EDGE_CURVE('',#7138,#7142,#7328,.T.);
#7747=ORIENTED_EDGE('',*,*,#7746,.T.);
#7748=ORIENTED_EDGE('',*,*,#7746,.F.);
#7749=EDGE_CURVE('',#7136,#7138,#7595,.T.);
#7750=ORIENTED_EDGE('',*,*,#7749,.T.);
#7751=ORIENTED_EDGE('',*,*,#7749,.F.);
#7752=EDGE_CURVE('',#7140,#7144,#7331,.T.);
#7753=ORIENTED_EDGE('',*,*,#7752,.T.);
#7754=ORIENTED_EDGE('',*,*,#7752,.F.);
#7755=EDGE_CURVE('',#7142,#7146,#7334,.T.);
#7756=ORIENTED_EDGE('',*,*,#7755,.T.);
#7757=ORIENTED_EDGE('',*,*,#7755,.F.);
#7758=EDGE_CURVE('',#7140,#7142,#7598,.T.);
#7759=ORIENTED_EDGE('',*,*,#7758,.T.);
#7760=ORIENTED_EDGE('',*,*,#7758,.F.);
#7761=EDGE_CURVE('',#7144,#7148,#7337,.T.);
#7762=ORIENTED_EDGE('',*,*,#7761,.T.);
#7763=ORIENTED_EDGE('',*,*,#7761,.F.);
#7764=EDGE_CURVE('',#7146,#7150,#7340,.T.);
#7765=ORIENTED_EDGE('',*,*,#7764,.T.);
#7766=ORIENTED_EDGE('',*,*,#7764,.F.);
#7767=EDGE_CURVE('',#7144,#7146,#7601,.T.);
#7768=ORIENTED_EDGE('',*,*,#7767,.T.);
#7769=ORIENTED_EDGE('',*,*,#7767,.F.);
#7770=EDGE_CURVE('',#7148,#7152,#7343,.T.);
#7771=ORIENTED_EDGE('',*,*,#7770,.T.);
#7772=ORIENTED_EDGE('',*,*,#7770,.F.);
#7773=EDGE_CURVE('',#7150,#7154,#7346,.T.);
#7774=ORIENTED_EDGE('',*,*,#7773,.T.);
#7775=ORIENTED_EDGE('',*,*,#7773,.F.);
#7776=EDGE_CURVE('',#7148,#7150,#7604,.T.);
#7777=ORIENTED_EDGE('',*,*,#7776,.T.);
#7778=ORIENTED_EDGE('',*,*,#7776,.F.);
#7779=EDGE_CURVE('',#7152,#7156,#7349,.T.);
#7780=ORIENTED_EDGE('',*,*,#7779,.T.);
#7781=ORIENTED_EDGE('',*,*,#7779,.F.);
#7782=EDGE_CURVE('',#7154,#7158,#7352,.T.);
#7783=ORIENTED_EDGE('',*,*,#7782,.T.);
#7784=ORIENTED_EDGE('',*,*,#7782,.F.);
#7785=EDGE_CURVE('',#7152,#7154,#7607,.T.);
#7786=ORIENTED_EDGE('',*,*,#7785,.T.);
#7787=ORIENTED_EDGE('',*,*,#7785,.F.);
#7788=EDGE_CURVE('',#7156,#7160,#7355,.T.);
#7789=ORIENTED_EDGE('',*,*,#7788,.T.);
#7790=ORIENTED_EDGE('',*,*,#7788,.F.);
#7791=EDGE_CURVE('',#7158,#7162,#7358,.T.);
#7792=ORIENTED_EDGE('',*,*,#7791,.T.);
#7793=ORIENTED_EDGE('',*,*,#7791,.F.);
#7794=EDGE_CURVE('',#7156,#7158,#7610,.T.);
#7795=ORIENTED_EDGE('',*,*,#7794,.T.);
#7796=ORIENTED_EDGE('',*,*,#7794,.F.);
#7797=EDGE_CURVE('',#7160,#7164,#7361,.T.);
#7798=ORIENTED_EDGE('',*,*,#7797,.T.);
#7799=ORIENTED_EDGE('',*,*,#7797,.F.);
#7800=EDGE_CURVE('',#7162,#7166,#7364,.T.);
#7801=ORIENTED_EDGE('',*,*,#7800,.T.);
#7802=ORIENTED_EDGE('',*,*,#7800,.F.);
#7803=EDGE_CURVE('',#7160,#7162,#7613,.T.);
#7804=ORIENTED_EDGE('',*,*,#7803,.T.);
#7805=ORIENTED_EDGE('',*,*,#7803,.F.);
#7806=EDGE_CURVE('',#7164,#7168,#7367,.T.);
#7807=ORIENTED_EDGE('',*,*,#7806,.T.);
#7808=ORIENTED_EDGE('',*,*,#7806,.F.);
#7809=EDGE_CURVE('',#7166,#7170,#7370,.T.);
#7810=ORIENTED_EDGE('',*,*,#7809,.T.);
#7811=ORIENTED_EDGE('',*,*,#7809,.F.);
#7812=EDGE_CURVE('',#7164,#7166,#7616,.T.);
#7813=ORIENTED_EDGE('',*,*,#7812,.T.);
#7814=ORIENTED_EDGE('',*,*,#7812,.F.);
#7815=EDGE_CURVE('',#7168,#7172,#7373,.T.);
#7816=ORIENTED_EDGE('',*,*,#7815,.T.);
#7817=ORIENTED_EDGE('',*,*,#7815,.F.);
#7818=EDGE_CURVE('',#7170,#7174,#7376,.T.);
#7819=ORIENTED_EDGE('',*,*,#7818,.T.);
#7820=ORIENTED_EDGE('',*,*,#7818,.F.);
#7821=EDGE_CURVE('',#7168,#7170,#7619,.T.);
#7822=ORIENTED_EDGE('',*,*,#7821,.T.);
#7823=ORIENTED_EDGE('',*,*,#7821,.F.);
#7824=EDGE_CURVE('',#7172,#7176,#7379,.T.);
#7825=ORIENTED_EDGE('',*,*,#7824,.T.);
#7826=ORIENTED_EDGE('',*,*,#7824,.F.);
#7827=EDGE_CURVE('',#7174,#7178,#7382,.T.);
#7828=ORIENTED_EDGE('',*,*,#7827,.T.);
#7829=ORIENTED_EDGE('',*,*,#7827,.F.);
#7830=EDGE_CURVE('',#7172,#7174,#7622,.T.);
#7831=ORIENTED_EDGE('',*,*,#7830,.T.);
#7832=ORIENTED_EDGE('',*,*,#7830,.F.);
#7833=EDGE_CURVE('',#7176,#7180,#7385,.T.);
#7834=ORIENTED_EDGE('',*,*,#7833,.T.);
#7835=ORIENTED_EDGE('',*,*,#7833,.F.);
#7836=EDGE_CURVE('',#7178,#7182,#7388,.T.);
#7837=ORIENTED_EDGE('',*,*,#7836,.T.);
#7838=ORIENTED_EDGE('',*,*,#7836,.F.);
#7839=EDGE_CURVE('',#7176,#7178,#7625,.T.);
#7840=ORIENTED_EDGE('',*,*,#7839,.T.);
#7841=ORIENTED_EDGE('',*,*,#7839,.F.);
#7842=EDGE_CURVE('',#7180,#7184,#7391,.T.);
#7843=ORIENTED_EDGE('',*,*,#7842,.T.);
#7844=ORIENTED_EDGE('',*,*,#7842,.F.);
#7845=EDGE_CURVE('',#7182,#7186,#7394,.T.);
#7846=ORIENTED_EDGE('',*,*,#7845,.T.);
#7847=ORIENTED_EDGE('',*,*,#7845,.F.);
#7848=EDGE_CURVE('',#7180,#7182,#7628,.T.);
#7849=ORIENTED_EDGE('',*,*,#7848,.T.);
#7850=ORIENTED_EDGE('',*,*,#7848,.F.);
#7851=EDGE_CURVE('',#7184,#7188,#7397,.T.);
#7852=ORIENTED_EDGE('',*,*,#7851,.T.);
#7853=ORIENTED_EDGE('',*,*,#7851,.F.);
#7854=EDGE_CURVE('',#7186,#7190,#7400,.T.);
#7855=ORIENTED_EDGE('',*,*,#7854,.T.);
#7856=ORIENTED_EDGE('',*,*,#7854,.F.);
#7857=EDGE_CURVE('',#7184,#7186,#7631,.T.);
#7858=ORIENTED_EDGE('',*,*,#7857,.T.);
#7859=ORIENTED_EDGE('',*,*,#7857,.F.);
#7860=EDGE_CURVE('',#7188,#7192,#7403,.T.);
#7861=ORIENTED_EDGE('',*,*,#7860,.T.);
#7862=ORIENTED_EDGE('',*,*,#7860,.F.);
#7863=EDGE_CURVE('',#7190,#7194,#7406,.T.);
#7864=ORIENTED_EDGE('',*,*,#7863,.T.);
#7865=ORIENTED_EDGE('',*,*,#7863,.F.);
#7866=EDGE_CURVE('',#7188,#7190,#7634,.T.);
#7867=ORIENTED_EDGE('',*,*,#7866,.T.);
#7868=ORIENTED_EDGE('',*,*,#7866,.F.);
#7869=EDGE_CURVE('',#7192,#7196,#7409,.T.);
#7870=ORIENTED_EDGE('',*,*,#7869,.T.);
#7871=ORIENTED_EDGE('',*,*,#7869,.F.);
#7872=EDGE_CURVE('',#7194,#7198,#7412,.T.);
#7873=ORIENTED_EDGE('',*,*,#7872,.T.);
#7874=ORIENTED_EDGE('',*,*,#7872,.F.);
#7875=EDGE_CURVE('',#7192,#7194,#7637,.T.);
#7876=ORIENTED_EDGE('',*,*,#7875,.T.);
#7877=ORIENTED_EDGE('',*,*,#7875,.F.);
#7878=EDGE_CURVE('',#7196,#7200,#7415,.T.);
#7879=ORIENTED_EDGE('',*,*,#7878,.T.);
#7880=ORIENTED_EDGE('',*,*,#7878,.F.);
#7881=EDGE_CURVE('',#7198,#7202,#7418,.T.);
#7882=ORIENTED_EDGE('',*,*,#7881,.T.);
#7883=ORIENTED_EDGE('',*,*,#7881,.F.);
#7884=EDGE_CURVE('',#7196,#7198,#7640,.T.);
#7885=ORIENTED_EDGE('',*,*,#7884,.T.);
#7886=ORIENTED_EDGE('',*,*,#7884,.F.);
#7887=EDGE_CURVE('',#7200,#7204,#7421,.T.);
#7888=ORIENTED_EDGE('',*,*,#7887,.T.);
#7889=ORIENTED_EDGE('',*,*,#7887,.F.);
#7890=EDGE_CURVE('',#7202,#7206,#7424,.T.);
#7891=ORIENTED_EDGE('',*,*,#7890,.T.);
#7892=ORIENTED_EDGE('',*,*,#7890,.F.);
#7893=EDGE_CURVE('',#7200,#7202,#7643,.T.);
#7894=ORIENTED_EDGE('',*,*,#7893,.T.);
#7895=ORIENTED_EDGE('',*,*,#7893,.F.);
#7896=EDGE_CURVE('',#7204,#7208,#7427,.T.);
#7897=ORIENTED_EDGE('',*,*,#7896,.T.);
#7898=ORIENTED_EDGE('',*,*,#7896,.F.);
#7899=EDGE_CURVE('',#7206,#7210,#7430,.T.);
#7900=ORIENTED_EDGE('',*,*,#7899,.T.);
#7901=ORIENTED_EDGE('',*,*,#7899,.F.);
#7902=EDGE_CURVE('',#7204,#7206,#7646,.T.);
#7903=ORIENTED_EDGE('',*,*,#7902,.T.);
#7904=ORIENTED_EDGE('',*,*,#7902,.F.);
#7905=EDGE_CURVE('',#7208,#7212,#7433,.T.);
#7906=ORIENTED_EDGE('',*,*,#7905,.T.);
#7907=ORIENTED_EDGE('',*,*,#7905,.F.);
#7908=EDGE_CURVE('',#7210,#7214,#7436,.T.);
#7909=ORIENTED_EDGE('',*,*,#7908,.T.);
#7910=ORIENTED_EDGE('',*,*,#7908,.F.);
#7911=EDGE_CURVE('',#7208,#7210,#7649,.T.);
#7912=ORIENTED_EDGE('',*,*,#7911,.T.);
#7913=ORIENTED_EDGE('',*,*,#7911,.F.);
#7914=EDGE_CURVE('',#7212,#7216,#7439,.T.);
#7915=ORIENTED_EDGE('',*,*,#7914,.T.);
#7916=ORIENTED_EDGE('',*,*,#7914,.F.);
#7917=EDGE_CURVE('',#7214,#7218,#7442,.T.);
#7918=ORIENTED_EDGE('',*,*,#7917,.T.);
#7919=ORIENTED_EDGE('',*,*,#7917,.F.);
#7920=EDGE_CURVE('',#7212,#7214,#7652,.T.);
#7921=ORIENTED_EDGE('',*,*,#7920,.T.);
#7922=ORIENTED_EDGE('',*,*,#7920,.F.);
#7923=EDGE_CURVE('',#7216,#7220,#7445,.T.);
#7924=ORIENTED_EDGE('',*,*,#7923,.T.);
#7925=ORIENTED_EDGE('',*,*,#7923,.F.);
#7926=EDGE_CURVE('',#7218,#7222,#7448,.T.);
#7927=ORIENTED_EDGE('',*,*,#7926,.T.);
#7928=ORIENTED_EDGE('',*,*,#7926,.F.);
#7929=EDGE_CURVE('',#7216,#7218,#7655,.T.);
#7930=ORIENTED_EDGE('',*,*,#7929,.T.);
#7931=ORIENTED_EDGE('',*,*,#7929,.F.);
#7932=EDGE_CURVE('',#7220,#7224,#7451,.T.);
#7933=ORIENTED_EDGE('',*,*,#7932,.T.);
#7934=ORIENTED_EDGE('',*,*,#7932,.F.);
#7935=EDGE_CURVE('',#7222,#7226,#7454,.T.);
#7936=ORIENTED_EDGE('',*,*,#7935,.T.);
#7937=ORIENTED_EDGE('',*,*,#7935,.F.);
#7938=EDGE_CURVE('',#7220,#7222,#7658,.T.);
#7939=ORIENTED_EDGE('',*,*,#7938,.T.);
#7940=ORIENTED_EDGE('',*,*,#7938,.F.);
#7941=EDGE_CURVE('',#7224,#7228,#7457,.T.);
#7942=ORIENTED_EDGE('',*,*,#7941,.T.);
#7943=ORIENTED_EDGE('',*,*,#7941,.F.);
#7944=EDGE_CURVE('',#7226,#7230,#7460,.T.);
#7945=ORIENTED_EDGE('',*,*,#7944,.T.);
#7946=ORIENTED_EDGE('',*,*,#7944,.F.);
#7947=EDGE_CURVE('',#7224,#7226,#7661,.T.);
#7948=ORIENTED_EDGE('',*,*,#7947,.T.);
#7949=ORIENTED_EDGE('',*,*,#7947,.F.);
#7950=EDGE_CURVE('',#7228,#7232,#7463,.T.);
#7951=ORIENTED_EDGE('',*,*,#7950,.T.);
#7952=ORIENTED_EDGE('',*,*,#7950,.F.);
#7953=EDGE_CURVE('',#7230,#7234,#7466,.T.);
#7954=ORIENTED_EDGE('',*,*,#7953,.T.);
#7955=ORIENTED_EDGE('',*,*,#7953,.F.);
#7956=EDGE_CURVE('',#7228,#7230,#7664,.T.);
#7957=ORIENTED_EDGE('',*,*,#7956,.T.);
#7958=ORIENTED_EDGE('',*,*,#7956,.F.);
#7959=EDGE_CURVE('',#7232,#7236,#7469,.T.);
#7960=ORIENTED_EDGE('',*,*,#7959,.T.);
#7961=ORIENTED_EDGE('',*,*,#7959,.F.);
#7962=EDGE_CURVE('',#7234,#7238,#7472,.T.);
#7963=ORIENTED_EDGE('',*,*,#7962,.T.);
#7964=ORIENTED_EDGE('',*,*,#7962,.F.);
#7965=EDGE_CURVE('',#7232,#7234,#7667,.T.);
#7966=ORIENTED_EDGE('',*,*,#7965,.T.);
#7967=ORIENTED_EDGE('',*,*,#7965,.F.);
#7968=EDGE_CURVE('',#7236,#7240,#7475,.T.);
#7969=ORIENTED_EDGE('',*,*,#7968,.T.);
#7970=ORIENTED_EDGE('',*,*,#7968,.F.);
#7971=EDGE_CURVE('',#7238,#7242,#7478,.T.);
#7972=ORIENTED_EDGE('',*,*,#7971,.T.);
#7973=ORIENTED_EDGE('',*,*,#7971,.F.);
#7974=EDGE_CURVE('',#7236,#7238,#7670,.T.);
#7975=ORIENTED_EDGE('',*,*,#7974,.T.);
#7976=ORIENTED_EDGE('',*,*,#7974,.F.);
#7977=EDGE_CURVE('',#7240,#7244,#7481,.T.);
#7978=ORIENTED_EDGE('',*,*,#7977,.T.);
#7979=ORIENTED_EDGE('',*,*,#7977,.F.);
#7980=EDGE_CURVE('',#7242,#7246,#7484,.T.);
#7981=ORIENTED_EDGE('',*,*,#7980,.T.);
#7982=ORIENTED_EDGE('',*,*,#7980,.F.);
#7983=EDGE_CURVE('',#7240,#7242,#7673,.T.);
#7984=ORIENTED_EDGE('',*,*,#7983,.T.);
#7985=ORIENTED_EDGE('',*,*,#7983,.F.);
#7986=EDGE_CURVE('',#7244,#7248,#7487,.T.);
#7987=ORIENTED_EDGE('',*,*,#7986,.T.);
#7988=ORIENTED_EDGE('',*,*,#7986,.F.);
#7989=EDGE_CURVE('',#7246,#7250,#7490,.T.);
#7990=ORIENTED_EDGE('',*,*,#7989,.T.);
#7991=ORIENTED_EDGE('',*,*,#7989,.F.);
#7992=EDGE_CURVE('',#7244,#7246,#7676,.T.);
#7993=ORIENTED_EDGE('',*,*,#7992,.T.);
#7994=ORIENTED_EDGE('',*,*,#7992,.F.);
#7995=EDGE_CURVE('',#7248,#7252,#7493,.T.);
#7996=ORIENTED_EDGE('',*,*,#7995,.T.);
#7997=ORIENTED_EDGE('',*,*,#7995,.F.);
#7998=EDGE_CURVE('',#7250,#7254,#7496,.T.);
#7999=ORIENTED_EDGE('',*,*,#7998,.T.);
#8000=ORIENTED_EDGE('',*,*,#7998,.F.);
#8001=EDGE_CURVE('',#7248,#7250,#7679,.T.);
#8002=ORIENTED_EDGE('',*,*,#8001,.T.);
#8003=ORIENTED_EDGE('',*,*,#8001,.F.);
#8004=EDGE_CURVE('',#7252,#7256,#7499,.T.);
#8005=ORIENTED_EDGE('',*,*,#8004,.T.);
#8006=ORIENTED_EDGE('',*,*,#8004,.F.);
#8007=EDGE_CURVE('',#7254,#7258,#7502,.T.);
#8008=ORIENTED_EDGE('',*,*,#8007,.T.);
#8009=ORIENTED_EDGE('',*,*,#8007,.F.);
#8010=EDGE_CURVE('',#7252,#7254,#7682,.T.);
#8011=ORIENTED_EDGE('',*,*,#8010,.T.);
#8012=ORIENTED_EDGE('',*,*,#8010,.F.);
#8013=EDGE_CURVE('',#7256,#7260,#7505,.T.);
#8014=ORIENTED_EDGE('',*,*,#8013,.T.);
#8015=ORIENTED_EDGE('',*,*,#8013,.F.);
#8016=EDGE_CURVE('',#7258,#7262,#7508,.T.);
#8017=ORIENTED_EDGE('',*,*,#8016,.T.);
#8018=ORIENTED_EDGE('',*,*,#8016,.F.);
#8019=EDGE_CURVE('',#7256,#7258,#7685,.T.);
#8020=ORIENTED_EDGE('',*,*,#8019,.T.);
#8021=ORIENTED_EDGE('',*,*,#8019,.F.);
#8022=EDGE_CURVE('',#7260,#7264,#7511,.T.);
#8023=ORIENTED_EDGE('',*,*,#8022,.T.);
#8024=ORIENTED_EDGE('',*,*,#8022,.F.);
#8025=EDGE_CURVE('',#7262,#7266,#7514,.T.);
#8026=ORIENTED_EDGE('',*,*,#8025,.T.);
#8027=ORIENTED_EDGE('',*,*,#8025,.F.);
#8028=EDGE_CURVE('',#7260,#7262,#7688,.T.);
#8029=ORIENTED_EDGE('',*,*,#8028,.T.);
#8030=ORIENTED_EDGE('',*,*,#8028,.F.);
#8031=EDGE_CURVE('',#7264,#7268,#7517,.T.);
#8032=ORIENTED_EDGE('',*,*,#8031,.T.);
#8033=ORIENTED_EDGE('',*,*,#8031,.F.);
#8034=EDGE_CURVE('',#7266,#7270,#7520,.T.);
#8035=ORIENTED_EDGE('',*,*,#8034,.T.);
#8036=ORIENTED_EDGE('',*,*,#8034,.F.);
#8037=EDGE_CURVE('',#7264,#7266,#7691,.T.);
#8038=ORIENTED_EDGE('',*,*,#8037,.T.);
#8039=ORIENTED_EDGE('',*,*,#8037,.F.);
#8040=EDGE_CURVE('',#7268,#7272,#7523,.T.);
#8041=ORIENTED_EDGE('',*,*,#8040,.T.);
#8042=ORIENTED_EDGE('',*,*,#8040,.F.);
#8043=EDGE_CURVE('',#7270,#7274,#7526,.T.);
#8044=ORIENTED_EDGE('',*,*,#8043,.T.);
#8045=ORIENTED_EDGE('',*,*,#8043,.F.);
#8046=EDGE_CURVE('',#7268,#7270,#7694,.T.);
#8047=ORIENTED_EDGE('',*,*,#8046,.T.);
#8048=ORIENTED_EDGE('',*,*,#8046,.F.);
#8049=EDGE_CURVE('',#7272,#7276,#7529,.T.);
#8050=ORIENTED_EDGE('',*,*,#8049,.T.);
#8051=ORIENTED_EDGE('',*,*,#8049,.F.);
#8052=EDGE_CURVE('',#7274,#7278,#7532,.T.);
#8053=ORIENTED_EDGE('',*,*,#8052,.T.);
#8054=ORIENTED_EDGE('',*,*,#8052,.F.);
#8055=EDGE_CURVE('',#7272,#7274,#7697,.T.);
#8056=ORIENTED_EDGE('',*,*,#8055,.T.);
#8057=ORIENTED_EDGE('',*,*,#8055,.F.);
#8058=EDGE_CURVE('',#7276,#7280,#7535,.T.);
#8059=ORIENTED_EDGE('',*,*,#8058,.T.);
#8060=ORIENTED_EDGE('',*,*,#8058,.F.);
#8061=EDGE_CURVE('',#7278,#7282,#7538,.T.);
#8062=ORIENTED_EDGE('',*,*,#8061,.T.);
#8063=ORIENTED_EDGE('',*,*,#8061,.F.);
#8064=EDGE_CURVE('',#7276,#7278,#7700,.T.);
#8065=ORIENTED_EDGE('',*,*,#8064,.T.);
#8066=ORIENTED_EDGE('',*,*,#8064,.F.);
#8067=EDGE_CURVE('',#7280,#7284,#7541,.T.);
#8068=ORIENTED_EDGE('',*,*,#8067,.T.);
#8069=ORIENTED_EDGE('',*,*,#8067,.F.);
#8070=EDGE_CURVE('',#7282,#7286,#7544,.T.);
#8071=ORIENTED_EDGE('',*,*,#8070,.T.);
#8072=ORIENTED_EDGE('',*,*,#8070,.F.);
#8073=EDGE_CURVE('',#7280,#7282,#7703,.T.);
#8074=ORIENTED_EDGE('',*,*,#8073,.T.);
#8075=ORIENTED_EDGE('',*,*,#8073,.F.);
#8076=EDGE_CURVE('',#7284,#7288,#7547,.T.);
#8077=ORIENTED_EDGE('',*,*,#8076,.T.);
#8078=ORIENTED_EDGE('',*,*,#8076,.F.);
#8079=EDGE_CURVE('',#7286,#7290,#7550,.T.);
#8080=ORIENTED_EDGE('',*,*,#8079,.T.);
#8081=ORIENTED_EDGE('',*,*,#8079,.F.);
#8082=EDGE_CURVE('',#7284,#7286,#7706,.T.);
#8083=ORIENTED_EDGE('',*,*,#8082,.T.);
#8084=ORIENTED_EDGE('',*,*,#8082,.F.);
#8085=EDGE_CURVE('',#7288,#7292,#7553,.T.);
#8086=ORIENTED_EDGE('',*,*,#8085,.T.);
#8087=ORIENTED_EDGE('',*,*,#8085,.F.);
#8088=EDGE_CURVE('',#7290,#7294,#7556,.T.);
#8089=ORIENTED_EDGE('',*,*,#8088,.T.);
#8090=ORIENTED_EDGE('',*,*,#8088,.F.);
#8091=EDGE_CURVE('',#7288,#7290,#7709,.T.);
#8092=ORIENTED_EDGE('',*,*,#8091,.T.);
#8093=ORIENTED_EDGE('',*,*,#8091,.F.);
#8094=EDGE_CURVE('',#7292,#7296,#7559,.T.);
#8095=ORIENTED_EDGE('',*,*,#8094,.T.);
#8096=ORIENTED_EDGE('',*,*,#8094,.F.);
#8097=EDGE_CURVE('',#7294,#7298,#7562,.T.);
#8098=ORIENTED_EDGE('',*,*,#8097,.T.);
#8099=ORIENTED_EDGE('',*,*,#8097,.F.);
#8100=EDGE_CURVE('',#7292,#7294,#7712,.T.);
#8101=ORIENTED_EDGE('',*,*,#8100,.T.);
#8102=ORIENTED_EDGE('',*,*,#8100,.F.);
#8103=EDGE_CURVE('',#7296,#7300,#7565,.T.);
#8104=ORIENTED_EDGE('',*,*,#8103,.T.);
#8105=ORIENTED_EDGE('',*,*,#8103,.F.);
#8106=EDGE_CURVE('',#7298,#7302,#7568,.T.);
#8107=ORIENTED_EDGE('',*,*,#8106,.T.);
#8108=ORIENTED_EDGE('',*,*,#8106,.F.);
#8109=EDGE_CURVE('',#7296,#7298,#7715,.T.);
#8110=ORIENTED_EDGE('',*,*,#8109,.T.);
#8111=ORIENTED_EDGE('',*,*,#8109,.F.);
#8112=EDGE_CURVE('',#7300,#7304,#7571,.T.);
#8113=ORIENTED_EDGE('',*,*,#8112,.T.);
#8114=ORIENTED_EDGE('',*,*,#8112,.F.);
#8115=EDGE_CURVE('',#7302,#7306,#7574,.T.);
#8116=ORIENTED_EDGE('',*,*,#8115,.T.);
#8117=ORIENTED_EDGE('',*,*,#8115,.F.);
#8118=EDGE_CURVE('',#7300,#7302,#7718,.T.);
#8119=ORIENTED_EDGE('',*,*,#8118,.T.);
#8120=ORIENTED_EDGE('',*,*,#8118,.F.);
#8121=EDGE_CURVE('',#7304,#7308,#7577,.T.);
#8122=ORIENTED_EDGE('',*,*,#8121,.T.);
#8123=ORIENTED_EDGE('',*,*,#8121,.F.);
#8124=EDGE_CURVE('',#7306,#7310,#7580,.T.);
#8125=ORIENTED_EDGE('',*,*,#8124,.T.);
#8126=ORIENTED_EDGE('',*,*,#8124,.F.);
#8127=EDGE_CURVE('',#7304,#7306,#7721,.T.);
#8128=ORIENTED_EDGE('',*,*,#8127,.T.);
#8129=ORIENTED_EDGE('',*,*,#8127,.F.);
#8130=EDGE_CURVE('',#7308,#7128,#7583,.T.);
#8131=ORIENTED_EDGE('',*,*,#8130,.T.);
#8132=ORIENTED_EDGE('',*,*,#8130,.F.);
#8133=EDGE_CURVE('',#7310,#7130,#7586,.T.);
#8134=ORIENTED_EDGE('',*,*,#8133,.T.);
#8135=ORIENTED_EDGE('',*,*,#8133,.F.);
#8136=EDGE_CURVE('',#7308,#7310,#7724,.T.);
#8137=ORIENTED_EDGE('',*,*,#8136,.T.);
#8138=ORIENTED_EDGE('',*,*,#8136,.F.);
#8139=EDGE_LOOP('',(#7733,#7726,#7741,#7730));
#8140=FACE_OUTER_BOUND('',#8139,.T.);
#8141=DIRECTION('',(40787.807018900,296751.341060000,0.000000000));
#8142=AXIS2_PLACEMENT_3D('',#7127,#8141,$);
#8143=PLANE('',#8142);
#8144=ADVANCED_FACE('',(#8140),#8143,.T.);
#8145=EDGE_LOOP('',(#7742,#7735,#7750,#7739));
#8146=FACE_OUTER_BOUND('',#8145,.T.);
#8147=DIRECTION('',(80814.379463100,288430.055865000,0.000000000));
#8148=AXIS2_PLACEMENT_3D('',#7131,#8147,$);
#8149=PLANE('',#8148);
#8150=ADVANCED_FACE('',(#8146),#8149,.T.);
#8151=EDGE_LOOP('',(#7751,#7744,#7759,#7748));
#8152=FACE_OUTER_BOUND('',#8151,.T.);
#8153=DIRECTION('',(119339.789169000,274748.930616000,0.000000000));
#8154=AXIS2_PLACEMENT_3D('',#7135,#8153,$);
#8155=PLANE('',#8154);
#8156=ADVANCED_FACE('',(#8152),#8155,.T.);
#8157=EDGE_LOOP('',(#7760,#7753,#7768,#7757));
#8158=FACE_OUTER_BOUND('',#8157,.T.);
#8159=DIRECTION('',(155635.320886000,255930.890125000,0.000000000));
#8160=AXIS2_PLACEMENT_3D('',#7139,#8159,$);
#8161=PLANE('',#8160);
#8162=ADVANCED_FACE('',(#8158),#8161,.T.);
#8163=EDGE_LOOP('',(#7769,#7762,#7777,#7766));
#8164=FACE_OUTER_BOUND('',#8163,.T.);
#8165=DIRECTION('',(189037.963368000,232358.228328000,0.000000000));
#8166=AXIS2_PLACEMENT_3D('',#7143,#8165,$);
#8167=PLANE('',#8166);
#8168=ADVANCED_FACE('',(#8164),#8167,.T.);
#8169=EDGE_LOOP('',(#7778,#7771,#7786,#7775));
#8170=FACE_OUTER_BOUND('',#8169,.T.);
#8171=DIRECTION('',(218917.383502000,204454.281141000,0.000000000));
#8172=AXIS2_PLACEMENT_3D('',#7147,#8171,$);
#8173=PLANE('',#8172);
#8174=ADVANCED_FACE('',(#8170),#8173,.T.);
#8175=EDGE_LOOP('',(#7787,#7780,#7795,#7784));
#8176=FACE_OUTER_BOUND('',#8175,.T.);
#8177=DIRECTION('',(244713.771843000,172738.714541000,0.000000000));
#8178=AXIS2_PLACEMENT_3D('',#7151,#8177,$);
#8179=PLANE('',#8178);
#8180=ADVANCED_FACE('',(#8176),#8179,.T.);
#8181=EDGE_LOOP('',(#7796,#7789,#7804,#7793));
#8182=FACE_OUTER_BOUND('',#8181,.T.);
#8183=DIRECTION('',(265961.553432000,137809.664670000,0.000000000));
#8184=AXIS2_PLACEMENT_3D('',#7155,#8183,$);
#8185=PLANE('',#8184);
#8186=ADVANCED_FACE('',(#8182),#8185,.T.);
#8187=EDGE_LOOP('',(#7805,#7798,#7813,#7802));
#8188=FACE_OUTER_BOUND('',#8187,.T.);
#8189=DIRECTION('',(282244.000531000,100309.443684000,0.000000000));
#8190=AXIS2_PLACEMENT_3D('',#7159,#8189,$);
#8191=PLANE('',#8190);
#8192=ADVANCED_FACE('',(#8188),#8191,.T.);
#8193=EDGE_LOOP('',(#7814,#7807,#7822,#7811));
#8194=FACE_OUTER_BOUND('',#8193,.T.);
#8195=DIRECTION('',(293273.622258000,60943.100892500,0.000000000));
#8196=AXIS2_PLACEMENT_3D('',#7163,#8195,$);
#8197=PLANE('',#8196);
#8198=ADVANCED_FACE('',(#8194),#8197,.T.);
#8199=EDGE_LOOP('',(#7823,#7816,#7831,#7820));
#8200=FACE_OUTER_BOUND('',#8199,.T.);
#8201=DIRECTION('',(298846.550213000,20441.913829900,0.000000000));
#8202=AXIS2_PLACEMENT_3D('',#7167,#8201,$);
#8203=PLANE('',#8202);
#8204=ADVANCED_FACE('',(#8200),#8203,.T.);
#8205=EDGE_LOOP('',(#7832,#7825,#7840,#7829));
#8206=FACE_OUTER_BOUND('',#8205,.T.);
#8207=DIRECTION('',(298846.550213000,-20441.913829900,0.000000000));
#8208=AXIS2_PLACEMENT_3D('',#7171,#8207,$);
#8209=PLANE('',#8208);
#8210=ADVANCED_FACE('',(#8206),#8209,.T.);
#8211=EDGE_LOOP('',(#7841,#7834,#7849,#7838));
#8212=FACE_OUTER_BOUND('',#8211,.T.);
#8213=DIRECTION('',(293273.622258000,-60943.100892500,0.000000000));
#8214=AXIS2_PLACEMENT_3D('',#7175,#8213,$);
#8215=PLANE('',#8214);
#8216=ADVANCED_FACE('',(#8212),#8215,.T.);
#8217=EDGE_LOOP('',(#7850,#7843,#7858,#7847));
#8218=FACE_OUTER_BOUND('',#8217,.T.);
#8219=DIRECTION('',(282244.000531000,-100309.443684000,0.000000000));
#8220=AXIS2_PLACEMENT_3D('',#7179,#8219,$);
#8221=PLANE('',#8220);
#8222=ADVANCED_FACE('',(#8218),#8221,.T.);
#8223=EDGE_LOOP('',(#7859,#7852,#7867,#7856));
#8224=FACE_OUTER_BOUND('',#8223,.T.);
#8225=DIRECTION('',(265961.553432000,-137809.664670000,0.000000000));
#8226=AXIS2_PLACEMENT_3D('',#7183,#8225,$);
#8227=PLANE('',#8226);
#8228=ADVANCED_FACE('',(#8224),#8227,.T.);
#8229=EDGE_LOOP('',(#7868,#7861,#7876,#7865));
#8230=FACE_OUTER_BOUND('',#8229,.T.);
#8231=DIRECTION('',(244713.771843000,-172738.714541000,0.000000000));
#8232=AXIS2_PLACEMENT_3D('',#7187,#8231,$);
#8233=PLANE('',#8232);
#8234=ADVANCED_FACE('',(#8230),#8233,.T.);
#8235=EDGE_LOOP('',(#7877,#7870,#7885,#7874));
#8236=FACE_OUTER_BOUND('',#8235,.T.);
#8237=DIRECTION('',(218917.383502000,-204454.281141000,0.000000000));
#8238=AXIS2_PLACEMENT_3D('',#7191,#8237,$);
#8239=PLANE('',#8238);
#8240=ADVANCED_FACE('',(#8236),#8239,.T.);
#8241=EDGE_LOOP('',(#7886,#7879,#7894,#7883));
#8242=FACE_OUTER_BOUND('',#8241,.T.);
#8243=DIRECTION('',(189037.963368000,-232358.228328000,0.000000000));
#8244=AXIS2_PLACEMENT_3D('',#7195,#8243,$);
#8245=PLANE('',#8244);
#8246=ADVANCED_FACE('',(#8242),#8245,.T.);
#8247=EDGE_LOOP('',(#7895,#7888,#7903,#7892));
#8248=FACE_OUTER_BOUND('',#8247,.T.);
#8249=DIRECTION('',(155635.320886000,-255930.890125000,0.000000000));
#8250=AXIS2_PLACEMENT_3D('',#7199,#8249,$);
#8251=PLANE('',#8250);
#8252=ADVANCED_FACE('',(#8248),#8251,.T.);
#8253=EDGE_LOOP('',(#7904,#7897,#7912,#7901));
#8254=FACE_OUTER_BOUND('',#8253,.T.);
#8255=DIRECTION('',(119339.789169000,-274748.930616000,0.000000000));
#8256=AXIS2_PLACEMENT_3D('',#7203,#8255,$);
#8257=PLANE('',#8256);
#8258=ADVANCED_FACE('',(#8254),#8257,.T.);
#8259=EDGE_LOOP('',(#7913,#7906,#7921,#7910));
#8260=FACE_OUTER_BOUND('',#8259,.T.);
#8261=DIRECTION('',(80814.379463100,-288430.055865000,0.000000000));
#8262=AXIS2_PLACEMENT_3D('',#7207,#8261,$);
#8263=PLANE('',#8262);
#8264=ADVANCED_FACE('',(#8260),#8263,.T.);
#8265=EDGE_LOOP('',(#7922,#7915,#7930,#7919));
#8266=FACE_OUTER_BOUND('',#8265,.T.);
#8267=DIRECTION('',(40787.807018900,-296751.341060000,0.000000000));
#8268=AXIS2_PLACEMENT_3D('',#7211,#8267,$);
#8269=PLANE('',#8268);
#8270=ADVANCED_FACE('',(#8266),#8269,.T.);
#8271=EDGE_LOOP('',(#7931,#7924,#7939,#7928));
#8272=FACE_OUTER_BOUND('',#8271,.T.);
#8273=DIRECTION('',(0.000000000,-299543.857636000,0.000000000));
#8274=AXIS2_PLACEMENT_3D('',#7215,#8273,$);
#8275=PLANE('',#8274);
#8276=ADVANCED_FACE('',(#8272),#8275,.T.);
#8277=EDGE_LOOP('',(#7940,#7933,#7948,#7937));
#8278=FACE_OUTER_BOUND('',#8277,.T.);
#8279=DIRECTION('',(-40787.807018900,-296751.341060000,0.000000000));
#8280=AXIS2_PLACEMENT_3D('',#7219,#8279,$);
#8281=PLANE('',#8280);
#8282=ADVANCED_FACE('',(#8278),#8281,.T.);
#8283=EDGE_LOOP('',(#7949,#7942,#7957,#7946));
#8284=FACE_OUTER_BOUND('',#8283,.T.);
#8285=DIRECTION('',(-80814.379463100,-288430.055865000,0.000000000));
#8286=AXIS2_PLACEMENT_3D('',#7223,#8285,$);
#8287=PLANE('',#8286);
#8288=ADVANCED_FACE('',(#8284),#8287,.T.);
#8289=EDGE_LOOP('',(#7958,#7951,#7966,#7955));
#8290=FACE_OUTER_BOUND('',#8289,.T.);
#8291=DIRECTION('',(-119339.789169000,-274748.930616000,0.000000000));
#8292=AXIS2_PLACEMENT_3D('',#7227,#8291,$);
#8293=PLANE('',#8292);
#8294=ADVANCED_FACE('',(#8290),#8293,.T.);
#8295=EDGE_LOOP('',(#7967,#7960,#7975,#7964));
#8296=FACE_OUTER_BOUND('',#8295,.T.);
#8297=DIRECTION('',(-155635.320886000,-255930.890125000,0.000000000));
#8298=AXIS2_PLACEMENT_3D('',#7231,#8297,$);
#8299=PLANE('',#8298);
#8300=ADVANCED_FACE('',(#8296),#8299,.T.);
#8301=EDGE_LOOP('',(#7976,#7969,#7984,#7973));
#8302=FACE_OUTER_BOUND('',#8301,.T.);
#8303=DIRECTION('',(-189037.963368000,-232358.228328000,0.000000000));
#8304=AXIS2_PLACEMENT_3D('',#7235,#8303,$);
#8305=PLANE('',#8304);
#8306=ADVANCED_FACE('',(#8302),#8305,.T.);
#8307=EDGE_LOOP('',(#7985,#7978,#7993,#7982));
#8308=FACE_OUTER_BOUND('',#8307,.T.);
#8309=DIRECTION('',(-218917.383502000,-204454.281141000,0.000000000));
#8310=AXIS2_PLACEMENT_3D('',#7239,#8309,$);
#8311=PLANE('',#8310);
#8312=ADVANCED_FACE('',(#8308),#8311,.T.);
#8313=EDGE_LOOP('',(#7994,#7987,#8002,#7991));
#8314=FACE_OUTER_BOUND('',#8313,.T.);
#8315=DIRECTION('',(-244713.771843000,-172738.714541000,0.000000000));
#8316=AXIS2_PLACEMENT_3D('',#7243,#8315,$);
#8317=PLANE('',#8316);
#8318=ADVANCED_FACE('',(#8314),#8317,.T.);
#8319=EDGE_LOOP('',(#8003,#7996,#8011,#8000));
#8320=FACE_OUTER_BOUND('',#8319,.T.);
#8321=DIRECTION('',(-265961.553432000,-137809.664670000,0.000000000));
#8322=AXIS2_PLACEMENT_3D('',#7247,#8321,$);
#8323=PLANE('',#8322);
#8324=ADVANCED_FACE('',(#8320),#8323,.T.);
#8325=EDGE_LOOP('',(#8012,#8005,#8020,#8009));
#8326=FACE_OUTER_BOUND('',#8325,.T.);
#8327=DIRECTION('',(-282244.000531000,-100309.443684000,0.000000000));
#8328=AXIS2_PLACEMENT_3D('',#7251,#8327,$);
#8329=PLANE('',#8328);
#8330=ADVANCED_FACE('',(#8326),#8329,.T.);
#8331=EDGE_LOOP('',(#8021,#8014,#8029,#8018));
#8332=FACE_OUTER_BOUND('',#8331,.T.);
#8333=DIRECTION('',(-293273.622258000,-60943.100892500,0.000000000));
#8334=AXIS2_PLACEMENT_3D('',#7255,#8333,$);
#8335=PLANE('',#8334);
#8336=ADVANCED_FACE('',(#8332),#8335,.T.);
#8337=EDGE_LOOP('',(#8030,#8023,#8038,#8027));
#8338=FACE_OUTER_BOUND('',#8337,.T.);
#8339=DIRECTION('',(-298846.550213000,-20441.913829900,0.000000000));
#8340=AXIS2_PLACEMENT_3D('',#7259,#8339,$);
#8341=PLANE('',#8340);
#8342=ADVANCED_FACE('',(#8338),#8341,.T.);
#8343=EDGE_LOOP('',(#8039,#8032,#8047,#8036));
#8344=FACE_OUTER_BOUND('',#8343,.T.);
#8345=DIRECTION('',(-298846.550213000,20441.913829900,0.000000000));
#8346=AXIS2_PLACEMENT_3D('',#7263,#8345,$);
#8347=PLANE('',#8346);
#8348=ADVANCED_FACE('',(#8344),#8347,.T.);
#8349=EDGE_LOOP('',(#8048,#8041,#8056,#8045));
#8350=FACE_OUTER_BOUND('',#8349,.T.);
#8351=DIRECTION('',(-293273.622258000,60943.100892500,0.000000000));
#8352=AXIS2_PLACEMENT_3D('',#7267,#8351,$);
#8353=PLANE('',#8352);
#8354=ADVANCED_FACE('',(#8350),#8353,.T.);
#8355=EDGE_LOOP('',(#8057,#8050,#8065,#8054));
#8356=FACE_OUTER_BOUND('',#8355,.T.);
#8357=DIRECTION('',(-282244.000531000,100309.443684000,0.000000000));
#8358=AXIS2_PLACEMENT_3D('',#7271,#8357,$);
#8359=PLANE('',#8358);
#8360=ADVANCED_FACE('',(#8356),#8359,.T.);
#8361=EDGE_LOOP('',(#8066,#8059,#8074,#8063));
#8362=FACE_OUTER_BOUND('',#8361,.T.);
#8363=DIRECTION('',(-265961.553432000,137809.664670000,0.000000000));
#8364=AXIS2_PLACEMENT_3D('',#7275,#8363,$);
#8365=PLANE('',#8364);
#8366=ADVANCED_FACE('',(#8362),#8365,.T.);
#8367=EDGE_LOOP('',(#8075,#8068,#8083,#8072));
#8368=FACE_OUTER_BOUND('',#8367,.T.);
#8369=DIRECTION('',(-244713.771843000,172738.714541000,0.000000000));
#8370=AXIS2_PLACEMENT_3D('',#7279,#8369,$);
#8371=PLANE('',#8370);
#8372=ADVANCED_FACE('',(#8368),#8371,.T.);
#8373=EDGE_LOOP('',(#8084,#8077,#8092,#8081));
#8374=FACE_OUTER_BOUND('',#8373,.T.);
#8375=DIRECTION('',(-218917.383502000,204454.281141000,0.000000000));
#8376=AXIS2_PLACEMENT_3D('',#7283,#8375,$);
#8377=PLANE('',#8376);
#8378=ADVANCED_FACE('',(#8374),#8377,.T.);
#8379=EDGE_LOOP('',(#8093,#8086,#8101,#8090));
#8380=FACE_OUTER_BOUND('',#8379,.T.);
#8381=DIRECTION('',(-189037.963368000,232358.228328000,0.000000000));
#8382=AXIS2_PLACEMENT_3D('',#7287,#8381,$);
#8383=PLANE('',#8382);
#8384=ADVANCED_FACE('',(#8380),#8383,.T.);
#8385=EDGE_LOOP('',(#8102,#8095,#8110,#8099));
#8386=FACE_OUTER_BOUND('',#8385,.T.);
#8387=DIRECTION('',(-155635.320886000,255930.890125000,0.000000000));
#8388=AXIS2_PLACEMENT_3D('',#7291,#8387,$);
#8389=PLANE('',#8388);
#8390=ADVANCED_FACE('',(#8386),#8389,.T.);
#8391=EDGE_LOOP('',(#8111,#8104,#8119,#8108));
#8392=FACE_OUTER_BOUND('',#8391,.T.);
#8393=DIRECTION('',(-119339.789169000,274748.930616000,0.000000000));
#8394=AXIS2_PLACEMENT_3D('',#7295,#8393,$);
#8395=PLANE('',#8394);
#8396=ADVANCED_FACE('',(#8392),#8395,.T.);
#8397=EDGE_LOOP('',(#8120,#8113,#8128,#8117));
#8398=FACE_OUTER_BOUND('',#8397,.T.);
#8399=DIRECTION('',(-80814.379463100,288430.055865000,0.000000000));
#8400=AXIS2_PLACEMENT_3D('',#7299,#8399,$);
#8401=PLANE('',#8400);
#8402=ADVANCED_FACE('',(#8398),#8401,.T.);
#8403=EDGE_LOOP('',(#8129,#8122,#8137,#8126));
#8404=FACE_OUTER_BOUND('',#8403,.T.);
#8405=DIRECTION('',(-40787.807018900,296751.341060000,0.000000000));
#8406=AXIS2_PLACEMENT_3D('',#7303,#8405,$);
#8407=PLANE('',#8406);
#8408=ADVANCED_FACE('',(#8404),#8407,.T.);
#8409=EDGE_LOOP('',(#8138,#8131,#7732,#8135));
#8410=FACE_OUTER_BOUND('',#8409,.T.);
#8411=DIRECTION('',(0.000000000,299543.857636000,0.000000000));
#8412=AXIS2_PLACEMENT_3D('',#7307,#8411,$);
#8413=PLANE('',#8412);
#8414=ADVANCED_FACE('',(#8410),#8413,.T.);
#8415=EDGE_LOOP('',(#8132,#8123,#8114,#8105,#8096,#8087,#8078,#8069,#8060,#8051,#8042,#8033,#8024,#8015,#8006,#7997,#7988,#7979,#7970,#7961,#7952,#7943,#7934,#7925,#7916,#7907,#7898,#7889,#7880,#7871,#7862,#7853,#7844,#7835,#7826,#7817,#7808,#7799,#7790,#7781,#7772,#7763,#7754,#7745,#7736,#7727));
#8416=FACE_BOUND('',#8415,.T.);
#8417=EDGE_LOOP('',(#7729,#7738,#7747,#7756,#7765,#7774,#7783,#7792,#7801,#7810,#7819,#7828,#7837,#7846,#7855,#7864,#7873,#7882,#7891,#7900,#7909,#7918,#7927,#7936,#7945,#7954,#7963,#7972,#7981,#7990,#7999,#8008,#8017,#8026,#8035,#8044,#8053,#8062,#8071,#8080,#8089,#8098,#8107,#8116,#8125,#8134));
#8418=FACE_BOUND('',#8417,.T.);
#8419=CARTESIAN_POINT('',(11.049000000,8.581571000,-0.835000000));
#8420=VERTEX_POINT('',#8419);
#8421=CARTESIAN_POINT('',(11.049000000,8.581571000,-0.800000000));
#8422=VERTEX_POINT('',#8421);
#8423=CARTESIAN_POINT('',(11.049000000,8.860073889,-0.835000000));
#8424=VERTEX_POINT('',#8423);
#8425=CARTESIAN_POINT('',(11.049000000,8.860073889,-0.800000000));
#8426=VERTEX_POINT('',#8425);
#8427=CARTESIAN_POINT('',(10.419578384,10.379631616,-0.835000000));
#8428=VERTEX_POINT('',#8427);
#8429=CARTESIAN_POINT('',(10.419578384,10.379631616,-0.800000000));
#8430=VERTEX_POINT('',#8429);
#8431=CARTESIAN_POINT('',(10.228212000,10.570998000,-0.835000000));
#8432=VERTEX_POINT('',#8431);
#8433=CARTESIAN_POINT('',(10.228212000,10.570998000,-0.800000000));
#8434=VERTEX_POINT('',#8433);
#8435=CARTESIAN_POINT('',(10.250499000,10.588100000,-0.835000000));
#8436=VERTEX_POINT('',#8435);
#8437=CARTESIAN_POINT('',(10.250499000,10.588100000,-0.800000000));
#8438=VERTEX_POINT('',#8437);
#8439=CARTESIAN_POINT('',(10.581687000,10.725282000,-0.835000000));
#8440=VERTEX_POINT('',#8439);
#8441=CARTESIAN_POINT('',(10.581687000,10.725282000,-0.800000000));
#8442=VERTEX_POINT('',#8441);
#8443=CARTESIAN_POINT('',(10.581687000,11.064718000,-0.835000000));
#8444=VERTEX_POINT('',#8443);
#8445=CARTESIAN_POINT('',(10.581687000,11.064718000,-0.800000000));
#8446=VERTEX_POINT('',#8445);
#8447=CARTESIAN_POINT('',(10.250499000,11.201900000,-0.835000000));
#8448=VERTEX_POINT('',#8447);
#8449=CARTESIAN_POINT('',(10.250499000,11.201900000,-0.800000000));
#8450=VERTEX_POINT('',#8449);
#8451=CARTESIAN_POINT('',(10.024962000,11.374962000,-0.835000000));
#8452=VERTEX_POINT('',#8451);
#8453=CARTESIAN_POINT('',(10.024962000,11.374962000,-0.800000000));
#8454=VERTEX_POINT('',#8453);
#8455=CARTESIAN_POINT('',(9.851900000,11.600499000,-0.835000000));
#8456=VERTEX_POINT('',#8455);
#8457=CARTESIAN_POINT('',(9.851900000,11.600499000,-0.800000000));
#8458=VERTEX_POINT('',#8457);
#8459=CARTESIAN_POINT('',(9.743108000,11.863147000,-0.835000000));
#8460=VERTEX_POINT('',#8459);
#8461=CARTESIAN_POINT('',(9.743108000,11.863147000,-0.800000000));
#8462=VERTEX_POINT('',#8461);
#8463=CARTESIAN_POINT('',(9.706001000,12.144999000,-0.835000000));
#8464=VERTEX_POINT('',#8463);
#8465=CARTESIAN_POINT('',(9.706001000,12.144999000,-0.800000000));
#8466=VERTEX_POINT('',#8465);
#8467=CARTESIAN_POINT('',(9.719600000,12.248287000,-0.835000000));
#8468=VERTEX_POINT('',#8467);
#8469=CARTESIAN_POINT('',(9.719600000,12.248287000,-0.800000000));
#8470=VERTEX_POINT('',#8469);
#8471=CARTESIAN_POINT('',(9.681525000,12.360451000,-0.835000000));
#8472=VERTEX_POINT('',#8471);
#8473=CARTESIAN_POINT('',(9.681525000,12.360451000,-0.800000000));
#8474=VERTEX_POINT('',#8473);
#8475=CARTESIAN_POINT('',(8.255001000,13.786974000,-0.835000000));
#8476=VERTEX_POINT('',#8475);
#8477=CARTESIAN_POINT('',(8.255001000,13.786974000,-0.800000000));
#8478=VERTEX_POINT('',#8477);
#8479=CARTESIAN_POINT('',(8.255001000,18.678026000,-0.835000000));
#8480=VERTEX_POINT('',#8479);
#8481=CARTESIAN_POINT('',(8.255001000,18.678026000,-0.800000000));
#8482=VERTEX_POINT('',#8481);
#8483=CARTESIAN_POINT('',(12.951974000,23.374999000,-0.835000000));
#8484=VERTEX_POINT('',#8483);
#8485=CARTESIAN_POINT('',(12.951974000,23.374999000,-0.800000000));
#8486=VERTEX_POINT('',#8485);
#8487=CARTESIAN_POINT('',(17.475307000,23.374999000,-0.835000000));
#8488=VERTEX_POINT('',#8487);
#8489=CARTESIAN_POINT('',(17.475307000,23.374999000,-0.800000000));
#8490=VERTEX_POINT('',#8489);
#8491=CARTESIAN_POINT('',(17.581539000,23.427387000,-0.835000000));
#8492=VERTEX_POINT('',#8491);
#8493=CARTESIAN_POINT('',(17.581539000,23.427387000,-0.800000000));
#8494=VERTEX_POINT('',#8493);
#8495=CARTESIAN_POINT('',(17.644960000,23.510037000,-0.835000000));
#8496=VERTEX_POINT('',#8495);
#8497=CARTESIAN_POINT('',(17.644960000,23.510037000,-0.800000000));
#8498=VERTEX_POINT('',#8497);
#8499=CARTESIAN_POINT('',(17.870499000,23.683100000,-0.835000000));
#8500=VERTEX_POINT('',#8499);
#8501=CARTESIAN_POINT('',(17.870499000,23.683100000,-0.800000000));
#8502=VERTEX_POINT('',#8501);
#8503=CARTESIAN_POINT('',(18.201687000,23.820282000,-0.835000000));
#8504=VERTEX_POINT('',#8503);
#8505=CARTESIAN_POINT('',(18.201687000,23.820282000,-0.800000000));
#8506=VERTEX_POINT('',#8505);
#8507=CARTESIAN_POINT('',(18.201687000,24.159718000,-0.835000000));
#8508=VERTEX_POINT('',#8507);
#8509=CARTESIAN_POINT('',(18.201687000,24.159718000,-0.800000000));
#8510=VERTEX_POINT('',#8509);
#8511=CARTESIAN_POINT('',(17.870499000,24.296900000,-0.835000000));
#8512=VERTEX_POINT('',#8511);
#8513=CARTESIAN_POINT('',(17.870499000,24.296900000,-0.800000000));
#8514=VERTEX_POINT('',#8513);
#8515=CARTESIAN_POINT('',(17.644962000,24.469962000,-0.835000000));
#8516=VERTEX_POINT('',#8515);
#8517=CARTESIAN_POINT('',(17.644962000,24.469962000,-0.800000000));
#8518=VERTEX_POINT('',#8517);
#8519=CARTESIAN_POINT('',(17.471900000,24.695499000,-0.835000000));
#8520=VERTEX_POINT('',#8519);
#8521=CARTESIAN_POINT('',(17.471900000,24.695499000,-0.800000000));
#8522=VERTEX_POINT('',#8521);
#8523=CARTESIAN_POINT('',(17.363108000,24.958147000,-0.835000000));
#8524=VERTEX_POINT('',#8523);
#8525=CARTESIAN_POINT('',(17.363108000,24.958147000,-0.800000000));
#8526=VERTEX_POINT('',#8525);
#8527=CARTESIAN_POINT('',(17.326001000,25.240000000,-0.835000000));
#8528=VERTEX_POINT('',#8527);
#8529=CARTESIAN_POINT('',(17.326001000,25.240000000,-0.800000000));
#8530=VERTEX_POINT('',#8529);
#8531=CARTESIAN_POINT('',(17.363108000,25.521853000,-0.835000000));
#8532=VERTEX_POINT('',#8531);
#8533=CARTESIAN_POINT('',(17.363108000,25.521853000,-0.800000000));
#8534=VERTEX_POINT('',#8533);
#8535=CARTESIAN_POINT('',(17.471900000,25.784501000,-0.835000000));
#8536=VERTEX_POINT('',#8535);
#8537=CARTESIAN_POINT('',(17.471900000,25.784501000,-0.800000000));
#8538=VERTEX_POINT('',#8537);
#8539=CARTESIAN_POINT('',(17.489002000,25.806788000,-0.835000000));
#8540=VERTEX_POINT('',#8539);
#8541=CARTESIAN_POINT('',(17.489002000,25.806788000,-0.800000000));
#8542=VERTEX_POINT('',#8541);
#8543=CARTESIAN_POINT('',(17.680368384,25.615421616,-0.835000000));
#8544=VERTEX_POINT('',#8543);
#8545=CARTESIAN_POINT('',(17.680368384,25.615421616,-0.800000000));
#8546=VERTEX_POINT('',#8545);
#8547=CARTESIAN_POINT('',(18.039578384,25.974631616,-0.835000000));
#8548=VERTEX_POINT('',#8547);
#8549=CARTESIAN_POINT('',(18.039578384,25.974631616,-0.800000000));
#8550=VERTEX_POINT('',#8549);
#8551=CARTESIAN_POINT('',(17.848212000,26.165998000,-0.835000000));
#8552=VERTEX_POINT('',#8551);
#8553=CARTESIAN_POINT('',(17.848212000,26.165998000,-0.800000000));
#8554=VERTEX_POINT('',#8553);
#8555=CARTESIAN_POINT('',(17.870499000,26.183100000,-0.835000000));
#8556=VERTEX_POINT('',#8555);
#8557=CARTESIAN_POINT('',(17.870499000,26.183100000,-0.800000000));
#8558=VERTEX_POINT('',#8557);
#8559=CARTESIAN_POINT('',(18.133147000,26.291892000,-0.835000000));
#8560=VERTEX_POINT('',#8559);
#8561=CARTESIAN_POINT('',(18.133147000,26.291892000,-0.800000000));
#8562=VERTEX_POINT('',#8561);
#8563=CARTESIAN_POINT('',(18.415000000,26.328999000,-0.835000000));
#8564=VERTEX_POINT('',#8563);
#8565=CARTESIAN_POINT('',(18.415000000,26.328999000,-0.800000000));
#8566=VERTEX_POINT('',#8565);
#8567=CARTESIAN_POINT('',(18.696853000,26.291892000,-0.835000000));
#8568=VERTEX_POINT('',#8567);
#8569=CARTESIAN_POINT('',(18.696853000,26.291892000,-0.800000000));
#8570=VERTEX_POINT('',#8569);
#8571=CARTESIAN_POINT('',(18.959501000,26.183100000,-0.835000000));
#8572=VERTEX_POINT('',#8571);
#8573=CARTESIAN_POINT('',(18.959501000,26.183100000,-0.800000000));
#8574=VERTEX_POINT('',#8573);
#8575=CARTESIAN_POINT('',(19.185038000,26.010038000,-0.835000000));
#8576=VERTEX_POINT('',#8575);
#8577=CARTESIAN_POINT('',(19.185038000,26.010038000,-0.800000000));
#8578=VERTEX_POINT('',#8577);
#8579=CARTESIAN_POINT('',(19.340293000,25.807707000,-0.835000000));
#8580=VERTEX_POINT('',#8579);
#8581=CARTESIAN_POINT('',(19.340293000,25.807707000,-0.800000000));
#8582=VERTEX_POINT('',#8581);
#8583=CARTESIAN_POINT('',(19.685001000,25.924720000,-0.835000000));
#8584=VERTEX_POINT('',#8583);
#8585=CARTESIAN_POINT('',(19.685001000,25.924720000,-0.800000000));
#8586=VERTEX_POINT('',#8585);
#8587=CARTESIAN_POINT('',(19.685001000,26.352289000,-0.835000000));
#8588=VERTEX_POINT('',#8587);
#8589=CARTESIAN_POINT('',(19.685001000,26.352289000,-0.800000000));
#8590=VERTEX_POINT('',#8589);
#8591=CARTESIAN_POINT('',(19.646332000,26.445644000,-0.835000000));
#8592=VERTEX_POINT('',#8591);
#8593=CARTESIAN_POINT('',(19.646332000,26.445644000,-0.800000000));
#8594=VERTEX_POINT('',#8593);
#8595=CARTESIAN_POINT('',(18.190644000,27.901332000,-0.835000000));
#8596=VERTEX_POINT('',#8595);
#8597=CARTESIAN_POINT('',(18.190644000,27.901332000,-0.800000000));
#8598=VERTEX_POINT('',#8597);
#8599=CARTESIAN_POINT('',(18.097289000,27.940001000,-0.835000000));
#8600=VERTEX_POINT('',#8599);
#8601=CARTESIAN_POINT('',(18.097289000,27.940001000,-0.800000000));
#8602=VERTEX_POINT('',#8601);
#8603=CARTESIAN_POINT('',(11.681052000,27.940001000,-0.835000000));
#8604=VERTEX_POINT('',#8603);
#8605=CARTESIAN_POINT('',(11.681052000,27.940001000,-0.800000000));
#8606=VERTEX_POINT('',#8605);
#8607=CARTESIAN_POINT('',(11.601632000,27.913041000,-0.835000000));
#8608=VERTEX_POINT('',#8607);
#8609=CARTESIAN_POINT('',(11.601632000,27.913041000,-0.800000000));
#8610=VERTEX_POINT('',#8609);
#8611=CARTESIAN_POINT('',(11.339501000,27.711900000,-0.835000000));
#8612=VERTEX_POINT('',#8611);
#8613=CARTESIAN_POINT('',(11.339501000,27.711900000,-0.800000000));
#8614=VERTEX_POINT('',#8613);
#8615=CARTESIAN_POINT('',(11.008313000,27.574718000,-0.835000000));
#8616=VERTEX_POINT('',#8615);
#8617=CARTESIAN_POINT('',(11.008313000,27.574718000,-0.800000000));
#8618=VERTEX_POINT('',#8617);
#8619=CARTESIAN_POINT('',(11.008313000,27.235282000,-0.835000000));
#8620=VERTEX_POINT('',#8619);
#8621=CARTESIAN_POINT('',(11.008313000,27.235282000,-0.800000000));
#8622=VERTEX_POINT('',#8621);
#8623=CARTESIAN_POINT('',(11.339501000,27.098100000,-0.835000000));
#8624=VERTEX_POINT('',#8623);
#8625=CARTESIAN_POINT('',(11.339501000,27.098100000,-0.800000000));
#8626=VERTEX_POINT('',#8625);
#8627=CARTESIAN_POINT('',(11.565038000,26.925038000,-0.835000000));
#8628=VERTEX_POINT('',#8627);
#8629=CARTESIAN_POINT('',(11.565038000,26.925038000,-0.800000000));
#8630=VERTEX_POINT('',#8629);
#8631=CARTESIAN_POINT('',(11.738100000,26.699501000,-0.835000000));
#8632=VERTEX_POINT('',#8631);
#8633=CARTESIAN_POINT('',(11.738100000,26.699501000,-0.800000000));
#8634=VERTEX_POINT('',#8633);
#8635=CARTESIAN_POINT('',(11.846892000,26.436853000,-0.835000000));
#8636=VERTEX_POINT('',#8635);
#8637=CARTESIAN_POINT('',(11.846892000,26.436853000,-0.800000000));
#8638=VERTEX_POINT('',#8637);
#8639=CARTESIAN_POINT('',(11.850559000,26.409000000,-0.835000000));
#8640=VERTEX_POINT('',#8639);
#8641=CARTESIAN_POINT('',(11.850559000,26.409000000,-0.800000000));
#8642=VERTEX_POINT('',#8641);
#8643=CARTESIAN_POINT('',(11.579926111,26.409000000,-0.835000000));
#8644=VERTEX_POINT('',#8643);
#8645=CARTESIAN_POINT('',(11.579926111,26.409000000,-0.800000000));
#8646=VERTEX_POINT('',#8645);
#8647=CARTESIAN_POINT('',(10.541000000,25.370073889,-0.835000000));
#8648=VERTEX_POINT('',#8647);
#8649=CARTESIAN_POINT('',(10.541000000,25.370073889,-0.800000000));
#8650=VERTEX_POINT('',#8649);
#8651=CARTESIAN_POINT('',(10.541000000,25.091571000,-0.835000000));
#8652=VERTEX_POINT('',#8651);
#8653=CARTESIAN_POINT('',(10.541000000,25.091571000,-0.800000000));
#8654=VERTEX_POINT('',#8653);
#8655=CARTESIAN_POINT('',(10.250499000,25.211900000,-0.835000000));
#8656=VERTEX_POINT('',#8655);
#8657=CARTESIAN_POINT('',(10.250499000,25.211900000,-0.800000000));
#8658=VERTEX_POINT('',#8657);
#8659=CARTESIAN_POINT('',(10.024962000,25.384962000,-0.835000000));
#8660=VERTEX_POINT('',#8659);
#8661=CARTESIAN_POINT('',(10.024962000,25.384962000,-0.800000000));
#8662=VERTEX_POINT('',#8661);
#8663=CARTESIAN_POINT('',(9.851900000,25.610499000,-0.835000000));
#8664=VERTEX_POINT('',#8663);
#8665=CARTESIAN_POINT('',(9.851900000,25.610499000,-0.800000000));
#8666=VERTEX_POINT('',#8665);
#8667=CARTESIAN_POINT('',(9.743108000,25.873147000,-0.835000000));
#8668=VERTEX_POINT('',#8667);
#8669=CARTESIAN_POINT('',(9.743108000,25.873147000,-0.800000000));
#8670=VERTEX_POINT('',#8669);
#8671=CARTESIAN_POINT('',(9.706001000,26.155000000,-0.835000000));
#8672=VERTEX_POINT('',#8671);
#8673=CARTESIAN_POINT('',(9.706001000,26.155000000,-0.800000000));
#8674=VERTEX_POINT('',#8673);
#8675=CARTESIAN_POINT('',(9.743108000,26.436853000,-0.835000000));
#8676=VERTEX_POINT('',#8675);
#8677=CARTESIAN_POINT('',(9.743108000,26.436853000,-0.800000000));
#8678=VERTEX_POINT('',#8677);
#8679=CARTESIAN_POINT('',(9.851900000,26.699501000,-0.835000000));
#8680=VERTEX_POINT('',#8679);
#8681=CARTESIAN_POINT('',(9.851900000,26.699501000,-0.800000000));
#8682=VERTEX_POINT('',#8681);
#8683=CARTESIAN_POINT('',(10.024962000,26.925038000,-0.835000000));
#8684=VERTEX_POINT('',#8683);
#8685=CARTESIAN_POINT('',(10.024962000,26.925038000,-0.800000000));
#8686=VERTEX_POINT('',#8685);
#8687=CARTESIAN_POINT('',(10.250499000,27.098100000,-0.835000000));
#8688=VERTEX_POINT('',#8687);
#8689=CARTESIAN_POINT('',(10.250499000,27.098100000,-0.800000000));
#8690=VERTEX_POINT('',#8689);
#8691=CARTESIAN_POINT('',(10.581687000,27.235282000,-0.835000000));
#8692=VERTEX_POINT('',#8691);
#8693=CARTESIAN_POINT('',(10.581687000,27.235282000,-0.800000000));
#8694=VERTEX_POINT('',#8693);
#8695=CARTESIAN_POINT('',(10.581687000,27.574718000,-0.835000000));
#8696=VERTEX_POINT('',#8695);
#8697=CARTESIAN_POINT('',(10.581687000,27.574718000,-0.800000000));
#8698=VERTEX_POINT('',#8697);
#8699=CARTESIAN_POINT('',(10.250499000,27.711900000,-0.835000000));
#8700=VERTEX_POINT('',#8699);
#8701=CARTESIAN_POINT('',(10.250499000,27.711900000,-0.800000000));
#8702=VERTEX_POINT('',#8701);
#8703=CARTESIAN_POINT('',(10.024962000,27.884962000,-0.835000000));
#8704=VERTEX_POINT('',#8703);
#8705=CARTESIAN_POINT('',(10.024962000,27.884962000,-0.800000000));
#8706=VERTEX_POINT('',#8705);
#8707=CARTESIAN_POINT('',(9.851900000,28.110499000,-0.835000000));
#8708=VERTEX_POINT('',#8707);
#8709=CARTESIAN_POINT('',(9.851900000,28.110499000,-0.800000000));
#8710=VERTEX_POINT('',#8709);
#8711=CARTESIAN_POINT('',(9.743108000,28.373147000,-0.835000000));
#8712=VERTEX_POINT('',#8711);
#8713=CARTESIAN_POINT('',(9.743108000,28.373147000,-0.800000000));
#8714=VERTEX_POINT('',#8713);
#8715=CARTESIAN_POINT('',(9.706001000,28.655000000,-0.835000000));
#8716=VERTEX_POINT('',#8715);
#8717=CARTESIAN_POINT('',(9.706001000,28.655000000,-0.800000000));
#8718=VERTEX_POINT('',#8717);
#8719=CARTESIAN_POINT('',(9.743108000,28.936853000,-0.835000000));
#8720=VERTEX_POINT('',#8719);
#8721=CARTESIAN_POINT('',(9.743108000,28.936853000,-0.800000000));
#8722=VERTEX_POINT('',#8721);
#8723=CARTESIAN_POINT('',(9.851900000,29.199501000,-0.835000000));
#8724=VERTEX_POINT('',#8723);
#8725=CARTESIAN_POINT('',(9.851900000,29.199501000,-0.800000000));
#8726=VERTEX_POINT('',#8725);
#8727=CARTESIAN_POINT('',(10.024962000,29.425038000,-0.835000000));
#8728=VERTEX_POINT('',#8727);
#8729=CARTESIAN_POINT('',(10.024962000,29.425038000,-0.800000000));
#8730=VERTEX_POINT('',#8729);
#8731=CARTESIAN_POINT('',(10.250499000,29.598100000,-0.835000000));
#8732=VERTEX_POINT('',#8731);
#8733=CARTESIAN_POINT('',(10.250499000,29.598100000,-0.800000000));
#8734=VERTEX_POINT('',#8733);
#8735=CARTESIAN_POINT('',(10.581687000,29.735282000,-0.835000000));
#8736=VERTEX_POINT('',#8735);
#8737=CARTESIAN_POINT('',(10.581687000,29.735282000,-0.800000000));
#8738=VERTEX_POINT('',#8737);
#8739=CARTESIAN_POINT('',(10.581687000,30.074718000,-0.835000000));
#8740=VERTEX_POINT('',#8739);
#8741=CARTESIAN_POINT('',(10.581687000,30.074718000,-0.800000000));
#8742=VERTEX_POINT('',#8741);
#8743=CARTESIAN_POINT('',(10.250499000,30.211900000,-0.835000000));
#8744=VERTEX_POINT('',#8743);
#8745=CARTESIAN_POINT('',(10.250499000,30.211900000,-0.800000000));
#8746=VERTEX_POINT('',#8745);
#8747=CARTESIAN_POINT('',(10.024962000,30.384962000,-0.835000000));
#8748=VERTEX_POINT('',#8747);
#8749=CARTESIAN_POINT('',(10.024962000,30.384962000,-0.800000000));
#8750=VERTEX_POINT('',#8749);
#8751=CARTESIAN_POINT('',(9.851900000,30.610499000,-0.835000000));
#8752=VERTEX_POINT('',#8751);
#8753=CARTESIAN_POINT('',(9.851900000,30.610499000,-0.800000000));
#8754=VERTEX_POINT('',#8753);
#8755=CARTESIAN_POINT('',(9.743108000,30.873147000,-0.835000000));
#8756=VERTEX_POINT('',#8755);
#8757=CARTESIAN_POINT('',(9.743108000,30.873147000,-0.800000000));
#8758=VERTEX_POINT('',#8757);
#8759=CARTESIAN_POINT('',(9.706001000,31.155000000,-0.835000000));
#8760=VERTEX_POINT('',#8759);
#8761=CARTESIAN_POINT('',(9.706001000,31.155000000,-0.800000000));
#8762=VERTEX_POINT('',#8761);
#8763=CARTESIAN_POINT('',(9.743108000,31.436853000,-0.835000000));
#8764=VERTEX_POINT('',#8763);
#8765=CARTESIAN_POINT('',(9.743108000,31.436853000,-0.800000000));
#8766=VERTEX_POINT('',#8765);
#8767=CARTESIAN_POINT('',(9.851900000,31.699501000,-0.835000000));
#8768=VERTEX_POINT('',#8767);
#8769=CARTESIAN_POINT('',(9.851900000,31.699501000,-0.800000000));
#8770=VERTEX_POINT('',#8769);
#8771=CARTESIAN_POINT('',(10.024962000,31.925038000,-0.835000000));
#8772=VERTEX_POINT('',#8771);
#8773=CARTESIAN_POINT('',(10.024962000,31.925038000,-0.800000000));
#8774=VERTEX_POINT('',#8773);
#8775=CARTESIAN_POINT('',(10.250501000,32.098102000,-0.835000000));
#8776=VERTEX_POINT('',#8775);
#8777=CARTESIAN_POINT('',(10.250501000,32.098102000,-0.800000000));
#8778=VERTEX_POINT('',#8777);
#8779=CARTESIAN_POINT('',(10.417095000,32.167111000,-0.835000000));
#8780=VERTEX_POINT('',#8779);
#8781=CARTESIAN_POINT('',(10.417095000,32.167111000,-0.800000000));
#8782=VERTEX_POINT('',#8781);
#8783=CARTESIAN_POINT('',(10.335758000,32.576001000,-0.835000000));
#8784=VERTEX_POINT('',#8783);
#8785=CARTESIAN_POINT('',(10.335758000,32.576001000,-0.800000000));
#8786=VERTEX_POINT('',#8785);
#8787=CARTESIAN_POINT('',(9.864790000,32.576001000,-0.835000000));
#8788=VERTEX_POINT('',#8787);
#8789=CARTESIAN_POINT('',(9.864790000,32.576001000,-0.800000000));
#8790=VERTEX_POINT('',#8789);
#8791=CARTESIAN_POINT('',(9.716001000,32.724790000,-0.835000000));
#8792=VERTEX_POINT('',#8791);
#8793=CARTESIAN_POINT('',(9.716001000,32.724790000,-0.800000000));
#8794=VERTEX_POINT('',#8793);
#8795=CARTESIAN_POINT('',(9.716001000,34.585210000,-0.835000000));
#8796=VERTEX_POINT('',#8795);
#8797=CARTESIAN_POINT('',(9.716001000,34.585210000,-0.800000000));
#8798=VERTEX_POINT('',#8797);
#8799=CARTESIAN_POINT('',(9.864790000,34.733999000,-0.835000000));
#8800=VERTEX_POINT('',#8799);
#8801=CARTESIAN_POINT('',(9.864790000,34.733999000,-0.800000000));
#8802=VERTEX_POINT('',#8801);
#8803=CARTESIAN_POINT('',(11.725210000,34.733999000,-0.835000000));
#8804=VERTEX_POINT('',#8803);
#8805=CARTESIAN_POINT('',(11.725210000,34.733999000,-0.800000000));
#8806=VERTEX_POINT('',#8805);
#8807=CARTESIAN_POINT('',(11.873999000,34.585210000,-0.835000000));
#8808=VERTEX_POINT('',#8807);
#8809=CARTESIAN_POINT('',(11.873999000,34.585210000,-0.800000000));
#8810=VERTEX_POINT('',#8809);
#8811=CARTESIAN_POINT('',(11.873999000,34.438789000,-0.835000000));
#8812=VERTEX_POINT('',#8811);
#8813=CARTESIAN_POINT('',(11.873999000,34.438789000,-0.800000000));
#8814=VERTEX_POINT('',#8813);
#8815=CARTESIAN_POINT('',(12.022789000,34.289999000,-0.835000000));
#8816=VERTEX_POINT('',#8815);
#8817=CARTESIAN_POINT('',(12.022789000,34.289999000,-0.800000000));
#8818=VERTEX_POINT('',#8817);
#8819=CARTESIAN_POINT('',(17.408026000,34.289999000,-0.835000000));
#8820=VERTEX_POINT('',#8819);
#8821=CARTESIAN_POINT('',(17.408026000,34.289999000,-0.800000000));
#8822=VERTEX_POINT('',#8821);
#8823=CARTESIAN_POINT('',(23.494999000,28.203026000,-0.835000000));
#8824=VERTEX_POINT('',#8823);
#8825=CARTESIAN_POINT('',(23.494999000,28.203026000,-0.800000000));
#8826=VERTEX_POINT('',#8825);
#8827=CARTESIAN_POINT('',(23.494999000,19.421974000,-0.835000000));
#8828=VERTEX_POINT('',#8827);
#8829=CARTESIAN_POINT('',(23.494999000,19.421974000,-0.800000000));
#8830=VERTEX_POINT('',#8829);
#8831=CARTESIAN_POINT('',(19.532668000,15.459644000,-0.835000000));
#8832=VERTEX_POINT('',#8831);
#8833=CARTESIAN_POINT('',(19.532668000,15.459644000,-0.800000000));
#8834=VERTEX_POINT('',#8833);
#8835=CARTESIAN_POINT('',(19.493999000,15.366289000,-0.835000000));
#8836=VERTEX_POINT('',#8835);
#8837=CARTESIAN_POINT('',(19.493999000,15.366289000,-0.800000000));
#8838=VERTEX_POINT('',#8837);
#8839=CARTESIAN_POINT('',(19.493999000,14.309790000,-0.835000000));
#8840=VERTEX_POINT('',#8839);
#8841=CARTESIAN_POINT('',(19.493999000,14.309790000,-0.800000000));
#8842=VERTEX_POINT('',#8841);
#8843=CARTESIAN_POINT('',(19.345210000,14.161001000,-0.835000000));
#8844=VERTEX_POINT('',#8843);
#8845=CARTESIAN_POINT('',(19.345210000,14.161001000,-0.800000000));
#8846=VERTEX_POINT('',#8845);
#8847=CARTESIAN_POINT('',(18.288711000,14.161001000,-0.835000000));
#8848=VERTEX_POINT('',#8847);
#8849=CARTESIAN_POINT('',(18.288711000,14.161001000,-0.800000000));
#8850=VERTEX_POINT('',#8849);
#8851=CARTESIAN_POINT('',(18.195356000,14.122332000,-0.835000000));
#8852=VERTEX_POINT('',#8851);
#8853=CARTESIAN_POINT('',(18.195356000,14.122332000,-0.800000000));
#8854=VERTEX_POINT('',#8853);
#8855=CARTESIAN_POINT('',(16.171454000,12.098430000,-0.835000000));
#8856=VERTEX_POINT('',#8855);
#8857=CARTESIAN_POINT('',(16.171454000,12.098430000,-0.800000000));
#8858=VERTEX_POINT('',#8857);
#8859=CARTESIAN_POINT('',(16.134004000,12.020665000,-0.835000000));
#8860=VERTEX_POINT('',#8859);
#8861=CARTESIAN_POINT('',(16.134004000,12.020665000,-0.800000000));
#8862=VERTEX_POINT('',#8861);
#8863=CARTESIAN_POINT('',(16.100538000,11.723651000,-0.835000000));
#8864=VERTEX_POINT('',#8863);
#8865=CARTESIAN_POINT('',(16.100538000,11.723651000,-0.800000000));
#8866=VERTEX_POINT('',#8865);
#8867=CARTESIAN_POINT('',(15.987086000,11.399424000,-0.835000000));
#8868=VERTEX_POINT('',#8867);
#8869=CARTESIAN_POINT('',(15.987086000,11.399424000,-0.800000000));
#8870=VERTEX_POINT('',#8869);
#8871=CARTESIAN_POINT('',(15.804328000,11.108567000,-0.835000000));
#8872=VERTEX_POINT('',#8871);
#8873=CARTESIAN_POINT('',(15.804328000,11.108567000,-0.800000000));
#8874=VERTEX_POINT('',#8873);
#8875=CARTESIAN_POINT('',(15.561433000,10.865672000,-0.835000000));
#8876=VERTEX_POINT('',#8875);
#8877=CARTESIAN_POINT('',(15.561433000,10.865672000,-0.800000000));
#8878=VERTEX_POINT('',#8877);
#8879=CARTESIAN_POINT('',(15.270576000,10.682914000,-0.835000000));
#8880=VERTEX_POINT('',#8879);
#8881=CARTESIAN_POINT('',(15.270576000,10.682914000,-0.800000000));
#8882=VERTEX_POINT('',#8881);
#8883=CARTESIAN_POINT('',(14.946349000,10.569462000,-0.835000000));
#8884=VERTEX_POINT('',#8883);
#8885=CARTESIAN_POINT('',(14.946349000,10.569462000,-0.800000000));
#8886=VERTEX_POINT('',#8885);
#8887=CARTESIAN_POINT('',(14.605000000,10.531001000,-0.835000000));
#8888=VERTEX_POINT('',#8887);
#8889=CARTESIAN_POINT('',(14.605000000,10.531001000,-0.800000000));
#8890=VERTEX_POINT('',#8889);
#8891=CARTESIAN_POINT('',(14.263651000,10.569462000,-0.835000000));
#8892=VERTEX_POINT('',#8891);
#8893=CARTESIAN_POINT('',(14.263651000,10.569462000,-0.800000000));
#8894=VERTEX_POINT('',#8893);
#8895=CARTESIAN_POINT('',(13.939424000,10.682914000,-0.835000000));
#8896=VERTEX_POINT('',#8895);
#8897=CARTESIAN_POINT('',(13.939424000,10.682914000,-0.800000000));
#8898=VERTEX_POINT('',#8897);
#8899=CARTESIAN_POINT('',(13.648567000,10.865672000,-0.835000000));
#8900=VERTEX_POINT('',#8899);
#8901=CARTESIAN_POINT('',(13.648567000,10.865672000,-0.800000000));
#8902=VERTEX_POINT('',#8901);
#8903=CARTESIAN_POINT('',(13.405672000,11.108567000,-0.835000000));
#8904=VERTEX_POINT('',#8903);
#8905=CARTESIAN_POINT('',(13.405672000,11.108567000,-0.800000000));
#8906=VERTEX_POINT('',#8905);
#8907=CARTESIAN_POINT('',(13.222914000,11.399424000,-0.835000000));
#8908=VERTEX_POINT('',#8907);
#8909=CARTESIAN_POINT('',(13.222914000,11.399424000,-0.800000000));
#8910=VERTEX_POINT('',#8909);
#8911=CARTESIAN_POINT('',(13.109462000,11.723651000,-0.835000000));
#8912=VERTEX_POINT('',#8911);
#8913=CARTESIAN_POINT('',(13.109462000,11.723651000,-0.800000000));
#8914=VERTEX_POINT('',#8913);
#8915=CARTESIAN_POINT('',(13.071001000,12.065000000,-0.835000000));
#8916=VERTEX_POINT('',#8915);
#8917=CARTESIAN_POINT('',(13.071001000,12.065000000,-0.800000000));
#8918=VERTEX_POINT('',#8917);
#8919=CARTESIAN_POINT('',(13.109462000,12.406349000,-0.835000000));
#8920=VERTEX_POINT('',#8919);
#8921=CARTESIAN_POINT('',(13.109462000,12.406349000,-0.800000000));
#8922=VERTEX_POINT('',#8921);
#8923=CARTESIAN_POINT('',(13.222914000,12.730576000,-0.835000000));
#8924=VERTEX_POINT('',#8923);
#8925=CARTESIAN_POINT('',(13.222914000,12.730576000,-0.800000000));
#8926=VERTEX_POINT('',#8925);
#8927=CARTESIAN_POINT('',(13.405672000,13.021433000,-0.835000000));
#8928=VERTEX_POINT('',#8927);
#8929=CARTESIAN_POINT('',(13.405672000,13.021433000,-0.800000000));
#8930=VERTEX_POINT('',#8929);
#8931=CARTESIAN_POINT('',(13.648567000,13.264328000,-0.835000000));
#8932=VERTEX_POINT('',#8931);
#8933=CARTESIAN_POINT('',(13.648567000,13.264328000,-0.800000000));
#8934=VERTEX_POINT('',#8933);
#8935=CARTESIAN_POINT('',(13.939424000,13.447086000,-0.835000000));
#8936=VERTEX_POINT('',#8935);
#8937=CARTESIAN_POINT('',(13.939424000,13.447086000,-0.800000000));
#8938=VERTEX_POINT('',#8937);
#8939=CARTESIAN_POINT('',(14.339546000,13.587095000,-0.835000000));
#8940=VERTEX_POINT('',#8939);
#8941=CARTESIAN_POINT('',(14.339546000,13.587095000,-0.800000000));
#8942=VERTEX_POINT('',#8941);
#8943=CARTESIAN_POINT('',(14.267691000,14.010001000,-0.835000000));
#8944=VERTEX_POINT('',#8943);
#8945=CARTESIAN_POINT('',(14.267691000,14.010001000,-0.800000000));
#8946=VERTEX_POINT('',#8945);
#8947=CARTESIAN_POINT('',(11.734693000,14.010001000,-0.835000000));
#8948=VERTEX_POINT('',#8947);
#8949=CARTESIAN_POINT('',(11.734693000,14.010001000,-0.800000000));
#8950=VERTEX_POINT('',#8949);
#8951=CARTESIAN_POINT('',(11.628461000,13.957613000,-0.835000000));
#8952=VERTEX_POINT('',#8951);
#8953=CARTESIAN_POINT('',(11.628461000,13.957613000,-0.800000000));
#8954=VERTEX_POINT('',#8953);
#8955=CARTESIAN_POINT('',(11.565040000,13.874963000,-0.835000000));
#8956=VERTEX_POINT('',#8955);
#8957=CARTESIAN_POINT('',(11.565040000,13.874963000,-0.800000000));
#8958=VERTEX_POINT('',#8957);
#8959=CARTESIAN_POINT('',(11.339501000,13.701900000,-0.835000000));
#8960=VERTEX_POINT('',#8959);
#8961=CARTESIAN_POINT('',(11.339501000,13.701900000,-0.800000000));
#8962=VERTEX_POINT('',#8961);
#8963=CARTESIAN_POINT('',(11.008313000,13.564718000,-0.835000000));
#8964=VERTEX_POINT('',#8963);
#8965=CARTESIAN_POINT('',(11.008313000,13.564718000,-0.800000000));
#8966=VERTEX_POINT('',#8965);
#8967=CARTESIAN_POINT('',(11.008313000,13.225282000,-0.835000000));
#8968=VERTEX_POINT('',#8967);
#8969=CARTESIAN_POINT('',(11.008313000,13.225282000,-0.800000000));
#8970=VERTEX_POINT('',#8969);
#8971=CARTESIAN_POINT('',(11.339501000,13.088100000,-0.835000000));
#8972=VERTEX_POINT('',#8971);
#8973=CARTESIAN_POINT('',(11.339501000,13.088100000,-0.800000000));
#8974=VERTEX_POINT('',#8973);
#8975=CARTESIAN_POINT('',(11.565038000,12.915038000,-0.835000000));
#8976=VERTEX_POINT('',#8975);
#8977=CARTESIAN_POINT('',(11.565038000,12.915038000,-0.800000000));
#8978=VERTEX_POINT('',#8977);
#8979=CARTESIAN_POINT('',(11.738100000,12.689501000,-0.835000000));
#8980=VERTEX_POINT('',#8979);
#8981=CARTESIAN_POINT('',(11.738100000,12.689501000,-0.800000000));
#8982=VERTEX_POINT('',#8981);
#8983=CARTESIAN_POINT('',(11.846892000,12.426853000,-0.835000000));
#8984=VERTEX_POINT('',#8983);
#8985=CARTESIAN_POINT('',(11.846892000,12.426853000,-0.800000000));
#8986=VERTEX_POINT('',#8985);
#8987=CARTESIAN_POINT('',(11.883999000,12.145000000,-0.835000000));
#8988=VERTEX_POINT('',#8987);
#8989=CARTESIAN_POINT('',(11.883999000,12.145000000,-0.800000000));
#8990=VERTEX_POINT('',#8989);
#8991=CARTESIAN_POINT('',(11.846892000,11.863147000,-0.835000000));
#8992=VERTEX_POINT('',#8991);
#8993=CARTESIAN_POINT('',(11.846892000,11.863147000,-0.800000000));
#8994=VERTEX_POINT('',#8993);
#8995=CARTESIAN_POINT('',(11.738100000,11.600499000,-0.835000000));
#8996=VERTEX_POINT('',#8995);
#8997=CARTESIAN_POINT('',(11.738100000,11.600499000,-0.800000000));
#8998=VERTEX_POINT('',#8997);
#8999=CARTESIAN_POINT('',(11.565038000,11.374962000,-0.835000000));
#9000=VERTEX_POINT('',#8999);
#9001=CARTESIAN_POINT('',(11.565038000,11.374962000,-0.800000000));
#9002=VERTEX_POINT('',#9001);
#9003=CARTESIAN_POINT('',(11.339501000,11.201900000,-0.835000000));
#9004=VERTEX_POINT('',#9003);
#9005=CARTESIAN_POINT('',(11.339501000,11.201900000,-0.800000000));
#9006=VERTEX_POINT('',#9005);
#9007=CARTESIAN_POINT('',(11.008313000,11.064718000,-0.835000000));
#9008=VERTEX_POINT('',#9007);
#9009=CARTESIAN_POINT('',(11.008313000,11.064718000,-0.800000000));
#9010=VERTEX_POINT('',#9009);
#9011=CARTESIAN_POINT('',(11.008313000,10.725282000,-0.835000000));
#9012=VERTEX_POINT('',#9011);
#9013=CARTESIAN_POINT('',(11.008313000,10.725282000,-0.800000000));
#9014=VERTEX_POINT('',#9013);
#9015=CARTESIAN_POINT('',(11.339501000,10.588100000,-0.835000000));
#9016=VERTEX_POINT('',#9015);
#9017=CARTESIAN_POINT('',(11.339501000,10.588100000,-0.800000000));
#9018=VERTEX_POINT('',#9017);
#9019=CARTESIAN_POINT('',(11.565038000,10.415038000,-0.835000000));
#9020=VERTEX_POINT('',#9019);
#9021=CARTESIAN_POINT('',(11.565038000,10.415038000,-0.800000000));
#9022=VERTEX_POINT('',#9021);
#9023=CARTESIAN_POINT('',(11.738100000,10.189501000,-0.835000000));
#9024=VERTEX_POINT('',#9023);
#9025=CARTESIAN_POINT('',(11.738100000,10.189501000,-0.800000000));
#9026=VERTEX_POINT('',#9025);
#9027=CARTESIAN_POINT('',(11.846892000,9.926853000,-0.835000000));
#9028=VERTEX_POINT('',#9027);
#9029=CARTESIAN_POINT('',(11.846892000,9.926853000,-0.800000000));
#9030=VERTEX_POINT('',#9029);
#9031=CARTESIAN_POINT('',(11.883999000,9.645000000,-0.835000000));
#9032=VERTEX_POINT('',#9031);
#9033=CARTESIAN_POINT('',(11.883999000,9.645000000,-0.800000000));
#9034=VERTEX_POINT('',#9033);
#9035=CARTESIAN_POINT('',(11.846892000,9.363147000,-0.835000000));
#9036=VERTEX_POINT('',#9035);
#9037=CARTESIAN_POINT('',(11.846892000,9.363147000,-0.800000000));
#9038=VERTEX_POINT('',#9037);
#9039=CARTESIAN_POINT('',(11.738100000,9.100499000,-0.835000000));
#9040=VERTEX_POINT('',#9039);
#9041=CARTESIAN_POINT('',(11.738100000,9.100499000,-0.800000000));
#9042=VERTEX_POINT('',#9041);
#9043=CARTESIAN_POINT('',(11.565038000,8.874962000,-0.835000000));
#9044=VERTEX_POINT('',#9043);
#9045=CARTESIAN_POINT('',(11.565038000,8.874962000,-0.800000000));
#9046=VERTEX_POINT('',#9045);
#9047=CARTESIAN_POINT('',(11.339501000,8.701900000,-0.835000000));
#9048=VERTEX_POINT('',#9047);
#9049=CARTESIAN_POINT('',(11.339501000,8.701900000,-0.800000000));
#9050=VERTEX_POINT('',#9049);
#9051=DIRECTION('',(0.000000000,0.278502889,0.000000000));
#9052=VECTOR('',#9051,1.);
#9053=LINE('',#8419,#9052);
#9054=DIRECTION('',(0.000000000,0.278502889,0.000000000));
#9055=VECTOR('',#9054,1.);
#9056=LINE('',#8421,#9055);
#9057=CARTESIAN_POINT('',(10.795000000,9.645000000,-0.835000000));
#9058=DIRECTION('',(0.,0.,1.));
#9059=DIRECTION('',(1.,0.,0.));
#9060=AXIS2_PLACEMENT_3D('',#9057,#9058,#9059);
#9061=CIRCLE('',#9060,0.825000000);
#9062=CARTESIAN_POINT('',(10.795000000,9.645000000,-0.800000000));
#9063=DIRECTION('',(0.,0.,1.));
#9064=DIRECTION('',(1.,0.,0.));
#9065=AXIS2_PLACEMENT_3D('',#9062,#9063,#9064);
#9066=CIRCLE('',#9065,0.825000000);
#9067=DIRECTION('',(-0.191366384,0.191366384,0.000000000));
#9068=VECTOR('',#9067,1.);
#9069=LINE('',#8427,#9068);
#9070=DIRECTION('',(-0.191366384,0.191366384,0.000000000));
#9071=VECTOR('',#9070,1.);
#9072=LINE('',#8429,#9071);
#9073=DIRECTION('',(0.022287000,0.017102000,0.000000000));
#9074=VECTOR('',#9073,1.);
#9075=LINE('',#8431,#9074);
#9076=DIRECTION('',(0.022287000,0.017102000,0.000000000));
#9077=VECTOR('',#9076,1.);
#9078=LINE('',#8433,#9077);
#9079=DIRECTION('',(0.331188000,0.137182000,0.000000000));
#9080=VECTOR('',#9079,1.);
#9081=LINE('',#8435,#9080);
#9082=DIRECTION('',(0.331188000,0.137182000,0.000000000));
#9083=VECTOR('',#9082,1.);
#9084=LINE('',#8437,#9083);
#9085=DIRECTION('',(0.000000000,0.339436000,0.000000000));
#9086=VECTOR('',#9085,1.);
#9087=LINE('',#8439,#9086);
#9088=DIRECTION('',(0.000000000,0.339436000,0.000000000));
#9089=VECTOR('',#9088,1.);
#9090=LINE('',#8441,#9089);
#9091=DIRECTION('',(-0.331188000,0.137182000,0.000000000));
#9092=VECTOR('',#9091,1.);
#9093=LINE('',#8443,#9092);
#9094=DIRECTION('',(-0.331188000,0.137182000,0.000000000));
#9095=VECTOR('',#9094,1.);
#9096=LINE('',#8445,#9095);
#9097=DIRECTION('',(-0.225537000,0.173062000,0.000000000));
#9098=VECTOR('',#9097,1.);
#9099=LINE('',#8447,#9098);
#9100=DIRECTION('',(-0.225537000,0.173062000,0.000000000));
#9101=VECTOR('',#9100,1.);
#9102=LINE('',#8449,#9101);
#9103=DIRECTION('',(-0.173062000,0.225537000,0.000000000));
#9104=VECTOR('',#9103,1.);
#9105=LINE('',#8451,#9104);
#9106=DIRECTION('',(-0.173062000,0.225537000,0.000000000));
#9107=VECTOR('',#9106,1.);
#9108=LINE('',#8453,#9107);
#9109=DIRECTION('',(-0.108792000,0.262648000,0.000000000));
#9110=VECTOR('',#9109,1.);
#9111=LINE('',#8455,#9110);
#9112=DIRECTION('',(-0.108792000,0.262648000,0.000000000));
#9113=VECTOR('',#9112,1.);
#9114=LINE('',#8457,#9113);
#9115=DIRECTION('',(-0.037107000,0.281852000,0.000000000));
#9116=VECTOR('',#9115,1.);
#9117=LINE('',#8459,#9116);
#9118=DIRECTION('',(-0.037107000,0.281852000,0.000000000));
#9119=VECTOR('',#9118,1.);
#9120=LINE('',#8461,#9119);
#9121=DIRECTION('',(0.013599000,0.103288000,0.000000000));
#9122=VECTOR('',#9121,1.);
#9123=LINE('',#8463,#9122);
#9124=DIRECTION('',(0.013599000,0.103288000,0.000000000));
#9125=VECTOR('',#9124,1.);
#9126=LINE('',#8465,#9125);
#9127=DIRECTION('',(-0.038075000,0.112164000,0.000000000));
#9128=VECTOR('',#9127,1.);
#9129=LINE('',#8467,#9128);
#9130=DIRECTION('',(-0.038075000,0.112164000,0.000000000));
#9131=VECTOR('',#9130,1.);
#9132=LINE('',#8469,#9131);
#9133=DIRECTION('',(-1.426524000,1.426523000,0.000000000));
#9134=VECTOR('',#9133,1.);
#9135=LINE('',#8471,#9134);
#9136=DIRECTION('',(-1.426524000,1.426523000,0.000000000));
#9137=VECTOR('',#9136,1.);
#9138=LINE('',#8473,#9137);
#9139=DIRECTION('',(0.000000000,4.891052000,0.000000000));
#9140=VECTOR('',#9139,1.);
#9141=LINE('',#8475,#9140);
#9142=DIRECTION('',(0.000000000,4.891052000,0.000000000));
#9143=VECTOR('',#9142,1.);
#9144=LINE('',#8477,#9143);
#9145=DIRECTION('',(4.696973000,4.696973000,0.000000000));
#9146=VECTOR('',#9145,1.);
#9147=LINE('',#8479,#9146);
#9148=DIRECTION('',(4.696973000,4.696973000,0.000000000));
#9149=VECTOR('',#9148,1.);
#9150=LINE('',#8481,#9149);
#9151=DIRECTION('',(4.523333000,0.000000000,0.000000000));
#9152=VECTOR('',#9151,1.);
#9153=LINE('',#8483,#9152);
#9154=DIRECTION('',(4.523333000,0.000000000,0.000000000));
#9155=VECTOR('',#9154,1.);
#9156=LINE('',#8485,#9155);
#9157=DIRECTION('',(0.106232000,0.052388000,0.000000000));
#9158=VECTOR('',#9157,1.);
#9159=LINE('',#8487,#9158);
#9160=DIRECTION('',(0.106232000,0.052388000,0.000000000));
#9161=VECTOR('',#9160,1.);
#9162=LINE('',#8489,#9161);
#9163=DIRECTION('',(0.063421000,0.082650000,0.000000000));
#9164=VECTOR('',#9163,1.);
#9165=LINE('',#8491,#9164);
#9166=DIRECTION('',(0.063421000,0.082650000,0.000000000));
#9167=VECTOR('',#9166,1.);
#9168=LINE('',#8493,#9167);
#9169=DIRECTION('',(0.225539000,0.173063000,0.000000000));
#9170=VECTOR('',#9169,1.);
#9171=LINE('',#8495,#9170);
#9172=DIRECTION('',(0.225539000,0.173063000,0.000000000));
#9173=VECTOR('',#9172,1.);
#9174=LINE('',#8497,#9173);
#9175=DIRECTION('',(0.331188000,0.137182000,0.000000000));
#9176=VECTOR('',#9175,1.);
#9177=LINE('',#8499,#9176);
#9178=DIRECTION('',(0.331188000,0.137182000,0.000000000));
#9179=VECTOR('',#9178,1.);
#9180=LINE('',#8501,#9179);
#9181=DIRECTION('',(0.000000000,0.339436000,0.000000000));
#9182=VECTOR('',#9181,1.);
#9183=LINE('',#8503,#9182);
#9184=DIRECTION('',(0.000000000,0.339436000,0.000000000));
#9185=VECTOR('',#9184,1.);
#9186=LINE('',#8505,#9185);
#9187=DIRECTION('',(-0.331188000,0.137182000,0.000000000));
#9188=VECTOR('',#9187,1.);
#9189=LINE('',#8507,#9188);
#9190=DIRECTION('',(-0.331188000,0.137182000,0.000000000));
#9191=VECTOR('',#9190,1.);
#9192=LINE('',#8509,#9191);
#9193=DIRECTION('',(-0.225537000,0.173062000,0.000000000));
#9194=VECTOR('',#9193,1.);
#9195=LINE('',#8511,#9194);
#9196=DIRECTION('',(-0.225537000,0.173062000,0.000000000));
#9197=VECTOR('',#9196,1.);
#9198=LINE('',#8513,#9197);
#9199=DIRECTION('',(-0.173062000,0.225537000,0.000000000));
#9200=VECTOR('',#9199,1.);
#9201=LINE('',#8515,#9200);
#9202=DIRECTION('',(-0.173062000,0.225537000,0.000000000));
#9203=VECTOR('',#9202,1.);
#9204=LINE('',#8517,#9203);
#9205=DIRECTION('',(-0.108792000,0.262648000,0.000000000));
#9206=VECTOR('',#9205,1.);
#9207=LINE('',#8519,#9206);
#9208=DIRECTION('',(-0.108792000,0.262648000,0.000000000));
#9209=VECTOR('',#9208,1.);
#9210=LINE('',#8521,#9209);
#9211=DIRECTION('',(-0.037107000,0.281853000,0.000000000));
#9212=VECTOR('',#9211,1.);
#9213=LINE('',#8523,#9212);
#9214=DIRECTION('',(-0.037107000,0.281853000,0.000000000));
#9215=VECTOR('',#9214,1.);
#9216=LINE('',#8525,#9215);
#9217=DIRECTION('',(0.037107000,0.281853000,0.000000000));
#9218=VECTOR('',#9217,1.);
#9219=LINE('',#8527,#9218);
#9220=DIRECTION('',(0.037107000,0.281853000,0.000000000));
#9221=VECTOR('',#9220,1.);
#9222=LINE('',#8529,#9221);
#9223=DIRECTION('',(0.108792000,0.262648000,0.000000000));
#9224=VECTOR('',#9223,1.);
#9225=LINE('',#8531,#9224);
#9226=DIRECTION('',(0.108792000,0.262648000,0.000000000));
#9227=VECTOR('',#9226,1.);
#9228=LINE('',#8533,#9227);
#9229=DIRECTION('',(0.017102000,0.022287000,0.000000000));
#9230=VECTOR('',#9229,1.);
#9231=LINE('',#8535,#9230);
#9232=DIRECTION('',(0.017102000,0.022287000,0.000000000));
#9233=VECTOR('',#9232,1.);
#9234=LINE('',#8537,#9233);
#9235=DIRECTION('',(0.191366384,-0.191366384,0.000000000));
#9236=VECTOR('',#9235,1.);
#9237=LINE('',#8539,#9236);
#9238=DIRECTION('',(0.191366384,-0.191366384,0.000000000));
#9239=VECTOR('',#9238,1.);
#9240=LINE('',#8541,#9239);
#9241=CARTESIAN_POINT('',(18.415000000,25.240000000,-0.835000000));
#9242=DIRECTION('',(0.,0.,1.));
#9243=DIRECTION('',(1.,0.,0.));
#9244=AXIS2_PLACEMENT_3D('',#9241,#9242,#9243);
#9245=CIRCLE('',#9244,0.825000000);
#9246=CARTESIAN_POINT('',(18.415000000,25.240000000,-0.800000000));
#9247=DIRECTION('',(0.,0.,1.));
#9248=DIRECTION('',(1.,0.,0.));
#9249=AXIS2_PLACEMENT_3D('',#9246,#9247,#9248);
#9250=CIRCLE('',#9249,0.825000000);
#9251=DIRECTION('',(-0.191366384,0.191366384,0.000000000));
#9252=VECTOR('',#9251,1.);
#9253=LINE('',#8547,#9252);
#9254=DIRECTION('',(-0.191366384,0.191366384,0.000000000));
#9255=VECTOR('',#9254,1.);
#9256=LINE('',#8549,#9255);
#9257=DIRECTION('',(0.022287000,0.017102000,0.000000000));
#9258=VECTOR('',#9257,1.);
#9259=LINE('',#8551,#9258);
#9260=DIRECTION('',(0.022287000,0.017102000,0.000000000));
#9261=VECTOR('',#9260,1.);
#9262=LINE('',#8553,#9261);
#9263=DIRECTION('',(0.262648000,0.108792000,0.000000000));
#9264=VECTOR('',#9263,1.);
#9265=LINE('',#8555,#9264);
#9266=DIRECTION('',(0.262648000,0.108792000,0.000000000));
#9267=VECTOR('',#9266,1.);
#9268=LINE('',#8557,#9267);
#9269=DIRECTION('',(0.281853000,0.037107000,0.000000000));
#9270=VECTOR('',#9269,1.);
#9271=LINE('',#8559,#9270);
#9272=DIRECTION('',(0.281853000,0.037107000,0.000000000));
#9273=VECTOR('',#9272,1.);
#9274=LINE('',#8561,#9273);
#9275=DIRECTION('',(0.281853000,-0.037107000,0.000000000));
#9276=VECTOR('',#9275,1.);
#9277=LINE('',#8563,#9276);
#9278=DIRECTION('',(0.281853000,-0.037107000,0.000000000));
#9279=VECTOR('',#9278,1.);
#9280=LINE('',#8565,#9279);
#9281=DIRECTION('',(0.262648000,-0.108792000,0.000000000));
#9282=VECTOR('',#9281,1.);
#9283=LINE('',#8567,#9282);
#9284=DIRECTION('',(0.262648000,-0.108792000,0.000000000));
#9285=VECTOR('',#9284,1.);
#9286=LINE('',#8569,#9285);
#9287=DIRECTION('',(0.225537000,-0.173062000,0.000000000));
#9288=VECTOR('',#9287,1.);
#9289=LINE('',#8571,#9288);
#9290=DIRECTION('',(0.225537000,-0.173062000,0.000000000));
#9291=VECTOR('',#9290,1.);
#9292=LINE('',#8573,#9291);
#9293=DIRECTION('',(0.155255000,-0.202331000,0.000000000));
#9294=VECTOR('',#9293,1.);
#9295=LINE('',#8575,#9294);
#9296=DIRECTION('',(0.155255000,-0.202331000,0.000000000));
#9297=VECTOR('',#9296,1.);
#9298=LINE('',#8577,#9297);
#9299=DIRECTION('',(0.344708000,0.117013000,0.000000000));
#9300=VECTOR('',#9299,1.);
#9301=LINE('',#8579,#9300);
#9302=DIRECTION('',(0.344708000,0.117013000,0.000000000));
#9303=VECTOR('',#9302,1.);
#9304=LINE('',#8581,#9303);
#9305=DIRECTION('',(0.000000000,0.427569000,0.000000000));
#9306=VECTOR('',#9305,1.);
#9307=LINE('',#8583,#9306);
#9308=DIRECTION('',(0.000000000,0.427569000,0.000000000));
#9309=VECTOR('',#9308,1.);
#9310=LINE('',#8585,#9309);
#9311=DIRECTION('',(-0.038669000,0.093355000,0.000000000));
#9312=VECTOR('',#9311,1.);
#9313=LINE('',#8587,#9312);
#9314=DIRECTION('',(-0.038669000,0.093355000,0.000000000));
#9315=VECTOR('',#9314,1.);
#9316=LINE('',#8589,#9315);
#9317=DIRECTION('',(-1.455688000,1.455688000,0.000000000));
#9318=VECTOR('',#9317,1.);
#9319=LINE('',#8591,#9318);
#9320=DIRECTION('',(-1.455688000,1.455688000,0.000000000));
#9321=VECTOR('',#9320,1.);
#9322=LINE('',#8593,#9321);
#9323=DIRECTION('',(-0.093355000,0.038669000,0.000000000));
#9324=VECTOR('',#9323,1.);
#9325=LINE('',#8595,#9324);
#9326=DIRECTION('',(-0.093355000,0.038669000,0.000000000));
#9327=VECTOR('',#9326,1.);
#9328=LINE('',#8597,#9327);
#9329=DIRECTION('',(-6.416237000,0.000000000,0.000000000));
#9330=VECTOR('',#9329,1.);
#9331=LINE('',#8599,#9330);
#9332=DIRECTION('',(-6.416237000,0.000000000,0.000000000));
#9333=VECTOR('',#9332,1.);
#9334=LINE('',#8601,#9333);
#9335=DIRECTION('',(-0.079420000,-0.026960000,0.000000000));
#9336=VECTOR('',#9335,1.);
#9337=LINE('',#8603,#9336);
#9338=DIRECTION('',(-0.079420000,-0.026960000,0.000000000));
#9339=VECTOR('',#9338,1.);
#9340=LINE('',#8605,#9339);
#9341=DIRECTION('',(-0.262131000,-0.201141000,0.000000000));
#9342=VECTOR('',#9341,1.);
#9343=LINE('',#8607,#9342);
#9344=DIRECTION('',(-0.262131000,-0.201141000,0.000000000));
#9345=VECTOR('',#9344,1.);
#9346=LINE('',#8609,#9345);
#9347=DIRECTION('',(-0.331188000,-0.137182000,0.000000000));
#9348=VECTOR('',#9347,1.);
#9349=LINE('',#8611,#9348);
#9350=DIRECTION('',(-0.331188000,-0.137182000,0.000000000));
#9351=VECTOR('',#9350,1.);
#9352=LINE('',#8613,#9351);
#9353=DIRECTION('',(0.000000000,-0.339436000,0.000000000));
#9354=VECTOR('',#9353,1.);
#9355=LINE('',#8615,#9354);
#9356=DIRECTION('',(0.000000000,-0.339436000,0.000000000));
#9357=VECTOR('',#9356,1.);
#9358=LINE('',#8617,#9357);
#9359=DIRECTION('',(0.331188000,-0.137182000,0.000000000));
#9360=VECTOR('',#9359,1.);
#9361=LINE('',#8619,#9360);
#9362=DIRECTION('',(0.331188000,-0.137182000,0.000000000));
#9363=VECTOR('',#9362,1.);
#9364=LINE('',#8621,#9363);
#9365=DIRECTION('',(0.225537000,-0.173062000,0.000000000));
#9366=VECTOR('',#9365,1.);
#9367=LINE('',#8623,#9366);
#9368=DIRECTION('',(0.225537000,-0.173062000,0.000000000));
#9369=VECTOR('',#9368,1.);
#9370=LINE('',#8625,#9369);
#9371=DIRECTION('',(0.173062000,-0.225537000,0.000000000));
#9372=VECTOR('',#9371,1.);
#9373=LINE('',#8627,#9372);
#9374=DIRECTION('',(0.173062000,-0.225537000,0.000000000));
#9375=VECTOR('',#9374,1.);
#9376=LINE('',#8629,#9375);
#9377=DIRECTION('',(0.108792000,-0.262648000,0.000000000));
#9378=VECTOR('',#9377,1.);
#9379=LINE('',#8631,#9378);
#9380=DIRECTION('',(0.108792000,-0.262648000,0.000000000));
#9381=VECTOR('',#9380,1.);
#9382=LINE('',#8633,#9381);
#9383=DIRECTION('',(0.003667000,-0.027853000,0.000000000));
#9384=VECTOR('',#9383,1.);
#9385=LINE('',#8635,#9384);
#9386=DIRECTION('',(0.003667000,-0.027853000,0.000000000));
#9387=VECTOR('',#9386,1.);
#9388=LINE('',#8637,#9387);
#9389=DIRECTION('',(-0.270632889,0.000000000,0.000000000));
#9390=VECTOR('',#9389,1.);
#9391=LINE('',#8639,#9390);
#9392=DIRECTION('',(-0.270632889,0.000000000,0.000000000));
#9393=VECTOR('',#9392,1.);
#9394=LINE('',#8641,#9393);
#9395=CARTESIAN_POINT('',(10.795000000,26.155000000,-0.835000000));
#9396=DIRECTION('',(0.,0.,1.));
#9397=DIRECTION('',(1.,0.,0.));
#9398=AXIS2_PLACEMENT_3D('',#9395,#9396,#9397);
#9399=CIRCLE('',#9398,0.825000000);
#9400=CARTESIAN_POINT('',(10.795000000,26.155000000,-0.800000000));
#9401=DIRECTION('',(0.,0.,1.));
#9402=DIRECTION('',(1.,0.,0.));
#9403=AXIS2_PLACEMENT_3D('',#9400,#9401,#9402);
#9404=CIRCLE('',#9403,0.825000000);
#9405=DIRECTION('',(0.000000000,-0.278502889,0.000000000));
#9406=VECTOR('',#9405,1.);
#9407=LINE('',#8647,#9406);
#9408=DIRECTION('',(0.000000000,-0.278502889,0.000000000));
#9409=VECTOR('',#9408,1.);
#9410=LINE('',#8649,#9409);
#9411=DIRECTION('',(-0.290501000,0.120329000,0.000000000));
#9412=VECTOR('',#9411,1.);
#9413=LINE('',#8651,#9412);
#9414=DIRECTION('',(-0.290501000,0.120329000,0.000000000));
#9415=VECTOR('',#9414,1.);
#9416=LINE('',#8653,#9415);
#9417=DIRECTION('',(-0.225537000,0.173062000,0.000000000));
#9418=VECTOR('',#9417,1.);
#9419=LINE('',#8655,#9418);
#9420=DIRECTION('',(-0.225537000,0.173062000,0.000000000));
#9421=VECTOR('',#9420,1.);
#9422=LINE('',#8657,#9421);
#9423=DIRECTION('',(-0.173062000,0.225537000,0.000000000));
#9424=VECTOR('',#9423,1.);
#9425=LINE('',#8659,#9424);
#9426=DIRECTION('',(-0.173062000,0.225537000,0.000000000));
#9427=VECTOR('',#9426,1.);
#9428=LINE('',#8661,#9427);
#9429=DIRECTION('',(-0.108792000,0.262648000,0.000000000));
#9430=VECTOR('',#9429,1.);
#9431=LINE('',#8663,#9430);
#9432=DIRECTION('',(-0.108792000,0.262648000,0.000000000));
#9433=VECTOR('',#9432,1.);
#9434=LINE('',#8665,#9433);
#9435=DIRECTION('',(-0.037107000,0.281853000,0.000000000));
#9436=VECTOR('',#9435,1.);
#9437=LINE('',#8667,#9436);
#9438=DIRECTION('',(-0.037107000,0.281853000,0.000000000));
#9439=VECTOR('',#9438,1.);
#9440=LINE('',#8669,#9439);
#9441=DIRECTION('',(0.037107000,0.281853000,0.000000000));
#9442=VECTOR('',#9441,1.);
#9443=LINE('',#8671,#9442);
#9444=DIRECTION('',(0.037107000,0.281853000,0.000000000));
#9445=VECTOR('',#9444,1.);
#9446=LINE('',#8673,#9445);
#9447=DIRECTION('',(0.108792000,0.262648000,0.000000000));
#9448=VECTOR('',#9447,1.);
#9449=LINE('',#8675,#9448);
#9450=DIRECTION('',(0.108792000,0.262648000,0.000000000));
#9451=VECTOR('',#9450,1.);
#9452=LINE('',#8677,#9451);
#9453=DIRECTION('',(0.173062000,0.225537000,0.000000000));
#9454=VECTOR('',#9453,1.);
#9455=LINE('',#8679,#9454);
#9456=DIRECTION('',(0.173062000,0.225537000,0.000000000));
#9457=VECTOR('',#9456,1.);
#9458=LINE('',#8681,#9457);
#9459=DIRECTION('',(0.225537000,0.173062000,0.000000000));
#9460=VECTOR('',#9459,1.);
#9461=LINE('',#8683,#9460);
#9462=DIRECTION('',(0.225537000,0.173062000,0.000000000));
#9463=VECTOR('',#9462,1.);
#9464=LINE('',#8685,#9463);
#9465=DIRECTION('',(0.331188000,0.137182000,0.000000000));
#9466=VECTOR('',#9465,1.);
#9467=LINE('',#8687,#9466);
#9468=DIRECTION('',(0.331188000,0.137182000,0.000000000));
#9469=VECTOR('',#9468,1.);
#9470=LINE('',#8689,#9469);
#9471=DIRECTION('',(0.000000000,0.339436000,0.000000000));
#9472=VECTOR('',#9471,1.);
#9473=LINE('',#8691,#9472);
#9474=DIRECTION('',(0.000000000,0.339436000,0.000000000));
#9475=VECTOR('',#9474,1.);
#9476=LINE('',#8693,#9475);
#9477=DIRECTION('',(-0.331188000,0.137182000,0.000000000));
#9478=VECTOR('',#9477,1.);
#9479=LINE('',#8695,#9478);
#9480=DIRECTION('',(-0.331188000,0.137182000,0.000000000));
#9481=VECTOR('',#9480,1.);
#9482=LINE('',#8697,#9481);
#9483=DIRECTION('',(-0.225537000,0.173062000,0.000000000));
#9484=VECTOR('',#9483,1.);
#9485=LINE('',#8699,#9484);
#9486=DIRECTION('',(-0.225537000,0.173062000,0.000000000));
#9487=VECTOR('',#9486,1.);
#9488=LINE('',#8701,#9487);
#9489=DIRECTION('',(-0.173062000,0.225537000,0.000000000));
#9490=VECTOR('',#9489,1.);
#9491=LINE('',#8703,#9490);
#9492=DIRECTION('',(-0.173062000,0.225537000,0.000000000));
#9493=VECTOR('',#9492,1.);
#9494=LINE('',#8705,#9493);
#9495=DIRECTION('',(-0.108792000,0.262648000,0.000000000));
#9496=VECTOR('',#9495,1.);
#9497=LINE('',#8707,#9496);
#9498=DIRECTION('',(-0.108792000,0.262648000,0.000000000));
#9499=VECTOR('',#9498,1.);
#9500=LINE('',#8709,#9499);
#9501=DIRECTION('',(-0.037107000,0.281853000,0.000000000));
#9502=VECTOR('',#9501,1.);
#9503=LINE('',#8711,#9502);
#9504=DIRECTION('',(-0.037107000,0.281853000,0.000000000));
#9505=VECTOR('',#9504,1.);
#9506=LINE('',#8713,#9505);
#9507=DIRECTION('',(0.037107000,0.281853000,0.000000000));
#9508=VECTOR('',#9507,1.);
#9509=LINE('',#8715,#9508);
#9510=DIRECTION('',(0.037107000,0.281853000,0.000000000));
#9511=VECTOR('',#9510,1.);
#9512=LINE('',#8717,#9511);
#9513=DIRECTION('',(0.108792000,0.262648000,0.000000000));
#9514=VECTOR('',#9513,1.);
#9515=LINE('',#8719,#9514);
#9516=DIRECTION('',(0.108792000,0.262648000,0.000000000));
#9517=VECTOR('',#9516,1.);
#9518=LINE('',#8721,#9517);
#9519=DIRECTION('',(0.173062000,0.225537000,0.000000000));
#9520=VECTOR('',#9519,1.);
#9521=LINE('',#8723,#9520);
#9522=DIRECTION('',(0.173062000,0.225537000,0.000000000));
#9523=VECTOR('',#9522,1.);
#9524=LINE('',#8725,#9523);
#9525=DIRECTION('',(0.225537000,0.173062000,0.000000000));
#9526=VECTOR('',#9525,1.);
#9527=LINE('',#8727,#9526);
#9528=DIRECTION('',(0.225537000,0.173062000,0.000000000));
#9529=VECTOR('',#9528,1.);
#9530=LINE('',#8729,#9529);
#9531=DIRECTION('',(0.331188000,0.137182000,0.000000000));
#9532=VECTOR('',#9531,1.);
#9533=LINE('',#8731,#9532);
#9534=DIRECTION('',(0.331188000,0.137182000,0.000000000));
#9535=VECTOR('',#9534,1.);
#9536=LINE('',#8733,#9535);
#9537=DIRECTION('',(0.000000000,0.339436000,0.000000000));
#9538=VECTOR('',#9537,1.);
#9539=LINE('',#8735,#9538);
#9540=DIRECTION('',(0.000000000,0.339436000,0.000000000));
#9541=VECTOR('',#9540,1.);
#9542=LINE('',#8737,#9541);
#9543=DIRECTION('',(-0.331188000,0.137182000,0.000000000));
#9544=VECTOR('',#9543,1.);
#9545=LINE('',#8739,#9544);
#9546=DIRECTION('',(-0.331188000,0.137182000,0.000000000));
#9547=VECTOR('',#9546,1.);
#9548=LINE('',#8741,#9547);
#9549=DIRECTION('',(-0.225537000,0.173062000,0.000000000));
#9550=VECTOR('',#9549,1.);
#9551=LINE('',#8743,#9550);
#9552=DIRECTION('',(-0.225537000,0.173062000,0.000000000));
#9553=VECTOR('',#9552,1.);
#9554=LINE('',#8745,#9553);
#9555=DIRECTION('',(-0.173062000,0.225537000,0.000000000));
#9556=VECTOR('',#9555,1.);
#9557=LINE('',#8747,#9556);
#9558=DIRECTION('',(-0.173062000,0.225537000,0.000000000));
#9559=VECTOR('',#9558,1.);
#9560=LINE('',#8749,#9559);
#9561=DIRECTION('',(-0.108792000,0.262648000,0.000000000));
#9562=VECTOR('',#9561,1.);
#9563=LINE('',#8751,#9562);
#9564=DIRECTION('',(-0.108792000,0.262648000,0.000000000));
#9565=VECTOR('',#9564,1.);
#9566=LINE('',#8753,#9565);
#9567=DIRECTION('',(-0.037107000,0.281853000,0.000000000));
#9568=VECTOR('',#9567,1.);
#9569=LINE('',#8755,#9568);
#9570=DIRECTION('',(-0.037107000,0.281853000,0.000000000));
#9571=VECTOR('',#9570,1.);
#9572=LINE('',#8757,#9571);
#9573=DIRECTION('',(0.037107000,0.281853000,0.000000000));
#9574=VECTOR('',#9573,1.);
#9575=LINE('',#8759,#9574);
#9576=DIRECTION('',(0.037107000,0.281853000,0.000000000));
#9577=VECTOR('',#9576,1.);
#9578=LINE('',#8761,#9577);
#9579=DIRECTION('',(0.108792000,0.262648000,0.000000000));
#9580=VECTOR('',#9579,1.);
#9581=LINE('',#8763,#9580);
#9582=DIRECTION('',(0.108792000,0.262648000,0.000000000));
#9583=VECTOR('',#9582,1.);
#9584=LINE('',#8765,#9583);
#9585=DIRECTION('',(0.173062000,0.225537000,0.000000000));
#9586=VECTOR('',#9585,1.);
#9587=LINE('',#8767,#9586);
#9588=DIRECTION('',(0.173062000,0.225537000,0.000000000));
#9589=VECTOR('',#9588,1.);
#9590=LINE('',#8769,#9589);
#9591=DIRECTION('',(0.225539000,0.173064000,0.000000000));
#9592=VECTOR('',#9591,1.);
#9593=LINE('',#8771,#9592);
#9594=DIRECTION('',(0.225539000,0.173064000,0.000000000));
#9595=VECTOR('',#9594,1.);
#9596=LINE('',#8773,#9595);
#9597=DIRECTION('',(0.166594000,0.069009000,0.000000000));
#9598=VECTOR('',#9597,1.);
#9599=LINE('',#8775,#9598);
#9600=DIRECTION('',(0.166594000,0.069009000,0.000000000));
#9601=VECTOR('',#9600,1.);
#9602=LINE('',#8777,#9601);
#9603=DIRECTION('',(-0.081337000,0.408890000,0.000000000));
#9604=VECTOR('',#9603,1.);
#9605=LINE('',#8779,#9604);
#9606=DIRECTION('',(-0.081337000,0.408890000,0.000000000));
#9607=VECTOR('',#9606,1.);
#9608=LINE('',#8781,#9607);
#9609=DIRECTION('',(-0.470968000,0.000000000,0.000000000));
#9610=VECTOR('',#9609,1.);
#9611=LINE('',#8783,#9610);
#9612=DIRECTION('',(-0.470968000,0.000000000,0.000000000));
#9613=VECTOR('',#9612,1.);
#9614=LINE('',#8785,#9613);
#9615=DIRECTION('',(-0.148789000,0.148789000,0.000000000));
#9616=VECTOR('',#9615,1.);
#9617=LINE('',#8787,#9616);
#9618=DIRECTION('',(-0.148789000,0.148789000,0.000000000));
#9619=VECTOR('',#9618,1.);
#9620=LINE('',#8789,#9619);
#9621=DIRECTION('',(0.000000000,1.860420000,0.000000000));
#9622=VECTOR('',#9621,1.);
#9623=LINE('',#8791,#9622);
#9624=DIRECTION('',(0.000000000,1.860420000,0.000000000));
#9625=VECTOR('',#9624,1.);
#9626=LINE('',#8793,#9625);
#9627=DIRECTION('',(0.148789000,0.148789000,0.000000000));
#9628=VECTOR('',#9627,1.);
#9629=LINE('',#8795,#9628);
#9630=DIRECTION('',(0.148789000,0.148789000,0.000000000));
#9631=VECTOR('',#9630,1.);
#9632=LINE('',#8797,#9631);
#9633=DIRECTION('',(1.860420000,0.000000000,0.000000000));
#9634=VECTOR('',#9633,1.);
#9635=LINE('',#8799,#9634);
#9636=DIRECTION('',(1.860420000,0.000000000,0.000000000));
#9637=VECTOR('',#9636,1.);
#9638=LINE('',#8801,#9637);
#9639=DIRECTION('',(0.148789000,-0.148789000,0.000000000));
#9640=VECTOR('',#9639,1.);
#9641=LINE('',#8803,#9640);
#9642=DIRECTION('',(0.148789000,-0.148789000,0.000000000));
#9643=VECTOR('',#9642,1.);
#9644=LINE('',#8805,#9643);
#9645=DIRECTION('',(0.000000000,-0.146421000,0.000000000));
#9646=VECTOR('',#9645,1.);
#9647=LINE('',#8807,#9646);
#9648=DIRECTION('',(0.000000000,-0.146421000,0.000000000));
#9649=VECTOR('',#9648,1.);
#9650=LINE('',#8809,#9649);
#9651=DIRECTION('',(0.148790000,-0.148790000,0.000000000));
#9652=VECTOR('',#9651,1.);
#9653=LINE('',#8811,#9652);
#9654=DIRECTION('',(0.148790000,-0.148790000,0.000000000));
#9655=VECTOR('',#9654,1.);
#9656=LINE('',#8813,#9655);
#9657=DIRECTION('',(5.385237000,0.000000000,0.000000000));
#9658=VECTOR('',#9657,1.);
#9659=LINE('',#8815,#9658);
#9660=DIRECTION('',(5.385237000,0.000000000,0.000000000));
#9661=VECTOR('',#9660,1.);
#9662=LINE('',#8817,#9661);
#9663=DIRECTION('',(6.086973000,-6.086973000,0.000000000));
#9664=VECTOR('',#9663,1.);
#9665=LINE('',#8819,#9664);
#9666=DIRECTION('',(6.086973000,-6.086973000,0.000000000));
#9667=VECTOR('',#9666,1.);
#9668=LINE('',#8821,#9667);
#9669=DIRECTION('',(0.000000000,-8.781052000,0.000000000));
#9670=VECTOR('',#9669,1.);
#9671=LINE('',#8823,#9670);
#9672=DIRECTION('',(0.000000000,-8.781052000,0.000000000));
#9673=VECTOR('',#9672,1.);
#9674=LINE('',#8825,#9673);
#9675=DIRECTION('',(-3.962331000,-3.962330000,0.000000000));
#9676=VECTOR('',#9675,1.);
#9677=LINE('',#8827,#9676);
#9678=DIRECTION('',(-3.962331000,-3.962330000,0.000000000));
#9679=VECTOR('',#9678,1.);
#9680=LINE('',#8829,#9679);
#9681=DIRECTION('',(-0.038669000,-0.093355000,0.000000000));
#9682=VECTOR('',#9681,1.);
#9683=LINE('',#8831,#9682);
#9684=DIRECTION('',(-0.038669000,-0.093355000,0.000000000));
#9685=VECTOR('',#9684,1.);
#9686=LINE('',#8833,#9685);
#9687=DIRECTION('',(0.000000000,-1.056499000,0.000000000));
#9688=VECTOR('',#9687,1.);
#9689=LINE('',#8835,#9688);
#9690=DIRECTION('',(0.000000000,-1.056499000,0.000000000));
#9691=VECTOR('',#9690,1.);
#9692=LINE('',#8837,#9691);
#9693=DIRECTION('',(-0.148789000,-0.148789000,0.000000000));
#9694=VECTOR('',#9693,1.);
#9695=LINE('',#8839,#9694);
#9696=DIRECTION('',(-0.148789000,-0.148789000,0.000000000));
#9697=VECTOR('',#9696,1.);
#9698=LINE('',#8841,#9697);
#9699=DIRECTION('',(-1.056499000,0.000000000,0.000000000));
#9700=VECTOR('',#9699,1.);
#9701=LINE('',#8843,#9700);
#9702=DIRECTION('',(-1.056499000,0.000000000,0.000000000));
#9703=VECTOR('',#9702,1.);
#9704=LINE('',#8845,#9703);
#9705=DIRECTION('',(-0.093355000,-0.038669000,0.000000000));
#9706=VECTOR('',#9705,1.);
#9707=LINE('',#8847,#9706);
#9708=DIRECTION('',(-0.093355000,-0.038669000,0.000000000));
#9709=VECTOR('',#9708,1.);
#9710=LINE('',#8849,#9709);
#9711=DIRECTION('',(-2.023902000,-2.023902000,0.000000000));
#9712=VECTOR('',#9711,1.);
#9713=LINE('',#8851,#9712);
#9714=DIRECTION('',(-2.023902000,-2.023902000,0.000000000));
#9715=VECTOR('',#9714,1.);
#9716=LINE('',#8853,#9715);
#9717=DIRECTION('',(-0.037450000,-0.077765000,0.000000000));
#9718=VECTOR('',#9717,1.);
#9719=LINE('',#8855,#9718);
#9720=DIRECTION('',(-0.037450000,-0.077765000,0.000000000));
#9721=VECTOR('',#9720,1.);
#9722=LINE('',#8857,#9721);
#9723=DIRECTION('',(-0.033466000,-0.297014000,0.000000000));
#9724=VECTOR('',#9723,1.);
#9725=LINE('',#8859,#9724);
#9726=DIRECTION('',(-0.033466000,-0.297014000,0.000000000));
#9727=VECTOR('',#9726,1.);
#9728=LINE('',#8861,#9727);
#9729=DIRECTION('',(-0.113452000,-0.324227000,0.000000000));
#9730=VECTOR('',#9729,1.);
#9731=LINE('',#8863,#9730);
#9732=DIRECTION('',(-0.113452000,-0.324227000,0.000000000));
#9733=VECTOR('',#9732,1.);
#9734=LINE('',#8865,#9733);
#9735=DIRECTION('',(-0.182758000,-0.290857000,0.000000000));
#9736=VECTOR('',#9735,1.);
#9737=LINE('',#8867,#9736);
#9738=DIRECTION('',(-0.182758000,-0.290857000,0.000000000));
#9739=VECTOR('',#9738,1.);
#9740=LINE('',#8869,#9739);
#9741=DIRECTION('',(-0.242895000,-0.242895000,0.000000000));
#9742=VECTOR('',#9741,1.);
#9743=LINE('',#8871,#9742);
#9744=DIRECTION('',(-0.242895000,-0.242895000,0.000000000));
#9745=VECTOR('',#9744,1.);
#9746=LINE('',#8873,#9745);
#9747=DIRECTION('',(-0.290857000,-0.182758000,0.000000000));
#9748=VECTOR('',#9747,1.);
#9749=LINE('',#8875,#9748);
#9750=DIRECTION('',(-0.290857000,-0.182758000,0.000000000));
#9751=VECTOR('',#9750,1.);
#9752=LINE('',#8877,#9751);
#9753=DIRECTION('',(-0.324227000,-0.113452000,0.000000000));
#9754=VECTOR('',#9753,1.);
#9755=LINE('',#8879,#9754);
#9756=DIRECTION('',(-0.324227000,-0.113452000,0.000000000));
#9757=VECTOR('',#9756,1.);
#9758=LINE('',#8881,#9757);
#9759=DIRECTION('',(-0.341349000,-0.038461000,0.000000000));
#9760=VECTOR('',#9759,1.);
#9761=LINE('',#8883,#9760);
#9762=DIRECTION('',(-0.341349000,-0.038461000,0.000000000));
#9763=VECTOR('',#9762,1.);
#9764=LINE('',#8885,#9763);
#9765=DIRECTION('',(-0.341349000,0.038461000,0.000000000));
#9766=VECTOR('',#9765,1.);
#9767=LINE('',#8887,#9766);
#9768=DIRECTION('',(-0.341349000,0.038461000,0.000000000));
#9769=VECTOR('',#9768,1.);
#9770=LINE('',#8889,#9769);
#9771=DIRECTION('',(-0.324227000,0.113452000,0.000000000));
#9772=VECTOR('',#9771,1.);
#9773=LINE('',#8891,#9772);
#9774=DIRECTION('',(-0.324227000,0.113452000,0.000000000));
#9775=VECTOR('',#9774,1.);
#9776=LINE('',#8893,#9775);
#9777=DIRECTION('',(-0.290857000,0.182758000,0.000000000));
#9778=VECTOR('',#9777,1.);
#9779=LINE('',#8895,#9778);
#9780=DIRECTION('',(-0.290857000,0.182758000,0.000000000));
#9781=VECTOR('',#9780,1.);
#9782=LINE('',#8897,#9781);
#9783=DIRECTION('',(-0.242895000,0.242895000,0.000000000));
#9784=VECTOR('',#9783,1.);
#9785=LINE('',#8899,#9784);
#9786=DIRECTION('',(-0.242895000,0.242895000,0.000000000));
#9787=VECTOR('',#9786,1.);
#9788=LINE('',#8901,#9787);
#9789=DIRECTION('',(-0.182758000,0.290857000,0.000000000));
#9790=VECTOR('',#9789,1.);
#9791=LINE('',#8903,#9790);
#9792=DIRECTION('',(-0.182758000,0.290857000,0.000000000));
#9793=VECTOR('',#9792,1.);
#9794=LINE('',#8905,#9793);
#9795=DIRECTION('',(-0.113452000,0.324227000,0.000000000));
#9796=VECTOR('',#9795,1.);
#9797=LINE('',#8907,#9796);
#9798=DIRECTION('',(-0.113452000,0.324227000,0.000000000));
#9799=VECTOR('',#9798,1.);
#9800=LINE('',#8909,#9799);
#9801=DIRECTION('',(-0.038461000,0.341349000,0.000000000));
#9802=VECTOR('',#9801,1.);
#9803=LINE('',#8911,#9802);
#9804=DIRECTION('',(-0.038461000,0.341349000,0.000000000));
#9805=VECTOR('',#9804,1.);
#9806=LINE('',#8913,#9805);
#9807=DIRECTION('',(0.038461000,0.341349000,0.000000000));
#9808=VECTOR('',#9807,1.);
#9809=LINE('',#8915,#9808);
#9810=DIRECTION('',(0.038461000,0.341349000,0.000000000));
#9811=VECTOR('',#9810,1.);
#9812=LINE('',#8917,#9811);
#9813=DIRECTION('',(0.113452000,0.324227000,0.000000000));
#9814=VECTOR('',#9813,1.);
#9815=LINE('',#8919,#9814);
#9816=DIRECTION('',(0.113452000,0.324227000,0.000000000));
#9817=VECTOR('',#9816,1.);
#9818=LINE('',#8921,#9817);
#9819=DIRECTION('',(0.182758000,0.290857000,0.000000000));
#9820=VECTOR('',#9819,1.);
#9821=LINE('',#8923,#9820);
#9822=DIRECTION('',(0.182758000,0.290857000,0.000000000));
#9823=VECTOR('',#9822,1.);
#9824=LINE('',#8925,#9823);
#9825=DIRECTION('',(0.242895000,0.242895000,0.000000000));
#9826=VECTOR('',#9825,1.);
#9827=LINE('',#8927,#9826);
#9828=DIRECTION('',(0.242895000,0.242895000,0.000000000));
#9829=VECTOR('',#9828,1.);
#9830=LINE('',#8929,#9829);
#9831=DIRECTION('',(0.290857000,0.182758000,0.000000000));
#9832=VECTOR('',#9831,1.);
#9833=LINE('',#8931,#9832);
#9834=DIRECTION('',(0.290857000,0.182758000,0.000000000));
#9835=VECTOR('',#9834,1.);
#9836=LINE('',#8933,#9835);
#9837=DIRECTION('',(0.400122000,0.140009000,0.000000000));
#9838=VECTOR('',#9837,1.);
#9839=LINE('',#8935,#9838);
#9840=DIRECTION('',(0.400122000,0.140009000,0.000000000));
#9841=VECTOR('',#9840,1.);
#9842=LINE('',#8937,#9841);
#9843=DIRECTION('',(-0.071855000,0.422906000,0.000000000));
#9844=VECTOR('',#9843,1.);
#9845=LINE('',#8939,#9844);
#9846=DIRECTION('',(-0.071855000,0.422906000,0.000000000));
#9847=VECTOR('',#9846,1.);
#9848=LINE('',#8941,#9847);
#9849=DIRECTION('',(-2.532998000,0.000000000,0.000000000));
#9850=VECTOR('',#9849,1.);
#9851=LINE('',#8943,#9850);
#9852=DIRECTION('',(-2.532998000,0.000000000,0.000000000));
#9853=VECTOR('',#9852,1.);
#9854=LINE('',#8945,#9853);
#9855=DIRECTION('',(-0.106232000,-0.052388000,0.000000000));
#9856=VECTOR('',#9855,1.);
#9857=LINE('',#8947,#9856);
#9858=DIRECTION('',(-0.106232000,-0.052388000,0.000000000));
#9859=VECTOR('',#9858,1.);
#9860=LINE('',#8949,#9859);
#9861=DIRECTION('',(-0.063421000,-0.082650000,0.000000000));
#9862=VECTOR('',#9861,1.);
#9863=LINE('',#8951,#9862);
#9864=DIRECTION('',(-0.063421000,-0.082650000,0.000000000));
#9865=VECTOR('',#9864,1.);
#9866=LINE('',#8953,#9865);
#9867=DIRECTION('',(-0.225539000,-0.173063000,0.000000000));
#9868=VECTOR('',#9867,1.);
#9869=LINE('',#8955,#9868);
#9870=DIRECTION('',(-0.225539000,-0.173063000,0.000000000));
#9871=VECTOR('',#9870,1.);
#9872=LINE('',#8957,#9871);
#9873=DIRECTION('',(-0.331188000,-0.137182000,0.000000000));
#9874=VECTOR('',#9873,1.);
#9875=LINE('',#8959,#9874);
#9876=DIRECTION('',(-0.331188000,-0.137182000,0.000000000));
#9877=VECTOR('',#9876,1.);
#9878=LINE('',#8961,#9877);
#9879=DIRECTION('',(0.000000000,-0.339436000,0.000000000));
#9880=VECTOR('',#9879,1.);
#9881=LINE('',#8963,#9880);
#9882=DIRECTION('',(0.000000000,-0.339436000,0.000000000));
#9883=VECTOR('',#9882,1.);
#9884=LINE('',#8965,#9883);
#9885=DIRECTION('',(0.331188000,-0.137182000,0.000000000));
#9886=VECTOR('',#9885,1.);
#9887=LINE('',#8967,#9886);
#9888=DIRECTION('',(0.331188000,-0.137182000,0.000000000));
#9889=VECTOR('',#9888,1.);
#9890=LINE('',#8969,#9889);
#9891=DIRECTION('',(0.225537000,-0.173062000,0.000000000));
#9892=VECTOR('',#9891,1.);
#9893=LINE('',#8971,#9892);
#9894=DIRECTION('',(0.225537000,-0.173062000,0.000000000));
#9895=VECTOR('',#9894,1.);
#9896=LINE('',#8973,#9895);
#9897=DIRECTION('',(0.173062000,-0.225537000,0.000000000));
#9898=VECTOR('',#9897,1.);
#9899=LINE('',#8975,#9898);
#9900=DIRECTION('',(0.173062000,-0.225537000,0.000000000));
#9901=VECTOR('',#9900,1.);
#9902=LINE('',#8977,#9901);
#9903=DIRECTION('',(0.108792000,-0.262648000,0.000000000));
#9904=VECTOR('',#9903,1.);
#9905=LINE('',#8979,#9904);
#9906=DIRECTION('',(0.108792000,-0.262648000,0.000000000));
#9907=VECTOR('',#9906,1.);
#9908=LINE('',#8981,#9907);
#9909=DIRECTION('',(0.037107000,-0.281853000,0.000000000));
#9910=VECTOR('',#9909,1.);
#9911=LINE('',#8983,#9910);
#9912=DIRECTION('',(0.037107000,-0.281853000,0.000000000));
#9913=VECTOR('',#9912,1.);
#9914=LINE('',#8985,#9913);
#9915=DIRECTION('',(-0.037107000,-0.281853000,0.000000000));
#9916=VECTOR('',#9915,1.);
#9917=LINE('',#8987,#9916);
#9918=DIRECTION('',(-0.037107000,-0.281853000,0.000000000));
#9919=VECTOR('',#9918,1.);
#9920=LINE('',#8989,#9919);
#9921=DIRECTION('',(-0.108792000,-0.262648000,0.000000000));
#9922=VECTOR('',#9921,1.);
#9923=LINE('',#8991,#9922);
#9924=DIRECTION('',(-0.108792000,-0.262648000,0.000000000));
#9925=VECTOR('',#9924,1.);
#9926=LINE('',#8993,#9925);
#9927=DIRECTION('',(-0.173062000,-0.225537000,0.000000000));
#9928=VECTOR('',#9927,1.);
#9929=LINE('',#8995,#9928);
#9930=DIRECTION('',(-0.173062000,-0.225537000,0.000000000));
#9931=VECTOR('',#9930,1.);
#9932=LINE('',#8997,#9931);
#9933=DIRECTION('',(-0.225537000,-0.173062000,0.000000000));
#9934=VECTOR('',#9933,1.);
#9935=LINE('',#8999,#9934);
#9936=DIRECTION('',(-0.225537000,-0.173062000,0.000000000));
#9937=VECTOR('',#9936,1.);
#9938=LINE('',#9001,#9937);
#9939=DIRECTION('',(-0.331188000,-0.137182000,0.000000000));
#9940=VECTOR('',#9939,1.);
#9941=LINE('',#9003,#9940);
#9942=DIRECTION('',(-0.331188000,-0.137182000,0.000000000));
#9943=VECTOR('',#9942,1.);
#9944=LINE('',#9005,#9943);
#9945=DIRECTION('',(0.000000000,-0.339436000,0.000000000));
#9946=VECTOR('',#9945,1.);
#9947=LINE('',#9007,#9946);
#9948=DIRECTION('',(0.000000000,-0.339436000,0.000000000));
#9949=VECTOR('',#9948,1.);
#9950=LINE('',#9009,#9949);
#9951=DIRECTION('',(0.331188000,-0.137182000,0.000000000));
#9952=VECTOR('',#9951,1.);
#9953=LINE('',#9011,#9952);
#9954=DIRECTION('',(0.331188000,-0.137182000,0.000000000));
#9955=VECTOR('',#9954,1.);
#9956=LINE('',#9013,#9955);
#9957=DIRECTION('',(0.225537000,-0.173062000,0.000000000));
#9958=VECTOR('',#9957,1.);
#9959=LINE('',#9015,#9958);
#9960=DIRECTION('',(0.225537000,-0.173062000,0.000000000));
#9961=VECTOR('',#9960,1.);
#9962=LINE('',#9017,#9961);
#9963=DIRECTION('',(0.173062000,-0.225537000,0.000000000));
#9964=VECTOR('',#9963,1.);
#9965=LINE('',#9019,#9964);
#9966=DIRECTION('',(0.173062000,-0.225537000,0.000000000));
#9967=VECTOR('',#9966,1.);
#9968=LINE('',#9021,#9967);
#9969=DIRECTION('',(0.108792000,-0.262648000,0.000000000));
#9970=VECTOR('',#9969,1.);
#9971=LINE('',#9023,#9970);
#9972=DIRECTION('',(0.108792000,-0.262648000,0.000000000));
#9973=VECTOR('',#9972,1.);
#9974=LINE('',#9025,#9973);
#9975=DIRECTION('',(0.037107000,-0.281853000,0.000000000));
#9976=VECTOR('',#9975,1.);
#9977=LINE('',#9027,#9976);
#9978=DIRECTION('',(0.037107000,-0.281853000,0.000000000));
#9979=VECTOR('',#9978,1.);
#9980=LINE('',#9029,#9979);
#9981=DIRECTION('',(-0.037107000,-0.281853000,0.000000000));
#9982=VECTOR('',#9981,1.);
#9983=LINE('',#9031,#9982);
#9984=DIRECTION('',(-0.037107000,-0.281853000,0.000000000));
#9985=VECTOR('',#9984,1.);
#9986=LINE('',#9033,#9985);
#9987=DIRECTION('',(-0.108792000,-0.262648000,0.000000000));
#9988=VECTOR('',#9987,1.);
#9989=LINE('',#9035,#9988);
#9990=DIRECTION('',(-0.108792000,-0.262648000,0.000000000));
#9991=VECTOR('',#9990,1.);
#9992=LINE('',#9037,#9991);
#9993=DIRECTION('',(-0.173062000,-0.225537000,0.000000000));
#9994=VECTOR('',#9993,1.);
#9995=LINE('',#9039,#9994);
#9996=DIRECTION('',(-0.173062000,-0.225537000,0.000000000));
#9997=VECTOR('',#9996,1.);
#9998=LINE('',#9041,#9997);
#9999=DIRECTION('',(-0.225537000,-0.173062000,0.000000000));
#10000=VECTOR('',#9999,1.);
#10001=LINE('',#9043,#10000);
#10002=DIRECTION('',(-0.225537000,-0.173062000,0.000000000));
#10003=VECTOR('',#10002,1.);
#10004=LINE('',#9045,#10003);
#10005=DIRECTION('',(-0.290501000,-0.120329000,0.000000000));
#10006=VECTOR('',#10005,1.);
#10007=LINE('',#9047,#10006);
#10008=DIRECTION('',(-0.290501000,-0.120329000,0.000000000));
#10009=VECTOR('',#10008,1.);
#10010=LINE('',#9049,#10009);
#10011=DIRECTION('',(0.000000000,0.000000000,0.035000000));
#10012=VECTOR('',#10011,1.);
#10013=LINE('',#8419,#10012);
#10014=DIRECTION('',(0.000000000,0.000000000,0.035000000));
#10015=VECTOR('',#10014,1.);
#10016=LINE('',#8423,#10015);
#10017=DIRECTION('',(0.000000000,0.000000000,0.035000000));
#10018=VECTOR('',#10017,1.);
#10019=LINE('',#8427,#10018);
#10020=DIRECTION('',(0.000000000,0.000000000,0.035000000));
#10021=VECTOR('',#10020,1.);
#10022=LINE('',#8431,#10021);
#10023=DIRECTION('',(0.000000000,0.000000000,0.035000000));
#10024=VECTOR('',#10023,1.);
#10025=LINE('',#8435,#10024);
#10026=DIRECTION('',(0.000000000,0.000000000,0.035000000));
#10027=VECTOR('',#10026,1.);
#10028=LINE('',#8439,#10027);
#10029=DIRECTION('',(0.000000000,0.000000000,0.035000000));
#10030=VECTOR('',#10029,1.);
#10031=LINE('',#8443,#10030);
#10032=DIRECTION('',(0.000000000,0.000000000,0.035000000));
#10033=VECTOR('',#10032,1.);
#10034=LINE('',#8447,#10033);
#10035=DIRECTION('',(0.000000000,0.000000000,0.035000000));
#10036=VECTOR('',#10035,1.);
#10037=LINE('',#8451,#10036);
#10038=DIRECTION('',(0.000000000,0.000000000,0.035000000));
#10039=VECTOR('',#10038,1.);
#10040=LINE('',#8455,#10039);
#10041=DIRECTION('',(0.000000000,0.000000000,0.035000000));
#10042=VECTOR('',#10041,1.);
#10043=LINE('',#8459,#10042);
#10044=DIRECTION('',(0.000000000,0.000000000,0.035000000));
#10045=VECTOR('',#10044,1.);
#10046=LINE('',#8463,#10045);
#10047=DIRECTION('',(0.000000000,0.000000000,0.035000000));
#10048=VECTOR('',#10047,1.);
#10049=LINE('',#8467,#10048);
#10050=DIRECTION('',(0.000000000,0.000000000,0.035000000));
#10051=VECTOR('',#10050,1.);
#10052=LINE('',#8471,#10051);
#10053=DIRECTION('',(0.000000000,0.000000000,0.035000000));
#10054=VECTOR('',#10053,1.);
#10055=LINE('',#8475,#10054);
#10056=DIRECTION('',(0.000000000,0.000000000,0.035000000));
#10057=VECTOR('',#10056,1.);
#10058=LINE('',#8479,#10057);
#10059=DIRECTION('',(0.000000000,0.000000000,0.035000000));
#10060=VECTOR('',#10059,1.);
#10061=LINE('',#8483,#10060);
#10062=DIRECTION('',(0.000000000,0.000000000,0.035000000));
#10063=VECTOR('',#10062,1.);
#10064=LINE('',#8487,#10063);
#10065=DIRECTION('',(0.000000000,0.000000000,0.035000000));
#10066=VECTOR('',#10065,1.);
#10067=LINE('',#8491,#10066);
#10068=DIRECTION('',(0.000000000,0.000000000,0.035000000));
#10069=VECTOR('',#10068,1.);
#10070=LINE('',#8495,#10069);
#10071=DIRECTION('',(0.000000000,0.000000000,0.035000000));
#10072=VECTOR('',#10071,1.);
#10073=LINE('',#8499,#10072);
#10074=DIRECTION('',(0.000000000,0.000000000,0.035000000));
#10075=VECTOR('',#10074,1.);
#10076=LINE('',#8503,#10075);
#10077=DIRECTION('',(0.000000000,0.000000000,0.035000000));
#10078=VECTOR('',#10077,1.);
#10079=LINE('',#8507,#10078);
#10080=DIRECTION('',(0.000000000,0.000000000,0.035000000));
#10081=VECTOR('',#10080,1.);
#10082=LINE('',#8511,#10081);
#10083=DIRECTION('',(0.000000000,0.000000000,0.035000000));
#10084=VECTOR('',#10083,1.);
#10085=LINE('',#8515,#10084);
#10086=DIRECTION('',(0.000000000,0.000000000,0.035000000));
#10087=VECTOR('',#10086,1.);
#10088=LINE('',#8519,#10087);
#10089=DIRECTION('',(0.000000000,0.000000000,0.035000000));
#10090=VECTOR('',#10089,1.);
#10091=LINE('',#8523,#10090);
#10092=DIRECTION('',(0.000000000,0.000000000,0.035000000));
#10093=VECTOR('',#10092,1.);
#10094=LINE('',#8527,#10093);
#10095=DIRECTION('',(0.000000000,0.000000000,0.035000000));
#10096=VECTOR('',#10095,1.);
#10097=LINE('',#8531,#10096);
#10098=DIRECTION('',(0.000000000,0.000000000,0.035000000));
#10099=VECTOR('',#10098,1.);
#10100=LINE('',#8535,#10099);
#10101=DIRECTION('',(0.000000000,0.000000000,0.035000000));
#10102=VECTOR('',#10101,1.);
#10103=LINE('',#8539,#10102);
#10104=DIRECTION('',(0.000000000,0.000000000,0.035000000));
#10105=VECTOR('',#10104,1.);
#10106=LINE('',#8543,#10105);
#10107=DIRECTION('',(0.000000000,0.000000000,0.035000000));
#10108=VECTOR('',#10107,1.);
#10109=LINE('',#8547,#10108);
#10110=DIRECTION('',(0.000000000,0.000000000,0.035000000));
#10111=VECTOR('',#10110,1.);
#10112=LINE('',#8551,#10111);
#10113=DIRECTION('',(0.000000000,0.000000000,0.035000000));
#10114=VECTOR('',#10113,1.);
#10115=LINE('',#8555,#10114);
#10116=DIRECTION('',(0.000000000,0.000000000,0.035000000));
#10117=VECTOR('',#10116,1.);
#10118=LINE('',#8559,#10117);
#10119=DIRECTION('',(0.000000000,0.000000000,0.035000000));
#10120=VECTOR('',#10119,1.);
#10121=LINE('',#8563,#10120);
#10122=DIRECTION('',(0.000000000,0.000000000,0.035000000));
#10123=VECTOR('',#10122,1.);
#10124=LINE('',#8567,#10123);
#10125=DIRECTION('',(0.000000000,0.000000000,0.035000000));
#10126=VECTOR('',#10125,1.);
#10127=LINE('',#8571,#10126);
#10128=DIRECTION('',(0.000000000,0.000000000,0.035000000));
#10129=VECTOR('',#10128,1.);
#10130=LINE('',#8575,#10129);
#10131=DIRECTION('',(0.000000000,0.000000000,0.035000000));
#10132=VECTOR('',#10131,1.);
#10133=LINE('',#8579,#10132);
#10134=DIRECTION('',(0.000000000,0.000000000,0.035000000));
#10135=VECTOR('',#10134,1.);
#10136=LINE('',#8583,#10135);
#10137=DIRECTION('',(0.000000000,0.000000000,0.035000000));
#10138=VECTOR('',#10137,1.);
#10139=LINE('',#8587,#10138);
#10140=DIRECTION('',(0.000000000,0.000000000,0.035000000));
#10141=VECTOR('',#10140,1.);
#10142=LINE('',#8591,#10141);
#10143=DIRECTION('',(0.000000000,0.000000000,0.035000000));
#10144=VECTOR('',#10143,1.);
#10145=LINE('',#8595,#10144);
#10146=DIRECTION('',(0.000000000,0.000000000,0.035000000));
#10147=VECTOR('',#10146,1.);
#10148=LINE('',#8599,#10147);
#10149=DIRECTION('',(0.000000000,0.000000000,0.035000000));
#10150=VECTOR('',#10149,1.);
#10151=LINE('',#8603,#10150);
#10152=DIRECTION('',(0.000000000,0.000000000,0.035000000));
#10153=VECTOR('',#10152,1.);
#10154=LINE('',#8607,#10153);
#10155=DIRECTION('',(0.000000000,0.000000000,0.035000000));
#10156=VECTOR('',#10155,1.);
#10157=LINE('',#8611,#10156);
#10158=DIRECTION('',(0.000000000,0.000000000,0.035000000));
#10159=VECTOR('',#10158,1.);
#10160=LINE('',#8615,#10159);
#10161=DIRECTION('',(0.000000000,0.000000000,0.035000000));
#10162=VECTOR('',#10161,1.);
#10163=LINE('',#8619,#10162);
#10164=DIRECTION('',(0.000000000,0.000000000,0.035000000));
#10165=VECTOR('',#10164,1.);
#10166=LINE('',#8623,#10165);
#10167=DIRECTION('',(0.000000000,0.000000000,0.035000000));
#10168=VECTOR('',#10167,1.);
#10169=LINE('',#8627,#10168);
#10170=DIRECTION('',(0.000000000,0.000000000,0.035000000));
#10171=VECTOR('',#10170,1.);
#10172=LINE('',#8631,#10171);
#10173=DIRECTION('',(0.000000000,0.000000000,0.035000000));
#10174=VECTOR('',#10173,1.);
#10175=LINE('',#8635,#10174);
#10176=DIRECTION('',(0.000000000,0.000000000,0.035000000));
#10177=VECTOR('',#10176,1.);
#10178=LINE('',#8639,#10177);
#10179=DIRECTION('',(0.000000000,0.000000000,0.035000000));
#10180=VECTOR('',#10179,1.);
#10181=LINE('',#8643,#10180);
#10182=DIRECTION('',(0.000000000,0.000000000,0.035000000));
#10183=VECTOR('',#10182,1.);
#10184=LINE('',#8647,#10183);
#10185=DIRECTION('',(0.000000000,0.000000000,0.035000000));
#10186=VECTOR('',#10185,1.);
#10187=LINE('',#8651,#10186);
#10188=DIRECTION('',(0.000000000,0.000000000,0.035000000));
#10189=VECTOR('',#10188,1.);
#10190=LINE('',#8655,#10189);
#10191=DIRECTION('',(0.000000000,0.000000000,0.035000000));
#10192=VECTOR('',#10191,1.);
#10193=LINE('',#8659,#10192);
#10194=DIRECTION('',(0.000000000,0.000000000,0.035000000));
#10195=VECTOR('',#10194,1.);
#10196=LINE('',#8663,#10195);
#10197=DIRECTION('',(0.000000000,0.000000000,0.035000000));
#10198=VECTOR('',#10197,1.);
#10199=LINE('',#8667,#10198);
#10200=DIRECTION('',(0.000000000,0.000000000,0.035000000));
#10201=VECTOR('',#10200,1.);
#10202=LINE('',#8671,#10201);
#10203=DIRECTION('',(0.000000000,0.000000000,0.035000000));
#10204=VECTOR('',#10203,1.);
#10205=LINE('',#8675,#10204);
#10206=DIRECTION('',(0.000000000,0.000000000,0.035000000));
#10207=VECTOR('',#10206,1.);
#10208=LINE('',#8679,#10207);
#10209=DIRECTION('',(0.000000000,0.000000000,0.035000000));
#10210=VECTOR('',#10209,1.);
#10211=LINE('',#8683,#10210);
#10212=DIRECTION('',(0.000000000,0.000000000,0.035000000));
#10213=VECTOR('',#10212,1.);
#10214=LINE('',#8687,#10213);
#10215=DIRECTION('',(0.000000000,0.000000000,0.035000000));
#10216=VECTOR('',#10215,1.);
#10217=LINE('',#8691,#10216);
#10218=DIRECTION('',(0.000000000,0.000000000,0.035000000));
#10219=VECTOR('',#10218,1.);
#10220=LINE('',#8695,#10219);
#10221=DIRECTION('',(0.000000000,0.000000000,0.035000000));
#10222=VECTOR('',#10221,1.);
#10223=LINE('',#8699,#10222);
#10224=DIRECTION('',(0.000000000,0.000000000,0.035000000));
#10225=VECTOR('',#10224,1.);
#10226=LINE('',#8703,#10225);
#10227=DIRECTION('',(0.000000000,0.000000000,0.035000000));
#10228=VECTOR('',#10227,1.);
#10229=LINE('',#8707,#10228);
#10230=DIRECTION('',(0.000000000,0.000000000,0.035000000));
#10231=VECTOR('',#10230,1.);
#10232=LINE('',#8711,#10231);
#10233=DIRECTION('',(0.000000000,0.000000000,0.035000000));
#10234=VECTOR('',#10233,1.);
#10235=LINE('',#8715,#10234);
#10236=DIRECTION('',(0.000000000,0.000000000,0.035000000));
#10237=VECTOR('',#10236,1.);
#10238=LINE('',#8719,#10237);
#10239=DIRECTION('',(0.000000000,0.000000000,0.035000000));
#10240=VECTOR('',#10239,1.);
#10241=LINE('',#8723,#10240);
#10242=DIRECTION('',(0.000000000,0.000000000,0.035000000));
#10243=VECTOR('',#10242,1.);
#10244=LINE('',#8727,#10243);
#10245=DIRECTION('',(0.000000000,0.000000000,0.035000000));
#10246=VECTOR('',#10245,1.);
#10247=LINE('',#8731,#10246);
#10248=DIRECTION('',(0.000000000,0.000000000,0.035000000));
#10249=VECTOR('',#10248,1.);
#10250=LINE('',#8735,#10249);
#10251=DIRECTION('',(0.000000000,0.000000000,0.035000000));
#10252=VECTOR('',#10251,1.);
#10253=LINE('',#8739,#10252);
#10254=DIRECTION('',(0.000000000,0.000000000,0.035000000));
#10255=VECTOR('',#10254,1.);
#10256=LINE('',#8743,#10255);
#10257=DIRECTION('',(0.000000000,0.000000000,0.035000000));
#10258=VECTOR('',#10257,1.);
#10259=LINE('',#8747,#10258);
#10260=DIRECTION('',(0.000000000,0.000000000,0.035000000));
#10261=VECTOR('',#10260,1.);
#10262=LINE('',#8751,#10261);
#10263=DIRECTION('',(0.000000000,0.000000000,0.035000000));
#10264=VECTOR('',#10263,1.);
#10265=LINE('',#8755,#10264);
#10266=DIRECTION('',(0.000000000,0.000000000,0.035000000));
#10267=VECTOR('',#10266,1.);
#10268=LINE('',#8759,#10267);
#10269=DIRECTION('',(0.000000000,0.000000000,0.035000000));
#10270=VECTOR('',#10269,1.);
#10271=LINE('',#8763,#10270);
#10272=DIRECTION('',(0.000000000,0.000000000,0.035000000));
#10273=VECTOR('',#10272,1.);
#10274=LINE('',#8767,#10273);
#10275=DIRECTION('',(0.000000000,0.000000000,0.035000000));
#10276=VECTOR('',#10275,1.);
#10277=LINE('',#8771,#10276);
#10278=DIRECTION('',(0.000000000,0.000000000,0.035000000));
#10279=VECTOR('',#10278,1.);
#10280=LINE('',#8775,#10279);
#10281=DIRECTION('',(0.000000000,0.000000000,0.035000000));
#10282=VECTOR('',#10281,1.);
#10283=LINE('',#8779,#10282);
#10284=DIRECTION('',(0.000000000,0.000000000,0.035000000));
#10285=VECTOR('',#10284,1.);
#10286=LINE('',#8783,#10285);
#10287=DIRECTION('',(0.000000000,0.000000000,0.035000000));
#10288=VECTOR('',#10287,1.);
#10289=LINE('',#8787,#10288);
#10290=DIRECTION('',(0.000000000,0.000000000,0.035000000));
#10291=VECTOR('',#10290,1.);
#10292=LINE('',#8791,#10291);
#10293=DIRECTION('',(0.000000000,0.000000000,0.035000000));
#10294=VECTOR('',#10293,1.);
#10295=LINE('',#8795,#10294);
#10296=DIRECTION('',(0.000000000,0.000000000,0.035000000));
#10297=VECTOR('',#10296,1.);
#10298=LINE('',#8799,#10297);
#10299=DIRECTION('',(0.000000000,0.000000000,0.035000000));
#10300=VECTOR('',#10299,1.);
#10301=LINE('',#8803,#10300);
#10302=DIRECTION('',(0.000000000,0.000000000,0.035000000));
#10303=VECTOR('',#10302,1.);
#10304=LINE('',#8807,#10303);
#10305=DIRECTION('',(0.000000000,0.000000000,0.035000000));
#10306=VECTOR('',#10305,1.);
#10307=LINE('',#8811,#10306);
#10308=DIRECTION('',(0.000000000,0.000000000,0.035000000));
#10309=VECTOR('',#10308,1.);
#10310=LINE('',#8815,#10309);
#10311=DIRECTION('',(0.000000000,0.000000000,0.035000000));
#10312=VECTOR('',#10311,1.);
#10313=LINE('',#8819,#10312);
#10314=DIRECTION('',(0.000000000,0.000000000,0.035000000));
#10315=VECTOR('',#10314,1.);
#10316=LINE('',#8823,#10315);
#10317=DIRECTION('',(0.000000000,0.000000000,0.035000000));
#10318=VECTOR('',#10317,1.);
#10319=LINE('',#8827,#10318);
#10320=DIRECTION('',(0.000000000,0.000000000,0.035000000));
#10321=VECTOR('',#10320,1.);
#10322=LINE('',#8831,#10321);
#10323=DIRECTION('',(0.000000000,0.000000000,0.035000000));
#10324=VECTOR('',#10323,1.);
#10325=LINE('',#8835,#10324);
#10326=DIRECTION('',(0.000000000,0.000000000,0.035000000));
#10327=VECTOR('',#10326,1.);
#10328=LINE('',#8839,#10327);
#10329=DIRECTION('',(0.000000000,0.000000000,0.035000000));
#10330=VECTOR('',#10329,1.);
#10331=LINE('',#8843,#10330);
#10332=DIRECTION('',(0.000000000,0.000000000,0.035000000));
#10333=VECTOR('',#10332,1.);
#10334=LINE('',#8847,#10333);
#10335=DIRECTION('',(0.000000000,0.000000000,0.035000000));
#10336=VECTOR('',#10335,1.);
#10337=LINE('',#8851,#10336);
#10338=DIRECTION('',(0.000000000,0.000000000,0.035000000));
#10339=VECTOR('',#10338,1.);
#10340=LINE('',#8855,#10339);
#10341=DIRECTION('',(0.000000000,0.000000000,0.035000000));
#10342=VECTOR('',#10341,1.);
#10343=LINE('',#8859,#10342);
#10344=DIRECTION('',(0.000000000,0.000000000,0.035000000));
#10345=VECTOR('',#10344,1.);
#10346=LINE('',#8863,#10345);
#10347=DIRECTION('',(0.000000000,0.000000000,0.035000000));
#10348=VECTOR('',#10347,1.);
#10349=LINE('',#8867,#10348);
#10350=DIRECTION('',(0.000000000,0.000000000,0.035000000));
#10351=VECTOR('',#10350,1.);
#10352=LINE('',#8871,#10351);
#10353=DIRECTION('',(0.000000000,0.000000000,0.035000000));
#10354=VECTOR('',#10353,1.);
#10355=LINE('',#8875,#10354);
#10356=DIRECTION('',(0.000000000,0.000000000,0.035000000));
#10357=VECTOR('',#10356,1.);
#10358=LINE('',#8879,#10357);
#10359=DIRECTION('',(0.000000000,0.000000000,0.035000000));
#10360=VECTOR('',#10359,1.);
#10361=LINE('',#8883,#10360);
#10362=DIRECTION('',(0.000000000,0.000000000,0.035000000));
#10363=VECTOR('',#10362,1.);
#10364=LINE('',#8887,#10363);
#10365=DIRECTION('',(0.000000000,0.000000000,0.035000000));
#10366=VECTOR('',#10365,1.);
#10367=LINE('',#8891,#10366);
#10368=DIRECTION('',(0.000000000,0.000000000,0.035000000));
#10369=VECTOR('',#10368,1.);
#10370=LINE('',#8895,#10369);
#10371=DIRECTION('',(0.000000000,0.000000000,0.035000000));
#10372=VECTOR('',#10371,1.);
#10373=LINE('',#8899,#10372);
#10374=DIRECTION('',(0.000000000,0.000000000,0.035000000));
#10375=VECTOR('',#10374,1.);
#10376=LINE('',#8903,#10375);
#10377=DIRECTION('',(0.000000000,0.000000000,0.035000000));
#10378=VECTOR('',#10377,1.);
#10379=LINE('',#8907,#10378);
#10380=DIRECTION('',(0.000000000,0.000000000,0.035000000));
#10381=VECTOR('',#10380,1.);
#10382=LINE('',#8911,#10381);
#10383=DIRECTION('',(0.000000000,0.000000000,0.035000000));
#10384=VECTOR('',#10383,1.);
#10385=LINE('',#8915,#10384);
#10386=DIRECTION('',(0.000000000,0.000000000,0.035000000));
#10387=VECTOR('',#10386,1.);
#10388=LINE('',#8919,#10387);
#10389=DIRECTION('',(0.000000000,0.000000000,0.035000000));
#10390=VECTOR('',#10389,1.);
#10391=LINE('',#8923,#10390);
#10392=DIRECTION('',(0.000000000,0.000000000,0.035000000));
#10393=VECTOR('',#10392,1.);
#10394=LINE('',#8927,#10393);
#10395=DIRECTION('',(0.000000000,0.000000000,0.035000000));
#10396=VECTOR('',#10395,1.);
#10397=LINE('',#8931,#10396);
#10398=DIRECTION('',(0.000000000,0.000000000,0.035000000));
#10399=VECTOR('',#10398,1.);
#10400=LINE('',#8935,#10399);
#10401=DIRECTION('',(0.000000000,0.000000000,0.035000000));
#10402=VECTOR('',#10401,1.);
#10403=LINE('',#8939,#10402);
#10404=DIRECTION('',(0.000000000,0.000000000,0.035000000));
#10405=VECTOR('',#10404,1.);
#10406=LINE('',#8943,#10405);
#10407=DIRECTION('',(0.000000000,0.000000000,0.035000000));
#10408=VECTOR('',#10407,1.);
#10409=LINE('',#8947,#10408);
#10410=DIRECTION('',(0.000000000,0.000000000,0.035000000));
#10411=VECTOR('',#10410,1.);
#10412=LINE('',#8951,#10411);
#10413=DIRECTION('',(0.000000000,0.000000000,0.035000000));
#10414=VECTOR('',#10413,1.);
#10415=LINE('',#8955,#10414);
#10416=DIRECTION('',(0.000000000,0.000000000,0.035000000));
#10417=VECTOR('',#10416,1.);
#10418=LINE('',#8959,#10417);
#10419=DIRECTION('',(0.000000000,0.000000000,0.035000000));
#10420=VECTOR('',#10419,1.);
#10421=LINE('',#8963,#10420);
#10422=DIRECTION('',(0.000000000,0.000000000,0.035000000));
#10423=VECTOR('',#10422,1.);
#10424=LINE('',#8967,#10423);
#10425=DIRECTION('',(0.000000000,0.000000000,0.035000000));
#10426=VECTOR('',#10425,1.);
#10427=LINE('',#8971,#10426);
#10428=DIRECTION('',(0.000000000,0.000000000,0.035000000));
#10429=VECTOR('',#10428,1.);
#10430=LINE('',#8975,#10429);
#10431=DIRECTION('',(0.000000000,0.000000000,0.035000000));
#10432=VECTOR('',#10431,1.);
#10433=LINE('',#8979,#10432);
#10434=DIRECTION('',(0.000000000,0.000000000,0.035000000));
#10435=VECTOR('',#10434,1.);
#10436=LINE('',#8983,#10435);
#10437=DIRECTION('',(0.000000000,0.000000000,0.035000000));
#10438=VECTOR('',#10437,1.);
#10439=LINE('',#8987,#10438);
#10440=DIRECTION('',(0.000000000,0.000000000,0.035000000));
#10441=VECTOR('',#10440,1.);
#10442=LINE('',#8991,#10441);
#10443=DIRECTION('',(0.000000000,0.000000000,0.035000000));
#10444=VECTOR('',#10443,1.);
#10445=LINE('',#8995,#10444);
#10446=DIRECTION('',(0.000000000,0.000000000,0.035000000));
#10447=VECTOR('',#10446,1.);
#10448=LINE('',#8999,#10447);
#10449=DIRECTION('',(0.000000000,0.000000000,0.035000000));
#10450=VECTOR('',#10449,1.);
#10451=LINE('',#9003,#10450);
#10452=DIRECTION('',(0.000000000,0.000000000,0.035000000));
#10453=VECTOR('',#10452,1.);
#10454=LINE('',#9007,#10453);
#10455=DIRECTION('',(0.000000000,0.000000000,0.035000000));
#10456=VECTOR('',#10455,1.);
#10457=LINE('',#9011,#10456);
#10458=DIRECTION('',(0.000000000,0.000000000,0.035000000));
#10459=VECTOR('',#10458,1.);
#10460=LINE('',#9015,#10459);
#10461=DIRECTION('',(0.000000000,0.000000000,0.035000000));
#10462=VECTOR('',#10461,1.);
#10463=LINE('',#9019,#10462);
#10464=DIRECTION('',(0.000000000,0.000000000,0.035000000));
#10465=VECTOR('',#10464,1.);
#10466=LINE('',#9023,#10465);
#10467=DIRECTION('',(0.000000000,0.000000000,0.035000000));
#10468=VECTOR('',#10467,1.);
#10469=LINE('',#9027,#10468);
#10470=DIRECTION('',(0.000000000,0.000000000,0.035000000));
#10471=VECTOR('',#10470,1.);
#10472=LINE('',#9031,#10471);
#10473=DIRECTION('',(0.000000000,0.000000000,0.035000000));
#10474=VECTOR('',#10473,1.);
#10475=LINE('',#9035,#10474);
#10476=DIRECTION('',(0.000000000,0.000000000,0.035000000));
#10477=VECTOR('',#10476,1.);
#10478=LINE('',#9039,#10477);
#10479=DIRECTION('',(0.000000000,0.000000000,0.035000000));
#10480=VECTOR('',#10479,1.);
#10481=LINE('',#9043,#10480);
#10482=DIRECTION('',(0.000000000,0.000000000,0.035000000));
#10483=VECTOR('',#10482,1.);
#10484=LINE('',#9047,#10483);
#10485=EDGE_CURVE('',#8420,#8424,#9053,.T.);
#10486=ORIENTED_EDGE('',*,*,#10485,.T.);
#10487=ORIENTED_EDGE('',*,*,#10485,.F.);
#10488=EDGE_CURVE('',#8422,#8426,#9056,.T.);
#10489=ORIENTED_EDGE('',*,*,#10488,.T.);
#10490=ORIENTED_EDGE('',*,*,#10488,.F.);
#10491=EDGE_CURVE('',#8420,#8422,#10013,.T.);
#10492=ORIENTED_EDGE('',*,*,#10491,.T.);
#10493=ORIENTED_EDGE('',*,*,#10491,.F.);
#10494=EDGE_CURVE('',#8424,#8428,#9061,.T.);
#10495=ORIENTED_EDGE('',*,*,#10494,.T.);
#10496=ORIENTED_EDGE('',*,*,#10494,.F.);
#10497=EDGE_CURVE('',#8426,#8430,#9066,.T.);
#10498=ORIENTED_EDGE('',*,*,#10497,.T.);
#10499=ORIENTED_EDGE('',*,*,#10497,.F.);
#10500=EDGE_CURVE('',#8424,#8426,#10016,.T.);
#10501=ORIENTED_EDGE('',*,*,#10500,.T.);
#10502=ORIENTED_EDGE('',*,*,#10500,.F.);
#10503=EDGE_CURVE('',#8428,#8432,#9069,.T.);
#10504=ORIENTED_EDGE('',*,*,#10503,.T.);
#10505=ORIENTED_EDGE('',*,*,#10503,.F.);
#10506=EDGE_CURVE('',#8430,#8434,#9072,.T.);
#10507=ORIENTED_EDGE('',*,*,#10506,.T.);
#10508=ORIENTED_EDGE('',*,*,#10506,.F.);
#10509=EDGE_CURVE('',#8428,#8430,#10019,.T.);
#10510=ORIENTED_EDGE('',*,*,#10509,.T.);
#10511=ORIENTED_EDGE('',*,*,#10509,.F.);
#10512=EDGE_CURVE('',#8432,#8436,#9075,.T.);
#10513=ORIENTED_EDGE('',*,*,#10512,.T.);
#10514=ORIENTED_EDGE('',*,*,#10512,.F.);
#10515=EDGE_CURVE('',#8434,#8438,#9078,.T.);
#10516=ORIENTED_EDGE('',*,*,#10515,.T.);
#10517=ORIENTED_EDGE('',*,*,#10515,.F.);
#10518=EDGE_CURVE('',#8432,#8434,#10022,.T.);
#10519=ORIENTED_EDGE('',*,*,#10518,.T.);
#10520=ORIENTED_EDGE('',*,*,#10518,.F.);
#10521=EDGE_CURVE('',#8436,#8440,#9081,.T.);
#10522=ORIENTED_EDGE('',*,*,#10521,.T.);
#10523=ORIENTED_EDGE('',*,*,#10521,.F.);
#10524=EDGE_CURVE('',#8438,#8442,#9084,.T.);
#10525=ORIENTED_EDGE('',*,*,#10524,.T.);
#10526=ORIENTED_EDGE('',*,*,#10524,.F.);
#10527=EDGE_CURVE('',#8436,#8438,#10025,.T.);
#10528=ORIENTED_EDGE('',*,*,#10527,.T.);
#10529=ORIENTED_EDGE('',*,*,#10527,.F.);
#10530=EDGE_CURVE('',#8440,#8444,#9087,.T.);
#10531=ORIENTED_EDGE('',*,*,#10530,.T.);
#10532=ORIENTED_EDGE('',*,*,#10530,.F.);
#10533=EDGE_CURVE('',#8442,#8446,#9090,.T.);
#10534=ORIENTED_EDGE('',*,*,#10533,.T.);
#10535=ORIENTED_EDGE('',*,*,#10533,.F.);
#10536=EDGE_CURVE('',#8440,#8442,#10028,.T.);
#10537=ORIENTED_EDGE('',*,*,#10536,.T.);
#10538=ORIENTED_EDGE('',*,*,#10536,.F.);
#10539=EDGE_CURVE('',#8444,#8448,#9093,.T.);
#10540=ORIENTED_EDGE('',*,*,#10539,.T.);
#10541=ORIENTED_EDGE('',*,*,#10539,.F.);
#10542=EDGE_CURVE('',#8446,#8450,#9096,.T.);
#10543=ORIENTED_EDGE('',*,*,#10542,.T.);
#10544=ORIENTED_EDGE('',*,*,#10542,.F.);
#10545=EDGE_CURVE('',#8444,#8446,#10031,.T.);
#10546=ORIENTED_EDGE('',*,*,#10545,.T.);
#10547=ORIENTED_EDGE('',*,*,#10545,.F.);
#10548=EDGE_CURVE('',#8448,#8452,#9099,.T.);
#10549=ORIENTED_EDGE('',*,*,#10548,.T.);
#10550=ORIENTED_EDGE('',*,*,#10548,.F.);
#10551=EDGE_CURVE('',#8450,#8454,#9102,.T.);
#10552=ORIENTED_EDGE('',*,*,#10551,.T.);
#10553=ORIENTED_EDGE('',*,*,#10551,.F.);
#10554=EDGE_CURVE('',#8448,#8450,#10034,.T.);
#10555=ORIENTED_EDGE('',*,*,#10554,.T.);
#10556=ORIENTED_EDGE('',*,*,#10554,.F.);
#10557=EDGE_CURVE('',#8452,#8456,#9105,.T.);
#10558=ORIENTED_EDGE('',*,*,#10557,.T.);
#10559=ORIENTED_EDGE('',*,*,#10557,.F.);
#10560=EDGE_CURVE('',#8454,#8458,#9108,.T.);
#10561=ORIENTED_EDGE('',*,*,#10560,.T.);
#10562=ORIENTED_EDGE('',*,*,#10560,.F.);
#10563=EDGE_CURVE('',#8452,#8454,#10037,.T.);
#10564=ORIENTED_EDGE('',*,*,#10563,.T.);
#10565=ORIENTED_EDGE('',*,*,#10563,.F.);
#10566=EDGE_CURVE('',#8456,#8460,#9111,.T.);
#10567=ORIENTED_EDGE('',*,*,#10566,.T.);
#10568=ORIENTED_EDGE('',*,*,#10566,.F.);
#10569=EDGE_CURVE('',#8458,#8462,#9114,.T.);
#10570=ORIENTED_EDGE('',*,*,#10569,.T.);
#10571=ORIENTED_EDGE('',*,*,#10569,.F.);
#10572=EDGE_CURVE('',#8456,#8458,#10040,.T.);
#10573=ORIENTED_EDGE('',*,*,#10572,.T.);
#10574=ORIENTED_EDGE('',*,*,#10572,.F.);
#10575=EDGE_CURVE('',#8460,#8464,#9117,.T.);
#10576=ORIENTED_EDGE('',*,*,#10575,.T.);
#10577=ORIENTED_EDGE('',*,*,#10575,.F.);
#10578=EDGE_CURVE('',#8462,#8466,#9120,.T.);
#10579=ORIENTED_EDGE('',*,*,#10578,.T.);
#10580=ORIENTED_EDGE('',*,*,#10578,.F.);
#10581=EDGE_CURVE('',#8460,#8462,#10043,.T.);
#10582=ORIENTED_EDGE('',*,*,#10581,.T.);
#10583=ORIENTED_EDGE('',*,*,#10581,.F.);
#10584=EDGE_CURVE('',#8464,#8468,#9123,.T.);
#10585=ORIENTED_EDGE('',*,*,#10584,.T.);
#10586=ORIENTED_EDGE('',*,*,#10584,.F.);
#10587=EDGE_CURVE('',#8466,#8470,#9126,.T.);
#10588=ORIENTED_EDGE('',*,*,#10587,.T.);
#10589=ORIENTED_EDGE('',*,*,#10587,.F.);
#10590=EDGE_CURVE('',#8464,#8466,#10046,.T.);
#10591=ORIENTED_EDGE('',*,*,#10590,.T.);
#10592=ORIENTED_EDGE('',*,*,#10590,.F.);
#10593=EDGE_CURVE('',#8468,#8472,#9129,.T.);
#10594=ORIENTED_EDGE('',*,*,#10593,.T.);
#10595=ORIENTED_EDGE('',*,*,#10593,.F.);
#10596=EDGE_CURVE('',#8470,#8474,#9132,.T.);
#10597=ORIENTED_EDGE('',*,*,#10596,.T.);
#10598=ORIENTED_EDGE('',*,*,#10596,.F.);
#10599=EDGE_CURVE('',#8468,#8470,#10049,.T.);
#10600=ORIENTED_EDGE('',*,*,#10599,.T.);
#10601=ORIENTED_EDGE('',*,*,#10599,.F.);
#10602=EDGE_CURVE('',#8472,#8476,#9135,.T.);
#10603=ORIENTED_EDGE('',*,*,#10602,.T.);
#10604=ORIENTED_EDGE('',*,*,#10602,.F.);
#10605=EDGE_CURVE('',#8474,#8478,#9138,.T.);
#10606=ORIENTED_EDGE('',*,*,#10605,.T.);
#10607=ORIENTED_EDGE('',*,*,#10605,.F.);
#10608=EDGE_CURVE('',#8472,#8474,#10052,.T.);
#10609=ORIENTED_EDGE('',*,*,#10608,.T.);
#10610=ORIENTED_EDGE('',*,*,#10608,.F.);
#10611=EDGE_CURVE('',#8476,#8480,#9141,.T.);
#10612=ORIENTED_EDGE('',*,*,#10611,.T.);
#10613=ORIENTED_EDGE('',*,*,#10611,.F.);
#10614=EDGE_CURVE('',#8478,#8482,#9144,.T.);
#10615=ORIENTED_EDGE('',*,*,#10614,.T.);
#10616=ORIENTED_EDGE('',*,*,#10614,.F.);
#10617=EDGE_CURVE('',#8476,#8478,#10055,.T.);
#10618=ORIENTED_EDGE('',*,*,#10617,.T.);
#10619=ORIENTED_EDGE('',*,*,#10617,.F.);
#10620=EDGE_CURVE('',#8480,#8484,#9147,.T.);
#10621=ORIENTED_EDGE('',*,*,#10620,.T.);
#10622=ORIENTED_EDGE('',*,*,#10620,.F.);
#10623=EDGE_CURVE('',#8482,#8486,#9150,.T.);
#10624=ORIENTED_EDGE('',*,*,#10623,.T.);
#10625=ORIENTED_EDGE('',*,*,#10623,.F.);
#10626=EDGE_CURVE('',#8480,#8482,#10058,.T.);
#10627=ORIENTED_EDGE('',*,*,#10626,.T.);
#10628=ORIENTED_EDGE('',*,*,#10626,.F.);
#10629=EDGE_CURVE('',#8484,#8488,#9153,.T.);
#10630=ORIENTED_EDGE('',*,*,#10629,.T.);
#10631=ORIENTED_EDGE('',*,*,#10629,.F.);
#10632=EDGE_CURVE('',#8486,#8490,#9156,.T.);
#10633=ORIENTED_EDGE('',*,*,#10632,.T.);
#10634=ORIENTED_EDGE('',*,*,#10632,.F.);
#10635=EDGE_CURVE('',#8484,#8486,#10061,.T.);
#10636=ORIENTED_EDGE('',*,*,#10635,.T.);
#10637=ORIENTED_EDGE('',*,*,#10635,.F.);
#10638=EDGE_CURVE('',#8488,#8492,#9159,.T.);
#10639=ORIENTED_EDGE('',*,*,#10638,.T.);
#10640=ORIENTED_EDGE('',*,*,#10638,.F.);
#10641=EDGE_CURVE('',#8490,#8494,#9162,.T.);
#10642=ORIENTED_EDGE('',*,*,#10641,.T.);
#10643=ORIENTED_EDGE('',*,*,#10641,.F.);
#10644=EDGE_CURVE('',#8488,#8490,#10064,.T.);
#10645=ORIENTED_EDGE('',*,*,#10644,.T.);
#10646=ORIENTED_EDGE('',*,*,#10644,.F.);
#10647=EDGE_CURVE('',#8492,#8496,#9165,.T.);
#10648=ORIENTED_EDGE('',*,*,#10647,.T.);
#10649=ORIENTED_EDGE('',*,*,#10647,.F.);
#10650=EDGE_CURVE('',#8494,#8498,#9168,.T.);
#10651=ORIENTED_EDGE('',*,*,#10650,.T.);
#10652=ORIENTED_EDGE('',*,*,#10650,.F.);
#10653=EDGE_CURVE('',#8492,#8494,#10067,.T.);
#10654=ORIENTED_EDGE('',*,*,#10653,.T.);
#10655=ORIENTED_EDGE('',*,*,#10653,.F.);
#10656=EDGE_CURVE('',#8496,#8500,#9171,.T.);
#10657=ORIENTED_EDGE('',*,*,#10656,.T.);
#10658=ORIENTED_EDGE('',*,*,#10656,.F.);
#10659=EDGE_CURVE('',#8498,#8502,#9174,.T.);
#10660=ORIENTED_EDGE('',*,*,#10659,.T.);
#10661=ORIENTED_EDGE('',*,*,#10659,.F.);
#10662=EDGE_CURVE('',#8496,#8498,#10070,.T.);
#10663=ORIENTED_EDGE('',*,*,#10662,.T.);
#10664=ORIENTED_EDGE('',*,*,#10662,.F.);
#10665=EDGE_CURVE('',#8500,#8504,#9177,.T.);
#10666=ORIENTED_EDGE('',*,*,#10665,.T.);
#10667=ORIENTED_EDGE('',*,*,#10665,.F.);
#10668=EDGE_CURVE('',#8502,#8506,#9180,.T.);
#10669=ORIENTED_EDGE('',*,*,#10668,.T.);
#10670=ORIENTED_EDGE('',*,*,#10668,.F.);
#10671=EDGE_CURVE('',#8500,#8502,#10073,.T.);
#10672=ORIENTED_EDGE('',*,*,#10671,.T.);
#10673=ORIENTED_EDGE('',*,*,#10671,.F.);
#10674=EDGE_CURVE('',#8504,#8508,#9183,.T.);
#10675=ORIENTED_EDGE('',*,*,#10674,.T.);
#10676=ORIENTED_EDGE('',*,*,#10674,.F.);
#10677=EDGE_CURVE('',#8506,#8510,#9186,.T.);
#10678=ORIENTED_EDGE('',*,*,#10677,.T.);
#10679=ORIENTED_EDGE('',*,*,#10677,.F.);
#10680=EDGE_CURVE('',#8504,#8506,#10076,.T.);
#10681=ORIENTED_EDGE('',*,*,#10680,.T.);
#10682=ORIENTED_EDGE('',*,*,#10680,.F.);
#10683=EDGE_CURVE('',#8508,#8512,#9189,.T.);
#10684=ORIENTED_EDGE('',*,*,#10683,.T.);
#10685=ORIENTED_EDGE('',*,*,#10683,.F.);
#10686=EDGE_CURVE('',#8510,#8514,#9192,.T.);
#10687=ORIENTED_EDGE('',*,*,#10686,.T.);
#10688=ORIENTED_EDGE('',*,*,#10686,.F.);
#10689=EDGE_CURVE('',#8508,#8510,#10079,.T.);
#10690=ORIENTED_EDGE('',*,*,#10689,.T.);
#10691=ORIENTED_EDGE('',*,*,#10689,.F.);
#10692=EDGE_CURVE('',#8512,#8516,#9195,.T.);
#10693=ORIENTED_EDGE('',*,*,#10692,.T.);
#10694=ORIENTED_EDGE('',*,*,#10692,.F.);
#10695=EDGE_CURVE('',#8514,#8518,#9198,.T.);
#10696=ORIENTED_EDGE('',*,*,#10695,.T.);
#10697=ORIENTED_EDGE('',*,*,#10695,.F.);
#10698=EDGE_CURVE('',#8512,#8514,#10082,.T.);
#10699=ORIENTED_EDGE('',*,*,#10698,.T.);
#10700=ORIENTED_EDGE('',*,*,#10698,.F.);
#10701=EDGE_CURVE('',#8516,#8520,#9201,.T.);
#10702=ORIENTED_EDGE('',*,*,#10701,.T.);
#10703=ORIENTED_EDGE('',*,*,#10701,.F.);
#10704=EDGE_CURVE('',#8518,#8522,#9204,.T.);
#10705=ORIENTED_EDGE('',*,*,#10704,.T.);
#10706=ORIENTED_EDGE('',*,*,#10704,.F.);
#10707=EDGE_CURVE('',#8516,#8518,#10085,.T.);
#10708=ORIENTED_EDGE('',*,*,#10707,.T.);
#10709=ORIENTED_EDGE('',*,*,#10707,.F.);
#10710=EDGE_CURVE('',#8520,#8524,#9207,.T.);
#10711=ORIENTED_EDGE('',*,*,#10710,.T.);
#10712=ORIENTED_EDGE('',*,*,#10710,.F.);
#10713=EDGE_CURVE('',#8522,#8526,#9210,.T.);
#10714=ORIENTED_EDGE('',*,*,#10713,.T.);
#10715=ORIENTED_EDGE('',*,*,#10713,.F.);
#10716=EDGE_CURVE('',#8520,#8522,#10088,.T.);
#10717=ORIENTED_EDGE('',*,*,#10716,.T.);
#10718=ORIENTED_EDGE('',*,*,#10716,.F.);
#10719=EDGE_CURVE('',#8524,#8528,#9213,.T.);
#10720=ORIENTED_EDGE('',*,*,#10719,.T.);
#10721=ORIENTED_EDGE('',*,*,#10719,.F.);
#10722=EDGE_CURVE('',#8526,#8530,#9216,.T.);
#10723=ORIENTED_EDGE('',*,*,#10722,.T.);
#10724=ORIENTED_EDGE('',*,*,#10722,.F.);
#10725=EDGE_CURVE('',#8524,#8526,#10091,.T.);
#10726=ORIENTED_EDGE('',*,*,#10725,.T.);
#10727=ORIENTED_EDGE('',*,*,#10725,.F.);
#10728=EDGE_CURVE('',#8528,#8532,#9219,.T.);
#10729=ORIENTED_EDGE('',*,*,#10728,.T.);
#10730=ORIENTED_EDGE('',*,*,#10728,.F.);
#10731=EDGE_CURVE('',#8530,#8534,#9222,.T.);
#10732=ORIENTED_EDGE('',*,*,#10731,.T.);
#10733=ORIENTED_EDGE('',*,*,#10731,.F.);
#10734=EDGE_CURVE('',#8528,#8530,#10094,.T.);
#10735=ORIENTED_EDGE('',*,*,#10734,.T.);
#10736=ORIENTED_EDGE('',*,*,#10734,.F.);
#10737=EDGE_CURVE('',#8532,#8536,#9225,.T.);
#10738=ORIENTED_EDGE('',*,*,#10737,.T.);
#10739=ORIENTED_EDGE('',*,*,#10737,.F.);
#10740=EDGE_CURVE('',#8534,#8538,#9228,.T.);
#10741=ORIENTED_EDGE('',*,*,#10740,.T.);
#10742=ORIENTED_EDGE('',*,*,#10740,.F.);
#10743=EDGE_CURVE('',#8532,#8534,#10097,.T.);
#10744=ORIENTED_EDGE('',*,*,#10743,.T.);
#10745=ORIENTED_EDGE('',*,*,#10743,.F.);
#10746=EDGE_CURVE('',#8536,#8540,#9231,.T.);
#10747=ORIENTED_EDGE('',*,*,#10746,.T.);
#10748=ORIENTED_EDGE('',*,*,#10746,.F.);
#10749=EDGE_CURVE('',#8538,#8542,#9234,.T.);
#10750=ORIENTED_EDGE('',*,*,#10749,.T.);
#10751=ORIENTED_EDGE('',*,*,#10749,.F.);
#10752=EDGE_CURVE('',#8536,#8538,#10100,.T.);
#10753=ORIENTED_EDGE('',*,*,#10752,.T.);
#10754=ORIENTED_EDGE('',*,*,#10752,.F.);
#10755=EDGE_CURVE('',#8540,#8544,#9237,.T.);
#10756=ORIENTED_EDGE('',*,*,#10755,.T.);
#10757=ORIENTED_EDGE('',*,*,#10755,.F.);
#10758=EDGE_CURVE('',#8542,#8546,#9240,.T.);
#10759=ORIENTED_EDGE('',*,*,#10758,.T.);
#10760=ORIENTED_EDGE('',*,*,#10758,.F.);
#10761=EDGE_CURVE('',#8540,#8542,#10103,.T.);
#10762=ORIENTED_EDGE('',*,*,#10761,.T.);
#10763=ORIENTED_EDGE('',*,*,#10761,.F.);
#10764=EDGE_CURVE('',#8544,#8548,#9245,.T.);
#10765=ORIENTED_EDGE('',*,*,#10764,.T.);
#10766=ORIENTED_EDGE('',*,*,#10764,.F.);
#10767=EDGE_CURVE('',#8546,#8550,#9250,.T.);
#10768=ORIENTED_EDGE('',*,*,#10767,.T.);
#10769=ORIENTED_EDGE('',*,*,#10767,.F.);
#10770=EDGE_CURVE('',#8544,#8546,#10106,.T.);
#10771=ORIENTED_EDGE('',*,*,#10770,.T.);
#10772=ORIENTED_EDGE('',*,*,#10770,.F.);
#10773=EDGE_CURVE('',#8548,#8552,#9253,.T.);
#10774=ORIENTED_EDGE('',*,*,#10773,.T.);
#10775=ORIENTED_EDGE('',*,*,#10773,.F.);
#10776=EDGE_CURVE('',#8550,#8554,#9256,.T.);
#10777=ORIENTED_EDGE('',*,*,#10776,.T.);
#10778=ORIENTED_EDGE('',*,*,#10776,.F.);
#10779=EDGE_CURVE('',#8548,#8550,#10109,.T.);
#10780=ORIENTED_EDGE('',*,*,#10779,.T.);
#10781=ORIENTED_EDGE('',*,*,#10779,.F.);
#10782=EDGE_CURVE('',#8552,#8556,#9259,.T.);
#10783=ORIENTED_EDGE('',*,*,#10782,.T.);
#10784=ORIENTED_EDGE('',*,*,#10782,.F.);
#10785=EDGE_CURVE('',#8554,#8558,#9262,.T.);
#10786=ORIENTED_EDGE('',*,*,#10785,.T.);
#10787=ORIENTED_EDGE('',*,*,#10785,.F.);
#10788=EDGE_CURVE('',#8552,#8554,#10112,.T.);
#10789=ORIENTED_EDGE('',*,*,#10788,.T.);
#10790=ORIENTED_EDGE('',*,*,#10788,.F.);
#10791=EDGE_CURVE('',#8556,#8560,#9265,.T.);
#10792=ORIENTED_EDGE('',*,*,#10791,.T.);
#10793=ORIENTED_EDGE('',*,*,#10791,.F.);
#10794=EDGE_CURVE('',#8558,#8562,#9268,.T.);
#10795=ORIENTED_EDGE('',*,*,#10794,.T.);
#10796=ORIENTED_EDGE('',*,*,#10794,.F.);
#10797=EDGE_CURVE('',#8556,#8558,#10115,.T.);
#10798=ORIENTED_EDGE('',*,*,#10797,.T.);
#10799=ORIENTED_EDGE('',*,*,#10797,.F.);
#10800=EDGE_CURVE('',#8560,#8564,#9271,.T.);
#10801=ORIENTED_EDGE('',*,*,#10800,.T.);
#10802=ORIENTED_EDGE('',*,*,#10800,.F.);
#10803=EDGE_CURVE('',#8562,#8566,#9274,.T.);
#10804=ORIENTED_EDGE('',*,*,#10803,.T.);
#10805=ORIENTED_EDGE('',*,*,#10803,.F.);
#10806=EDGE_CURVE('',#8560,#8562,#10118,.T.);
#10807=ORIENTED_EDGE('',*,*,#10806,.T.);
#10808=ORIENTED_EDGE('',*,*,#10806,.F.);
#10809=EDGE_CURVE('',#8564,#8568,#9277,.T.);
#10810=ORIENTED_EDGE('',*,*,#10809,.T.);
#10811=ORIENTED_EDGE('',*,*,#10809,.F.);
#10812=EDGE_CURVE('',#8566,#8570,#9280,.T.);
#10813=ORIENTED_EDGE('',*,*,#10812,.T.);
#10814=ORIENTED_EDGE('',*,*,#10812,.F.);
#10815=EDGE_CURVE('',#8564,#8566,#10121,.T.);
#10816=ORIENTED_EDGE('',*,*,#10815,.T.);
#10817=ORIENTED_EDGE('',*,*,#10815,.F.);
#10818=EDGE_CURVE('',#8568,#8572,#9283,.T.);
#10819=ORIENTED_EDGE('',*,*,#10818,.T.);
#10820=ORIENTED_EDGE('',*,*,#10818,.F.);
#10821=EDGE_CURVE('',#8570,#8574,#9286,.T.);
#10822=ORIENTED_EDGE('',*,*,#10821,.T.);
#10823=ORIENTED_EDGE('',*,*,#10821,.F.);
#10824=EDGE_CURVE('',#8568,#8570,#10124,.T.);
#10825=ORIENTED_EDGE('',*,*,#10824,.T.);
#10826=ORIENTED_EDGE('',*,*,#10824,.F.);
#10827=EDGE_CURVE('',#8572,#8576,#9289,.T.);
#10828=ORIENTED_EDGE('',*,*,#10827,.T.);
#10829=ORIENTED_EDGE('',*,*,#10827,.F.);
#10830=EDGE_CURVE('',#8574,#8578,#9292,.T.);
#10831=ORIENTED_EDGE('',*,*,#10830,.T.);
#10832=ORIENTED_EDGE('',*,*,#10830,.F.);
#10833=EDGE_CURVE('',#8572,#8574,#10127,.T.);
#10834=ORIENTED_EDGE('',*,*,#10833,.T.);
#10835=ORIENTED_EDGE('',*,*,#10833,.F.);
#10836=EDGE_CURVE('',#8576,#8580,#9295,.T.);
#10837=ORIENTED_EDGE('',*,*,#10836,.T.);
#10838=ORIENTED_EDGE('',*,*,#10836,.F.);
#10839=EDGE_CURVE('',#8578,#8582,#9298,.T.);
#10840=ORIENTED_EDGE('',*,*,#10839,.T.);
#10841=ORIENTED_EDGE('',*,*,#10839,.F.);
#10842=EDGE_CURVE('',#8576,#8578,#10130,.T.);
#10843=ORIENTED_EDGE('',*,*,#10842,.T.);
#10844=ORIENTED_EDGE('',*,*,#10842,.F.);
#10845=EDGE_CURVE('',#8580,#8584,#9301,.T.);
#10846=ORIENTED_EDGE('',*,*,#10845,.T.);
#10847=ORIENTED_EDGE('',*,*,#10845,.F.);
#10848=EDGE_CURVE('',#8582,#8586,#9304,.T.);
#10849=ORIENTED_EDGE('',*,*,#10848,.T.);
#10850=ORIENTED_EDGE('',*,*,#10848,.F.);
#10851=EDGE_CURVE('',#8580,#8582,#10133,.T.);
#10852=ORIENTED_EDGE('',*,*,#10851,.T.);
#10853=ORIENTED_EDGE('',*,*,#10851,.F.);
#10854=EDGE_CURVE('',#8584,#8588,#9307,.T.);
#10855=ORIENTED_EDGE('',*,*,#10854,.T.);
#10856=ORIENTED_EDGE('',*,*,#10854,.F.);
#10857=EDGE_CURVE('',#8586,#8590,#9310,.T.);
#10858=ORIENTED_EDGE('',*,*,#10857,.T.);
#10859=ORIENTED_EDGE('',*,*,#10857,.F.);
#10860=EDGE_CURVE('',#8584,#8586,#10136,.T.);
#10861=ORIENTED_EDGE('',*,*,#10860,.T.);
#10862=ORIENTED_EDGE('',*,*,#10860,.F.);
#10863=EDGE_CURVE('',#8588,#8592,#9313,.T.);
#10864=ORIENTED_EDGE('',*,*,#10863,.T.);
#10865=ORIENTED_EDGE('',*,*,#10863,.F.);
#10866=EDGE_CURVE('',#8590,#8594,#9316,.T.);
#10867=ORIENTED_EDGE('',*,*,#10866,.T.);
#10868=ORIENTED_EDGE('',*,*,#10866,.F.);
#10869=EDGE_CURVE('',#8588,#8590,#10139,.T.);
#10870=ORIENTED_EDGE('',*,*,#10869,.T.);
#10871=ORIENTED_EDGE('',*,*,#10869,.F.);
#10872=EDGE_CURVE('',#8592,#8596,#9319,.T.);
#10873=ORIENTED_EDGE('',*,*,#10872,.T.);
#10874=ORIENTED_EDGE('',*,*,#10872,.F.);
#10875=EDGE_CURVE('',#8594,#8598,#9322,.T.);
#10876=ORIENTED_EDGE('',*,*,#10875,.T.);
#10877=ORIENTED_EDGE('',*,*,#10875,.F.);
#10878=EDGE_CURVE('',#8592,#8594,#10142,.T.);
#10879=ORIENTED_EDGE('',*,*,#10878,.T.);
#10880=ORIENTED_EDGE('',*,*,#10878,.F.);
#10881=EDGE_CURVE('',#8596,#8600,#9325,.T.);
#10882=ORIENTED_EDGE('',*,*,#10881,.T.);
#10883=ORIENTED_EDGE('',*,*,#10881,.F.);
#10884=EDGE_CURVE('',#8598,#8602,#9328,.T.);
#10885=ORIENTED_EDGE('',*,*,#10884,.T.);
#10886=ORIENTED_EDGE('',*,*,#10884,.F.);
#10887=EDGE_CURVE('',#8596,#8598,#10145,.T.);
#10888=ORIENTED_EDGE('',*,*,#10887,.T.);
#10889=ORIENTED_EDGE('',*,*,#10887,.F.);
#10890=EDGE_CURVE('',#8600,#8604,#9331,.T.);
#10891=ORIENTED_EDGE('',*,*,#10890,.T.);
#10892=ORIENTED_EDGE('',*,*,#10890,.F.);
#10893=EDGE_CURVE('',#8602,#8606,#9334,.T.);
#10894=ORIENTED_EDGE('',*,*,#10893,.T.);
#10895=ORIENTED_EDGE('',*,*,#10893,.F.);
#10896=EDGE_CURVE('',#8600,#8602,#10148,.T.);
#10897=ORIENTED_EDGE('',*,*,#10896,.T.);
#10898=ORIENTED_EDGE('',*,*,#10896,.F.);
#10899=EDGE_CURVE('',#8604,#8608,#9337,.T.);
#10900=ORIENTED_EDGE('',*,*,#10899,.T.);
#10901=ORIENTED_EDGE('',*,*,#10899,.F.);
#10902=EDGE_CURVE('',#8606,#8610,#9340,.T.);
#10903=ORIENTED_EDGE('',*,*,#10902,.T.);
#10904=ORIENTED_EDGE('',*,*,#10902,.F.);
#10905=EDGE_CURVE('',#8604,#8606,#10151,.T.);
#10906=ORIENTED_EDGE('',*,*,#10905,.T.);
#10907=ORIENTED_EDGE('',*,*,#10905,.F.);
#10908=EDGE_CURVE('',#8608,#8612,#9343,.T.);
#10909=ORIENTED_EDGE('',*,*,#10908,.T.);
#10910=ORIENTED_EDGE('',*,*,#10908,.F.);
#10911=EDGE_CURVE('',#8610,#8614,#9346,.T.);
#10912=ORIENTED_EDGE('',*,*,#10911,.T.);
#10913=ORIENTED_EDGE('',*,*,#10911,.F.);
#10914=EDGE_CURVE('',#8608,#8610,#10154,.T.);
#10915=ORIENTED_EDGE('',*,*,#10914,.T.);
#10916=ORIENTED_EDGE('',*,*,#10914,.F.);
#10917=EDGE_CURVE('',#8612,#8616,#9349,.T.);
#10918=ORIENTED_EDGE('',*,*,#10917,.T.);
#10919=ORIENTED_EDGE('',*,*,#10917,.F.);
#10920=EDGE_CURVE('',#8614,#8618,#9352,.T.);
#10921=ORIENTED_EDGE('',*,*,#10920,.T.);
#10922=ORIENTED_EDGE('',*,*,#10920,.F.);
#10923=EDGE_CURVE('',#8612,#8614,#10157,.T.);
#10924=ORIENTED_EDGE('',*,*,#10923,.T.);
#10925=ORIENTED_EDGE('',*,*,#10923,.F.);
#10926=EDGE_CURVE('',#8616,#8620,#9355,.T.);
#10927=ORIENTED_EDGE('',*,*,#10926,.T.);
#10928=ORIENTED_EDGE('',*,*,#10926,.F.);
#10929=EDGE_CURVE('',#8618,#8622,#9358,.T.);
#10930=ORIENTED_EDGE('',*,*,#10929,.T.);
#10931=ORIENTED_EDGE('',*,*,#10929,.F.);
#10932=EDGE_CURVE('',#8616,#8618,#10160,.T.);
#10933=ORIENTED_EDGE('',*,*,#10932,.T.);
#10934=ORIENTED_EDGE('',*,*,#10932,.F.);
#10935=EDGE_CURVE('',#8620,#8624,#9361,.T.);
#10936=ORIENTED_EDGE('',*,*,#10935,.T.);
#10937=ORIENTED_EDGE('',*,*,#10935,.F.);
#10938=EDGE_CURVE('',#8622,#8626,#9364,.T.);
#10939=ORIENTED_EDGE('',*,*,#10938,.T.);
#10940=ORIENTED_EDGE('',*,*,#10938,.F.);
#10941=EDGE_CURVE('',#8620,#8622,#10163,.T.);
#10942=ORIENTED_EDGE('',*,*,#10941,.T.);
#10943=ORIENTED_EDGE('',*,*,#10941,.F.);
#10944=EDGE_CURVE('',#8624,#8628,#9367,.T.);
#10945=ORIENTED_EDGE('',*,*,#10944,.T.);
#10946=ORIENTED_EDGE('',*,*,#10944,.F.);
#10947=EDGE_CURVE('',#8626,#8630,#9370,.T.);
#10948=ORIENTED_EDGE('',*,*,#10947,.T.);
#10949=ORIENTED_EDGE('',*,*,#10947,.F.);
#10950=EDGE_CURVE('',#8624,#8626,#10166,.T.);
#10951=ORIENTED_EDGE('',*,*,#10950,.T.);
#10952=ORIENTED_EDGE('',*,*,#10950,.F.);
#10953=EDGE_CURVE('',#8628,#8632,#9373,.T.);
#10954=ORIENTED_EDGE('',*,*,#10953,.T.);
#10955=ORIENTED_EDGE('',*,*,#10953,.F.);
#10956=EDGE_CURVE('',#8630,#8634,#9376,.T.);
#10957=ORIENTED_EDGE('',*,*,#10956,.T.);
#10958=ORIENTED_EDGE('',*,*,#10956,.F.);
#10959=EDGE_CURVE('',#8628,#8630,#10169,.T.);
#10960=ORIENTED_EDGE('',*,*,#10959,.T.);
#10961=ORIENTED_EDGE('',*,*,#10959,.F.);
#10962=EDGE_CURVE('',#8632,#8636,#9379,.T.);
#10963=ORIENTED_EDGE('',*,*,#10962,.T.);
#10964=ORIENTED_EDGE('',*,*,#10962,.F.);
#10965=EDGE_CURVE('',#8634,#8638,#9382,.T.);
#10966=ORIENTED_EDGE('',*,*,#10965,.T.);
#10967=ORIENTED_EDGE('',*,*,#10965,.F.);
#10968=EDGE_CURVE('',#8632,#8634,#10172,.T.);
#10969=ORIENTED_EDGE('',*,*,#10968,.T.);
#10970=ORIENTED_EDGE('',*,*,#10968,.F.);
#10971=EDGE_CURVE('',#8636,#8640,#9385,.T.);
#10972=ORIENTED_EDGE('',*,*,#10971,.T.);
#10973=ORIENTED_EDGE('',*,*,#10971,.F.);
#10974=EDGE_CURVE('',#8638,#8642,#9388,.T.);
#10975=ORIENTED_EDGE('',*,*,#10974,.T.);
#10976=ORIENTED_EDGE('',*,*,#10974,.F.);
#10977=EDGE_CURVE('',#8636,#8638,#10175,.T.);
#10978=ORIENTED_EDGE('',*,*,#10977,.T.);
#10979=ORIENTED_EDGE('',*,*,#10977,.F.);
#10980=EDGE_CURVE('',#8640,#8644,#9391,.T.);
#10981=ORIENTED_EDGE('',*,*,#10980,.T.);
#10982=ORIENTED_EDGE('',*,*,#10980,.F.);
#10983=EDGE_CURVE('',#8642,#8646,#9394,.T.);
#10984=ORIENTED_EDGE('',*,*,#10983,.T.);
#10985=ORIENTED_EDGE('',*,*,#10983,.F.);
#10986=EDGE_CURVE('',#8640,#8642,#10178,.T.);
#10987=ORIENTED_EDGE('',*,*,#10986,.T.);
#10988=ORIENTED_EDGE('',*,*,#10986,.F.);
#10989=EDGE_CURVE('',#8644,#8648,#9399,.T.);
#10990=ORIENTED_EDGE('',*,*,#10989,.T.);
#10991=ORIENTED_EDGE('',*,*,#10989,.F.);
#10992=EDGE_CURVE('',#8646,#8650,#9404,.T.);
#10993=ORIENTED_EDGE('',*,*,#10992,.T.);
#10994=ORIENTED_EDGE('',*,*,#10992,.F.);
#10995=EDGE_CURVE('',#8644,#8646,#10181,.T.);
#10996=ORIENTED_EDGE('',*,*,#10995,.T.);
#10997=ORIENTED_EDGE('',*,*,#10995,.F.);
#10998=EDGE_CURVE('',#8648,#8652,#9407,.T.);
#10999=ORIENTED_EDGE('',*,*,#10998,.T.);
#11000=ORIENTED_EDGE('',*,*,#10998,.F.);
#11001=EDGE_CURVE('',#8650,#8654,#9410,.T.);
#11002=ORIENTED_EDGE('',*,*,#11001,.T.);
#11003=ORIENTED_EDGE('',*,*,#11001,.F.);
#11004=EDGE_CURVE('',#8648,#8650,#10184,.T.);
#11005=ORIENTED_EDGE('',*,*,#11004,.T.);
#11006=ORIENTED_EDGE('',*,*,#11004,.F.);
#11007=EDGE_CURVE('',#8652,#8656,#9413,.T.);
#11008=ORIENTED_EDGE('',*,*,#11007,.T.);
#11009=ORIENTED_EDGE('',*,*,#11007,.F.);
#11010=EDGE_CURVE('',#8654,#8658,#9416,.T.);
#11011=ORIENTED_EDGE('',*,*,#11010,.T.);
#11012=ORIENTED_EDGE('',*,*,#11010,.F.);
#11013=EDGE_CURVE('',#8652,#8654,#10187,.T.);
#11014=ORIENTED_EDGE('',*,*,#11013,.T.);
#11015=ORIENTED_EDGE('',*,*,#11013,.F.);
#11016=EDGE_CURVE('',#8656,#8660,#9419,.T.);
#11017=ORIENTED_EDGE('',*,*,#11016,.T.);
#11018=ORIENTED_EDGE('',*,*,#11016,.F.);
#11019=EDGE_CURVE('',#8658,#8662,#9422,.T.);
#11020=ORIENTED_EDGE('',*,*,#11019,.T.);
#11021=ORIENTED_EDGE('',*,*,#11019,.F.);
#11022=EDGE_CURVE('',#8656,#8658,#10190,.T.);
#11023=ORIENTED_EDGE('',*,*,#11022,.T.);
#11024=ORIENTED_EDGE('',*,*,#11022,.F.);
#11025=EDGE_CURVE('',#8660,#8664,#9425,.T.);
#11026=ORIENTED_EDGE('',*,*,#11025,.T.);
#11027=ORIENTED_EDGE('',*,*,#11025,.F.);
#11028=EDGE_CURVE('',#8662,#8666,#9428,.T.);
#11029=ORIENTED_EDGE('',*,*,#11028,.T.);
#11030=ORIENTED_EDGE('',*,*,#11028,.F.);
#11031=EDGE_CURVE('',#8660,#8662,#10193,.T.);
#11032=ORIENTED_EDGE('',*,*,#11031,.T.);
#11033=ORIENTED_EDGE('',*,*,#11031,.F.);
#11034=EDGE_CURVE('',#8664,#8668,#9431,.T.);
#11035=ORIENTED_EDGE('',*,*,#11034,.T.);
#11036=ORIENTED_EDGE('',*,*,#11034,.F.);
#11037=EDGE_CURVE('',#8666,#8670,#9434,.T.);
#11038=ORIENTED_EDGE('',*,*,#11037,.T.);
#11039=ORIENTED_EDGE('',*,*,#11037,.F.);
#11040=EDGE_CURVE('',#8664,#8666,#10196,.T.);
#11041=ORIENTED_EDGE('',*,*,#11040,.T.);
#11042=ORIENTED_EDGE('',*,*,#11040,.F.);
#11043=EDGE_CURVE('',#8668,#8672,#9437,.T.);
#11044=ORIENTED_EDGE('',*,*,#11043,.T.);
#11045=ORIENTED_EDGE('',*,*,#11043,.F.);
#11046=EDGE_CURVE('',#8670,#8674,#9440,.T.);
#11047=ORIENTED_EDGE('',*,*,#11046,.T.);
#11048=ORIENTED_EDGE('',*,*,#11046,.F.);
#11049=EDGE_CURVE('',#8668,#8670,#10199,.T.);
#11050=ORIENTED_EDGE('',*,*,#11049,.T.);
#11051=ORIENTED_EDGE('',*,*,#11049,.F.);
#11052=EDGE_CURVE('',#8672,#8676,#9443,.T.);
#11053=ORIENTED_EDGE('',*,*,#11052,.T.);
#11054=ORIENTED_EDGE('',*,*,#11052,.F.);
#11055=EDGE_CURVE('',#8674,#8678,#9446,.T.);
#11056=ORIENTED_EDGE('',*,*,#11055,.T.);
#11057=ORIENTED_EDGE('',*,*,#11055,.F.);
#11058=EDGE_CURVE('',#8672,#8674,#10202,.T.);
#11059=ORIENTED_EDGE('',*,*,#11058,.T.);
#11060=ORIENTED_EDGE('',*,*,#11058,.F.);
#11061=EDGE_CURVE('',#8676,#8680,#9449,.T.);
#11062=ORIENTED_EDGE('',*,*,#11061,.T.);
#11063=ORIENTED_EDGE('',*,*,#11061,.F.);
#11064=EDGE_CURVE('',#8678,#8682,#9452,.T.);
#11065=ORIENTED_EDGE('',*,*,#11064,.T.);
#11066=ORIENTED_EDGE('',*,*,#11064,.F.);
#11067=EDGE_CURVE('',#8676,#8678,#10205,.T.);
#11068=ORIENTED_EDGE('',*,*,#11067,.T.);
#11069=ORIENTED_EDGE('',*,*,#11067,.F.);
#11070=EDGE_CURVE('',#8680,#8684,#9455,.T.);
#11071=ORIENTED_EDGE('',*,*,#11070,.T.);
#11072=ORIENTED_EDGE('',*,*,#11070,.F.);
#11073=EDGE_CURVE('',#8682,#8686,#9458,.T.);
#11074=ORIENTED_EDGE('',*,*,#11073,.T.);
#11075=ORIENTED_EDGE('',*,*,#11073,.F.);
#11076=EDGE_CURVE('',#8680,#8682,#10208,.T.);
#11077=ORIENTED_EDGE('',*,*,#11076,.T.);
#11078=ORIENTED_EDGE('',*,*,#11076,.F.);
#11079=EDGE_CURVE('',#8684,#8688,#9461,.T.);
#11080=ORIENTED_EDGE('',*,*,#11079,.T.);
#11081=ORIENTED_EDGE('',*,*,#11079,.F.);
#11082=EDGE_CURVE('',#8686,#8690,#9464,.T.);
#11083=ORIENTED_EDGE('',*,*,#11082,.T.);
#11084=ORIENTED_EDGE('',*,*,#11082,.F.);
#11085=EDGE_CURVE('',#8684,#8686,#10211,.T.);
#11086=ORIENTED_EDGE('',*,*,#11085,.T.);
#11087=ORIENTED_EDGE('',*,*,#11085,.F.);
#11088=EDGE_CURVE('',#8688,#8692,#9467,.T.);
#11089=ORIENTED_EDGE('',*,*,#11088,.T.);
#11090=ORIENTED_EDGE('',*,*,#11088,.F.);
#11091=EDGE_CURVE('',#8690,#8694,#9470,.T.);
#11092=ORIENTED_EDGE('',*,*,#11091,.T.);
#11093=ORIENTED_EDGE('',*,*,#11091,.F.);
#11094=EDGE_CURVE('',#8688,#8690,#10214,.T.);
#11095=ORIENTED_EDGE('',*,*,#11094,.T.);
#11096=ORIENTED_EDGE('',*,*,#11094,.F.);
#11097=EDGE_CURVE('',#8692,#8696,#9473,.T.);
#11098=ORIENTED_EDGE('',*,*,#11097,.T.);
#11099=ORIENTED_EDGE('',*,*,#11097,.F.);
#11100=EDGE_CURVE('',#8694,#8698,#9476,.T.);
#11101=ORIENTED_EDGE('',*,*,#11100,.T.);
#11102=ORIENTED_EDGE('',*,*,#11100,.F.);
#11103=EDGE_CURVE('',#8692,#8694,#10217,.T.);
#11104=ORIENTED_EDGE('',*,*,#11103,.T.);
#11105=ORIENTED_EDGE('',*,*,#11103,.F.);
#11106=EDGE_CURVE('',#8696,#8700,#9479,.T.);
#11107=ORIENTED_EDGE('',*,*,#11106,.T.);
#11108=ORIENTED_EDGE('',*,*,#11106,.F.);
#11109=EDGE_CURVE('',#8698,#8702,#9482,.T.);
#11110=ORIENTED_EDGE('',*,*,#11109,.T.);
#11111=ORIENTED_EDGE('',*,*,#11109,.F.);
#11112=EDGE_CURVE('',#8696,#8698,#10220,.T.);
#11113=ORIENTED_EDGE('',*,*,#11112,.T.);
#11114=ORIENTED_EDGE('',*,*,#11112,.F.);
#11115=EDGE_CURVE('',#8700,#8704,#9485,.T.);
#11116=ORIENTED_EDGE('',*,*,#11115,.T.);
#11117=ORIENTED_EDGE('',*,*,#11115,.F.);
#11118=EDGE_CURVE('',#8702,#8706,#9488,.T.);
#11119=ORIENTED_EDGE('',*,*,#11118,.T.);
#11120=ORIENTED_EDGE('',*,*,#11118,.F.);
#11121=EDGE_CURVE('',#8700,#8702,#10223,.T.);
#11122=ORIENTED_EDGE('',*,*,#11121,.T.);
#11123=ORIENTED_EDGE('',*,*,#11121,.F.);
#11124=EDGE_CURVE('',#8704,#8708,#9491,.T.);
#11125=ORIENTED_EDGE('',*,*,#11124,.T.);
#11126=ORIENTED_EDGE('',*,*,#11124,.F.);
#11127=EDGE_CURVE('',#8706,#8710,#9494,.T.);
#11128=ORIENTED_EDGE('',*,*,#11127,.T.);
#11129=ORIENTED_EDGE('',*,*,#11127,.F.);
#11130=EDGE_CURVE('',#8704,#8706,#10226,.T.);
#11131=ORIENTED_EDGE('',*,*,#11130,.T.);
#11132=ORIENTED_EDGE('',*,*,#11130,.F.);
#11133=EDGE_CURVE('',#8708,#8712,#9497,.T.);
#11134=ORIENTED_EDGE('',*,*,#11133,.T.);
#11135=ORIENTED_EDGE('',*,*,#11133,.F.);
#11136=EDGE_CURVE('',#8710,#8714,#9500,.T.);
#11137=ORIENTED_EDGE('',*,*,#11136,.T.);
#11138=ORIENTED_EDGE('',*,*,#11136,.F.);
#11139=EDGE_CURVE('',#8708,#8710,#10229,.T.);
#11140=ORIENTED_EDGE('',*,*,#11139,.T.);
#11141=ORIENTED_EDGE('',*,*,#11139,.F.);
#11142=EDGE_CURVE('',#8712,#8716,#9503,.T.);
#11143=ORIENTED_EDGE('',*,*,#11142,.T.);
#11144=ORIENTED_EDGE('',*,*,#11142,.F.);
#11145=EDGE_CURVE('',#8714,#8718,#9506,.T.);
#11146=ORIENTED_EDGE('',*,*,#11145,.T.);
#11147=ORIENTED_EDGE('',*,*,#11145,.F.);
#11148=EDGE_CURVE('',#8712,#8714,#10232,.T.);
#11149=ORIENTED_EDGE('',*,*,#11148,.T.);
#11150=ORIENTED_EDGE('',*,*,#11148,.F.);
#11151=EDGE_CURVE('',#8716,#8720,#9509,.T.);
#11152=ORIENTED_EDGE('',*,*,#11151,.T.);
#11153=ORIENTED_EDGE('',*,*,#11151,.F.);
#11154=EDGE_CURVE('',#8718,#8722,#9512,.T.);
#11155=ORIENTED_EDGE('',*,*,#11154,.T.);
#11156=ORIENTED_EDGE('',*,*,#11154,.F.);
#11157=EDGE_CURVE('',#8716,#8718,#10235,.T.);
#11158=ORIENTED_EDGE('',*,*,#11157,.T.);
#11159=ORIENTED_EDGE('',*,*,#11157,.F.);
#11160=EDGE_CURVE('',#8720,#8724,#9515,.T.);
#11161=ORIENTED_EDGE('',*,*,#11160,.T.);
#11162=ORIENTED_EDGE('',*,*,#11160,.F.);
#11163=EDGE_CURVE('',#8722,#8726,#9518,.T.);
#11164=ORIENTED_EDGE('',*,*,#11163,.T.);
#11165=ORIENTED_EDGE('',*,*,#11163,.F.);
#11166=EDGE_CURVE('',#8720,#8722,#10238,.T.);
#11167=ORIENTED_EDGE('',*,*,#11166,.T.);
#11168=ORIENTED_EDGE('',*,*,#11166,.F.);
#11169=EDGE_CURVE('',#8724,#8728,#9521,.T.);
#11170=ORIENTED_EDGE('',*,*,#11169,.T.);
#11171=ORIENTED_EDGE('',*,*,#11169,.F.);
#11172=EDGE_CURVE('',#8726,#8730,#9524,.T.);
#11173=ORIENTED_EDGE('',*,*,#11172,.T.);
#11174=ORIENTED_EDGE('',*,*,#11172,.F.);
#11175=EDGE_CURVE('',#8724,#8726,#10241,.T.);
#11176=ORIENTED_EDGE('',*,*,#11175,.T.);
#11177=ORIENTED_EDGE('',*,*,#11175,.F.);
#11178=EDGE_CURVE('',#8728,#8732,#9527,.T.);
#11179=ORIENTED_EDGE('',*,*,#11178,.T.);
#11180=ORIENTED_EDGE('',*,*,#11178,.F.);
#11181=EDGE_CURVE('',#8730,#8734,#9530,.T.);
#11182=ORIENTED_EDGE('',*,*,#11181,.T.);
#11183=ORIENTED_EDGE('',*,*,#11181,.F.);
#11184=EDGE_CURVE('',#8728,#8730,#10244,.T.);
#11185=ORIENTED_EDGE('',*,*,#11184,.T.);
#11186=ORIENTED_EDGE('',*,*,#11184,.F.);
#11187=EDGE_CURVE('',#8732,#8736,#9533,.T.);
#11188=ORIENTED_EDGE('',*,*,#11187,.T.);
#11189=ORIENTED_EDGE('',*,*,#11187,.F.);
#11190=EDGE_CURVE('',#8734,#8738,#9536,.T.);
#11191=ORIENTED_EDGE('',*,*,#11190,.T.);
#11192=ORIENTED_EDGE('',*,*,#11190,.F.);
#11193=EDGE_CURVE('',#8732,#8734,#10247,.T.);
#11194=ORIENTED_EDGE('',*,*,#11193,.T.);
#11195=ORIENTED_EDGE('',*,*,#11193,.F.);
#11196=EDGE_CURVE('',#8736,#8740,#9539,.T.);
#11197=ORIENTED_EDGE('',*,*,#11196,.T.);
#11198=ORIENTED_EDGE('',*,*,#11196,.F.);
#11199=EDGE_CURVE('',#8738,#8742,#9542,.T.);
#11200=ORIENTED_EDGE('',*,*,#11199,.T.);
#11201=ORIENTED_EDGE('',*,*,#11199,.F.);
#11202=EDGE_CURVE('',#8736,#8738,#10250,.T.);
#11203=ORIENTED_EDGE('',*,*,#11202,.T.);
#11204=ORIENTED_EDGE('',*,*,#11202,.F.);
#11205=EDGE_CURVE('',#8740,#8744,#9545,.T.);
#11206=ORIENTED_EDGE('',*,*,#11205,.T.);
#11207=ORIENTED_EDGE('',*,*,#11205,.F.);
#11208=EDGE_CURVE('',#8742,#8746,#9548,.T.);
#11209=ORIENTED_EDGE('',*,*,#11208,.T.);
#11210=ORIENTED_EDGE('',*,*,#11208,.F.);
#11211=EDGE_CURVE('',#8740,#8742,#10253,.T.);
#11212=ORIENTED_EDGE('',*,*,#11211,.T.);
#11213=ORIENTED_EDGE('',*,*,#11211,.F.);
#11214=EDGE_CURVE('',#8744,#8748,#9551,.T.);
#11215=ORIENTED_EDGE('',*,*,#11214,.T.);
#11216=ORIENTED_EDGE('',*,*,#11214,.F.);
#11217=EDGE_CURVE('',#8746,#8750,#9554,.T.);
#11218=ORIENTED_EDGE('',*,*,#11217,.T.);
#11219=ORIENTED_EDGE('',*,*,#11217,.F.);
#11220=EDGE_CURVE('',#8744,#8746,#10256,.T.);
#11221=ORIENTED_EDGE('',*,*,#11220,.T.);
#11222=ORIENTED_EDGE('',*,*,#11220,.F.);
#11223=EDGE_CURVE('',#8748,#8752,#9557,.T.);
#11224=ORIENTED_EDGE('',*,*,#11223,.T.);
#11225=ORIENTED_EDGE('',*,*,#11223,.F.);
#11226=EDGE_CURVE('',#8750,#8754,#9560,.T.);
#11227=ORIENTED_EDGE('',*,*,#11226,.T.);
#11228=ORIENTED_EDGE('',*,*,#11226,.F.);
#11229=EDGE_CURVE('',#8748,#8750,#10259,.T.);
#11230=ORIENTED_EDGE('',*,*,#11229,.T.);
#11231=ORIENTED_EDGE('',*,*,#11229,.F.);
#11232=EDGE_CURVE('',#8752,#8756,#9563,.T.);
#11233=ORIENTED_EDGE('',*,*,#11232,.T.);
#11234=ORIENTED_EDGE('',*,*,#11232,.F.);
#11235=EDGE_CURVE('',#8754,#8758,#9566,.T.);
#11236=ORIENTED_EDGE('',*,*,#11235,.T.);
#11237=ORIENTED_EDGE('',*,*,#11235,.F.);
#11238=EDGE_CURVE('',#8752,#8754,#10262,.T.);
#11239=ORIENTED_EDGE('',*,*,#11238,.T.);
#11240=ORIENTED_EDGE('',*,*,#11238,.F.);
#11241=EDGE_CURVE('',#8756,#8760,#9569,.T.);
#11242=ORIENTED_EDGE('',*,*,#11241,.T.);
#11243=ORIENTED_EDGE('',*,*,#11241,.F.);
#11244=EDGE_CURVE('',#8758,#8762,#9572,.T.);
#11245=ORIENTED_EDGE('',*,*,#11244,.T.);
#11246=ORIENTED_EDGE('',*,*,#11244,.F.);
#11247=EDGE_CURVE('',#8756,#8758,#10265,.T.);
#11248=ORIENTED_EDGE('',*,*,#11247,.T.);
#11249=ORIENTED_EDGE('',*,*,#11247,.F.);
#11250=EDGE_CURVE('',#8760,#8764,#9575,.T.);
#11251=ORIENTED_EDGE('',*,*,#11250,.T.);
#11252=ORIENTED_EDGE('',*,*,#11250,.F.);
#11253=EDGE_CURVE('',#8762,#8766,#9578,.T.);
#11254=ORIENTED_EDGE('',*,*,#11253,.T.);
#11255=ORIENTED_EDGE('',*,*,#11253,.F.);
#11256=EDGE_CURVE('',#8760,#8762,#10268,.T.);
#11257=ORIENTED_EDGE('',*,*,#11256,.T.);
#11258=ORIENTED_EDGE('',*,*,#11256,.F.);
#11259=EDGE_CURVE('',#8764,#8768,#9581,.T.);
#11260=ORIENTED_EDGE('',*,*,#11259,.T.);
#11261=ORIENTED_EDGE('',*,*,#11259,.F.);
#11262=EDGE_CURVE('',#8766,#8770,#9584,.T.);
#11263=ORIENTED_EDGE('',*,*,#11262,.T.);
#11264=ORIENTED_EDGE('',*,*,#11262,.F.);
#11265=EDGE_CURVE('',#8764,#8766,#10271,.T.);
#11266=ORIENTED_EDGE('',*,*,#11265,.T.);
#11267=ORIENTED_EDGE('',*,*,#11265,.F.);
#11268=EDGE_CURVE('',#8768,#8772,#9587,.T.);
#11269=ORIENTED_EDGE('',*,*,#11268,.T.);
#11270=ORIENTED_EDGE('',*,*,#11268,.F.);
#11271=EDGE_CURVE('',#8770,#8774,#9590,.T.);
#11272=ORIENTED_EDGE('',*,*,#11271,.T.);
#11273=ORIENTED_EDGE('',*,*,#11271,.F.);
#11274=EDGE_CURVE('',#8768,#8770,#10274,.T.);
#11275=ORIENTED_EDGE('',*,*,#11274,.T.);
#11276=ORIENTED_EDGE('',*,*,#11274,.F.);
#11277=EDGE_CURVE('',#8772,#8776,#9593,.T.);
#11278=ORIENTED_EDGE('',*,*,#11277,.T.);
#11279=ORIENTED_EDGE('',*,*,#11277,.F.);
#11280=EDGE_CURVE('',#8774,#8778,#9596,.T.);
#11281=ORIENTED_EDGE('',*,*,#11280,.T.);
#11282=ORIENTED_EDGE('',*,*,#11280,.F.);
#11283=EDGE_CURVE('',#8772,#8774,#10277,.T.);
#11284=ORIENTED_EDGE('',*,*,#11283,.T.);
#11285=ORIENTED_EDGE('',*,*,#11283,.F.);
#11286=EDGE_CURVE('',#8776,#8780,#9599,.T.);
#11287=ORIENTED_EDGE('',*,*,#11286,.T.);
#11288=ORIENTED_EDGE('',*,*,#11286,.F.);
#11289=EDGE_CURVE('',#8778,#8782,#9602,.T.);
#11290=ORIENTED_EDGE('',*,*,#11289,.T.);
#11291=ORIENTED_EDGE('',*,*,#11289,.F.);
#11292=EDGE_CURVE('',#8776,#8778,#10280,.T.);
#11293=ORIENTED_EDGE('',*,*,#11292,.T.);
#11294=ORIENTED_EDGE('',*,*,#11292,.F.);
#11295=EDGE_CURVE('',#8780,#8784,#9605,.T.);
#11296=ORIENTED_EDGE('',*,*,#11295,.T.);
#11297=ORIENTED_EDGE('',*,*,#11295,.F.);
#11298=EDGE_CURVE('',#8782,#8786,#9608,.T.);
#11299=ORIENTED_EDGE('',*,*,#11298,.T.);
#11300=ORIENTED_EDGE('',*,*,#11298,.F.);
#11301=EDGE_CURVE('',#8780,#8782,#10283,.T.);
#11302=ORIENTED_EDGE('',*,*,#11301,.T.);
#11303=ORIENTED_EDGE('',*,*,#11301,.F.);
#11304=EDGE_CURVE('',#8784,#8788,#9611,.T.);
#11305=ORIENTED_EDGE('',*,*,#11304,.T.);
#11306=ORIENTED_EDGE('',*,*,#11304,.F.);
#11307=EDGE_CURVE('',#8786,#8790,#9614,.T.);
#11308=ORIENTED_EDGE('',*,*,#11307,.T.);
#11309=ORIENTED_EDGE('',*,*,#11307,.F.);
#11310=EDGE_CURVE('',#8784,#8786,#10286,.T.);
#11311=ORIENTED_EDGE('',*,*,#11310,.T.);
#11312=ORIENTED_EDGE('',*,*,#11310,.F.);
#11313=EDGE_CURVE('',#8788,#8792,#9617,.T.);
#11314=ORIENTED_EDGE('',*,*,#11313,.T.);
#11315=ORIENTED_EDGE('',*,*,#11313,.F.);
#11316=EDGE_CURVE('',#8790,#8794,#9620,.T.);
#11317=ORIENTED_EDGE('',*,*,#11316,.T.);
#11318=ORIENTED_EDGE('',*,*,#11316,.F.);
#11319=EDGE_CURVE('',#8788,#8790,#10289,.T.);
#11320=ORIENTED_EDGE('',*,*,#11319,.T.);
#11321=ORIENTED_EDGE('',*,*,#11319,.F.);
#11322=EDGE_CURVE('',#8792,#8796,#9623,.T.);
#11323=ORIENTED_EDGE('',*,*,#11322,.T.);
#11324=ORIENTED_EDGE('',*,*,#11322,.F.);
#11325=EDGE_CURVE('',#8794,#8798,#9626,.T.);
#11326=ORIENTED_EDGE('',*,*,#11325,.T.);
#11327=ORIENTED_EDGE('',*,*,#11325,.F.);
#11328=EDGE_CURVE('',#8792,#8794,#10292,.T.);
#11329=ORIENTED_EDGE('',*,*,#11328,.T.);
#11330=ORIENTED_EDGE('',*,*,#11328,.F.);
#11331=EDGE_CURVE('',#8796,#8800,#9629,.T.);
#11332=ORIENTED_EDGE('',*,*,#11331,.T.);
#11333=ORIENTED_EDGE('',*,*,#11331,.F.);
#11334=EDGE_CURVE('',#8798,#8802,#9632,.T.);
#11335=ORIENTED_EDGE('',*,*,#11334,.T.);
#11336=ORIENTED_EDGE('',*,*,#11334,.F.);
#11337=EDGE_CURVE('',#8796,#8798,#10295,.T.);
#11338=ORIENTED_EDGE('',*,*,#11337,.T.);
#11339=ORIENTED_EDGE('',*,*,#11337,.F.);
#11340=EDGE_CURVE('',#8800,#8804,#9635,.T.);
#11341=ORIENTED_EDGE('',*,*,#11340,.T.);
#11342=ORIENTED_EDGE('',*,*,#11340,.F.);
#11343=EDGE_CURVE('',#8802,#8806,#9638,.T.);
#11344=ORIENTED_EDGE('',*,*,#11343,.T.);
#11345=ORIENTED_EDGE('',*,*,#11343,.F.);
#11346=EDGE_CURVE('',#8800,#8802,#10298,.T.);
#11347=ORIENTED_EDGE('',*,*,#11346,.T.);
#11348=ORIENTED_EDGE('',*,*,#11346,.F.);
#11349=EDGE_CURVE('',#8804,#8808,#9641,.T.);
#11350=ORIENTED_EDGE('',*,*,#11349,.T.);
#11351=ORIENTED_EDGE('',*,*,#11349,.F.);
#11352=EDGE_CURVE('',#8806,#8810,#9644,.T.);
#11353=ORIENTED_EDGE('',*,*,#11352,.T.);
#11354=ORIENTED_EDGE('',*,*,#11352,.F.);
#11355=EDGE_CURVE('',#8804,#8806,#10301,.T.);
#11356=ORIENTED_EDGE('',*,*,#11355,.T.);
#11357=ORIENTED_EDGE('',*,*,#11355,.F.);
#11358=EDGE_CURVE('',#8808,#8812,#9647,.T.);
#11359=ORIENTED_EDGE('',*,*,#11358,.T.);
#11360=ORIENTED_EDGE('',*,*,#11358,.F.);
#11361=EDGE_CURVE('',#8810,#8814,#9650,.T.);
#11362=ORIENTED_EDGE('',*,*,#11361,.T.);
#11363=ORIENTED_EDGE('',*,*,#11361,.F.);
#11364=EDGE_CURVE('',#8808,#8810,#10304,.T.);
#11365=ORIENTED_EDGE('',*,*,#11364,.T.);
#11366=ORIENTED_EDGE('',*,*,#11364,.F.);
#11367=EDGE_CURVE('',#8812,#8816,#9653,.T.);
#11368=ORIENTED_EDGE('',*,*,#11367,.T.);
#11369=ORIENTED_EDGE('',*,*,#11367,.F.);
#11370=EDGE_CURVE('',#8814,#8818,#9656,.T.);
#11371=ORIENTED_EDGE('',*,*,#11370,.T.);
#11372=ORIENTED_EDGE('',*,*,#11370,.F.);
#11373=EDGE_CURVE('',#8812,#8814,#10307,.T.);
#11374=ORIENTED_EDGE('',*,*,#11373,.T.);
#11375=ORIENTED_EDGE('',*,*,#11373,.F.);
#11376=EDGE_CURVE('',#8816,#8820,#9659,.T.);
#11377=ORIENTED_EDGE('',*,*,#11376,.T.);
#11378=ORIENTED_EDGE('',*,*,#11376,.F.);
#11379=EDGE_CURVE('',#8818,#8822,#9662,.T.);
#11380=ORIENTED_EDGE('',*,*,#11379,.T.);
#11381=ORIENTED_EDGE('',*,*,#11379,.F.);
#11382=EDGE_CURVE('',#8816,#8818,#10310,.T.);
#11383=ORIENTED_EDGE('',*,*,#11382,.T.);
#11384=ORIENTED_EDGE('',*,*,#11382,.F.);
#11385=EDGE_CURVE('',#8820,#8824,#9665,.T.);
#11386=ORIENTED_EDGE('',*,*,#11385,.T.);
#11387=ORIENTED_EDGE('',*,*,#11385,.F.);
#11388=EDGE_CURVE('',#8822,#8826,#9668,.T.);
#11389=ORIENTED_EDGE('',*,*,#11388,.T.);
#11390=ORIENTED_EDGE('',*,*,#11388,.F.);
#11391=EDGE_CURVE('',#8820,#8822,#10313,.T.);
#11392=ORIENTED_EDGE('',*,*,#11391,.T.);
#11393=ORIENTED_EDGE('',*,*,#11391,.F.);
#11394=EDGE_CURVE('',#8824,#8828,#9671,.T.);
#11395=ORIENTED_EDGE('',*,*,#11394,.T.);
#11396=ORIENTED_EDGE('',*,*,#11394,.F.);
#11397=EDGE_CURVE('',#8826,#8830,#9674,.T.);
#11398=ORIENTED_EDGE('',*,*,#11397,.T.);
#11399=ORIENTED_EDGE('',*,*,#11397,.F.);
#11400=EDGE_CURVE('',#8824,#8826,#10316,.T.);
#11401=ORIENTED_EDGE('',*,*,#11400,.T.);
#11402=ORIENTED_EDGE('',*,*,#11400,.F.);
#11403=EDGE_CURVE('',#8828,#8832,#9677,.T.);
#11404=ORIENTED_EDGE('',*,*,#11403,.T.);
#11405=ORIENTED_EDGE('',*,*,#11403,.F.);
#11406=EDGE_CURVE('',#8830,#8834,#9680,.T.);
#11407=ORIENTED_EDGE('',*,*,#11406,.T.);
#11408=ORIENTED_EDGE('',*,*,#11406,.F.);
#11409=EDGE_CURVE('',#8828,#8830,#10319,.T.);
#11410=ORIENTED_EDGE('',*,*,#11409,.T.);
#11411=ORIENTED_EDGE('',*,*,#11409,.F.);
#11412=EDGE_CURVE('',#8832,#8836,#9683,.T.);
#11413=ORIENTED_EDGE('',*,*,#11412,.T.);
#11414=ORIENTED_EDGE('',*,*,#11412,.F.);
#11415=EDGE_CURVE('',#8834,#8838,#9686,.T.);
#11416=ORIENTED_EDGE('',*,*,#11415,.T.);
#11417=ORIENTED_EDGE('',*,*,#11415,.F.);
#11418=EDGE_CURVE('',#8832,#8834,#10322,.T.);
#11419=ORIENTED_EDGE('',*,*,#11418,.T.);
#11420=ORIENTED_EDGE('',*,*,#11418,.F.);
#11421=EDGE_CURVE('',#8836,#8840,#9689,.T.);
#11422=ORIENTED_EDGE('',*,*,#11421,.T.);
#11423=ORIENTED_EDGE('',*,*,#11421,.F.);
#11424=EDGE_CURVE('',#8838,#8842,#9692,.T.);
#11425=ORIENTED_EDGE('',*,*,#11424,.T.);
#11426=ORIENTED_EDGE('',*,*,#11424,.F.);
#11427=EDGE_CURVE('',#8836,#8838,#10325,.T.);
#11428=ORIENTED_EDGE('',*,*,#11427,.T.);
#11429=ORIENTED_EDGE('',*,*,#11427,.F.);
#11430=EDGE_CURVE('',#8840,#8844,#9695,.T.);
#11431=ORIENTED_EDGE('',*,*,#11430,.T.);
#11432=ORIENTED_EDGE('',*,*,#11430,.F.);
#11433=EDGE_CURVE('',#8842,#8846,#9698,.T.);
#11434=ORIENTED_EDGE('',*,*,#11433,.T.);
#11435=ORIENTED_EDGE('',*,*,#11433,.F.);
#11436=EDGE_CURVE('',#8840,#8842,#10328,.T.);
#11437=ORIENTED_EDGE('',*,*,#11436,.T.);
#11438=ORIENTED_EDGE('',*,*,#11436,.F.);
#11439=EDGE_CURVE('',#8844,#8848,#9701,.T.);
#11440=ORIENTED_EDGE('',*,*,#11439,.T.);
#11441=ORIENTED_EDGE('',*,*,#11439,.F.);
#11442=EDGE_CURVE('',#8846,#8850,#9704,.T.);
#11443=ORIENTED_EDGE('',*,*,#11442,.T.);
#11444=ORIENTED_EDGE('',*,*,#11442,.F.);
#11445=EDGE_CURVE('',#8844,#8846,#10331,.T.);
#11446=ORIENTED_EDGE('',*,*,#11445,.T.);
#11447=ORIENTED_EDGE('',*,*,#11445,.F.);
#11448=EDGE_CURVE('',#8848,#8852,#9707,.T.);
#11449=ORIENTED_EDGE('',*,*,#11448,.T.);
#11450=ORIENTED_EDGE('',*,*,#11448,.F.);
#11451=EDGE_CURVE('',#8850,#8854,#9710,.T.);
#11452=ORIENTED_EDGE('',*,*,#11451,.T.);
#11453=ORIENTED_EDGE('',*,*,#11451,.F.);
#11454=EDGE_CURVE('',#8848,#8850,#10334,.T.);
#11455=ORIENTED_EDGE('',*,*,#11454,.T.);
#11456=ORIENTED_EDGE('',*,*,#11454,.F.);
#11457=EDGE_CURVE('',#8852,#8856,#9713,.T.);
#11458=ORIENTED_EDGE('',*,*,#11457,.T.);
#11459=ORIENTED_EDGE('',*,*,#11457,.F.);
#11460=EDGE_CURVE('',#8854,#8858,#9716,.T.);
#11461=ORIENTED_EDGE('',*,*,#11460,.T.);
#11462=ORIENTED_EDGE('',*,*,#11460,.F.);
#11463=EDGE_CURVE('',#8852,#8854,#10337,.T.);
#11464=ORIENTED_EDGE('',*,*,#11463,.T.);
#11465=ORIENTED_EDGE('',*,*,#11463,.F.);
#11466=EDGE_CURVE('',#8856,#8860,#9719,.T.);
#11467=ORIENTED_EDGE('',*,*,#11466,.T.);
#11468=ORIENTED_EDGE('',*,*,#11466,.F.);
#11469=EDGE_CURVE('',#8858,#8862,#9722,.T.);
#11470=ORIENTED_EDGE('',*,*,#11469,.T.);
#11471=ORIENTED_EDGE('',*,*,#11469,.F.);
#11472=EDGE_CURVE('',#8856,#8858,#10340,.T.);
#11473=ORIENTED_EDGE('',*,*,#11472,.T.);
#11474=ORIENTED_EDGE('',*,*,#11472,.F.);
#11475=EDGE_CURVE('',#8860,#8864,#9725,.T.);
#11476=ORIENTED_EDGE('',*,*,#11475,.T.);
#11477=ORIENTED_EDGE('',*,*,#11475,.F.);
#11478=EDGE_CURVE('',#8862,#8866,#9728,.T.);
#11479=ORIENTED_EDGE('',*,*,#11478,.T.);
#11480=ORIENTED_EDGE('',*,*,#11478,.F.);
#11481=EDGE_CURVE('',#8860,#8862,#10343,.T.);
#11482=ORIENTED_EDGE('',*,*,#11481,.T.);
#11483=ORIENTED_EDGE('',*,*,#11481,.F.);
#11484=EDGE_CURVE('',#8864,#8868,#9731,.T.);
#11485=ORIENTED_EDGE('',*,*,#11484,.T.);
#11486=ORIENTED_EDGE('',*,*,#11484,.F.);
#11487=EDGE_CURVE('',#8866,#8870,#9734,.T.);
#11488=ORIENTED_EDGE('',*,*,#11487,.T.);
#11489=ORIENTED_EDGE('',*,*,#11487,.F.);
#11490=EDGE_CURVE('',#8864,#8866,#10346,.T.);
#11491=ORIENTED_EDGE('',*,*,#11490,.T.);
#11492=ORIENTED_EDGE('',*,*,#11490,.F.);
#11493=EDGE_CURVE('',#8868,#8872,#9737,.T.);
#11494=ORIENTED_EDGE('',*,*,#11493,.T.);
#11495=ORIENTED_EDGE('',*,*,#11493,.F.);
#11496=EDGE_CURVE('',#8870,#8874,#9740,.T.);
#11497=ORIENTED_EDGE('',*,*,#11496,.T.);
#11498=ORIENTED_EDGE('',*,*,#11496,.F.);
#11499=EDGE_CURVE('',#8868,#8870,#10349,.T.);
#11500=ORIENTED_EDGE('',*,*,#11499,.T.);
#11501=ORIENTED_EDGE('',*,*,#11499,.F.);
#11502=EDGE_CURVE('',#8872,#8876,#9743,.T.);
#11503=ORIENTED_EDGE('',*,*,#11502,.T.);
#11504=ORIENTED_EDGE('',*,*,#11502,.F.);
#11505=EDGE_CURVE('',#8874,#8878,#9746,.T.);
#11506=ORIENTED_EDGE('',*,*,#11505,.T.);
#11507=ORIENTED_EDGE('',*,*,#11505,.F.);
#11508=EDGE_CURVE('',#8872,#8874,#10352,.T.);
#11509=ORIENTED_EDGE('',*,*,#11508,.T.);
#11510=ORIENTED_EDGE('',*,*,#11508,.F.);
#11511=EDGE_CURVE('',#8876,#8880,#9749,.T.);
#11512=ORIENTED_EDGE('',*,*,#11511,.T.);
#11513=ORIENTED_EDGE('',*,*,#11511,.F.);
#11514=EDGE_CURVE('',#8878,#8882,#9752,.T.);
#11515=ORIENTED_EDGE('',*,*,#11514,.T.);
#11516=ORIENTED_EDGE('',*,*,#11514,.F.);
#11517=EDGE_CURVE('',#8876,#8878,#10355,.T.);
#11518=ORIENTED_EDGE('',*,*,#11517,.T.);
#11519=ORIENTED_EDGE('',*,*,#11517,.F.);
#11520=EDGE_CURVE('',#8880,#8884,#9755,.T.);
#11521=ORIENTED_EDGE('',*,*,#11520,.T.);
#11522=ORIENTED_EDGE('',*,*,#11520,.F.);
#11523=EDGE_CURVE('',#8882,#8886,#9758,.T.);
#11524=ORIENTED_EDGE('',*,*,#11523,.T.);
#11525=ORIENTED_EDGE('',*,*,#11523,.F.);
#11526=EDGE_CURVE('',#8880,#8882,#10358,.T.);
#11527=ORIENTED_EDGE('',*,*,#11526,.T.);
#11528=ORIENTED_EDGE('',*,*,#11526,.F.);
#11529=EDGE_CURVE('',#8884,#8888,#9761,.T.);
#11530=ORIENTED_EDGE('',*,*,#11529,.T.);
#11531=ORIENTED_EDGE('',*,*,#11529,.F.);
#11532=EDGE_CURVE('',#8886,#8890,#9764,.T.);
#11533=ORIENTED_EDGE('',*,*,#11532,.T.);
#11534=ORIENTED_EDGE('',*,*,#11532,.F.);
#11535=EDGE_CURVE('',#8884,#8886,#10361,.T.);
#11536=ORIENTED_EDGE('',*,*,#11535,.T.);
#11537=ORIENTED_EDGE('',*,*,#11535,.F.);
#11538=EDGE_CURVE('',#8888,#8892,#9767,.T.);
#11539=ORIENTED_EDGE('',*,*,#11538,.T.);
#11540=ORIENTED_EDGE('',*,*,#11538,.F.);
#11541=EDGE_CURVE('',#8890,#8894,#9770,.T.);
#11542=ORIENTED_EDGE('',*,*,#11541,.T.);
#11543=ORIENTED_EDGE('',*,*,#11541,.F.);
#11544=EDGE_CURVE('',#8888,#8890,#10364,.T.);
#11545=ORIENTED_EDGE('',*,*,#11544,.T.);
#11546=ORIENTED_EDGE('',*,*,#11544,.F.);
#11547=EDGE_CURVE('',#8892,#8896,#9773,.T.);
#11548=ORIENTED_EDGE('',*,*,#11547,.T.);
#11549=ORIENTED_EDGE('',*,*,#11547,.F.);
#11550=EDGE_CURVE('',#8894,#8898,#9776,.T.);
#11551=ORIENTED_EDGE('',*,*,#11550,.T.);
#11552=ORIENTED_EDGE('',*,*,#11550,.F.);
#11553=EDGE_CURVE('',#8892,#8894,#10367,.T.);
#11554=ORIENTED_EDGE('',*,*,#11553,.T.);
#11555=ORIENTED_EDGE('',*,*,#11553,.F.);
#11556=EDGE_CURVE('',#8896,#8900,#9779,.T.);
#11557=ORIENTED_EDGE('',*,*,#11556,.T.);
#11558=ORIENTED_EDGE('',*,*,#11556,.F.);
#11559=EDGE_CURVE('',#8898,#8902,#9782,.T.);
#11560=ORIENTED_EDGE('',*,*,#11559,.T.);
#11561=ORIENTED_EDGE('',*,*,#11559,.F.);
#11562=EDGE_CURVE('',#8896,#8898,#10370,.T.);
#11563=ORIENTED_EDGE('',*,*,#11562,.T.);
#11564=ORIENTED_EDGE('',*,*,#11562,.F.);
#11565=EDGE_CURVE('',#8900,#8904,#9785,.T.);
#11566=ORIENTED_EDGE('',*,*,#11565,.T.);
#11567=ORIENTED_EDGE('',*,*,#11565,.F.);
#11568=EDGE_CURVE('',#8902,#8906,#9788,.T.);
#11569=ORIENTED_EDGE('',*,*,#11568,.T.);
#11570=ORIENTED_EDGE('',*,*,#11568,.F.);
#11571=EDGE_CURVE('',#8900,#8902,#10373,.T.);
#11572=ORIENTED_EDGE('',*,*,#11571,.T.);
#11573=ORIENTED_EDGE('',*,*,#11571,.F.);
#11574=EDGE_CURVE('',#8904,#8908,#9791,.T.);
#11575=ORIENTED_EDGE('',*,*,#11574,.T.);
#11576=ORIENTED_EDGE('',*,*,#11574,.F.);
#11577=EDGE_CURVE('',#8906,#8910,#9794,.T.);
#11578=ORIENTED_EDGE('',*,*,#11577,.T.);
#11579=ORIENTED_EDGE('',*,*,#11577,.F.);
#11580=EDGE_CURVE('',#8904,#8906,#10376,.T.);
#11581=ORIENTED_EDGE('',*,*,#11580,.T.);
#11582=ORIENTED_EDGE('',*,*,#11580,.F.);
#11583=EDGE_CURVE('',#8908,#8912,#9797,.T.);
#11584=ORIENTED_EDGE('',*,*,#11583,.T.);
#11585=ORIENTED_EDGE('',*,*,#11583,.F.);
#11586=EDGE_CURVE('',#8910,#8914,#9800,.T.);
#11587=ORIENTED_EDGE('',*,*,#11586,.T.);
#11588=ORIENTED_EDGE('',*,*,#11586,.F.);
#11589=EDGE_CURVE('',#8908,#8910,#10379,.T.);
#11590=ORIENTED_EDGE('',*,*,#11589,.T.);
#11591=ORIENTED_EDGE('',*,*,#11589,.F.);
#11592=EDGE_CURVE('',#8912,#8916,#9803,.T.);
#11593=ORIENTED_EDGE('',*,*,#11592,.T.);
#11594=ORIENTED_EDGE('',*,*,#11592,.F.);
#11595=EDGE_CURVE('',#8914,#8918,#9806,.T.);
#11596=ORIENTED_EDGE('',*,*,#11595,.T.);
#11597=ORIENTED_EDGE('',*,*,#11595,.F.);
#11598=EDGE_CURVE('',#8912,#8914,#10382,.T.);
#11599=ORIENTED_EDGE('',*,*,#11598,.T.);
#11600=ORIENTED_EDGE('',*,*,#11598,.F.);
#11601=EDGE_CURVE('',#8916,#8920,#9809,.T.);
#11602=ORIENTED_EDGE('',*,*,#11601,.T.);
#11603=ORIENTED_EDGE('',*,*,#11601,.F.);
#11604=EDGE_CURVE('',#8918,#8922,#9812,.T.);
#11605=ORIENTED_EDGE('',*,*,#11604,.T.);
#11606=ORIENTED_EDGE('',*,*,#11604,.F.);
#11607=EDGE_CURVE('',#8916,#8918,#10385,.T.);
#11608=ORIENTED_EDGE('',*,*,#11607,.T.);
#11609=ORIENTED_EDGE('',*,*,#11607,.F.);
#11610=EDGE_CURVE('',#8920,#8924,#9815,.T.);
#11611=ORIENTED_EDGE('',*,*,#11610,.T.);
#11612=ORIENTED_EDGE('',*,*,#11610,.F.);
#11613=EDGE_CURVE('',#8922,#8926,#9818,.T.);
#11614=ORIENTED_EDGE('',*,*,#11613,.T.);
#11615=ORIENTED_EDGE('',*,*,#11613,.F.);
#11616=EDGE_CURVE('',#8920,#8922,#10388,.T.);
#11617=ORIENTED_EDGE('',*,*,#11616,.T.);
#11618=ORIENTED_EDGE('',*,*,#11616,.F.);
#11619=EDGE_CURVE('',#8924,#8928,#9821,.T.);
#11620=ORIENTED_EDGE('',*,*,#11619,.T.);
#11621=ORIENTED_EDGE('',*,*,#11619,.F.);
#11622=EDGE_CURVE('',#8926,#8930,#9824,.T.);
#11623=ORIENTED_EDGE('',*,*,#11622,.T.);
#11624=ORIENTED_EDGE('',*,*,#11622,.F.);
#11625=EDGE_CURVE('',#8924,#8926,#10391,.T.);
#11626=ORIENTED_EDGE('',*,*,#11625,.T.);
#11627=ORIENTED_EDGE('',*,*,#11625,.F.);
#11628=EDGE_CURVE('',#8928,#8932,#9827,.T.);
#11629=ORIENTED_EDGE('',*,*,#11628,.T.);
#11630=ORIENTED_EDGE('',*,*,#11628,.F.);
#11631=EDGE_CURVE('',#8930,#8934,#9830,.T.);
#11632=ORIENTED_EDGE('',*,*,#11631,.T.);
#11633=ORIENTED_EDGE('',*,*,#11631,.F.);
#11634=EDGE_CURVE('',#8928,#8930,#10394,.T.);
#11635=ORIENTED_EDGE('',*,*,#11634,.T.);
#11636=ORIENTED_EDGE('',*,*,#11634,.F.);
#11637=EDGE_CURVE('',#8932,#8936,#9833,.T.);
#11638=ORIENTED_EDGE('',*,*,#11637,.T.);
#11639=ORIENTED_EDGE('',*,*,#11637,.F.);
#11640=EDGE_CURVE('',#8934,#8938,#9836,.T.);
#11641=ORIENTED_EDGE('',*,*,#11640,.T.);
#11642=ORIENTED_EDGE('',*,*,#11640,.F.);
#11643=EDGE_CURVE('',#8932,#8934,#10397,.T.);
#11644=ORIENTED_EDGE('',*,*,#11643,.T.);
#11645=ORIENTED_EDGE('',*,*,#11643,.F.);
#11646=EDGE_CURVE('',#8936,#8940,#9839,.T.);
#11647=ORIENTED_EDGE('',*,*,#11646,.T.);
#11648=ORIENTED_EDGE('',*,*,#11646,.F.);
#11649=EDGE_CURVE('',#8938,#8942,#9842,.T.);
#11650=ORIENTED_EDGE('',*,*,#11649,.T.);
#11651=ORIENTED_EDGE('',*,*,#11649,.F.);
#11652=EDGE_CURVE('',#8936,#8938,#10400,.T.);
#11653=ORIENTED_EDGE('',*,*,#11652,.T.);
#11654=ORIENTED_EDGE('',*,*,#11652,.F.);
#11655=EDGE_CURVE('',#8940,#8944,#9845,.T.);
#11656=ORIENTED_EDGE('',*,*,#11655,.T.);
#11657=ORIENTED_EDGE('',*,*,#11655,.F.);
#11658=EDGE_CURVE('',#8942,#8946,#9848,.T.);
#11659=ORIENTED_EDGE('',*,*,#11658,.T.);
#11660=ORIENTED_EDGE('',*,*,#11658,.F.);
#11661=EDGE_CURVE('',#8940,#8942,#10403,.T.);
#11662=ORIENTED_EDGE('',*,*,#11661,.T.);
#11663=ORIENTED_EDGE('',*,*,#11661,.F.);
#11664=EDGE_CURVE('',#8944,#8948,#9851,.T.);
#11665=ORIENTED_EDGE('',*,*,#11664,.T.);
#11666=ORIENTED_EDGE('',*,*,#11664,.F.);
#11667=EDGE_CURVE('',#8946,#8950,#9854,.T.);
#11668=ORIENTED_EDGE('',*,*,#11667,.T.);
#11669=ORIENTED_EDGE('',*,*,#11667,.F.);
#11670=EDGE_CURVE('',#8944,#8946,#10406,.T.);
#11671=ORIENTED_EDGE('',*,*,#11670,.T.);
#11672=ORIENTED_EDGE('',*,*,#11670,.F.);
#11673=EDGE_CURVE('',#8948,#8952,#9857,.T.);
#11674=ORIENTED_EDGE('',*,*,#11673,.T.);
#11675=ORIENTED_EDGE('',*,*,#11673,.F.);
#11676=EDGE_CURVE('',#8950,#8954,#9860,.T.);
#11677=ORIENTED_EDGE('',*,*,#11676,.T.);
#11678=ORIENTED_EDGE('',*,*,#11676,.F.);
#11679=EDGE_CURVE('',#8948,#8950,#10409,.T.);
#11680=ORIENTED_EDGE('',*,*,#11679,.T.);
#11681=ORIENTED_EDGE('',*,*,#11679,.F.);
#11682=EDGE_CURVE('',#8952,#8956,#9863,.T.);
#11683=ORIENTED_EDGE('',*,*,#11682,.T.);
#11684=ORIENTED_EDGE('',*,*,#11682,.F.);
#11685=EDGE_CURVE('',#8954,#8958,#9866,.T.);
#11686=ORIENTED_EDGE('',*,*,#11685,.T.);
#11687=ORIENTED_EDGE('',*,*,#11685,.F.);
#11688=EDGE_CURVE('',#8952,#8954,#10412,.T.);
#11689=ORIENTED_EDGE('',*,*,#11688,.T.);
#11690=ORIENTED_EDGE('',*,*,#11688,.F.);
#11691=EDGE_CURVE('',#8956,#8960,#9869,.T.);
#11692=ORIENTED_EDGE('',*,*,#11691,.T.);
#11693=ORIENTED_EDGE('',*,*,#11691,.F.);
#11694=EDGE_CURVE('',#8958,#8962,#9872,.T.);
#11695=ORIENTED_EDGE('',*,*,#11694,.T.);
#11696=ORIENTED_EDGE('',*,*,#11694,.F.);
#11697=EDGE_CURVE('',#8956,#8958,#10415,.T.);
#11698=ORIENTED_EDGE('',*,*,#11697,.T.);
#11699=ORIENTED_EDGE('',*,*,#11697,.F.);
#11700=EDGE_CURVE('',#8960,#8964,#9875,.T.);
#11701=ORIENTED_EDGE('',*,*,#11700,.T.);
#11702=ORIENTED_EDGE('',*,*,#11700,.F.);
#11703=EDGE_CURVE('',#8962,#8966,#9878,.T.);
#11704=ORIENTED_EDGE('',*,*,#11703,.T.);
#11705=ORIENTED_EDGE('',*,*,#11703,.F.);
#11706=EDGE_CURVE('',#8960,#8962,#10418,.T.);
#11707=ORIENTED_EDGE('',*,*,#11706,.T.);
#11708=ORIENTED_EDGE('',*,*,#11706,.F.);
#11709=EDGE_CURVE('',#8964,#8968,#9881,.T.);
#11710=ORIENTED_EDGE('',*,*,#11709,.T.);
#11711=ORIENTED_EDGE('',*,*,#11709,.F.);
#11712=EDGE_CURVE('',#8966,#8970,#9884,.T.);
#11713=ORIENTED_EDGE('',*,*,#11712,.T.);
#11714=ORIENTED_EDGE('',*,*,#11712,.F.);
#11715=EDGE_CURVE('',#8964,#8966,#10421,.T.);
#11716=ORIENTED_EDGE('',*,*,#11715,.T.);
#11717=ORIENTED_EDGE('',*,*,#11715,.F.);
#11718=EDGE_CURVE('',#8968,#8972,#9887,.T.);
#11719=ORIENTED_EDGE('',*,*,#11718,.T.);
#11720=ORIENTED_EDGE('',*,*,#11718,.F.);
#11721=EDGE_CURVE('',#8970,#8974,#9890,.T.);
#11722=ORIENTED_EDGE('',*,*,#11721,.T.);
#11723=ORIENTED_EDGE('',*,*,#11721,.F.);
#11724=EDGE_CURVE('',#8968,#8970,#10424,.T.);
#11725=ORIENTED_EDGE('',*,*,#11724,.T.);
#11726=ORIENTED_EDGE('',*,*,#11724,.F.);
#11727=EDGE_CURVE('',#8972,#8976,#9893,.T.);
#11728=ORIENTED_EDGE('',*,*,#11727,.T.);
#11729=ORIENTED_EDGE('',*,*,#11727,.F.);
#11730=EDGE_CURVE('',#8974,#8978,#9896,.T.);
#11731=ORIENTED_EDGE('',*,*,#11730,.T.);
#11732=ORIENTED_EDGE('',*,*,#11730,.F.);
#11733=EDGE_CURVE('',#8972,#8974,#10427,.T.);
#11734=ORIENTED_EDGE('',*,*,#11733,.T.);
#11735=ORIENTED_EDGE('',*,*,#11733,.F.);
#11736=EDGE_CURVE('',#8976,#8980,#9899,.T.);
#11737=ORIENTED_EDGE('',*,*,#11736,.T.);
#11738=ORIENTED_EDGE('',*,*,#11736,.F.);
#11739=EDGE_CURVE('',#8978,#8982,#9902,.T.);
#11740=ORIENTED_EDGE('',*,*,#11739,.T.);
#11741=ORIENTED_EDGE('',*,*,#11739,.F.);
#11742=EDGE_CURVE('',#8976,#8978,#10430,.T.);
#11743=ORIENTED_EDGE('',*,*,#11742,.T.);
#11744=ORIENTED_EDGE('',*,*,#11742,.F.);
#11745=EDGE_CURVE('',#8980,#8984,#9905,.T.);
#11746=ORIENTED_EDGE('',*,*,#11745,.T.);
#11747=ORIENTED_EDGE('',*,*,#11745,.F.);
#11748=EDGE_CURVE('',#8982,#8986,#9908,.T.);
#11749=ORIENTED_EDGE('',*,*,#11748,.T.);
#11750=ORIENTED_EDGE('',*,*,#11748,.F.);
#11751=EDGE_CURVE('',#8980,#8982,#10433,.T.);
#11752=ORIENTED_EDGE('',*,*,#11751,.T.);
#11753=ORIENTED_EDGE('',*,*,#11751,.F.);
#11754=EDGE_CURVE('',#8984,#8988,#9911,.T.);
#11755=ORIENTED_EDGE('',*,*,#11754,.T.);
#11756=ORIENTED_EDGE('',*,*,#11754,.F.);
#11757=EDGE_CURVE('',#8986,#8990,#9914,.T.);
#11758=ORIENTED_EDGE('',*,*,#11757,.T.);
#11759=ORIENTED_EDGE('',*,*,#11757,.F.);
#11760=EDGE_CURVE('',#8984,#8986,#10436,.T.);
#11761=ORIENTED_EDGE('',*,*,#11760,.T.);
#11762=ORIENTED_EDGE('',*,*,#11760,.F.);
#11763=EDGE_CURVE('',#8988,#8992,#9917,.T.);
#11764=ORIENTED_EDGE('',*,*,#11763,.T.);
#11765=ORIENTED_EDGE('',*,*,#11763,.F.);
#11766=EDGE_CURVE('',#8990,#8994,#9920,.T.);
#11767=ORIENTED_EDGE('',*,*,#11766,.T.);
#11768=ORIENTED_EDGE('',*,*,#11766,.F.);
#11769=EDGE_CURVE('',#8988,#8990,#10439,.T.);
#11770=ORIENTED_EDGE('',*,*,#11769,.T.);
#11771=ORIENTED_EDGE('',*,*,#11769,.F.);
#11772=EDGE_CURVE('',#8992,#8996,#9923,.T.);
#11773=ORIENTED_EDGE('',*,*,#11772,.T.);
#11774=ORIENTED_EDGE('',*,*,#11772,.F.);
#11775=EDGE_CURVE('',#8994,#8998,#9926,.T.);
#11776=ORIENTED_EDGE('',*,*,#11775,.T.);
#11777=ORIENTED_EDGE('',*,*,#11775,.F.);
#11778=EDGE_CURVE('',#8992,#8994,#10442,.T.);
#11779=ORIENTED_EDGE('',*,*,#11778,.T.);
#11780=ORIENTED_EDGE('',*,*,#11778,.F.);
#11781=EDGE_CURVE('',#8996,#9000,#9929,.T.);
#11782=ORIENTED_EDGE('',*,*,#11781,.T.);
#11783=ORIENTED_EDGE('',*,*,#11781,.F.);
#11784=EDGE_CURVE('',#8998,#9002,#9932,.T.);
#11785=ORIENTED_EDGE('',*,*,#11784,.T.);
#11786=ORIENTED_EDGE('',*,*,#11784,.F.);
#11787=EDGE_CURVE('',#8996,#8998,#10445,.T.);
#11788=ORIENTED_EDGE('',*,*,#11787,.T.);
#11789=ORIENTED_EDGE('',*,*,#11787,.F.);
#11790=EDGE_CURVE('',#9000,#9004,#9935,.T.);
#11791=ORIENTED_EDGE('',*,*,#11790,.T.);
#11792=ORIENTED_EDGE('',*,*,#11790,.F.);
#11793=EDGE_CURVE('',#9002,#9006,#9938,.T.);
#11794=ORIENTED_EDGE('',*,*,#11793,.T.);
#11795=ORIENTED_EDGE('',*,*,#11793,.F.);
#11796=EDGE_CURVE('',#9000,#9002,#10448,.T.);
#11797=ORIENTED_EDGE('',*,*,#11796,.T.);
#11798=ORIENTED_EDGE('',*,*,#11796,.F.);
#11799=EDGE_CURVE('',#9004,#9008,#9941,.T.);
#11800=ORIENTED_EDGE('',*,*,#11799,.T.);
#11801=ORIENTED_EDGE('',*,*,#11799,.F.);
#11802=EDGE_CURVE('',#9006,#9010,#9944,.T.);
#11803=ORIENTED_EDGE('',*,*,#11802,.T.);
#11804=ORIENTED_EDGE('',*,*,#11802,.F.);
#11805=EDGE_CURVE('',#9004,#9006,#10451,.T.);
#11806=ORIENTED_EDGE('',*,*,#11805,.T.);
#11807=ORIENTED_EDGE('',*,*,#11805,.F.);
#11808=EDGE_CURVE('',#9008,#9012,#9947,.T.);
#11809=ORIENTED_EDGE('',*,*,#11808,.T.);
#11810=ORIENTED_EDGE('',*,*,#11808,.F.);
#11811=EDGE_CURVE('',#9010,#9014,#9950,.T.);
#11812=ORIENTED_EDGE('',*,*,#11811,.T.);
#11813=ORIENTED_EDGE('',*,*,#11811,.F.);
#11814=EDGE_CURVE('',#9008,#9010,#10454,.T.);
#11815=ORIENTED_EDGE('',*,*,#11814,.T.);
#11816=ORIENTED_EDGE('',*,*,#11814,.F.);
#11817=EDGE_CURVE('',#9012,#9016,#9953,.T.);
#11818=ORIENTED_EDGE('',*,*,#11817,.T.);
#11819=ORIENTED_EDGE('',*,*,#11817,.F.);
#11820=EDGE_CURVE('',#9014,#9018,#9956,.T.);
#11821=ORIENTED_EDGE('',*,*,#11820,.T.);
#11822=ORIENTED_EDGE('',*,*,#11820,.F.);
#11823=EDGE_CURVE('',#9012,#9014,#10457,.T.);
#11824=ORIENTED_EDGE('',*,*,#11823,.T.);
#11825=ORIENTED_EDGE('',*,*,#11823,.F.);
#11826=EDGE_CURVE('',#9016,#9020,#9959,.T.);
#11827=ORIENTED_EDGE('',*,*,#11826,.T.);
#11828=ORIENTED_EDGE('',*,*,#11826,.F.);
#11829=EDGE_CURVE('',#9018,#9022,#9962,.T.);
#11830=ORIENTED_EDGE('',*,*,#11829,.T.);
#11831=ORIENTED_EDGE('',*,*,#11829,.F.);
#11832=EDGE_CURVE('',#9016,#9018,#10460,.T.);
#11833=ORIENTED_EDGE('',*,*,#11832,.T.);
#11834=ORIENTED_EDGE('',*,*,#11832,.F.);
#11835=EDGE_CURVE('',#9020,#9024,#9965,.T.);
#11836=ORIENTED_EDGE('',*,*,#11835,.T.);
#11837=ORIENTED_EDGE('',*,*,#11835,.F.);
#11838=EDGE_CURVE('',#9022,#9026,#9968,.T.);
#11839=ORIENTED_EDGE('',*,*,#11838,.T.);
#11840=ORIENTED_EDGE('',*,*,#11838,.F.);
#11841=EDGE_CURVE('',#9020,#9022,#10463,.T.);
#11842=ORIENTED_EDGE('',*,*,#11841,.T.);
#11843=ORIENTED_EDGE('',*,*,#11841,.F.);
#11844=EDGE_CURVE('',#9024,#9028,#9971,.T.);
#11845=ORIENTED_EDGE('',*,*,#11844,.T.);
#11846=ORIENTED_EDGE('',*,*,#11844,.F.);
#11847=EDGE_CURVE('',#9026,#9030,#9974,.T.);
#11848=ORIENTED_EDGE('',*,*,#11847,.T.);
#11849=ORIENTED_EDGE('',*,*,#11847,.F.);
#11850=EDGE_CURVE('',#9024,#9026,#10466,.T.);
#11851=ORIENTED_EDGE('',*,*,#11850,.T.);
#11852=ORIENTED_EDGE('',*,*,#11850,.F.);
#11853=EDGE_CURVE('',#9028,#9032,#9977,.T.);
#11854=ORIENTED_EDGE('',*,*,#11853,.T.);
#11855=ORIENTED_EDGE('',*,*,#11853,.F.);
#11856=EDGE_CURVE('',#9030,#9034,#9980,.T.);
#11857=ORIENTED_EDGE('',*,*,#11856,.T.);
#11858=ORIENTED_EDGE('',*,*,#11856,.F.);
#11859=EDGE_CURVE('',#9028,#9030,#10469,.T.);
#11860=ORIENTED_EDGE('',*,*,#11859,.T.);
#11861=ORIENTED_EDGE('',*,*,#11859,.F.);
#11862=EDGE_CURVE('',#9032,#9036,#9983,.T.);
#11863=ORIENTED_EDGE('',*,*,#11862,.T.);
#11864=ORIENTED_EDGE('',*,*,#11862,.F.);
#11865=EDGE_CURVE('',#9034,#9038,#9986,.T.);
#11866=ORIENTED_EDGE('',*,*,#11865,.T.);
#11867=ORIENTED_EDGE('',*,*,#11865,.F.);
#11868=EDGE_CURVE('',#9032,#9034,#10472,.T.);
#11869=ORIENTED_EDGE('',*,*,#11868,.T.);
#11870=ORIENTED_EDGE('',*,*,#11868,.F.);
#11871=EDGE_CURVE('',#9036,#9040,#9989,.T.);
#11872=ORIENTED_EDGE('',*,*,#11871,.T.);
#11873=ORIENTED_EDGE('',*,*,#11871,.F.);
#11874=EDGE_CURVE('',#9038,#9042,#9992,.T.);
#11875=ORIENTED_EDGE('',*,*,#11874,.T.);
#11876=ORIENTED_EDGE('',*,*,#11874,.F.);
#11877=EDGE_CURVE('',#9036,#9038,#10475,.T.);
#11878=ORIENTED_EDGE('',*,*,#11877,.T.);
#11879=ORIENTED_EDGE('',*,*,#11877,.F.);
#11880=EDGE_CURVE('',#9040,#9044,#9995,.T.);
#11881=ORIENTED_EDGE('',*,*,#11880,.T.);
#11882=ORIENTED_EDGE('',*,*,#11880,.F.);
#11883=EDGE_CURVE('',#9042,#9046,#9998,.T.);
#11884=ORIENTED_EDGE('',*,*,#11883,.T.);
#11885=ORIENTED_EDGE('',*,*,#11883,.F.);
#11886=EDGE_CURVE('',#9040,#9042,#10478,.T.);
#11887=ORIENTED_EDGE('',*,*,#11886,.T.);
#11888=ORIENTED_EDGE('',*,*,#11886,.F.);
#11889=EDGE_CURVE('',#9044,#9048,#10001,.T.);
#11890=ORIENTED_EDGE('',*,*,#11889,.T.);
#11891=ORIENTED_EDGE('',*,*,#11889,.F.);
#11892=EDGE_CURVE('',#9046,#9050,#10004,.T.);
#11893=ORIENTED_EDGE('',*,*,#11892,.T.);
#11894=ORIENTED_EDGE('',*,*,#11892,.F.);
#11895=EDGE_CURVE('',#9044,#9046,#10481,.T.);
#11896=ORIENTED_EDGE('',*,*,#11895,.T.);
#11897=ORIENTED_EDGE('',*,*,#11895,.F.);
#11898=EDGE_CURVE('',#9048,#8420,#10007,.T.);
#11899=ORIENTED_EDGE('',*,*,#11898,.T.);
#11900=ORIENTED_EDGE('',*,*,#11898,.F.);
#11901=EDGE_CURVE('',#9050,#8422,#10010,.T.);
#11902=ORIENTED_EDGE('',*,*,#11901,.T.);
#11903=ORIENTED_EDGE('',*,*,#11901,.F.);
#11904=EDGE_CURVE('',#9048,#9050,#10484,.T.);
#11905=ORIENTED_EDGE('',*,*,#11904,.T.);
#11906=ORIENTED_EDGE('',*,*,#11904,.F.);
#11907=EDGE_LOOP('',(#10493,#10486,#10501,#10490));
#11908=FACE_OUTER_BOUND('',#11907,.T.);
#11909=DIRECTION('',(77563.859085400,0.000000000,0.000000000));
#11910=AXIS2_PLACEMENT_3D('',#8419,#11909,$);
#11911=PLANE('',#11910);
#11912=ADVANCED_FACE('',(#11908),#11911,.T.);
#11913=EDGE_LOOP('',(#10502,#10495,#10510,#10499));
#11914=FACE_OUTER_BOUND('',#11913,.T.);
#11915=CARTESIAN_POINT('',(10.795000000,9.645000000,-0.835000000));
#11916=DIRECTION('',(0.,0.,1.));
#11917=AXIS2_PLACEMENT_3D('',#11915,#11916,#9402);
#11918=CYLINDRICAL_SURFACE('',#11917,0.825000000);
#11919=ADVANCED_FACE('',(#11914),#11918,.F.);
#11920=EDGE_LOOP('',(#10511,#10504,#10519,#10508));
#11921=FACE_OUTER_BOUND('',#11920,.T.);
#11922=DIRECTION('',(51790.046524400,51790.046524400,0.000000000));
#11923=AXIS2_PLACEMENT_3D('',#8427,#11922,$);
#11924=PLANE('',#11923);
#11925=ADVANCED_FACE('',(#11921),#11924,.T.);
#11926=EDGE_LOOP('',(#10520,#10513,#10528,#10517));
#11927=FACE_OUTER_BOUND('',#11926,.T.);
#11928=DIRECTION('',(480.438000976,-626.097633479,0.000000000));
#11929=AXIS2_PLACEMENT_3D('',#8431,#11928,$);
#11930=PLANE('',#11929);
#11931=ADVANCED_FACE('',(#11927),#11930,.T.);
#11932=EDGE_LOOP('',(#10529,#10522,#10537,#10526));
#11933=FACE_OUTER_BOUND('',#11932,.T.);
#11934=DIRECTION('',(49176.330239800,-118722.649177000,0.000000000));
#11935=AXIS2_PLACEMENT_3D('',#8435,#11934,$);
#11936=PLANE('',#11935);
#11937=ADVANCED_FACE('',(#11933),#11936,.T.);
#11938=EDGE_LOOP('',(#10538,#10531,#10546,#10535));
#11939=FACE_OUTER_BOUND('',#11938,.T.);
#11940=DIRECTION('',(115216.798096000,0.000000000,0.000000000));
#11941=AXIS2_PLACEMENT_3D('',#8439,#11940,$);
#11942=PLANE('',#11941);
#11943=ADVANCED_FACE('',(#11939),#11942,.T.);
#11944=EDGE_LOOP('',(#10547,#10540,#10555,#10544));
#11945=FACE_OUTER_BOUND('',#11944,.T.);
#11946=DIRECTION('',(49176.330239800,118722.649177000,0.000000000));
#11947=AXIS2_PLACEMENT_3D('',#8443,#11946,$);
#11948=PLANE('',#11947);
#11949=ADVANCED_FACE('',(#11945),#11948,.T.);
#11950=EDGE_LOOP('',(#10556,#10549,#10564,#10553));
#11951=FACE_OUTER_BOUND('',#11950,.T.);
#11952=DIRECTION('',(49198.758081900,64116.561125600,0.000000000));
#11953=AXIS2_PLACEMENT_3D('',#8447,#11952,$);
#11954=PLANE('',#11953);
#11955=ADVANCED_FACE('',(#11951),#11954,.T.);
#11956=EDGE_LOOP('',(#10565,#10558,#10573,#10562));
#11957=FACE_OUTER_BOUND('',#11956,.T.);
#11958=DIRECTION('',(64116.561125600,49198.758081900,0.000000000));
#11959=AXIS2_PLACEMENT_3D('',#8451,#11958,$);
#11960=PLANE('',#11959);
#11961=ADVANCED_FACE('',(#11957),#11960,.T.);
#11962=EDGE_LOOP('',(#10574,#10567,#10582,#10571));
#11963=FACE_OUTER_BOUND('',#11962,.T.);
#11964=DIRECTION('',(74667.676575200,30928.260904200,0.000000000));
#11965=AXIS2_PLACEMENT_3D('',#8455,#11964,$);
#11966=PLANE('',#11965);
#11967=ADVANCED_FACE('',(#11963),#11966,.T.);
#11968=EDGE_LOOP('',(#10583,#10576,#10591,#10580));
#11969=FACE_OUTER_BOUND('',#11968,.T.);
#11970=DIRECTION('',(80126.056945600,10548.932046200,0.000000000));
#11971=AXIS2_PLACEMENT_3D('',#8459,#11970,$);
#11972=PLANE('',#11971);
#11973=ADVANCED_FACE('',(#11969),#11972,.T.);
#11974=EDGE_LOOP('',(#10592,#10585,#10600,#10589));
#11975=FACE_OUTER_BOUND('',#11974,.T.);
#11976=DIRECTION('',(10760.480063100,-1416.735423070,0.000000000));
#11977=AXIS2_PLACEMENT_3D('',#8463,#11976,$);
#11978=PLANE('',#11977);
#11979=ADVANCED_FACE('',(#11975),#11978,.T.);
#11980=EDGE_LOOP('',(#10601,#10594,#10609,#10598));
#11981=FACE_OUTER_BOUND('',#11980,.T.);
#11982=DIRECTION('',(13285.857058600,4509.994361000,0.000000000));
#11983=AXIS2_PLACEMENT_3D('',#8467,#11982,$);
#11984=PLANE('',#11983);
#11985=ADVANCED_FACE('',(#11981),#11984,.T.);
#11986=EDGE_LOOP('',(#10610,#10603,#10618,#10607));
#11987=FACE_OUTER_BOUND('',#11986,.T.);
#11988=DIRECTION('',(2877880.168790000,2877882.186190000,0.000000000));
#11989=AXIS2_PLACEMENT_3D('',#8471,#11988,$);
#11990=PLANE('',#11989);
#11991=ADVANCED_FACE('',(#11987),#11990,.T.);
#11992=EDGE_LOOP('',(#10619,#10612,#10627,#10616));
#11993=FACE_OUTER_BOUND('',#11992,.T.);
#11994=DIRECTION('',(23922389.666700000,0.000000000,0.000000000));
#11995=AXIS2_PLACEMENT_3D('',#8475,#11994,$);
#11996=PLANE('',#11995);
#11997=ADVANCED_FACE('',(#11993),#11996,.T.);
#11998=EDGE_LOOP('',(#10628,#10621,#10636,#10625));
#11999=FACE_OUTER_BOUND('',#11998,.T.);
#12000=DIRECTION('',(31199750.801000000,-31199750.801000000,0.000000000));
#12001=AXIS2_PLACEMENT_3D('',#8479,#12000,$);
#12002=PLANE('',#12001);
#12003=ADVANCED_FACE('',(#11999),#12002,.T.);
#12004=EDGE_LOOP('',(#10637,#10630,#10645,#10634));
#12005=FACE_OUTER_BOUND('',#12004,.T.);
#12006=DIRECTION('',(0.000000000,-20460541.428900000,0.000000000));
#12007=AXIS2_PLACEMENT_3D('',#8483,#12006,$);
#12008=PLANE('',#12007);
#12009=ADVANCED_FACE('',(#12005),#12008,.T.);
#12010=EDGE_LOOP('',(#10646,#10639,#10654,#10643));
#12011=FACE_OUTER_BOUND('',#12010,.T.);
#12012=DIRECTION('',(6205.212174590,-12582.883479600,0.000000000));
#12013=AXIS2_PLACEMENT_3D('',#8487,#12012,$);
#12014=PLANE('',#12013);
#12015=ADVANCED_FACE('',(#12011),#12014,.T.);
#12016=EDGE_LOOP('',(#10655,#10648,#10663,#10652));
#12017=FACE_OUTER_BOUND('',#12016,.T.);
#12018=DIRECTION('',(8610.387090880,-6607.130788760,0.000000000));
#12019=AXIS2_PLACEMENT_3D('',#8491,#12018,$);
#12020=PLANE('',#12019);
#12021=ADVANCED_FACE('',(#12017),#12020,.T.);
#12022=EDGE_LOOP('',(#10664,#10657,#10672,#10661));
#12023=FACE_OUTER_BOUND('',#12022,.T.);
#12024=DIRECTION('',(49199.422320000,-64117.624857000,0.000000000));
#12025=AXIS2_PLACEMENT_3D('',#8495,#12024,$);
#12026=PLANE('',#12025);
#12027=ADVANCED_FACE('',(#12023),#12026,.T.);
#12028=EDGE_LOOP('',(#10673,#10666,#10681,#10670));
#12029=FACE_OUTER_BOUND('',#12028,.T.);
#12030=DIRECTION('',(49176.330239800,-118722.649177000,0.000000000));
#12031=AXIS2_PLACEMENT_3D('',#8499,#12030,$);
#12032=PLANE('',#12031);
#12033=ADVANCED_FACE('',(#12029),#12032,.T.);
#12034=EDGE_LOOP('',(#10682,#10675,#10690,#10679));
#12035=FACE_OUTER_BOUND('',#12034,.T.);
#12036=DIRECTION('',(115216.798096000,0.000000000,0.000000000));
#12037=AXIS2_PLACEMENT_3D('',#8503,#12036,$);
#12038=PLANE('',#12037);
#12039=ADVANCED_FACE('',(#12035),#12038,.T.);
#12040=EDGE_LOOP('',(#10691,#10684,#10699,#10688));
#12041=FACE_OUTER_BOUND('',#12040,.T.);
#12042=DIRECTION('',(49176.330239800,118722.649177000,0.000000000));
#12043=AXIS2_PLACEMENT_3D('',#8507,#12042,$);
#12044=PLANE('',#12043);
#12045=ADVANCED_FACE('',(#12041),#12044,.T.);
#12046=EDGE_LOOP('',(#10700,#10693,#10708,#10697));
#12047=FACE_OUTER_BOUND('',#12046,.T.);
#12048=DIRECTION('',(49198.758081900,64116.561125600,0.000000000));
#12049=AXIS2_PLACEMENT_3D('',#8511,#12048,$);
#12050=PLANE('',#12049);
#12051=ADVANCED_FACE('',(#12047),#12050,.T.);
#12052=EDGE_LOOP('',(#10709,#10702,#10717,#10706));
#12053=FACE_OUTER_BOUND('',#12052,.T.);
#12054=DIRECTION('',(64116.561125600,49198.758081900,0.000000000));
#12055=AXIS2_PLACEMENT_3D('',#8515,#12054,$);
#12056=PLANE('',#12055);
#12057=ADVANCED_FACE('',(#12053),#12056,.T.);
#12058=EDGE_LOOP('',(#10718,#10711,#10726,#10715));
#12059=FACE_OUTER_BOUND('',#12058,.T.);
#12060=DIRECTION('',(74667.676575200,30928.260904200,0.000000000));
#12061=AXIS2_PLACEMENT_3D('',#8519,#12060,$);
#12062=PLANE('',#12061);
#12063=ADVANCED_FACE('',(#12059),#12062,.T.);
#12064=EDGE_LOOP('',(#10727,#10720,#10735,#10724));
#12065=FACE_OUTER_BOUND('',#12064,.T.);
#12066=DIRECTION('',(80126.620671500,10548.968835700,0.000000000));
#12067=AXIS2_PLACEMENT_3D('',#8523,#12066,$);
#12068=PLANE('',#12067);
#12069=ADVANCED_FACE('',(#12065),#12068,.T.);
#12070=EDGE_LOOP('',(#10736,#10729,#10744,#10733));
#12071=FACE_OUTER_BOUND('',#12070,.T.);
#12072=DIRECTION('',(80126.620671500,-10548.968835700,0.000000000));
#12073=AXIS2_PLACEMENT_3D('',#8527,#12072,$);
#12074=PLANE('',#12073);
#12075=ADVANCED_FACE('',(#12071),#12074,.T.);
#12076=EDGE_LOOP('',(#10745,#10738,#10753,#10742));
#12077=FACE_OUTER_BOUND('',#12076,.T.);
#12078=DIRECTION('',(74667.676575200,-30928.260904200,0.000000000));
#12079=AXIS2_PLACEMENT_3D('',#8531,#12078,$);
#12080=PLANE('',#12079);
#12081=ADVANCED_FACE('',(#12077),#12080,.T.);
#12082=EDGE_LOOP('',(#10754,#10747,#10762,#10751));
#12083=FACE_OUTER_BOUND('',#12082,.T.);
#12084=DIRECTION('',(626.097633479,-480.438000976,0.000000000));
#12085=AXIS2_PLACEMENT_3D('',#8535,#12084,$);
#12086=PLANE('',#12085);
#12087=ADVANCED_FACE('',(#12083),#12086,.T.);
#12088=EDGE_LOOP('',(#10763,#10756,#10771,#10760));
#12089=FACE_OUTER_BOUND('',#12088,.T.);
#12090=DIRECTION('',(-51790.046524400,-51790.046524400,0.000000000));
#12091=AXIS2_PLACEMENT_3D('',#8539,#12090,$);
#12092=PLANE('',#12091);
#12093=ADVANCED_FACE('',(#12089),#12092,.T.);
#12094=EDGE_LOOP('',(#10772,#10765,#10780,#10769));
#12095=FACE_OUTER_BOUND('',#12094,.T.);
#12096=CARTESIAN_POINT('',(18.415000000,25.240000000,-0.835000000));
#12097=DIRECTION('',(0.,0.,1.));
#12098=AXIS2_PLACEMENT_3D('',#12096,#12097,#9402);
#12099=CYLINDRICAL_SURFACE('',#12098,0.825000000);
#12100=ADVANCED_FACE('',(#12095),#12099,.F.);
#12101=EDGE_LOOP('',(#10781,#10774,#10789,#10778));
#12102=FACE_OUTER_BOUND('',#12101,.T.);
#12103=DIRECTION('',(51790.046524400,51790.046524400,0.000000000));
#12104=AXIS2_PLACEMENT_3D('',#8547,#12103,$);
#12105=PLANE('',#12104);
#12106=ADVANCED_FACE('',(#12102),#12105,.T.);
#12107=EDGE_LOOP('',(#10790,#10783,#10798,#10787));
#12108=FACE_OUTER_BOUND('',#12107,.T.);
#12109=DIRECTION('',(480.438000976,-626.097633479,0.000000000));
#12110=AXIS2_PLACEMENT_3D('',#8551,#12109,$);
#12111=PLANE('',#12110);
#12112=ADVANCED_FACE('',(#12108),#12111,.T.);
#12113=EDGE_LOOP('',(#10799,#10792,#10807,#10796));
#12114=FACE_OUTER_BOUND('',#12113,.T.);
#12115=DIRECTION('',(30928.260904200,-74667.676575200,0.000000000));
#12116=AXIS2_PLACEMENT_3D('',#8555,#12115,$);
#12117=PLANE('',#12116);
#12118=ADVANCED_FACE('',(#12114),#12117,.T.);
#12119=EDGE_LOOP('',(#10808,#10801,#10816,#10805));
#12120=FACE_OUTER_BOUND('',#12119,.T.);
#12121=DIRECTION('',(10548.968835700,-80126.620671500,0.000000000));
#12122=AXIS2_PLACEMENT_3D('',#8559,#12121,$);
#12123=PLANE('',#12122);
#12124=ADVANCED_FACE('',(#12120),#12123,.T.);
#12125=EDGE_LOOP('',(#10817,#10810,#10825,#10814));
#12126=FACE_OUTER_BOUND('',#12125,.T.);
#12127=DIRECTION('',(-10548.968835700,-80126.620671500,0.000000000));
#12128=AXIS2_PLACEMENT_3D('',#8563,#12127,$);
#12129=PLANE('',#12128);
#12130=ADVANCED_FACE('',(#12126),#12129,.T.);
#12131=EDGE_LOOP('',(#10826,#10819,#10834,#10823));
#12132=FACE_OUTER_BOUND('',#12131,.T.);
#12133=DIRECTION('',(-30928.260904200,-74667.676575200,0.000000000));
#12134=AXIS2_PLACEMENT_3D('',#8567,#12133,$);
#12135=PLANE('',#12134);
#12136=ADVANCED_FACE('',(#12132),#12135,.T.);
#12137=EDGE_LOOP('',(#10835,#10828,#10843,#10832));
#12138=FACE_OUTER_BOUND('',#12137,.T.);
#12139=DIRECTION('',(-49198.758081900,-64116.561125600,0.000000000));
#12140=AXIS2_PLACEMENT_3D('',#8571,#12139,$);
#12141=PLANE('',#12140);
#12142=ADVANCED_FACE('',(#12138),#12141,.T.);
#12143=EDGE_LOOP('',(#10844,#10837,#10852,#10841));
#12144=FACE_OUTER_BOUND('',#12143,.T.);
#12145=DIRECTION('',(-51601.128531200,-39595.184179000,0.000000000));
#12146=AXIS2_PLACEMENT_3D('',#8575,#12145,$);
#12147=PLANE('',#12146);
#12148=ADVANCED_FACE('',(#12144),#12147,.T.);
#12149=EDGE_LOOP('',(#10853,#10846,#10861,#10850));
#12150=FACE_OUTER_BOUND('',#12149,.T.);
#12151=DIRECTION('',(42595.889856900,-125483.014715000,0.000000000));
#12152=AXIS2_PLACEMENT_3D('',#8579,#12151,$);
#12153=PLANE('',#12152);
#12154=ADVANCED_FACE('',(#12150),#12153,.T.);
#12155=EDGE_LOOP('',(#10862,#10855,#10870,#10859));
#12156=FACE_OUTER_BOUND('',#12155,.T.);
#12157=DIRECTION('',(182815.249761000,0.000000000,0.000000000));
#12158=AXIS2_PLACEMENT_3D('',#8583,#12157,$);
#12159=PLANE('',#12158);
#12160=ADVANCED_FACE('',(#12156),#12159,.T.);
#12161=EDGE_LOOP('',(#10871,#10864,#10879,#10868));
#12162=FACE_OUTER_BOUND('',#12161,.T.);
#12163=DIRECTION('',(9433.220224140,3907.377139380,0.000000000));
#12164=AXIS2_PLACEMENT_3D('',#8587,#12163,$);
#12165=PLANE('',#12164);
#12166=ADVANCED_FACE('',(#12162),#12165,.T.);
#12167=EDGE_LOOP('',(#10880,#10873,#10888,#10877));
#12168=FACE_OUTER_BOUND('',#12167,.T.);
#12169=DIRECTION('',(2996757.504980000,2996757.504980000,0.000000000));
#12170=AXIS2_PLACEMENT_3D('',#8591,#12169,$);
#12171=PLANE('',#12170);
#12172=ADVANCED_FACE('',(#12168),#12171,.T.);
#12173=EDGE_LOOP('',(#10889,#10882,#10897,#10886));
#12174=FACE_OUTER_BOUND('',#12173,.T.);
#12175=DIRECTION('',(3907.377139380,9433.220224140,0.000000000));
#12176=AXIS2_PLACEMENT_3D('',#8595,#12175,$);
#12177=PLANE('',#12176);
#12178=ADVANCED_FACE('',(#12174),#12177,.T.);
#12179=EDGE_LOOP('',(#10898,#10891,#10906,#10895));
#12180=FACE_OUTER_BOUND('',#12179,.T.);
#12181=DIRECTION('',(0.000000000,41168097.240200000,0.000000000));
#12182=AXIS2_PLACEMENT_3D('',#8599,#12181,$);
#12183=PLANE('',#12182);
#12184=ADVANCED_FACE('',(#12180),#12183,.T.);
#12185=EDGE_LOOP('',(#10907,#10900,#10915,#10904));
#12186=FACE_OUTER_BOUND('',#12185,.T.);
#12187=DIRECTION('',(-2261.167521550,6661.050614310,0.000000000));
#12188=AXIS2_PLACEMENT_3D('',#8603,#12187,$);
#12189=PLANE('',#12188);
#12190=ADVANCED_FACE('',(#12186),#12189,.T.);
#12191=EDGE_LOOP('',(#10916,#10909,#10924,#10913));
#12192=FACE_OUTER_BOUND('',#12191,.T.);
#12193=DIRECTION('',(-66458.874518000,86610.543033300,0.000000000));
#12194=AXIS2_PLACEMENT_3D('',#8607,#12193,$);
#12195=PLANE('',#12194);
#12196=ADVANCED_FACE('',(#12192),#12195,.T.);
#12197=EDGE_LOOP('',(#10925,#10918,#10933,#10922));
#12198=FACE_OUTER_BOUND('',#12197,.T.);
#12199=DIRECTION('',(-49176.330239800,118722.649177000,0.000000000));
#12200=AXIS2_PLACEMENT_3D('',#8611,#12199,$);
#12201=PLANE('',#12200);
#12202=ADVANCED_FACE('',(#12198),#12201,.T.);
#12203=EDGE_LOOP('',(#10934,#10927,#10942,#10931));
#12204=FACE_OUTER_BOUND('',#12203,.T.);
#12205=DIRECTION('',(-115216.798096000,0.000000000,0.000000000));
#12206=AXIS2_PLACEMENT_3D('',#8615,#12205,$);
#12207=PLANE('',#12206);
#12208=ADVANCED_FACE('',(#12204),#12207,.T.);
#12209=EDGE_LOOP('',(#10943,#10936,#10951,#10940));
#12210=FACE_OUTER_BOUND('',#12209,.T.);
#12211=DIRECTION('',(-49176.330239800,-118722.649177000,0.000000000));
#12212=AXIS2_PLACEMENT_3D('',#8619,#12211,$);
#12213=PLANE('',#12212);
#12214=ADVANCED_FACE('',(#12210),#12213,.T.);
#12215=EDGE_LOOP('',(#10952,#10945,#10960,#10949));
#12216=FACE_OUTER_BOUND('',#12215,.T.);
#12217=DIRECTION('',(-49198.758081900,-64116.561125600,0.000000000));
#12218=AXIS2_PLACEMENT_3D('',#8623,#12217,$);
#12219=PLANE('',#12218);
#12220=ADVANCED_FACE('',(#12216),#12219,.T.);
#12221=EDGE_LOOP('',(#10961,#10954,#10969,#10958));
#12222=FACE_OUTER_BOUND('',#12221,.T.);
#12223=DIRECTION('',(-64116.561125600,-49198.758081900,0.000000000));
#12224=AXIS2_PLACEMENT_3D('',#8627,#12223,$);
#12225=PLANE('',#12224);
#12226=ADVANCED_FACE('',(#12222),#12225,.T.);
#12227=EDGE_LOOP('',(#10970,#10963,#10978,#10967));
#12228=FACE_OUTER_BOUND('',#12227,.T.);
#12229=DIRECTION('',(-74667.676575200,-30928.260904200,0.000000000));
#12230=AXIS2_PLACEMENT_3D('',#8631,#12229,$);
#12231=PLANE('',#12230);
#12232=ADVANCED_FACE('',(#12228),#12231,.T.);
#12233=EDGE_LOOP('',(#10979,#10972,#10987,#10976));
#12234=FACE_OUTER_BOUND('',#12233,.T.);
#12235=DIRECTION('',(-782.484168653,-103.018326444,0.000000000));
#12236=AXIS2_PLACEMENT_3D('',#8635,#12235,$);
#12237=PLANE('',#12236);
#12238=ADVANCED_FACE('',(#12234),#12237,.T.);
#12239=EDGE_LOOP('',(#10988,#10981,#10996,#10985));
#12240=FACE_OUTER_BOUND('',#12239,.T.);
#12241=DIRECTION('',(0.000000000,73242.160515300,0.000000000));
#12242=AXIS2_PLACEMENT_3D('',#8639,#12241,$);
#12243=PLANE('',#12242);
#12244=ADVANCED_FACE('',(#12240),#12243,.T.);
#12245=EDGE_LOOP('',(#10997,#10990,#11005,#10994));
#12246=FACE_OUTER_BOUND('',#12245,.T.);
#12247=CARTESIAN_POINT('',(10.795000000,26.155000000,-0.835000000));
#12248=DIRECTION('',(0.,0.,1.));
#12249=AXIS2_PLACEMENT_3D('',#12247,#12248,#9402);
#12250=CYLINDRICAL_SURFACE('',#12249,0.825000000);
#12251=ADVANCED_FACE('',(#12246),#12250,.F.);
#12252=EDGE_LOOP('',(#11006,#10999,#11014,#11003));
#12253=FACE_OUTER_BOUND('',#12252,.T.);
#12254=DIRECTION('',(-77563.859085400,0.000000000,0.000000000));
#12255=AXIS2_PLACEMENT_3D('',#8647,#12254,$);
#12256=PLANE('',#12255);
#12257=ADVANCED_FACE('',(#12253),#12256,.T.);
#12258=EDGE_LOOP('',(#11015,#11008,#11023,#11012));
#12259=FACE_OUTER_BOUND('',#12258,.T.);
#12260=DIRECTION('',(37835.750529200,91343.926771400,0.000000000));
#12261=AXIS2_PLACEMENT_3D('',#8651,#12260,$);
#12262=PLANE('',#12261);
#12263=ADVANCED_FACE('',(#12259),#12262,.T.);
#12264=EDGE_LOOP('',(#11024,#11017,#11032,#11021));
#12265=FACE_OUTER_BOUND('',#12264,.T.);
#12266=DIRECTION('',(49198.758081900,64116.561125600,0.000000000));
#12267=AXIS2_PLACEMENT_3D('',#8655,#12266,$);
#12268=PLANE('',#12267);
#12269=ADVANCED_FACE('',(#12265),#12268,.T.);
#12270=EDGE_LOOP('',(#11033,#11026,#11041,#11030));
#12271=FACE_OUTER_BOUND('',#12270,.T.);
#12272=DIRECTION('',(64116.561125600,49198.758081900,0.000000000));
#12273=AXIS2_PLACEMENT_3D('',#8659,#12272,$);
#12274=PLANE('',#12273);
#12275=ADVANCED_FACE('',(#12271),#12274,.T.);
#12276=EDGE_LOOP('',(#11042,#11035,#11050,#11039));
#12277=FACE_OUTER_BOUND('',#12276,.T.);
#12278=DIRECTION('',(74667.676575200,30928.260904200,0.000000000));
#12279=AXIS2_PLACEMENT_3D('',#8663,#12278,$);
#12280=PLANE('',#12279);
#12281=ADVANCED_FACE('',(#12277),#12280,.T.);
#12282=EDGE_LOOP('',(#11051,#11044,#11059,#11048));
#12283=FACE_OUTER_BOUND('',#12282,.T.);
#12284=DIRECTION('',(80126.620671500,10548.968835700,0.000000000));
#12285=AXIS2_PLACEMENT_3D('',#8667,#12284,$);
#12286=PLANE('',#12285);
#12287=ADVANCED_FACE('',(#12283),#12286,.T.);
#12288=EDGE_LOOP('',(#11060,#11053,#11068,#11057));
#12289=FACE_OUTER_BOUND('',#12288,.T.);
#12290=DIRECTION('',(80126.620671500,-10548.968835700,0.000000000));
#12291=AXIS2_PLACEMENT_3D('',#8671,#12290,$);
#12292=PLANE('',#12291);
#12293=ADVANCED_FACE('',(#12289),#12292,.T.);
#12294=EDGE_LOOP('',(#11069,#11062,#11077,#11066));
#12295=FACE_OUTER_BOUND('',#12294,.T.);
#12296=DIRECTION('',(74667.676575200,-30928.260904200,0.000000000));
#12297=AXIS2_PLACEMENT_3D('',#8675,#12296,$);
#12298=PLANE('',#12297);
#12299=ADVANCED_FACE('',(#12295),#12298,.T.);
#12300=EDGE_LOOP('',(#11078,#11071,#11086,#11075));
#12301=FACE_OUTER_BOUND('',#12300,.T.);
#12302=DIRECTION('',(64116.561125600,-49198.758081900,0.000000000));
#12303=AXIS2_PLACEMENT_3D('',#8679,#12302,$);
#12304=PLANE('',#12303);
#12305=ADVANCED_FACE('',(#12301),#12304,.T.);
#12306=EDGE_LOOP('',(#11087,#11080,#11095,#11084));
#12307=FACE_OUTER_BOUND('',#12306,.T.);
#12308=DIRECTION('',(49198.758081900,-64116.561125600,0.000000000));
#12309=AXIS2_PLACEMENT_3D('',#8683,#12308,$);
#12310=PLANE('',#12309);
#12311=ADVANCED_FACE('',(#12307),#12310,.T.);
#12312=EDGE_LOOP('',(#11096,#11089,#11104,#11093));
#12313=FACE_OUTER_BOUND('',#12312,.T.);
#12314=DIRECTION('',(49176.330239800,-118722.649177000,0.000000000));
#12315=AXIS2_PLACEMENT_3D('',#8687,#12314,$);
#12316=PLANE('',#12315);
#12317=ADVANCED_FACE('',(#12313),#12316,.T.);
#12318=EDGE_LOOP('',(#11105,#11098,#11113,#11102));
#12319=FACE_OUTER_BOUND('',#12318,.T.);
#12320=DIRECTION('',(115216.798096000,0.000000000,0.000000000));
#12321=AXIS2_PLACEMENT_3D('',#8691,#12320,$);
#12322=PLANE('',#12321);
#12323=ADVANCED_FACE('',(#12319),#12322,.T.);
#12324=EDGE_LOOP('',(#11114,#11107,#11122,#11111));
#12325=FACE_OUTER_BOUND('',#12324,.T.);
#12326=DIRECTION('',(49176.330239800,118722.649177000,0.000000000));
#12327=AXIS2_PLACEMENT_3D('',#8695,#12326,$);
#12328=PLANE('',#12327);
#12329=ADVANCED_FACE('',(#12325),#12328,.T.);
#12330=EDGE_LOOP('',(#11123,#11116,#11131,#11120));
#12331=FACE_OUTER_BOUND('',#12330,.T.);
#12332=DIRECTION('',(49198.758081900,64116.561125600,0.000000000));
#12333=AXIS2_PLACEMENT_3D('',#8699,#12332,$);
#12334=PLANE('',#12333);
#12335=ADVANCED_FACE('',(#12331),#12334,.T.);
#12336=EDGE_LOOP('',(#11132,#11125,#11140,#11129));
#12337=FACE_OUTER_BOUND('',#12336,.T.);
#12338=DIRECTION('',(64116.561125600,49198.758081900,0.000000000));
#12339=AXIS2_PLACEMENT_3D('',#8703,#12338,$);
#12340=PLANE('',#12339);
#12341=ADVANCED_FACE('',(#12337),#12340,.T.);
#12342=EDGE_LOOP('',(#11141,#11134,#11149,#11138));
#12343=FACE_OUTER_BOUND('',#12342,.T.);
#12344=DIRECTION('',(74667.676575200,30928.260904200,0.000000000));
#12345=AXIS2_PLACEMENT_3D('',#8707,#12344,$);
#12346=PLANE('',#12345);
#12347=ADVANCED_FACE('',(#12343),#12346,.T.);
#12348=EDGE_LOOP('',(#11150,#11143,#11158,#11147));
#12349=FACE_OUTER_BOUND('',#12348,.T.);
#12350=DIRECTION('',(80126.620671500,10548.968835700,0.000000000));
#12351=AXIS2_PLACEMENT_3D('',#8711,#12350,$);
#12352=PLANE('',#12351);
#12353=ADVANCED_FACE('',(#12349),#12352,.T.);
#12354=EDGE_LOOP('',(#11159,#11152,#11167,#11156));
#12355=FACE_OUTER_BOUND('',#12354,.T.);
#12356=DIRECTION('',(80126.620671500,-10548.968835700,0.000000000));
#12357=AXIS2_PLACEMENT_3D('',#8715,#12356,$);
#12358=PLANE('',#12357);
#12359=ADVANCED_FACE('',(#12355),#12358,.T.);
#12360=EDGE_LOOP('',(#11168,#11161,#11176,#11165));
#12361=FACE_OUTER_BOUND('',#12360,.T.);
#12362=DIRECTION('',(74667.676575200,-30928.260904200,0.000000000));
#12363=AXIS2_PLACEMENT_3D('',#8719,#12362,$);
#12364=PLANE('',#12363);
#12365=ADVANCED_FACE('',(#12361),#12364,.T.);
#12366=EDGE_LOOP('',(#11177,#11170,#11185,#11174));
#12367=FACE_OUTER_BOUND('',#12366,.T.);
#12368=DIRECTION('',(64116.561125600,-49198.758081900,0.000000000));
#12369=AXIS2_PLACEMENT_3D('',#8723,#12368,$);
#12370=PLANE('',#12369);
#12371=ADVANCED_FACE('',(#12367),#12370,.T.);
#12372=EDGE_LOOP('',(#11186,#11179,#11194,#11183));
#12373=FACE_OUTER_BOUND('',#12372,.T.);
#12374=DIRECTION('',(49198.758081900,-64116.561125600,0.000000000));
#12375=AXIS2_PLACEMENT_3D('',#8727,#12374,$);
#12376=PLANE('',#12375);
#12377=ADVANCED_FACE('',(#12373),#12376,.T.);
#12378=EDGE_LOOP('',(#11195,#11188,#11203,#11192));
#12379=FACE_OUTER_BOUND('',#12378,.T.);
#12380=DIRECTION('',(49176.330239800,-118722.649177000,0.000000000));
#12381=AXIS2_PLACEMENT_3D('',#8731,#12380,$);
#12382=PLANE('',#12381);
#12383=ADVANCED_FACE('',(#12379),#12382,.T.);
#12384=EDGE_LOOP('',(#11204,#11197,#11212,#11201));
#12385=FACE_OUTER_BOUND('',#12384,.T.);
#12386=DIRECTION('',(115216.798096000,0.000000000,0.000000000));
#12387=AXIS2_PLACEMENT_3D('',#8735,#12386,$);
#12388=PLANE('',#12387);
#12389=ADVANCED_FACE('',(#12385),#12388,.T.);
#12390=EDGE_LOOP('',(#11213,#11206,#11221,#11210));
#12391=FACE_OUTER_BOUND('',#12390,.T.);
#12392=DIRECTION('',(49176.330239800,118722.649177000,0.000000000));
#12393=AXIS2_PLACEMENT_3D('',#8739,#12392,$);
#12394=PLANE('',#12393);
#12395=ADVANCED_FACE('',(#12391),#12394,.T.);
#12396=EDGE_LOOP('',(#11222,#11215,#11230,#11219));
#12397=FACE_OUTER_BOUND('',#12396,.T.);
#12398=DIRECTION('',(49198.758081900,64116.561125600,0.000000000));
#12399=AXIS2_PLACEMENT_3D('',#8743,#12398,$);
#12400=PLANE('',#12399);
#12401=ADVANCED_FACE('',(#12397),#12400,.T.);
#12402=EDGE_LOOP('',(#11231,#11224,#11239,#11228));
#12403=FACE_OUTER_BOUND('',#12402,.T.);
#12404=DIRECTION('',(64116.561125600,49198.758081900,0.000000000));
#12405=AXIS2_PLACEMENT_3D('',#8747,#12404,$);
#12406=PLANE('',#12405);
#12407=ADVANCED_FACE('',(#12403),#12406,.T.);
#12408=EDGE_LOOP('',(#11240,#11233,#11248,#11237));
#12409=FACE_OUTER_BOUND('',#12408,.T.);
#12410=DIRECTION('',(74667.676575200,30928.260904200,0.000000000));
#12411=AXIS2_PLACEMENT_3D('',#8751,#12410,$);
#12412=PLANE('',#12411);
#12413=ADVANCED_FACE('',(#12409),#12412,.T.);
#12414=EDGE_LOOP('',(#11249,#11242,#11257,#11246));
#12415=FACE_OUTER_BOUND('',#12414,.T.);
#12416=DIRECTION('',(80126.620671500,10548.968835700,0.000000000));
#12417=AXIS2_PLACEMENT_3D('',#8755,#12416,$);
#12418=PLANE('',#12417);
#12419=ADVANCED_FACE('',(#12415),#12418,.T.);
#12420=EDGE_LOOP('',(#11258,#11251,#11266,#11255));
#12421=FACE_OUTER_BOUND('',#12420,.T.);
#12422=DIRECTION('',(80126.620671500,-10548.968835700,0.000000000));
#12423=AXIS2_PLACEMENT_3D('',#8759,#12422,$);
#12424=PLANE('',#12423);
#12425=ADVANCED_FACE('',(#12421),#12424,.T.);
#12426=EDGE_LOOP('',(#11267,#11260,#11275,#11264));
#12427=FACE_OUTER_BOUND('',#12426,.T.);
#12428=DIRECTION('',(74667.676575200,-30928.260904200,0.000000000));
#12429=AXIS2_PLACEMENT_3D('',#8763,#12428,$);
#12430=PLANE('',#12429);
#12431=ADVANCED_FACE('',(#12427),#12430,.T.);
#12432=EDGE_LOOP('',(#11276,#11269,#11284,#11273));
#12433=FACE_OUTER_BOUND('',#12432,.T.);
#12434=DIRECTION('',(64116.561125600,-49198.758081900,0.000000000));
#12435=AXIS2_PLACEMENT_3D('',#8767,#12434,$);
#12436=PLANE('',#12435);
#12437=ADVANCED_FACE('',(#12433),#12436,.T.);
#12438=EDGE_LOOP('',(#11285,#11278,#11293,#11282));
#12439=FACE_OUTER_BOUND('',#12438,.T.);
#12440=DIRECTION('',(49199.811961400,-64117.762157100,0.000000000));
#12441=AXIS2_PLACEMENT_3D('',#8771,#12440,$);
#12442=PLANE('',#12441);
#12443=ADVANCED_FACE('',(#12439),#12442,.T.);
#12444=EDGE_LOOP('',(#11294,#11287,#11302,#11291));
#12445=FACE_OUTER_BOUND('',#12444,.T.);
#12446=DIRECTION('',(12443.798654300,-30040.461287900,0.000000000));
#12447=AXIS2_PLACEMENT_3D('',#8775,#12446,$);
#12448=PLANE('',#12447);
#12449=ADVANCED_FACE('',(#12445),#12448,.T.);
#12450=EDGE_LOOP('',(#11303,#11296,#11311,#11300));
#12451=FACE_OUTER_BOUND('',#12450,.T.);
#12452=DIRECTION('',(170466.794981000,33909.505498800,0.000000000));
#12453=AXIS2_PLACEMENT_3D('',#8779,#12452,$);
#12454=PLANE('',#12453);
#12455=ADVANCED_FACE('',(#12451),#12454,.T.);
#12456=EDGE_LOOP('',(#11312,#11305,#11320,#11309));
#12457=FACE_OUTER_BOUND('',#12456,.T.);
#12458=DIRECTION('',(0.000000000,221810.857024000,0.000000000));
#12459=AXIS2_PLACEMENT_3D('',#8783,#12458,$);
#12460=PLANE('',#12459);
#12461=ADVANCED_FACE('',(#12457),#12460,.T.);
#12462=EDGE_LOOP('',(#11321,#11314,#11329,#11318));
#12463=FACE_OUTER_BOUND('',#12462,.T.);
#12464=DIRECTION('',(31308.095340100,31308.095340100,0.000000000));
#12465=AXIS2_PLACEMENT_3D('',#8787,#12464,$);
#12466=PLANE('',#12465);
#12467=ADVANCED_FACE('',(#12463),#12466,.T.);
#12468=EDGE_LOOP('',(#11330,#11323,#11338,#11327));
#12469=FACE_OUTER_BOUND('',#12468,.T.);
#12470=DIRECTION('',(3461162.576400000,0.000000000,0.000000000));
#12471=AXIS2_PLACEMENT_3D('',#8791,#12470,$);
#12472=PLANE('',#12471);
#12473=ADVANCED_FACE('',(#12469),#12472,.T.);
#12474=EDGE_LOOP('',(#11339,#11332,#11347,#11336));
#12475=FACE_OUTER_BOUND('',#12474,.T.);
#12476=DIRECTION('',(31308.095340100,-31308.095340100,0.000000000));
#12477=AXIS2_PLACEMENT_3D('',#8795,#12476,$);
#12478=PLANE('',#12477);
#12479=ADVANCED_FACE('',(#12475),#12478,.T.);
#12480=EDGE_LOOP('',(#11348,#11341,#11356,#11345));
#12481=FACE_OUTER_BOUND('',#12480,.T.);
#12482=DIRECTION('',(0.000000000,-3461162.576400000,0.000000000));
#12483=AXIS2_PLACEMENT_3D('',#8799,#12482,$);
#12484=PLANE('',#12483);
#12485=ADVANCED_FACE('',(#12481),#12484,.T.);
#12486=EDGE_LOOP('',(#11357,#11350,#11365,#11354));
#12487=FACE_OUTER_BOUND('',#12486,.T.);
#12488=DIRECTION('',(-31308.095340100,-31308.095340100,0.000000000));
#12489=AXIS2_PLACEMENT_3D('',#8803,#12488,$);
#12490=PLANE('',#12489);
#12491=ADVANCED_FACE('',(#12487),#12490,.T.);
#12492=EDGE_LOOP('',(#11366,#11359,#11374,#11363));
#12493=FACE_OUTER_BOUND('',#12492,.T.);
#12494=DIRECTION('',(-21439.109241000,0.000000000,0.000000000));
#12495=AXIS2_PLACEMENT_3D('',#8807,#12494,$);
#12496=PLANE('',#12495);
#12497=ADVANCED_FACE('',(#12493),#12496,.T.);
#12498=EDGE_LOOP('',(#11375,#11368,#11383,#11372));
#12499=FACE_OUTER_BOUND('',#12498,.T.);
#12500=DIRECTION('',(-31308.516180300,-31308.516180300,0.000000000));
#12501=AXIS2_PLACEMENT_3D('',#8811,#12500,$);
#12502=PLANE('',#12501);
#12503=ADVANCED_FACE('',(#12499),#12502,.T.);
#12504=EDGE_LOOP('',(#11384,#11377,#11392,#11381));
#12505=FACE_OUTER_BOUND('',#12504,.T.);
#12506=DIRECTION('',(0.000000000,-29000777.546200000,0.000000000));
#12507=AXIS2_PLACEMENT_3D('',#8815,#12506,$);
#12508=PLANE('',#12507);
#12509=ADVANCED_FACE('',(#12505),#12508,.T.);
#12510=EDGE_LOOP('',(#11393,#11386,#11401,#11390));
#12511=FACE_OUTER_BOUND('',#12510,.T.);
#12512=DIRECTION('',(-52398366.538900000,-52398366.538900000,0.000000000));
#12513=AXIS2_PLACEMENT_3D('',#8819,#12512,$);
#12514=PLANE('',#12513);
#12515=ADVANCED_FACE('',(#12511),#12514,.T.);
#12516=EDGE_LOOP('',(#11402,#11395,#11410,#11399));
#12517=FACE_OUTER_BOUND('',#12516,.T.);
#12518=DIRECTION('',(-77106874.226700000,0.000000000,0.000000000));
#12519=AXIS2_PLACEMENT_3D('',#8823,#12518,$);
#12520=PLANE('',#12519);
#12521=ADVANCED_FACE('',(#12517),#12520,.T.);
#12522=EDGE_LOOP('',(#11411,#11404,#11419,#11408));
#12523=FACE_OUTER_BOUND('',#12522,.T.);
#12524=DIRECTION('',(-22203239.210500000,22203244.814100000,0.000000000));
#12525=AXIS2_PLACEMENT_3D('',#8827,#12524,$);
#12526=PLANE('',#12525);
#12527=ADVANCED_FACE('',(#12523),#12526,.T.);
#12528=EDGE_LOOP('',(#11420,#11413,#11428,#11417));
#12529=FACE_OUTER_BOUND('',#12528,.T.);
#12530=DIRECTION('',(-9433.220224140,3907.377139380,0.000000000));
#12531=AXIS2_PLACEMENT_3D('',#8831,#12530,$);
#12532=PLANE('',#12531);
#12533=ADVANCED_FACE('',(#12529),#12532,.T.);
#12534=EDGE_LOOP('',(#11429,#11422,#11437,#11426));
#12535=FACE_OUTER_BOUND('',#12534,.T.);
#12536=DIRECTION('',(-1116190.137000000,0.000000000,0.000000000));
#12537=AXIS2_PLACEMENT_3D('',#8835,#12536,$);
#12538=PLANE('',#12537);
#12539=ADVANCED_FACE('',(#12535),#12538,.T.);
#12540=EDGE_LOOP('',(#11438,#11431,#11446,#11435));
#12541=FACE_OUTER_BOUND('',#12540,.T.);
#12542=DIRECTION('',(-31308.095340100,31308.095340100,0.000000000));
#12543=AXIS2_PLACEMENT_3D('',#8839,#12542,$);
#12544=PLANE('',#12543);
#12545=ADVANCED_FACE('',(#12541),#12544,.T.);
#12546=EDGE_LOOP('',(#11447,#11440,#11455,#11444));
#12547=FACE_OUTER_BOUND('',#12546,.T.);
#12548=DIRECTION('',(0.000000000,1116190.137000000,0.000000000));
#12549=AXIS2_PLACEMENT_3D('',#8843,#12548,$);
#12550=PLANE('',#12549);
#12551=ADVANCED_FACE('',(#12547),#12550,.T.);
#12552=EDGE_LOOP('',(#11456,#11449,#11464,#11453));
#12553=FACE_OUTER_BOUND('',#12552,.T.);
#12554=DIRECTION('',(-3907.377139380,9433.220224140,0.000000000));
#12555=AXIS2_PLACEMENT_3D('',#8847,#12554,$);
#12556=PLANE('',#12555);
#12557=ADVANCED_FACE('',(#12553),#12556,.T.);
#12558=EDGE_LOOP('',(#11465,#11458,#11473,#11462));
#12559=FACE_OUTER_BOUND('',#12558,.T.);
#12560=DIRECTION('',(-5792872.327900000,5792872.327900000,0.000000000));
#12561=AXIS2_PLACEMENT_3D('',#8851,#12560,$);
#12562=PLANE('',#12561);
#12563=ADVANCED_FACE('',(#12559),#12562,.T.);
#12564=EDGE_LOOP('',(#11474,#11467,#11482,#11471));
#12565=FACE_OUTER_BOUND('',#12564,.T.);
#12566=DIRECTION('',(-6712.114117690,3232.413987110,0.000000000));
#12567=AXIS2_PLACEMENT_3D('',#8855,#12566,$);
#12568=PLANE('',#12567);
#12569=ADVANCED_FACE('',(#12565),#12568,.T.);
#12570=EDGE_LOOP('',(#11483,#11476,#11491,#11480));
#12571=FACE_OUTER_BOUND('',#12570,.T.);
#12572=DIRECTION('',(-88775.536623900,10002.767912100,0.000000000));
#12573=AXIS2_PLACEMENT_3D('',#8859,#12572,$);
#12574=PLANE('',#12573);
#12575=ADVANCED_FACE('',(#12571),#12574,.T.);
#12576=EDGE_LOOP('',(#11492,#11485,#11500,#11489));
#12577=FACE_OUTER_BOUND('',#12576,.T.);
#12578=DIRECTION('',(-111373.038183000,38971.134198900,0.000000000));
#12579=AXIS2_PLACEMENT_3D('',#8863,#12578,$);
#12580=PLANE('',#12579);
#12581=ADVANCED_FACE('',(#12577),#12580,.T.);
#12582=EDGE_LOOP('',(#11501,#11494,#11509,#11498));
#12583=FACE_OUTER_BOUND('',#12582,.T.);
#12584=DIRECTION('',(-99911.932833200,62778.977369400,0.000000000));
#12585=AXIS2_PLACEMENT_3D('',#8867,#12584,$);
#12586=PLANE('',#12585);
#12587=ADVANCED_FACE('',(#12583),#12586,.T.);
#12588=EDGE_LOOP('',(#11510,#11503,#11518,#11507));
#12589=FACE_OUTER_BOUND('',#12588,.T.);
#12590=DIRECTION('',(-83435.744918200,83435.744918200,0.000000000));
#12591=AXIS2_PLACEMENT_3D('',#8871,#12590,$);
#12592=PLANE('',#12591);
#12593=ADVANCED_FACE('',(#12589),#12592,.T.);
#12594=EDGE_LOOP('',(#11519,#11512,#11527,#11516));
#12595=FACE_OUTER_BOUND('',#12594,.T.);
#12596=DIRECTION('',(-62778.977369400,99911.932833200,0.000000000));
#12597=AXIS2_PLACEMENT_3D('',#8875,#12596,$);
#12598=PLANE('',#12597);
#12599=ADVANCED_FACE('',(#12595),#12598,.T.);
#12600=EDGE_LOOP('',(#11528,#11521,#11536,#11525));
#12601=FACE_OUTER_BOUND('',#12600,.T.);
#12602=DIRECTION('',(-38971.134198900,111373.038183000,0.000000000));
#12603=AXIS2_PLACEMENT_3D('',#8879,#12602,$);
#12604=PLANE('',#12603);
#12605=ADVANCED_FACE('',(#12601),#12604,.T.);
#12606=EDGE_LOOP('',(#11537,#11530,#11545,#11534));
#12607=FACE_OUTER_BOUND('',#12606,.T.);
#12608=DIRECTION('',(-13211.697143300,117256.431402000,0.000000000));
#12609=AXIS2_PLACEMENT_3D('',#8883,#12608,$);
#12610=PLANE('',#12609);
#12611=ADVANCED_FACE('',(#12607),#12610,.T.);
#12612=EDGE_LOOP('',(#11546,#11539,#11554,#11543));
#12613=FACE_OUTER_BOUND('',#12612,.T.);
#12614=DIRECTION('',(13211.697143300,117256.431402000,0.000000000));
#12615=AXIS2_PLACEMENT_3D('',#8887,#12614,$);
#12616=PLANE('',#12615);
#12617=ADVANCED_FACE('',(#12613),#12616,.T.);
#12618=EDGE_LOOP('',(#11555,#11548,#11563,#11552));
#12619=FACE_OUTER_BOUND('',#12618,.T.);
#12620=DIRECTION('',(38971.134198900,111373.038183000,0.000000000));
#12621=AXIS2_PLACEMENT_3D('',#8891,#12620,$);
#12622=PLANE('',#12621);
#12623=ADVANCED_FACE('',(#12619),#12622,.T.);
#12624=EDGE_LOOP('',(#11564,#11557,#11572,#11561));
#12625=FACE_OUTER_BOUND('',#12624,.T.);
#12626=DIRECTION('',(62778.977369400,99911.932833200,0.000000000));
#12627=AXIS2_PLACEMENT_3D('',#8895,#12626,$);
#12628=PLANE('',#12627);
#12629=ADVANCED_FACE('',(#12625),#12628,.T.);
#12630=EDGE_LOOP('',(#11573,#11566,#11581,#11570));
#12631=FACE_OUTER_BOUND('',#12630,.T.);
#12632=DIRECTION('',(83435.744918200,83435.744918200,0.000000000));
#12633=AXIS2_PLACEMENT_3D('',#8899,#12632,$);
#12634=PLANE('',#12633);
#12635=ADVANCED_FACE('',(#12631),#12634,.T.);
#12636=EDGE_LOOP('',(#11582,#11575,#11590,#11579));
#12637=FACE_OUTER_BOUND('',#12636,.T.);
#12638=DIRECTION('',(99911.932833200,62778.977369400,0.000000000));
#12639=AXIS2_PLACEMENT_3D('',#8903,#12638,$);
#12640=PLANE('',#12639);
#12641=ADVANCED_FACE('',(#12637),#12640,.T.);
#12642=EDGE_LOOP('',(#11591,#11584,#11599,#11588));
#12643=FACE_OUTER_BOUND('',#12642,.T.);
#12644=DIRECTION('',(111373.038183000,38971.134198900,0.000000000));
#12645=AXIS2_PLACEMENT_3D('',#8907,#12644,$);
#12646=PLANE('',#12645);
#12647=ADVANCED_FACE('',(#12643),#12646,.T.);
#12648=EDGE_LOOP('',(#11600,#11593,#11608,#11597));
#12649=FACE_OUTER_BOUND('',#12648,.T.);
#12650=DIRECTION('',(117256.431402000,13211.697143300,0.000000000));
#12651=AXIS2_PLACEMENT_3D('',#8911,#12650,$);
#12652=PLANE('',#12651);
#12653=ADVANCED_FACE('',(#12649),#12652,.T.);
#12654=EDGE_LOOP('',(#11609,#11602,#11617,#11606));
#12655=FACE_OUTER_BOUND('',#12654,.T.);
#12656=DIRECTION('',(117256.431402000,-13211.697143300,0.000000000));
#12657=AXIS2_PLACEMENT_3D('',#8915,#12656,$);
#12658=PLANE('',#12657);
#12659=ADVANCED_FACE('',(#12655),#12658,.T.);
#12660=EDGE_LOOP('',(#11618,#11611,#11626,#11615));
#12661=FACE_OUTER_BOUND('',#12660,.T.);
#12662=DIRECTION('',(111373.038183000,-38971.134198900,0.000000000));
#12663=AXIS2_PLACEMENT_3D('',#8919,#12662,$);
#12664=PLANE('',#12663);
#12665=ADVANCED_FACE('',(#12661),#12664,.T.);
#12666=EDGE_LOOP('',(#11627,#11620,#11635,#11624));
#12667=FACE_OUTER_BOUND('',#12666,.T.);
#12668=DIRECTION('',(99911.932833200,-62778.977369400,0.000000000));
#12669=AXIS2_PLACEMENT_3D('',#8923,#12668,$);
#12670=PLANE('',#12669);
#12671=ADVANCED_FACE('',(#12667),#12670,.T.);
#12672=EDGE_LOOP('',(#11636,#11629,#11644,#11633));
#12673=FACE_OUTER_BOUND('',#12672,.T.);
#12674=DIRECTION('',(83435.744918200,-83435.744918200,0.000000000));
#12675=AXIS2_PLACEMENT_3D('',#8927,#12674,$);
#12676=PLANE('',#12675);
#12677=ADVANCED_FACE('',(#12673),#12676,.T.);
#12678=EDGE_LOOP('',(#11645,#11638,#11653,#11642));
#12679=FACE_OUTER_BOUND('',#12678,.T.);
#12680=DIRECTION('',(62778.977369400,-99911.932833200,0.000000000));
#12681=AXIS2_PLACEMENT_3D('',#8931,#12680,$);
#12682=PLANE('',#12681);
#12683=ADVANCED_FACE('',(#12679),#12682,.T.);
#12684=EDGE_LOOP('',(#11654,#11647,#11662,#11651));
#12685=FACE_OUTER_BOUND('',#12684,.T.);
#12686=DIRECTION('',(59351.288985200,-169615.927914000,0.000000000));
#12687=AXIS2_PLACEMENT_3D('',#8935,#12686,$);
#12688=PLANE('',#12687);
#12689=ADVANCED_FACE('',(#12685),#12688,.T.);
#12690=EDGE_LOOP('',(#11663,#11656,#11671,#11660));
#12691=FACE_OUTER_BOUND('',#12690,.T.);
#12692=DIRECTION('',(181412.687921000,30823.418656900,0.000000000));
#12693=AXIS2_PLACEMENT_3D('',#8939,#12692,$);
#12694=PLANE('',#12693);
#12695=ADVANCED_FACE('',(#12691),#12694,.T.);
#12696=EDGE_LOOP('',(#11672,#11665,#11680,#11669));
#12697=FACE_OUTER_BOUND('',#12696,.T.);
#12698=DIRECTION('',(0.000000000,6416078.868000000,0.000000000));
#12699=AXIS2_PLACEMENT_3D('',#8943,#12698,$);
#12700=PLANE('',#12699);
#12701=ADVANCED_FACE('',(#12697),#12700,.T.);
#12702=EDGE_LOOP('',(#11681,#11674,#11689,#11678));
#12703=FACE_OUTER_BOUND('',#12702,.T.);
#12704=DIRECTION('',(-6205.212174590,12582.883479600,0.000000000));
#12705=AXIS2_PLACEMENT_3D('',#8947,#12704,$);
#12706=PLANE('',#12705);
#12707=ADVANCED_FACE('',(#12703),#12706,.T.);
#12708=EDGE_LOOP('',(#11690,#11683,#11698,#11687));
#12709=FACE_OUTER_BOUND('',#12708,.T.);
#12710=DIRECTION('',(-8610.387090880,6607.130788760,0.000000000));
#12711=AXIS2_PLACEMENT_3D('',#8951,#12710,$);
#12712=PLANE('',#12711);
#12713=ADVANCED_FACE('',(#12709),#12712,.T.);
#12714=EDGE_LOOP('',(#11699,#11692,#11707,#11696));
#12715=FACE_OUTER_BOUND('',#12714,.T.);
#12716=DIRECTION('',(-49199.422320000,64117.624857000,0.000000000));
#12717=AXIS2_PLACEMENT_3D('',#8955,#12716,$);
#12718=PLANE('',#12717);
#12719=ADVANCED_FACE('',(#12715),#12718,.T.);
#12720=EDGE_LOOP('',(#11708,#11701,#11716,#11705));
#12721=FACE_OUTER_BOUND('',#12720,.T.);
#12722=DIRECTION('',(-49176.330239800,118722.649177000,0.000000000));
#12723=AXIS2_PLACEMENT_3D('',#8959,#12722,$);
#12724=PLANE('',#12723);
#12725=ADVANCED_FACE('',(#12721),#12724,.T.);
#12726=EDGE_LOOP('',(#11717,#11710,#11725,#11714));
#12727=FACE_OUTER_BOUND('',#12726,.T.);
#12728=DIRECTION('',(-115216.798096000,0.000000000,0.000000000));
#12729=AXIS2_PLACEMENT_3D('',#8963,#12728,$);
#12730=PLANE('',#12729);
#12731=ADVANCED_FACE('',(#12727),#12730,.T.);
#12732=EDGE_LOOP('',(#11726,#11719,#11734,#11723));
#12733=FACE_OUTER_BOUND('',#12732,.T.);
#12734=DIRECTION('',(-49176.330239800,-118722.649177000,0.000000000));
#12735=AXIS2_PLACEMENT_3D('',#8967,#12734,$);
#12736=PLANE('',#12735);
#12737=ADVANCED_FACE('',(#12733),#12736,.T.);
#12738=EDGE_LOOP('',(#11735,#11728,#11743,#11732));
#12739=FACE_OUTER_BOUND('',#12738,.T.);
#12740=DIRECTION('',(-49198.758081900,-64116.561125600,0.000000000));
#12741=AXIS2_PLACEMENT_3D('',#8971,#12740,$);
#12742=PLANE('',#12741);
#12743=ADVANCED_FACE('',(#12739),#12742,.T.);
#12744=EDGE_LOOP('',(#11744,#11737,#11752,#11741));
#12745=FACE_OUTER_BOUND('',#12744,.T.);
#12746=DIRECTION('',(-64116.561125600,-49198.758081900,0.000000000));
#12747=AXIS2_PLACEMENT_3D('',#8975,#12746,$);
#12748=PLANE('',#12747);
#12749=ADVANCED_FACE('',(#12745),#12748,.T.);
#12750=EDGE_LOOP('',(#11753,#11746,#11761,#11750));
#12751=FACE_OUTER_BOUND('',#12750,.T.);
#12752=DIRECTION('',(-74667.676575200,-30928.260904200,0.000000000));
#12753=AXIS2_PLACEMENT_3D('',#8979,#12752,$);
#12754=PLANE('',#12753);
#12755=ADVANCED_FACE('',(#12751),#12754,.T.);
#12756=EDGE_LOOP('',(#11762,#11755,#11770,#11759));
#12757=FACE_OUTER_BOUND('',#12756,.T.);
#12758=DIRECTION('',(-80126.620671500,-10548.968835700,0.000000000));
#12759=AXIS2_PLACEMENT_3D('',#8983,#12758,$);
#12760=PLANE('',#12759);
#12761=ADVANCED_FACE('',(#12757),#12760,.T.);
#12762=EDGE_LOOP('',(#11771,#11764,#11779,#11768));
#12763=FACE_OUTER_BOUND('',#12762,.T.);
#12764=DIRECTION('',(-80126.620671500,10548.968835700,0.000000000));
#12765=AXIS2_PLACEMENT_3D('',#8987,#12764,$);
#12766=PLANE('',#12765);
#12767=ADVANCED_FACE('',(#12763),#12766,.T.);
#12768=EDGE_LOOP('',(#11780,#11773,#11788,#11777));
#12769=FACE_OUTER_BOUND('',#12768,.T.);
#12770=DIRECTION('',(-74667.676575200,30928.260904200,0.000000000));
#12771=AXIS2_PLACEMENT_3D('',#8991,#12770,$);
#12772=PLANE('',#12771);
#12773=ADVANCED_FACE('',(#12769),#12772,.T.);
#12774=EDGE_LOOP('',(#11789,#11782,#11797,#11786));
#12775=FACE_OUTER_BOUND('',#12774,.T.);
#12776=DIRECTION('',(-64116.561125600,49198.758081900,0.000000000));
#12777=AXIS2_PLACEMENT_3D('',#8995,#12776,$);
#12778=PLANE('',#12777);
#12779=ADVANCED_FACE('',(#12775),#12778,.T.);
#12780=EDGE_LOOP('',(#11798,#11791,#11806,#11795));
#12781=FACE_OUTER_BOUND('',#12780,.T.);
#12782=DIRECTION('',(-49198.758081900,64116.561125600,0.000000000));
#12783=AXIS2_PLACEMENT_3D('',#8999,#12782,$);
#12784=PLANE('',#12783);
#12785=ADVANCED_FACE('',(#12781),#12784,.T.);
#12786=EDGE_LOOP('',(#11807,#11800,#11815,#11804));
#12787=FACE_OUTER_BOUND('',#12786,.T.);
#12788=DIRECTION('',(-49176.330239800,118722.649177000,0.000000000));
#12789=AXIS2_PLACEMENT_3D('',#9003,#12788,$);
#12790=PLANE('',#12789);
#12791=ADVANCED_FACE('',(#12787),#12790,.T.);
#12792=EDGE_LOOP('',(#11816,#11809,#11824,#11813));
#12793=FACE_OUTER_BOUND('',#12792,.T.);
#12794=DIRECTION('',(-115216.798096000,0.000000000,0.000000000));
#12795=AXIS2_PLACEMENT_3D('',#9007,#12794,$);
#12796=PLANE('',#12795);
#12797=ADVANCED_FACE('',(#12793),#12796,.T.);
#12798=EDGE_LOOP('',(#11825,#11818,#11833,#11822));
#12799=FACE_OUTER_BOUND('',#12798,.T.);
#12800=DIRECTION('',(-49176.330239800,-118722.649177000,0.000000000));
#12801=AXIS2_PLACEMENT_3D('',#9011,#12800,$);
#12802=PLANE('',#12801);
#12803=ADVANCED_FACE('',(#12799),#12802,.T.);
#12804=EDGE_LOOP('',(#11834,#11827,#11842,#11831));
#12805=FACE_OUTER_BOUND('',#12804,.T.);
#12806=DIRECTION('',(-49198.758081900,-64116.561125600,0.000000000));
#12807=AXIS2_PLACEMENT_3D('',#9015,#12806,$);
#12808=PLANE('',#12807);
#12809=ADVANCED_FACE('',(#12805),#12808,.T.);
#12810=EDGE_LOOP('',(#11843,#11836,#11851,#11840));
#12811=FACE_OUTER_BOUND('',#12810,.T.);
#12812=DIRECTION('',(-64116.561125600,-49198.758081900,0.000000000));
#12813=AXIS2_PLACEMENT_3D('',#9019,#12812,$);
#12814=PLANE('',#12813);
#12815=ADVANCED_FACE('',(#12811),#12814,.T.);
#12816=EDGE_LOOP('',(#11852,#11845,#11860,#11849));
#12817=FACE_OUTER_BOUND('',#12816,.T.);
#12818=DIRECTION('',(-74667.676575200,-30928.260904200,0.000000000));
#12819=AXIS2_PLACEMENT_3D('',#9023,#12818,$);
#12820=PLANE('',#12819);
#12821=ADVANCED_FACE('',(#12817),#12820,.T.);
#12822=EDGE_LOOP('',(#11861,#11854,#11869,#11858));
#12823=FACE_OUTER_BOUND('',#12822,.T.);
#12824=DIRECTION('',(-80126.620671500,-10548.968835700,0.000000000));
#12825=AXIS2_PLACEMENT_3D('',#9027,#12824,$);
#12826=PLANE('',#12825);
#12827=ADVANCED_FACE('',(#12823),#12826,.T.);
#12828=EDGE_LOOP('',(#11870,#11863,#11878,#11867));
#12829=FACE_OUTER_BOUND('',#12828,.T.);
#12830=DIRECTION('',(-80126.620671500,10548.968835700,0.000000000));
#12831=AXIS2_PLACEMENT_3D('',#9031,#12830,$);
#12832=PLANE('',#12831);
#12833=ADVANCED_FACE('',(#12829),#12832,.T.);
#12834=EDGE_LOOP('',(#11879,#11872,#11887,#11876));
#12835=FACE_OUTER_BOUND('',#12834,.T.);
#12836=DIRECTION('',(-74667.676575200,30928.260904200,0.000000000));
#12837=AXIS2_PLACEMENT_3D('',#9035,#12836,$);
#12838=PLANE('',#12837);
#12839=ADVANCED_FACE('',(#12835),#12838,.T.);
#12840=EDGE_LOOP('',(#11888,#11881,#11896,#11885));
#12841=FACE_OUTER_BOUND('',#12840,.T.);
#12842=DIRECTION('',(-64116.561125600,49198.758081900,0.000000000));
#12843=AXIS2_PLACEMENT_3D('',#9039,#12842,$);
#12844=PLANE('',#12843);
#12845=ADVANCED_FACE('',(#12841),#12844,.T.);
#12846=EDGE_LOOP('',(#11897,#11890,#11905,#11894));
#12847=FACE_OUTER_BOUND('',#12846,.T.);
#12848=DIRECTION('',(-49198.758081900,64116.561125600,0.000000000));
#12849=AXIS2_PLACEMENT_3D('',#9043,#12848,$);
#12850=PLANE('',#12849);
#12851=ADVANCED_FACE('',(#12847),#12850,.T.);
#12852=EDGE_LOOP('',(#11906,#11899,#10492,#11903));
#12853=FACE_OUTER_BOUND('',#12852,.T.);
#12854=DIRECTION('',(-37835.750529200,91343.926771400,0.000000000));
#12855=AXIS2_PLACEMENT_3D('',#9047,#12854,$);
#12856=PLANE('',#12855);
#12857=ADVANCED_FACE('',(#12853),#12856,.T.);
#12858=EDGE_LOOP('',(#11900,#11891,#11882,#11873,#11864,#11855,#11846,#11837,#11828,#11819,#11810,#11801,#11792,#11783,#11774,#11765,#11756,#11747,#11738,#11729,#11720,#11711,#11702,#11693,#11684,#11675,#11666,#11657,#11648,#11639,#11630,#11621,#11612,#11603,#11594,#11585,#11576,#11567,#11558,#11549,#11540,#11531,#11522,#11513,#11504,#11495,#11486,#11477,#11468,#11459,#11450,#11441,#11432,#11423,#11414,#11405,#11396,#11387,#11378,#11369,#11360,#11351,#11342,#11333,#11324,#11315,#11306,#11297,#11288,#11279,#11270,#11261,#11252,#11243,#11234,#11225,#11216,#11207,#11198,#11189,#11180,#11171,#11162,#11153,#11144,#11135,#11126,#11117,#11108,#11099,#11090,#11081,#11072,#11063,#11054,#11045,#11036,#11027,#11018,#11009,#11000,#10991,#10982,#10973,#10964,#10955,#10946,#10937,#10928,#10919,#10910,#10901,#10892,#10883,#10874,#10865,#10856,#10847,#10838,#10829,#10820,#10811,#10802,#10793,#10784,#10775,#10766,#10757,#10748,#10739,#10730,#10721,#10712,#10703,#10694,#10685,#10676,#10667,#10658,#10649,#10640,#10631,#10622,#10613,#10604,#10595,#10586,#10577,#10568,#10559,#10550,#10541,#10532,#10523,#10514,#10505,#10496,#10487));
#12859=FACE_BOUND('',#12858,.T.);
#12860=EDGE_LOOP('',(#10489,#10498,#10507,#10516,#10525,#10534,#10543,#10552,#10561,#10570,#10579,#10588,#10597,#10606,#10615,#10624,#10633,#10642,#10651,#10660,#10669,#10678,#10687,#10696,#10705,#10714,#10723,#10732,#10741,#10750,#10759,#10768,#10777,#10786,#10795,#10804,#10813,#10822,#10831,#10840,#10849,#10858,#10867,#10876,#10885,#10894,#10903,#10912,#10921,#10930,#10939,#10948,#10957,#10966,#10975,#10984,#10993,#11002,#11011,#11020,#11029,#11038,#11047,#11056,#11065,#11074,#11083,#11092,#11101,#11110,#11119,#11128,#11137,#11146,#11155,#11164,#11173,#11182,#11191,#11200,#11209,#11218,#11227,#11236,#11245,#11254,#11263,#11272,#11281,#11290,#11299,#11308,#11317,#11326,#11335,#11344,#11353,#11362,#11371,#11380,#11389,#11398,#11407,#11416,#11425,#11434,#11443,#11452,#11461,#11470,#11479,#11488,#11497,#11506,#11515,#11524,#11533,#11542,#11551,#11560,#11569,#11578,#11587,#11596,#11605,#11614,#11623,#11632,#11641,#11650,#11659,#11668,#11677,#11686,#11695,#11704,#11713,#11722,#11731,#11740,#11749,#11758,#11767,#11776,#11785,#11794,#11803,#11812,#11821,#11830,#11839,#11848,#11857,#11866,#11875,#11884,#11893,#11902));
#12861=FACE_BOUND('',#12860,.T.);
#12862=CARTESIAN_POINT('',(11.049000000,25.091571000,-0.835000000));
#12863=VERTEX_POINT('',#12862);
#12864=CARTESIAN_POINT('',(11.049000000,25.091571000,-0.800000000));
#12865=VERTEX_POINT('',#12864);
#12866=CARTESIAN_POINT('',(11.049000000,25.370073889,-0.835000000));
#12867=VERTEX_POINT('',#12866);
#12868=CARTESIAN_POINT('',(11.049000000,25.370073889,-0.800000000));
#12869=VERTEX_POINT('',#12868);
#12870=CARTESIAN_POINT('',(11.579926111,25.901000000,-0.835000000));
#12871=VERTEX_POINT('',#12870);
#12872=CARTESIAN_POINT('',(11.579926111,25.901000000,-0.800000000));
#12873=VERTEX_POINT('',#12872);
#12874=CARTESIAN_POINT('',(11.850559000,25.901000000,-0.835000000));
#12875=VERTEX_POINT('',#12874);
#12876=CARTESIAN_POINT('',(11.850559000,25.901000000,-0.800000000));
#12877=VERTEX_POINT('',#12876);
#12878=CARTESIAN_POINT('',(11.846892000,25.873147000,-0.835000000));
#12879=VERTEX_POINT('',#12878);
#12880=CARTESIAN_POINT('',(11.846892000,25.873147000,-0.800000000));
#12881=VERTEX_POINT('',#12880);
#12882=CARTESIAN_POINT('',(11.738100000,25.610499000,-0.835000000));
#12883=VERTEX_POINT('',#12882);
#12884=CARTESIAN_POINT('',(11.738100000,25.610499000,-0.800000000));
#12885=VERTEX_POINT('',#12884);
#12886=CARTESIAN_POINT('',(11.565038000,25.384962000,-0.835000000));
#12887=VERTEX_POINT('',#12886);
#12888=CARTESIAN_POINT('',(11.565038000,25.384962000,-0.800000000));
#12889=VERTEX_POINT('',#12888);
#12890=CARTESIAN_POINT('',(11.339501000,25.211900000,-0.835000000));
#12891=VERTEX_POINT('',#12890);
#12892=CARTESIAN_POINT('',(11.339501000,25.211900000,-0.800000000));
#12893=VERTEX_POINT('',#12892);
#12894=DIRECTION('',(0.000000000,0.278502889,0.000000000));
#12895=VECTOR('',#12894,1.);
#12896=LINE('',#12862,#12895);
#12897=DIRECTION('',(0.000000000,0.278502889,0.000000000));
#12898=VECTOR('',#12897,1.);
#12899=LINE('',#12864,#12898);
#12900=CARTESIAN_POINT('',(10.795000000,26.155000000,-0.835000000));
#12901=DIRECTION('',(0.,0.,1.));
#12902=DIRECTION('',(1.,0.,0.));
#12903=AXIS2_PLACEMENT_3D('',#12900,#12901,#12902);
#12904=CIRCLE('',#12903,0.825000000);
#12905=CARTESIAN_POINT('',(10.795000000,26.155000000,-0.800000000));
#12906=DIRECTION('',(0.,0.,1.));
#12907=DIRECTION('',(1.,0.,0.));
#12908=AXIS2_PLACEMENT_3D('',#12905,#12906,#12907);
#12909=CIRCLE('',#12908,0.825000000);
#12910=DIRECTION('',(0.270632889,0.000000000,0.000000000));
#12911=VECTOR('',#12910,1.);
#12912=LINE('',#12870,#12911);
#12913=DIRECTION('',(0.270632889,0.000000000,0.000000000));
#12914=VECTOR('',#12913,1.);
#12915=LINE('',#12872,#12914);
#12916=DIRECTION('',(-0.003667000,-0.027853000,0.000000000));
#12917=VECTOR('',#12916,1.);
#12918=LINE('',#12874,#12917);
#12919=DIRECTION('',(-0.003667000,-0.027853000,0.000000000));
#12920=VECTOR('',#12919,1.);
#12921=LINE('',#12876,#12920);
#12922=DIRECTION('',(-0.108792000,-0.262648000,0.000000000));
#12923=VECTOR('',#12922,1.);
#12924=LINE('',#12878,#12923);
#12925=DIRECTION('',(-0.108792000,-0.262648000,0.000000000));
#12926=VECTOR('',#12925,1.);
#12927=LINE('',#12880,#12926);
#12928=DIRECTION('',(-0.173062000,-0.225537000,0.000000000));
#12929=VECTOR('',#12928,1.);
#12930=LINE('',#12882,#12929);
#12931=DIRECTION('',(-0.173062000,-0.225537000,0.000000000));
#12932=VECTOR('',#12931,1.);
#12933=LINE('',#12884,#12932);
#12934=DIRECTION('',(-0.225537000,-0.173062000,0.000000000));
#12935=VECTOR('',#12934,1.);
#12936=LINE('',#12886,#12935);
#12937=DIRECTION('',(-0.225537000,-0.173062000,0.000000000));
#12938=VECTOR('',#12937,1.);
#12939=LINE('',#12888,#12938);
#12940=DIRECTION('',(-0.290501000,-0.120329000,0.000000000));
#12941=VECTOR('',#12940,1.);
#12942=LINE('',#12890,#12941);
#12943=DIRECTION('',(-0.290501000,-0.120329000,0.000000000));
#12944=VECTOR('',#12943,1.);
#12945=LINE('',#12892,#12944);
#12946=DIRECTION('',(0.000000000,0.000000000,0.035000000));
#12947=VECTOR('',#12946,1.);
#12948=LINE('',#12862,#12947);
#12949=DIRECTION('',(0.000000000,0.000000000,0.035000000));
#12950=VECTOR('',#12949,1.);
#12951=LINE('',#12866,#12950);
#12952=DIRECTION('',(0.000000000,0.000000000,0.035000000));
#12953=VECTOR('',#12952,1.);
#12954=LINE('',#12870,#12953);
#12955=DIRECTION('',(0.000000000,0.000000000,0.035000000));
#12956=VECTOR('',#12955,1.);
#12957=LINE('',#12874,#12956);
#12958=DIRECTION('',(0.000000000,0.000000000,0.035000000));
#12959=VECTOR('',#12958,1.);
#12960=LINE('',#12878,#12959);
#12961=DIRECTION('',(0.000000000,0.000000000,0.035000000));
#12962=VECTOR('',#12961,1.);
#12963=LINE('',#12882,#12962);
#12964=DIRECTION('',(0.000000000,0.000000000,0.035000000));
#12965=VECTOR('',#12964,1.);
#12966=LINE('',#12886,#12965);
#12967=DIRECTION('',(0.000000000,0.000000000,0.035000000));
#12968=VECTOR('',#12967,1.);
#12969=LINE('',#12890,#12968);
#12970=EDGE_CURVE('',#12863,#12867,#12896,.T.);
#12971=ORIENTED_EDGE('',*,*,#12970,.T.);
#12972=ORIENTED_EDGE('',*,*,#12970,.F.);
#12973=EDGE_CURVE('',#12865,#12869,#12899,.T.);
#12974=ORIENTED_EDGE('',*,*,#12973,.T.);
#12975=ORIENTED_EDGE('',*,*,#12973,.F.);
#12976=EDGE_CURVE('',#12863,#12865,#12948,.T.);
#12977=ORIENTED_EDGE('',*,*,#12976,.T.);
#12978=ORIENTED_EDGE('',*,*,#12976,.F.);
#12979=EDGE_CURVE('',#12867,#12871,#12904,.T.);
#12980=ORIENTED_EDGE('',*,*,#12979,.T.);
#12981=ORIENTED_EDGE('',*,*,#12979,.F.);
#12982=EDGE_CURVE('',#12869,#12873,#12909,.T.);
#12983=ORIENTED_EDGE('',*,*,#12982,.T.);
#12984=ORIENTED_EDGE('',*,*,#12982,.F.);
#12985=EDGE_CURVE('',#12867,#12869,#12951,.T.);
#12986=ORIENTED_EDGE('',*,*,#12985,.T.);
#12987=ORIENTED_EDGE('',*,*,#12985,.F.);
#12988=EDGE_CURVE('',#12871,#12875,#12912,.T.);
#12989=ORIENTED_EDGE('',*,*,#12988,.T.);
#12990=ORIENTED_EDGE('',*,*,#12988,.F.);
#12991=EDGE_CURVE('',#12873,#12877,#12915,.T.);
#12992=ORIENTED_EDGE('',*,*,#12991,.T.);
#12993=ORIENTED_EDGE('',*,*,#12991,.F.);
#12994=EDGE_CURVE('',#12871,#12873,#12954,.T.);
#12995=ORIENTED_EDGE('',*,*,#12994,.T.);
#12996=ORIENTED_EDGE('',*,*,#12994,.F.);
#12997=EDGE_CURVE('',#12875,#12879,#12918,.T.);
#12998=ORIENTED_EDGE('',*,*,#12997,.T.);
#12999=ORIENTED_EDGE('',*,*,#12997,.F.);
#13000=EDGE_CURVE('',#12877,#12881,#12921,.T.);
#13001=ORIENTED_EDGE('',*,*,#13000,.T.);
#13002=ORIENTED_EDGE('',*,*,#13000,.F.);
#13003=EDGE_CURVE('',#12875,#12877,#12957,.T.);
#13004=ORIENTED_EDGE('',*,*,#13003,.T.);
#13005=ORIENTED_EDGE('',*,*,#13003,.F.);
#13006=EDGE_CURVE('',#12879,#12883,#12924,.T.);
#13007=ORIENTED_EDGE('',*,*,#13006,.T.);
#13008=ORIENTED_EDGE('',*,*,#13006,.F.);
#13009=EDGE_CURVE('',#12881,#12885,#12927,.T.);
#13010=ORIENTED_EDGE('',*,*,#13009,.T.);
#13011=ORIENTED_EDGE('',*,*,#13009,.F.);
#13012=EDGE_CURVE('',#12879,#12881,#12960,.T.);
#13013=ORIENTED_EDGE('',*,*,#13012,.T.);
#13014=ORIENTED_EDGE('',*,*,#13012,.F.);
#13015=EDGE_CURVE('',#12883,#12887,#12930,.T.);
#13016=ORIENTED_EDGE('',*,*,#13015,.T.);
#13017=ORIENTED_EDGE('',*,*,#13015,.F.);
#13018=EDGE_CURVE('',#12885,#12889,#12933,.T.);
#13019=ORIENTED_EDGE('',*,*,#13018,.T.);
#13020=ORIENTED_EDGE('',*,*,#13018,.F.);
#13021=EDGE_CURVE('',#12883,#12885,#12963,.T.);
#13022=ORIENTED_EDGE('',*,*,#13021,.T.);
#13023=ORIENTED_EDGE('',*,*,#13021,.F.);
#13024=EDGE_CURVE('',#12887,#12891,#12936,.T.);
#13025=ORIENTED_EDGE('',*,*,#13024,.T.);
#13026=ORIENTED_EDGE('',*,*,#13024,.F.);
#13027=EDGE_CURVE('',#12889,#12893,#12939,.T.);
#13028=ORIENTED_EDGE('',*,*,#13027,.T.);
#13029=ORIENTED_EDGE('',*,*,#13027,.F.);
#13030=EDGE_CURVE('',#12887,#12889,#12966,.T.);
#13031=ORIENTED_EDGE('',*,*,#13030,.T.);
#13032=ORIENTED_EDGE('',*,*,#13030,.F.);
#13033=EDGE_CURVE('',#12891,#12863,#12942,.T.);
#13034=ORIENTED_EDGE('',*,*,#13033,.T.);
#13035=ORIENTED_EDGE('',*,*,#13033,.F.);
#13036=EDGE_CURVE('',#12893,#12865,#12945,.T.);
#13037=ORIENTED_EDGE('',*,*,#13036,.T.);
#13038=ORIENTED_EDGE('',*,*,#13036,.F.);
#13039=EDGE_CURVE('',#12891,#12893,#12969,.T.);
#13040=ORIENTED_EDGE('',*,*,#13039,.T.);
#13041=ORIENTED_EDGE('',*,*,#13039,.F.);
#13042=EDGE_LOOP('',(#12978,#12971,#12986,#12975));
#13043=FACE_OUTER_BOUND('',#13042,.T.);
#13044=DIRECTION('',(77563.859085400,0.000000000,0.000000000));
#13045=AXIS2_PLACEMENT_3D('',#12862,#13044,$);
#13046=PLANE('',#13045);
#13047=ADVANCED_FACE('',(#13043),#13046,.T.);
#13048=EDGE_LOOP('',(#12987,#12980,#12995,#12984));
#13049=FACE_OUTER_BOUND('',#13048,.T.);
#13050=CARTESIAN_POINT('',(10.795000000,26.155000000,-0.835000000));
#13051=DIRECTION('',(0.,0.,1.));
#13052=AXIS2_PLACEMENT_3D('',#13050,#13051,#12907);
#13053=CYLINDRICAL_SURFACE('',#13052,0.825000000);
#13054=ADVANCED_FACE('',(#13049),#13053,.F.);
#13055=EDGE_LOOP('',(#12996,#12989,#13004,#12993));
#13056=FACE_OUTER_BOUND('',#13055,.T.);
#13057=DIRECTION('',(0.000000000,-73242.160515300,0.000000000));
#13058=AXIS2_PLACEMENT_3D('',#12870,#13057,$);
#13059=PLANE('',#13058);
#13060=ADVANCED_FACE('',(#13056),#13059,.T.);
#13061=EDGE_LOOP('',(#13005,#12998,#13013,#13002));
#13062=FACE_OUTER_BOUND('',#13061,.T.);
#13063=DIRECTION('',(-782.484168653,103.018326444,0.000000000));
#13064=AXIS2_PLACEMENT_3D('',#12874,#13063,$);
#13065=PLANE('',#13064);
#13066=ADVANCED_FACE('',(#13062),#13065,.T.);
#13067=EDGE_LOOP('',(#13014,#13007,#13022,#13011));
#13068=FACE_OUTER_BOUND('',#13067,.T.);
#13069=DIRECTION('',(-74667.676575200,30928.260904200,0.000000000));
#13070=AXIS2_PLACEMENT_3D('',#12878,#13069,$);
#13071=PLANE('',#13070);
#13072=ADVANCED_FACE('',(#13068),#13071,.T.);
#13073=EDGE_LOOP('',(#13023,#13016,#13031,#13020));
#13074=FACE_OUTER_BOUND('',#13073,.T.);
#13075=DIRECTION('',(-64116.561125600,49198.758081900,0.000000000));
#13076=AXIS2_PLACEMENT_3D('',#12882,#13075,$);
#13077=PLANE('',#13076);
#13078=ADVANCED_FACE('',(#13074),#13077,.T.);
#13079=EDGE_LOOP('',(#13032,#13025,#13040,#13029));
#13080=FACE_OUTER_BOUND('',#13079,.T.);
#13081=DIRECTION('',(-49198.758081900,64116.561125600,0.000000000));
#13082=AXIS2_PLACEMENT_3D('',#12886,#13081,$);
#13083=PLANE('',#13082);
#13084=ADVANCED_FACE('',(#13080),#13083,.T.);
#13085=EDGE_LOOP('',(#13041,#13034,#12977,#13038));
#13086=FACE_OUTER_BOUND('',#13085,.T.);
#13087=DIRECTION('',(-37835.750529200,91343.926771400,0.000000000));
#13088=AXIS2_PLACEMENT_3D('',#12890,#13087,$);
#13089=PLANE('',#13088);
#13090=ADVANCED_FACE('',(#13086),#13089,.T.);
#13091=EDGE_LOOP('',(#13035,#13026,#13017,#13008,#12999,#12990,#12981,#12972));
#13092=FACE_BOUND('',#13091,.T.);
#13093=EDGE_LOOP('',(#12974,#12983,#12992,#13001,#13010,#13019,#13028,#13037));
#13094=FACE_BOUND('',#13093,.T.);
#13095=CARTESIAN_POINT('',(9.869002000,23.088212000,-0.835000000));
#13096=VERTEX_POINT('',#13095);
#13097=CARTESIAN_POINT('',(9.869002000,23.088212000,-0.800000000));
#13098=VERTEX_POINT('',#13097);
#13099=CARTESIAN_POINT('',(9.851900000,23.110499000,-0.835000000));
#13100=VERTEX_POINT('',#13099);
#13101=CARTESIAN_POINT('',(9.851900000,23.110499000,-0.800000000));
#13102=VERTEX_POINT('',#13101);
#13103=CARTESIAN_POINT('',(9.743108000,23.373147000,-0.835000000));
#13104=VERTEX_POINT('',#13103);
#13105=CARTESIAN_POINT('',(9.743108000,23.373147000,-0.800000000));
#13106=VERTEX_POINT('',#13105);
#13107=CARTESIAN_POINT('',(9.706001000,23.655000000,-0.835000000));
#13108=VERTEX_POINT('',#13107);
#13109=CARTESIAN_POINT('',(9.706001000,23.655000000,-0.800000000));
#13110=VERTEX_POINT('',#13109);
#13111=CARTESIAN_POINT('',(9.743108000,23.936853000,-0.835000000));
#13112=VERTEX_POINT('',#13111);
#13113=CARTESIAN_POINT('',(9.743108000,23.936853000,-0.800000000));
#13114=VERTEX_POINT('',#13113);
#13115=CARTESIAN_POINT('',(9.851900000,24.199501000,-0.835000000));
#13116=VERTEX_POINT('',#13115);
#13117=CARTESIAN_POINT('',(9.851900000,24.199501000,-0.800000000));
#13118=VERTEX_POINT('',#13117);
#13119=CARTESIAN_POINT('',(10.024962000,24.425038000,-0.835000000));
#13120=VERTEX_POINT('',#13119);
#13121=CARTESIAN_POINT('',(10.024962000,24.425038000,-0.800000000));
#13122=VERTEX_POINT('',#13121);
#13123=CARTESIAN_POINT('',(10.250499000,24.598100000,-0.835000000));
#13124=VERTEX_POINT('',#13123);
#13125=CARTESIAN_POINT('',(10.250499000,24.598100000,-0.800000000));
#13126=VERTEX_POINT('',#13125);
#13127=CARTESIAN_POINT('',(10.541000000,24.718429000,-0.835000000));
#13128=VERTEX_POINT('',#13127);
#13129=CARTESIAN_POINT('',(10.541000000,24.718429000,-0.800000000));
#13130=VERTEX_POINT('',#13129);
#13131=CARTESIAN_POINT('',(10.541000000,24.439926111,-0.835000000));
#13132=VERTEX_POINT('',#13131);
#13133=CARTESIAN_POINT('',(10.541000000,24.439926111,-0.800000000));
#13134=VERTEX_POINT('',#13133);
#13135=CARTESIAN_POINT('',(10.060368384,23.279578384,-0.835000000));
#13136=VERTEX_POINT('',#13135);
#13137=CARTESIAN_POINT('',(10.060368384,23.279578384,-0.800000000));
#13138=VERTEX_POINT('',#13137);
#13139=DIRECTION('',(-0.017102000,0.022287000,0.000000000));
#13140=VECTOR('',#13139,1.);
#13141=LINE('',#13095,#13140);
#13142=DIRECTION('',(-0.017102000,0.022287000,0.000000000));
#13143=VECTOR('',#13142,1.);
#13144=LINE('',#13097,#13143);
#13145=DIRECTION('',(-0.108792000,0.262648000,0.000000000));
#13146=VECTOR('',#13145,1.);
#13147=LINE('',#13099,#13146);
#13148=DIRECTION('',(-0.108792000,0.262648000,0.000000000));
#13149=VECTOR('',#13148,1.);
#13150=LINE('',#13101,#13149);
#13151=DIRECTION('',(-0.037107000,0.281853000,0.000000000));
#13152=VECTOR('',#13151,1.);
#13153=LINE('',#13103,#13152);
#13154=DIRECTION('',(-0.037107000,0.281853000,0.000000000));
#13155=VECTOR('',#13154,1.);
#13156=LINE('',#13105,#13155);
#13157=DIRECTION('',(0.037107000,0.281853000,0.000000000));
#13158=VECTOR('',#13157,1.);
#13159=LINE('',#13107,#13158);
#13160=DIRECTION('',(0.037107000,0.281853000,0.000000000));
#13161=VECTOR('',#13160,1.);
#13162=LINE('',#13109,#13161);
#13163=DIRECTION('',(0.108792000,0.262648000,0.000000000));
#13164=VECTOR('',#13163,1.);
#13165=LINE('',#13111,#13164);
#13166=DIRECTION('',(0.108792000,0.262648000,0.000000000));
#13167=VECTOR('',#13166,1.);
#13168=LINE('',#13113,#13167);
#13169=DIRECTION('',(0.173062000,0.225537000,0.000000000));
#13170=VECTOR('',#13169,1.);
#13171=LINE('',#13115,#13170);
#13172=DIRECTION('',(0.173062000,0.225537000,0.000000000));
#13173=VECTOR('',#13172,1.);
#13174=LINE('',#13117,#13173);
#13175=DIRECTION('',(0.225537000,0.173062000,0.000000000));
#13176=VECTOR('',#13175,1.);
#13177=LINE('',#13119,#13176);
#13178=DIRECTION('',(0.225537000,0.173062000,0.000000000));
#13179=VECTOR('',#13178,1.);
#13180=LINE('',#13121,#13179);
#13181=DIRECTION('',(0.290501000,0.120329000,0.000000000));
#13182=VECTOR('',#13181,1.);
#13183=LINE('',#13123,#13182);
#13184=DIRECTION('',(0.290501000,0.120329000,0.000000000));
#13185=VECTOR('',#13184,1.);
#13186=LINE('',#13125,#13185);
#13187=DIRECTION('',(0.000000000,-0.278502889,0.000000000));
#13188=VECTOR('',#13187,1.);
#13189=LINE('',#13127,#13188);
#13190=DIRECTION('',(0.000000000,-0.278502889,0.000000000));
#13191=VECTOR('',#13190,1.);
#13192=LINE('',#13129,#13191);
#13193=CARTESIAN_POINT('',(10.795000000,23.655000000,-0.835000000));
#13194=DIRECTION('',(0.,0.,1.));
#13195=DIRECTION('',(1.,0.,0.));
#13196=AXIS2_PLACEMENT_3D('',#13193,#13194,#13195);
#13197=CIRCLE('',#13196,0.825000000);
#13198=CARTESIAN_POINT('',(10.795000000,23.655000000,-0.800000000));
#13199=DIRECTION('',(0.,0.,1.));
#13200=DIRECTION('',(1.,0.,0.));
#13201=AXIS2_PLACEMENT_3D('',#13198,#13199,#13200);
#13202=CIRCLE('',#13201,0.825000000);
#13203=DIRECTION('',(-0.191366384,-0.191366384,0.000000000));
#13204=VECTOR('',#13203,1.);
#13205=LINE('',#13135,#13204);
#13206=DIRECTION('',(-0.191366384,-0.191366384,0.000000000));
#13207=VECTOR('',#13206,1.);
#13208=LINE('',#13137,#13207);
#13209=DIRECTION('',(0.000000000,0.000000000,0.035000000));
#13210=VECTOR('',#13209,1.);
#13211=LINE('',#13095,#13210);
#13212=DIRECTION('',(0.000000000,0.000000000,0.035000000));
#13213=VECTOR('',#13212,1.);
#13214=LINE('',#13099,#13213);
#13215=DIRECTION('',(0.000000000,0.000000000,0.035000000));
#13216=VECTOR('',#13215,1.);
#13217=LINE('',#13103,#13216);
#13218=DIRECTION('',(0.000000000,0.000000000,0.035000000));
#13219=VECTOR('',#13218,1.);
#13220=LINE('',#13107,#13219);
#13221=DIRECTION('',(0.000000000,0.000000000,0.035000000));
#13222=VECTOR('',#13221,1.);
#13223=LINE('',#13111,#13222);
#13224=DIRECTION('',(0.000000000,0.000000000,0.035000000));
#13225=VECTOR('',#13224,1.);
#13226=LINE('',#13115,#13225);
#13227=DIRECTION('',(0.000000000,0.000000000,0.035000000));
#13228=VECTOR('',#13227,1.);
#13229=LINE('',#13119,#13228);
#13230=DIRECTION('',(0.000000000,0.000000000,0.035000000));
#13231=VECTOR('',#13230,1.);
#13232=LINE('',#13123,#13231);
#13233=DIRECTION('',(0.000000000,0.000000000,0.035000000));
#13234=VECTOR('',#13233,1.);
#13235=LINE('',#13127,#13234);
#13236=DIRECTION('',(0.000000000,0.000000000,0.035000000));
#13237=VECTOR('',#13236,1.);
#13238=LINE('',#13131,#13237);
#13239=DIRECTION('',(0.000000000,0.000000000,0.035000000));
#13240=VECTOR('',#13239,1.);
#13241=LINE('',#13135,#13240);
#13242=EDGE_CURVE('',#13096,#13100,#13141,.T.);
#13243=ORIENTED_EDGE('',*,*,#13242,.T.);
#13244=ORIENTED_EDGE('',*,*,#13242,.F.);
#13245=EDGE_CURVE('',#13098,#13102,#13144,.T.);
#13246=ORIENTED_EDGE('',*,*,#13245,.T.);
#13247=ORIENTED_EDGE('',*,*,#13245,.F.);
#13248=EDGE_CURVE('',#13096,#13098,#13211,.T.);
#13249=ORIENTED_EDGE('',*,*,#13248,.T.);
#13250=ORIENTED_EDGE('',*,*,#13248,.F.);
#13251=EDGE_CURVE('',#13100,#13104,#13147,.T.);
#13252=ORIENTED_EDGE('',*,*,#13251,.T.);
#13253=ORIENTED_EDGE('',*,*,#13251,.F.);
#13254=EDGE_CURVE('',#13102,#13106,#13150,.T.);
#13255=ORIENTED_EDGE('',*,*,#13254,.T.);
#13256=ORIENTED_EDGE('',*,*,#13254,.F.);
#13257=EDGE_CURVE('',#13100,#13102,#13214,.T.);
#13258=ORIENTED_EDGE('',*,*,#13257,.T.);
#13259=ORIENTED_EDGE('',*,*,#13257,.F.);
#13260=EDGE_CURVE('',#13104,#13108,#13153,.T.);
#13261=ORIENTED_EDGE('',*,*,#13260,.T.);
#13262=ORIENTED_EDGE('',*,*,#13260,.F.);
#13263=EDGE_CURVE('',#13106,#13110,#13156,.T.);
#13264=ORIENTED_EDGE('',*,*,#13263,.T.);
#13265=ORIENTED_EDGE('',*,*,#13263,.F.);
#13266=EDGE_CURVE('',#13104,#13106,#13217,.T.);
#13267=ORIENTED_EDGE('',*,*,#13266,.T.);
#13268=ORIENTED_EDGE('',*,*,#13266,.F.);
#13269=EDGE_CURVE('',#13108,#13112,#13159,.T.);
#13270=ORIENTED_EDGE('',*,*,#13269,.T.);
#13271=ORIENTED_EDGE('',*,*,#13269,.F.);
#13272=EDGE_CURVE('',#13110,#13114,#13162,.T.);
#13273=ORIENTED_EDGE('',*,*,#13272,.T.);
#13274=ORIENTED_EDGE('',*,*,#13272,.F.);
#13275=EDGE_CURVE('',#13108,#13110,#13220,.T.);
#13276=ORIENTED_EDGE('',*,*,#13275,.T.);
#13277=ORIENTED_EDGE('',*,*,#13275,.F.);
#13278=EDGE_CURVE('',#13112,#13116,#13165,.T.);
#13279=ORIENTED_EDGE('',*,*,#13278,.T.);
#13280=ORIENTED_EDGE('',*,*,#13278,.F.);
#13281=EDGE_CURVE('',#13114,#13118,#13168,.T.);
#13282=ORIENTED_EDGE('',*,*,#13281,.T.);
#13283=ORIENTED_EDGE('',*,*,#13281,.F.);
#13284=EDGE_CURVE('',#13112,#13114,#13223,.T.);
#13285=ORIENTED_EDGE('',*,*,#13284,.T.);
#13286=ORIENTED_EDGE('',*,*,#13284,.F.);
#13287=EDGE_CURVE('',#13116,#13120,#13171,.T.);
#13288=ORIENTED_EDGE('',*,*,#13287,.T.);
#13289=ORIENTED_EDGE('',*,*,#13287,.F.);
#13290=EDGE_CURVE('',#13118,#13122,#13174,.T.);
#13291=ORIENTED_EDGE('',*,*,#13290,.T.);
#13292=ORIENTED_EDGE('',*,*,#13290,.F.);
#13293=EDGE_CURVE('',#13116,#13118,#13226,.T.);
#13294=ORIENTED_EDGE('',*,*,#13293,.T.);
#13295=ORIENTED_EDGE('',*,*,#13293,.F.);
#13296=EDGE_CURVE('',#13120,#13124,#13177,.T.);
#13297=ORIENTED_EDGE('',*,*,#13296,.T.);
#13298=ORIENTED_EDGE('',*,*,#13296,.F.);
#13299=EDGE_CURVE('',#13122,#13126,#13180,.T.);
#13300=ORIENTED_EDGE('',*,*,#13299,.T.);
#13301=ORIENTED_EDGE('',*,*,#13299,.F.);
#13302=EDGE_CURVE('',#13120,#13122,#13229,.T.);
#13303=ORIENTED_EDGE('',*,*,#13302,.T.);
#13304=ORIENTED_EDGE('',*,*,#13302,.F.);
#13305=EDGE_CURVE('',#13124,#13128,#13183,.T.);
#13306=ORIENTED_EDGE('',*,*,#13305,.T.);
#13307=ORIENTED_EDGE('',*,*,#13305,.F.);
#13308=EDGE_CURVE('',#13126,#13130,#13186,.T.);
#13309=ORIENTED_EDGE('',*,*,#13308,.T.);
#13310=ORIENTED_EDGE('',*,*,#13308,.F.);
#13311=EDGE_CURVE('',#13124,#13126,#13232,.T.);
#13312=ORIENTED_EDGE('',*,*,#13311,.T.);
#13313=ORIENTED_EDGE('',*,*,#13311,.F.);
#13314=EDGE_CURVE('',#13128,#13132,#13189,.T.);
#13315=ORIENTED_EDGE('',*,*,#13314,.T.);
#13316=ORIENTED_EDGE('',*,*,#13314,.F.);
#13317=EDGE_CURVE('',#13130,#13134,#13192,.T.);
#13318=ORIENTED_EDGE('',*,*,#13317,.T.);
#13319=ORIENTED_EDGE('',*,*,#13317,.F.);
#13320=EDGE_CURVE('',#13128,#13130,#13235,.T.);
#13321=ORIENTED_EDGE('',*,*,#13320,.T.);
#13322=ORIENTED_EDGE('',*,*,#13320,.F.);
#13323=EDGE_CURVE('',#13132,#13136,#13197,.T.);
#13324=ORIENTED_EDGE('',*,*,#13323,.T.);
#13325=ORIENTED_EDGE('',*,*,#13323,.F.);
#13326=EDGE_CURVE('',#13134,#13138,#13202,.T.);
#13327=ORIENTED_EDGE('',*,*,#13326,.T.);
#13328=ORIENTED_EDGE('',*,*,#13326,.F.);
#13329=EDGE_CURVE('',#13132,#13134,#13238,.T.);
#13330=ORIENTED_EDGE('',*,*,#13329,.T.);
#13331=ORIENTED_EDGE('',*,*,#13329,.F.);
#13332=EDGE_CURVE('',#13136,#13096,#13205,.T.);
#13333=ORIENTED_EDGE('',*,*,#13332,.T.);
#13334=ORIENTED_EDGE('',*,*,#13332,.F.);
#13335=EDGE_CURVE('',#13138,#13098,#13208,.T.);
#13336=ORIENTED_EDGE('',*,*,#13335,.T.);
#13337=ORIENTED_EDGE('',*,*,#13335,.F.);
#13338=EDGE_CURVE('',#13136,#13138,#13241,.T.);
#13339=ORIENTED_EDGE('',*,*,#13338,.T.);
#13340=ORIENTED_EDGE('',*,*,#13338,.F.);
#13341=EDGE_LOOP('',(#13250,#13243,#13258,#13247));
#13342=FACE_OUTER_BOUND('',#13341,.T.);
#13343=DIRECTION('',(626.097633479,480.438000976,0.000000000));
#13344=AXIS2_PLACEMENT_3D('',#13095,#13343,$);
#13345=PLANE('',#13344);
#13346=ADVANCED_FACE('',(#13342),#13345,.T.);
#13347=EDGE_LOOP('',(#13259,#13252,#13267,#13256));
#13348=FACE_OUTER_BOUND('',#13347,.T.);
#13349=DIRECTION('',(74667.676575200,30928.260904200,0.000000000));
#13350=AXIS2_PLACEMENT_3D('',#13099,#13349,$);
#13351=PLANE('',#13350);
#13352=ADVANCED_FACE('',(#13348),#13351,.T.);
#13353=EDGE_LOOP('',(#13268,#13261,#13276,#13265));
#13354=FACE_OUTER_BOUND('',#13353,.T.);
#13355=DIRECTION('',(80126.620671500,10548.968835700,0.000000000));
#13356=AXIS2_PLACEMENT_3D('',#13103,#13355,$);
#13357=PLANE('',#13356);
#13358=ADVANCED_FACE('',(#13354),#13357,.T.);
#13359=EDGE_LOOP('',(#13277,#13270,#13285,#13274));
#13360=FACE_OUTER_BOUND('',#13359,.T.);
#13361=DIRECTION('',(80126.620671500,-10548.968835700,0.000000000));
#13362=AXIS2_PLACEMENT_3D('',#13107,#13361,$);
#13363=PLANE('',#13362);
#13364=ADVANCED_FACE('',(#13360),#13363,.T.);
#13365=EDGE_LOOP('',(#13286,#13279,#13294,#13283));
#13366=FACE_OUTER_BOUND('',#13365,.T.);
#13367=DIRECTION('',(74667.676575200,-30928.260904200,0.000000000));
#13368=AXIS2_PLACEMENT_3D('',#13111,#13367,$);
#13369=PLANE('',#13368);
#13370=ADVANCED_FACE('',(#13366),#13369,.T.);
#13371=EDGE_LOOP('',(#13295,#13288,#13303,#13292));
#13372=FACE_OUTER_BOUND('',#13371,.T.);
#13373=DIRECTION('',(64116.561125600,-49198.758081900,0.000000000));
#13374=AXIS2_PLACEMENT_3D('',#13115,#13373,$);
#13375=PLANE('',#13374);
#13376=ADVANCED_FACE('',(#13372),#13375,.T.);
#13377=EDGE_LOOP('',(#13304,#13297,#13312,#13301));
#13378=FACE_OUTER_BOUND('',#13377,.T.);
#13379=DIRECTION('',(49198.758081900,-64116.561125600,0.000000000));
#13380=AXIS2_PLACEMENT_3D('',#13119,#13379,$);
#13381=PLANE('',#13380);
#13382=ADVANCED_FACE('',(#13378),#13381,.T.);
#13383=EDGE_LOOP('',(#13313,#13306,#13321,#13310));
#13384=FACE_OUTER_BOUND('',#13383,.T.);
#13385=DIRECTION('',(37835.750529200,-91343.926771400,0.000000000));
#13386=AXIS2_PLACEMENT_3D('',#13123,#13385,$);
#13387=PLANE('',#13386);
#13388=ADVANCED_FACE('',(#13384),#13387,.T.);
#13389=EDGE_LOOP('',(#13322,#13315,#13330,#13319));
#13390=FACE_OUTER_BOUND('',#13389,.T.);
#13391=DIRECTION('',(-77563.859085400,0.000000000,0.000000000));
#13392=AXIS2_PLACEMENT_3D('',#13127,#13391,$);
#13393=PLANE('',#13392);
#13394=ADVANCED_FACE('',(#13390),#13393,.T.);
#13395=EDGE_LOOP('',(#13331,#13324,#13339,#13328));
#13396=FACE_OUTER_BOUND('',#13395,.T.);
#13397=CARTESIAN_POINT('',(10.795000000,23.655000000,-0.835000000));
#13398=DIRECTION('',(0.,0.,1.));
#13399=AXIS2_PLACEMENT_3D('',#13397,#13398,#13200);
#13400=CYLINDRICAL_SURFACE('',#13399,0.825000000);
#13401=ADVANCED_FACE('',(#13396),#13400,.F.);
#13402=EDGE_LOOP('',(#13340,#13333,#13249,#13337));
#13403=FACE_OUTER_BOUND('',#13402,.T.);
#13404=DIRECTION('',(-51790.046524400,51790.046524400,0.000000000));
#13405=AXIS2_PLACEMENT_3D('',#13135,#13404,$);
#13406=PLANE('',#13405);
#13407=ADVANCED_FACE('',(#13403),#13406,.T.);
#13408=EDGE_LOOP('',(#13334,#13325,#13316,#13307,#13298,#13289,#13280,#13271,#13262,#13253,#13244));
#13409=FACE_BOUND('',#13408,.T.);
#13410=EDGE_LOOP('',(#13246,#13255,#13264,#13273,#13282,#13291,#13300,#13309,#13318,#13327,#13336));
#13411=FACE_BOUND('',#13410,.T.);
#13412=CARTESIAN_POINT('',(10.795000000,22.566001000,-0.835000000));
#13413=VERTEX_POINT('',#13412);
#13414=CARTESIAN_POINT('',(10.795000000,22.566001000,-0.800000000));
#13415=VERTEX_POINT('',#13414);
#13416=CARTESIAN_POINT('',(10.513147000,22.603108000,-0.835000000));
#13417=VERTEX_POINT('',#13416);
#13418=CARTESIAN_POINT('',(10.513147000,22.603108000,-0.800000000));
#13419=VERTEX_POINT('',#13418);
#13420=CARTESIAN_POINT('',(10.250499000,22.711900000,-0.835000000));
#13421=VERTEX_POINT('',#13420);
#13422=CARTESIAN_POINT('',(10.250499000,22.711900000,-0.800000000));
#13423=VERTEX_POINT('',#13422);
#13424=CARTESIAN_POINT('',(10.228212000,22.729002000,-0.835000000));
#13425=VERTEX_POINT('',#13424);
#13426=CARTESIAN_POINT('',(10.228212000,22.729002000,-0.800000000));
#13427=VERTEX_POINT('',#13426);
#13428=CARTESIAN_POINT('',(10.419578384,22.920368384,-0.835000000));
#13429=VERTEX_POINT('',#13428);
#13430=CARTESIAN_POINT('',(10.419578384,22.920368384,-0.800000000));
#13431=VERTEX_POINT('',#13430);
#13432=CARTESIAN_POINT('',(11.049000000,24.439926111,-0.835000000));
#13433=VERTEX_POINT('',#13432);
#13434=CARTESIAN_POINT('',(11.049000000,24.439926111,-0.800000000));
#13435=VERTEX_POINT('',#13434);
#13436=CARTESIAN_POINT('',(11.049000000,24.718429000,-0.835000000));
#13437=VERTEX_POINT('',#13436);
#13438=CARTESIAN_POINT('',(11.049000000,24.718429000,-0.800000000));
#13439=VERTEX_POINT('',#13438);
#13440=CARTESIAN_POINT('',(11.339501000,24.598100000,-0.835000000));
#13441=VERTEX_POINT('',#13440);
#13442=CARTESIAN_POINT('',(11.339501000,24.598100000,-0.800000000));
#13443=VERTEX_POINT('',#13442);
#13444=CARTESIAN_POINT('',(11.565038000,24.425038000,-0.835000000));
#13445=VERTEX_POINT('',#13444);
#13446=CARTESIAN_POINT('',(11.565038000,24.425038000,-0.800000000));
#13447=VERTEX_POINT('',#13446);
#13448=CARTESIAN_POINT('',(11.738100000,24.199501000,-0.835000000));
#13449=VERTEX_POINT('',#13448);
#13450=CARTESIAN_POINT('',(11.738100000,24.199501000,-0.800000000));
#13451=VERTEX_POINT('',#13450);
#13452=CARTESIAN_POINT('',(11.846892000,23.936853000,-0.835000000));
#13453=VERTEX_POINT('',#13452);
#13454=CARTESIAN_POINT('',(11.846892000,23.936853000,-0.800000000));
#13455=VERTEX_POINT('',#13454);
#13456=CARTESIAN_POINT('',(11.883999000,23.655000000,-0.835000000));
#13457=VERTEX_POINT('',#13456);
#13458=CARTESIAN_POINT('',(11.883999000,23.655000000,-0.800000000));
#13459=VERTEX_POINT('',#13458);
#13460=CARTESIAN_POINT('',(11.846892000,23.373147000,-0.835000000));
#13461=VERTEX_POINT('',#13460);
#13462=CARTESIAN_POINT('',(11.846892000,23.373147000,-0.800000000));
#13463=VERTEX_POINT('',#13462);
#13464=CARTESIAN_POINT('',(11.738100000,23.110499000,-0.835000000));
#13465=VERTEX_POINT('',#13464);
#13466=CARTESIAN_POINT('',(11.738100000,23.110499000,-0.800000000));
#13467=VERTEX_POINT('',#13466);
#13468=CARTESIAN_POINT('',(11.565038000,22.884962000,-0.835000000));
#13469=VERTEX_POINT('',#13468);
#13470=CARTESIAN_POINT('',(11.565038000,22.884962000,-0.800000000));
#13471=VERTEX_POINT('',#13470);
#13472=CARTESIAN_POINT('',(11.339501000,22.711900000,-0.835000000));
#13473=VERTEX_POINT('',#13472);
#13474=CARTESIAN_POINT('',(11.339501000,22.711900000,-0.800000000));
#13475=VERTEX_POINT('',#13474);
#13476=CARTESIAN_POINT('',(11.076853000,22.603108000,-0.835000000));
#13477=VERTEX_POINT('',#13476);
#13478=CARTESIAN_POINT('',(11.076853000,22.603108000,-0.800000000));
#13479=VERTEX_POINT('',#13478);
#13480=DIRECTION('',(-0.281853000,0.037107000,0.000000000));
#13481=VECTOR('',#13480,1.);
#13482=LINE('',#13412,#13481);
#13483=DIRECTION('',(-0.281853000,0.037107000,0.000000000));
#13484=VECTOR('',#13483,1.);
#13485=LINE('',#13414,#13484);
#13486=DIRECTION('',(-0.262648000,0.108792000,0.000000000));
#13487=VECTOR('',#13486,1.);
#13488=LINE('',#13416,#13487);
#13489=DIRECTION('',(-0.262648000,0.108792000,0.000000000));
#13490=VECTOR('',#13489,1.);
#13491=LINE('',#13418,#13490);
#13492=DIRECTION('',(-0.022287000,0.017102000,0.000000000));
#13493=VECTOR('',#13492,1.);
#13494=LINE('',#13420,#13493);
#13495=DIRECTION('',(-0.022287000,0.017102000,0.000000000));
#13496=VECTOR('',#13495,1.);
#13497=LINE('',#13422,#13496);
#13498=DIRECTION('',(0.191366384,0.191366384,0.000000000));
#13499=VECTOR('',#13498,1.);
#13500=LINE('',#13424,#13499);
#13501=DIRECTION('',(0.191366384,0.191366384,0.000000000));
#13502=VECTOR('',#13501,1.);
#13503=LINE('',#13426,#13502);
#13504=CARTESIAN_POINT('',(10.795000000,23.655000000,-0.835000000));
#13505=DIRECTION('',(0.,0.,1.));
#13506=DIRECTION('',(1.,0.,0.));
#13507=AXIS2_PLACEMENT_3D('',#13504,#13505,#13506);
#13508=CIRCLE('',#13507,0.825000000);
#13509=CARTESIAN_POINT('',(10.795000000,23.655000000,-0.800000000));
#13510=DIRECTION('',(0.,0.,1.));
#13511=DIRECTION('',(1.,0.,0.));
#13512=AXIS2_PLACEMENT_3D('',#13509,#13510,#13511);
#13513=CIRCLE('',#13512,0.825000000);
#13514=DIRECTION('',(0.000000000,0.278502889,0.000000000));
#13515=VECTOR('',#13514,1.);
#13516=LINE('',#13432,#13515);
#13517=DIRECTION('',(0.000000000,0.278502889,0.000000000));
#13518=VECTOR('',#13517,1.);
#13519=LINE('',#13434,#13518);
#13520=DIRECTION('',(0.290501000,-0.120329000,0.000000000));
#13521=VECTOR('',#13520,1.);
#13522=LINE('',#13436,#13521);
#13523=DIRECTION('',(0.290501000,-0.120329000,0.000000000));
#13524=VECTOR('',#13523,1.);
#13525=LINE('',#13438,#13524);
#13526=DIRECTION('',(0.225537000,-0.173062000,0.000000000));
#13527=VECTOR('',#13526,1.);
#13528=LINE('',#13440,#13527);
#13529=DIRECTION('',(0.225537000,-0.173062000,0.000000000));
#13530=VECTOR('',#13529,1.);
#13531=LINE('',#13442,#13530);
#13532=DIRECTION('',(0.173062000,-0.225537000,0.000000000));
#13533=VECTOR('',#13532,1.);
#13534=LINE('',#13444,#13533);
#13535=DIRECTION('',(0.173062000,-0.225537000,0.000000000));
#13536=VECTOR('',#13535,1.);
#13537=LINE('',#13446,#13536);
#13538=DIRECTION('',(0.108792000,-0.262648000,0.000000000));
#13539=VECTOR('',#13538,1.);
#13540=LINE('',#13448,#13539);
#13541=DIRECTION('',(0.108792000,-0.262648000,0.000000000));
#13542=VECTOR('',#13541,1.);
#13543=LINE('',#13450,#13542);
#13544=DIRECTION('',(0.037107000,-0.281853000,0.000000000));
#13545=VECTOR('',#13544,1.);
#13546=LINE('',#13452,#13545);
#13547=DIRECTION('',(0.037107000,-0.281853000,0.000000000));
#13548=VECTOR('',#13547,1.);
#13549=LINE('',#13454,#13548);
#13550=DIRECTION('',(-0.037107000,-0.281853000,0.000000000));
#13551=VECTOR('',#13550,1.);
#13552=LINE('',#13456,#13551);
#13553=DIRECTION('',(-0.037107000,-0.281853000,0.000000000));
#13554=VECTOR('',#13553,1.);
#13555=LINE('',#13458,#13554);
#13556=DIRECTION('',(-0.108792000,-0.262648000,0.000000000));
#13557=VECTOR('',#13556,1.);
#13558=LINE('',#13460,#13557);
#13559=DIRECTION('',(-0.108792000,-0.262648000,0.000000000));
#13560=VECTOR('',#13559,1.);
#13561=LINE('',#13462,#13560);
#13562=DIRECTION('',(-0.173062000,-0.225537000,0.000000000));
#13563=VECTOR('',#13562,1.);
#13564=LINE('',#13464,#13563);
#13565=DIRECTION('',(-0.173062000,-0.225537000,0.000000000));
#13566=VECTOR('',#13565,1.);
#13567=LINE('',#13466,#13566);
#13568=DIRECTION('',(-0.225537000,-0.173062000,0.000000000));
#13569=VECTOR('',#13568,1.);
#13570=LINE('',#13468,#13569);
#13571=DIRECTION('',(-0.225537000,-0.173062000,0.000000000));
#13572=VECTOR('',#13571,1.);
#13573=LINE('',#13470,#13572);
#13574=DIRECTION('',(-0.262648000,-0.108792000,0.000000000));
#13575=VECTOR('',#13574,1.);
#13576=LINE('',#13472,#13575);
#13577=DIRECTION('',(-0.262648000,-0.108792000,0.000000000));
#13578=VECTOR('',#13577,1.);
#13579=LINE('',#13474,#13578);
#13580=DIRECTION('',(-0.281853000,-0.037107000,0.000000000));
#13581=VECTOR('',#13580,1.);
#13582=LINE('',#13476,#13581);
#13583=DIRECTION('',(-0.281853000,-0.037107000,0.000000000));
#13584=VECTOR('',#13583,1.);
#13585=LINE('',#13478,#13584);
#13586=DIRECTION('',(0.000000000,0.000000000,0.035000000));
#13587=VECTOR('',#13586,1.);
#13588=LINE('',#13412,#13587);
#13589=DIRECTION('',(0.000000000,0.000000000,0.035000000));
#13590=VECTOR('',#13589,1.);
#13591=LINE('',#13416,#13590);
#13592=DIRECTION('',(0.000000000,0.000000000,0.035000000));
#13593=VECTOR('',#13592,1.);
#13594=LINE('',#13420,#13593);
#13595=DIRECTION('',(0.000000000,0.000000000,0.035000000));
#13596=VECTOR('',#13595,1.);
#13597=LINE('',#13424,#13596);
#13598=DIRECTION('',(0.000000000,0.000000000,0.035000000));
#13599=VECTOR('',#13598,1.);
#13600=LINE('',#13428,#13599);
#13601=DIRECTION('',(0.000000000,0.000000000,0.035000000));
#13602=VECTOR('',#13601,1.);
#13603=LINE('',#13432,#13602);
#13604=DIRECTION('',(0.000000000,0.000000000,0.035000000));
#13605=VECTOR('',#13604,1.);
#13606=LINE('',#13436,#13605);
#13607=DIRECTION('',(0.000000000,0.000000000,0.035000000));
#13608=VECTOR('',#13607,1.);
#13609=LINE('',#13440,#13608);
#13610=DIRECTION('',(0.000000000,0.000000000,0.035000000));
#13611=VECTOR('',#13610,1.);
#13612=LINE('',#13444,#13611);
#13613=DIRECTION('',(0.000000000,0.000000000,0.035000000));
#13614=VECTOR('',#13613,1.);
#13615=LINE('',#13448,#13614);
#13616=DIRECTION('',(0.000000000,0.000000000,0.035000000));
#13617=VECTOR('',#13616,1.);
#13618=LINE('',#13452,#13617);
#13619=DIRECTION('',(0.000000000,0.000000000,0.035000000));
#13620=VECTOR('',#13619,1.);
#13621=LINE('',#13456,#13620);
#13622=DIRECTION('',(0.000000000,0.000000000,0.035000000));
#13623=VECTOR('',#13622,1.);
#13624=LINE('',#13460,#13623);
#13625=DIRECTION('',(0.000000000,0.000000000,0.035000000));
#13626=VECTOR('',#13625,1.);
#13627=LINE('',#13464,#13626);
#13628=DIRECTION('',(0.000000000,0.000000000,0.035000000));
#13629=VECTOR('',#13628,1.);
#13630=LINE('',#13468,#13629);
#13631=DIRECTION('',(0.000000000,0.000000000,0.035000000));
#13632=VECTOR('',#13631,1.);
#13633=LINE('',#13472,#13632);
#13634=DIRECTION('',(0.000000000,0.000000000,0.035000000));
#13635=VECTOR('',#13634,1.);
#13636=LINE('',#13476,#13635);
#13637=EDGE_CURVE('',#13413,#13417,#13482,.T.);
#13638=ORIENTED_EDGE('',*,*,#13637,.T.);
#13639=ORIENTED_EDGE('',*,*,#13637,.F.);
#13640=EDGE_CURVE('',#13415,#13419,#13485,.T.);
#13641=ORIENTED_EDGE('',*,*,#13640,.T.);
#13642=ORIENTED_EDGE('',*,*,#13640,.F.);
#13643=EDGE_CURVE('',#13413,#13415,#13588,.T.);
#13644=ORIENTED_EDGE('',*,*,#13643,.T.);
#13645=ORIENTED_EDGE('',*,*,#13643,.F.);
#13646=EDGE_CURVE('',#13417,#13421,#13488,.T.);
#13647=ORIENTED_EDGE('',*,*,#13646,.T.);
#13648=ORIENTED_EDGE('',*,*,#13646,.F.);
#13649=EDGE_CURVE('',#13419,#13423,#13491,.T.);
#13650=ORIENTED_EDGE('',*,*,#13649,.T.);
#13651=ORIENTED_EDGE('',*,*,#13649,.F.);
#13652=EDGE_CURVE('',#13417,#13419,#13591,.T.);
#13653=ORIENTED_EDGE('',*,*,#13652,.T.);
#13654=ORIENTED_EDGE('',*,*,#13652,.F.);
#13655=EDGE_CURVE('',#13421,#13425,#13494,.T.);
#13656=ORIENTED_EDGE('',*,*,#13655,.T.);
#13657=ORIENTED_EDGE('',*,*,#13655,.F.);
#13658=EDGE_CURVE('',#13423,#13427,#13497,.T.);
#13659=ORIENTED_EDGE('',*,*,#13658,.T.);
#13660=ORIENTED_EDGE('',*,*,#13658,.F.);
#13661=EDGE_CURVE('',#13421,#13423,#13594,.T.);
#13662=ORIENTED_EDGE('',*,*,#13661,.T.);
#13663=ORIENTED_EDGE('',*,*,#13661,.F.);
#13664=EDGE_CURVE('',#13425,#13429,#13500,.T.);
#13665=ORIENTED_EDGE('',*,*,#13664,.T.);
#13666=ORIENTED_EDGE('',*,*,#13664,.F.);
#13667=EDGE_CURVE('',#13427,#13431,#13503,.T.);
#13668=ORIENTED_EDGE('',*,*,#13667,.T.);
#13669=ORIENTED_EDGE('',*,*,#13667,.F.);
#13670=EDGE_CURVE('',#13425,#13427,#13597,.T.);
#13671=ORIENTED_EDGE('',*,*,#13670,.T.);
#13672=ORIENTED_EDGE('',*,*,#13670,.F.);
#13673=EDGE_CURVE('',#13429,#13433,#13508,.T.);
#13674=ORIENTED_EDGE('',*,*,#13673,.T.);
#13675=ORIENTED_EDGE('',*,*,#13673,.F.);
#13676=EDGE_CURVE('',#13431,#13435,#13513,.T.);
#13677=ORIENTED_EDGE('',*,*,#13676,.T.);
#13678=ORIENTED_EDGE('',*,*,#13676,.F.);
#13679=EDGE_CURVE('',#13429,#13431,#13600,.T.);
#13680=ORIENTED_EDGE('',*,*,#13679,.T.);
#13681=ORIENTED_EDGE('',*,*,#13679,.F.);
#13682=EDGE_CURVE('',#13433,#13437,#13516,.T.);
#13683=ORIENTED_EDGE('',*,*,#13682,.T.);
#13684=ORIENTED_EDGE('',*,*,#13682,.F.);
#13685=EDGE_CURVE('',#13435,#13439,#13519,.T.);
#13686=ORIENTED_EDGE('',*,*,#13685,.T.);
#13687=ORIENTED_EDGE('',*,*,#13685,.F.);
#13688=EDGE_CURVE('',#13433,#13435,#13603,.T.);
#13689=ORIENTED_EDGE('',*,*,#13688,.T.);
#13690=ORIENTED_EDGE('',*,*,#13688,.F.);
#13691=EDGE_CURVE('',#13437,#13441,#13522,.T.);
#13692=ORIENTED_EDGE('',*,*,#13691,.T.);
#13693=ORIENTED_EDGE('',*,*,#13691,.F.);
#13694=EDGE_CURVE('',#13439,#13443,#13525,.T.);
#13695=ORIENTED_EDGE('',*,*,#13694,.T.);
#13696=ORIENTED_EDGE('',*,*,#13694,.F.);
#13697=EDGE_CURVE('',#13437,#13439,#13606,.T.);
#13698=ORIENTED_EDGE('',*,*,#13697,.T.);
#13699=ORIENTED_EDGE('',*,*,#13697,.F.);
#13700=EDGE_CURVE('',#13441,#13445,#13528,.T.);
#13701=ORIENTED_EDGE('',*,*,#13700,.T.);
#13702=ORIENTED_EDGE('',*,*,#13700,.F.);
#13703=EDGE_CURVE('',#13443,#13447,#13531,.T.);
#13704=ORIENTED_EDGE('',*,*,#13703,.T.);
#13705=ORIENTED_EDGE('',*,*,#13703,.F.);
#13706=EDGE_CURVE('',#13441,#13443,#13609,.T.);
#13707=ORIENTED_EDGE('',*,*,#13706,.T.);
#13708=ORIENTED_EDGE('',*,*,#13706,.F.);
#13709=EDGE_CURVE('',#13445,#13449,#13534,.T.);
#13710=ORIENTED_EDGE('',*,*,#13709,.T.);
#13711=ORIENTED_EDGE('',*,*,#13709,.F.);
#13712=EDGE_CURVE('',#13447,#13451,#13537,.T.);
#13713=ORIENTED_EDGE('',*,*,#13712,.T.);
#13714=ORIENTED_EDGE('',*,*,#13712,.F.);
#13715=EDGE_CURVE('',#13445,#13447,#13612,.T.);
#13716=ORIENTED_EDGE('',*,*,#13715,.T.);
#13717=ORIENTED_EDGE('',*,*,#13715,.F.);
#13718=EDGE_CURVE('',#13449,#13453,#13540,.T.);
#13719=ORIENTED_EDGE('',*,*,#13718,.T.);
#13720=ORIENTED_EDGE('',*,*,#13718,.F.);
#13721=EDGE_CURVE('',#13451,#13455,#13543,.T.);
#13722=ORIENTED_EDGE('',*,*,#13721,.T.);
#13723=ORIENTED_EDGE('',*,*,#13721,.F.);
#13724=EDGE_CURVE('',#13449,#13451,#13615,.T.);
#13725=ORIENTED_EDGE('',*,*,#13724,.T.);
#13726=ORIENTED_EDGE('',*,*,#13724,.F.);
#13727=EDGE_CURVE('',#13453,#13457,#13546,.T.);
#13728=ORIENTED_EDGE('',*,*,#13727,.T.);
#13729=ORIENTED_EDGE('',*,*,#13727,.F.);
#13730=EDGE_CURVE('',#13455,#13459,#13549,.T.);
#13731=ORIENTED_EDGE('',*,*,#13730,.T.);
#13732=ORIENTED_EDGE('',*,*,#13730,.F.);
#13733=EDGE_CURVE('',#13453,#13455,#13618,.T.);
#13734=ORIENTED_EDGE('',*,*,#13733,.T.);
#13735=ORIENTED_EDGE('',*,*,#13733,.F.);
#13736=EDGE_CURVE('',#13457,#13461,#13552,.T.);
#13737=ORIENTED_EDGE('',*,*,#13736,.T.);
#13738=ORIENTED_EDGE('',*,*,#13736,.F.);
#13739=EDGE_CURVE('',#13459,#13463,#13555,.T.);
#13740=ORIENTED_EDGE('',*,*,#13739,.T.);
#13741=ORIENTED_EDGE('',*,*,#13739,.F.);
#13742=EDGE_CURVE('',#13457,#13459,#13621,.T.);
#13743=ORIENTED_EDGE('',*,*,#13742,.T.);
#13744=ORIENTED_EDGE('',*,*,#13742,.F.);
#13745=EDGE_CURVE('',#13461,#13465,#13558,.T.);
#13746=ORIENTED_EDGE('',*,*,#13745,.T.);
#13747=ORIENTED_EDGE('',*,*,#13745,.F.);
#13748=EDGE_CURVE('',#13463,#13467,#13561,.T.);
#13749=ORIENTED_EDGE('',*,*,#13748,.T.);
#13750=ORIENTED_EDGE('',*,*,#13748,.F.);
#13751=EDGE_CURVE('',#13461,#13463,#13624,.T.);
#13752=ORIENTED_EDGE('',*,*,#13751,.T.);
#13753=ORIENTED_EDGE('',*,*,#13751,.F.);
#13754=EDGE_CURVE('',#13465,#13469,#13564,.T.);
#13755=ORIENTED_EDGE('',*,*,#13754,.T.);
#13756=ORIENTED_EDGE('',*,*,#13754,.F.);
#13757=EDGE_CURVE('',#13467,#13471,#13567,.T.);
#13758=ORIENTED_EDGE('',*,*,#13757,.T.);
#13759=ORIENTED_EDGE('',*,*,#13757,.F.);
#13760=EDGE_CURVE('',#13465,#13467,#13627,.T.);
#13761=ORIENTED_EDGE('',*,*,#13760,.T.);
#13762=ORIENTED_EDGE('',*,*,#13760,.F.);
#13763=EDGE_CURVE('',#13469,#13473,#13570,.T.);
#13764=ORIENTED_EDGE('',*,*,#13763,.T.);
#13765=ORIENTED_EDGE('',*,*,#13763,.F.);
#13766=EDGE_CURVE('',#13471,#13475,#13573,.T.);
#13767=ORIENTED_EDGE('',*,*,#13766,.T.);
#13768=ORIENTED_EDGE('',*,*,#13766,.F.);
#13769=EDGE_CURVE('',#13469,#13471,#13630,.T.);
#13770=ORIENTED_EDGE('',*,*,#13769,.T.);
#13771=ORIENTED_EDGE('',*,*,#13769,.F.);
#13772=EDGE_CURVE('',#13473,#13477,#13576,.T.);
#13773=ORIENTED_EDGE('',*,*,#13772,.T.);
#13774=ORIENTED_EDGE('',*,*,#13772,.F.);
#13775=EDGE_CURVE('',#13475,#13479,#13579,.T.);
#13776=ORIENTED_EDGE('',*,*,#13775,.T.);
#13777=ORIENTED_EDGE('',*,*,#13775,.F.);
#13778=EDGE_CURVE('',#13473,#13475,#13633,.T.);
#13779=ORIENTED_EDGE('',*,*,#13778,.T.);
#13780=ORIENTED_EDGE('',*,*,#13778,.F.);
#13781=EDGE_CURVE('',#13477,#13413,#13582,.T.);
#13782=ORIENTED_EDGE('',*,*,#13781,.T.);
#13783=ORIENTED_EDGE('',*,*,#13781,.F.);
#13784=EDGE_CURVE('',#13479,#13415,#13585,.T.);
#13785=ORIENTED_EDGE('',*,*,#13784,.T.);
#13786=ORIENTED_EDGE('',*,*,#13784,.F.);
#13787=EDGE_CURVE('',#13477,#13479,#13636,.T.);
#13788=ORIENTED_EDGE('',*,*,#13787,.T.);
#13789=ORIENTED_EDGE('',*,*,#13787,.F.);
#13790=EDGE_LOOP('',(#13645,#13638,#13653,#13642));
#13791=FACE_OUTER_BOUND('',#13790,.T.);
#13792=DIRECTION('',(10548.968835700,80126.620671500,0.000000000));
#13793=AXIS2_PLACEMENT_3D('',#13412,#13792,$);
#13794=PLANE('',#13793);
#13795=ADVANCED_FACE('',(#13791),#13794,.T.);
#13796=EDGE_LOOP('',(#13654,#13647,#13662,#13651));
#13797=FACE_OUTER_BOUND('',#13796,.T.);
#13798=DIRECTION('',(30928.260904200,74667.676575200,0.000000000));
#13799=AXIS2_PLACEMENT_3D('',#13416,#13798,$);
#13800=PLANE('',#13799);
#13801=ADVANCED_FACE('',(#13797),#13800,.T.);
#13802=EDGE_LOOP('',(#13663,#13656,#13671,#13660));
#13803=FACE_OUTER_BOUND('',#13802,.T.);
#13804=DIRECTION('',(480.438000976,626.097633479,0.000000000));
#13805=AXIS2_PLACEMENT_3D('',#13420,#13804,$);
#13806=PLANE('',#13805);
#13807=ADVANCED_FACE('',(#13803),#13806,.T.);
#13808=EDGE_LOOP('',(#13672,#13665,#13680,#13669));
#13809=FACE_OUTER_BOUND('',#13808,.T.);
#13810=DIRECTION('',(51790.046524400,-51790.046524400,0.000000000));
#13811=AXIS2_PLACEMENT_3D('',#13424,#13810,$);
#13812=PLANE('',#13811);
#13813=ADVANCED_FACE('',(#13809),#13812,.T.);
#13814=EDGE_LOOP('',(#13681,#13674,#13689,#13678));
#13815=FACE_OUTER_BOUND('',#13814,.T.);
#13816=CARTESIAN_POINT('',(10.795000000,23.655000000,-0.835000000));
#13817=DIRECTION('',(0.,0.,1.));
#13818=AXIS2_PLACEMENT_3D('',#13816,#13817,#13511);
#13819=CYLINDRICAL_SURFACE('',#13818,0.825000000);
#13820=ADVANCED_FACE('',(#13815),#13819,.F.);
#13821=EDGE_LOOP('',(#13690,#13683,#13698,#13687));
#13822=FACE_OUTER_BOUND('',#13821,.T.);
#13823=DIRECTION('',(77563.859085400,0.000000000,0.000000000));
#13824=AXIS2_PLACEMENT_3D('',#13432,#13823,$);
#13825=PLANE('',#13824);
#13826=ADVANCED_FACE('',(#13822),#13825,.T.);
#13827=EDGE_LOOP('',(#13699,#13692,#13707,#13696));
#13828=FACE_OUTER_BOUND('',#13827,.T.);
#13829=DIRECTION('',(-37835.750529200,-91343.926771400,0.000000000));
#13830=AXIS2_PLACEMENT_3D('',#13436,#13829,$);
#13831=PLANE('',#13830);
#13832=ADVANCED_FACE('',(#13828),#13831,.T.);
#13833=EDGE_LOOP('',(#13708,#13701,#13716,#13705));
#13834=FACE_OUTER_BOUND('',#13833,.T.);
#13835=DIRECTION('',(-49198.758081900,-64116.561125600,0.000000000));
#13836=AXIS2_PLACEMENT_3D('',#13440,#13835,$);
#13837=PLANE('',#13836);
#13838=ADVANCED_FACE('',(#13834),#13837,.T.);
#13839=EDGE_LOOP('',(#13717,#13710,#13725,#13714));
#13840=FACE_OUTER_BOUND('',#13839,.T.);
#13841=DIRECTION('',(-64116.561125600,-49198.758081900,0.000000000));
#13842=AXIS2_PLACEMENT_3D('',#13444,#13841,$);
#13843=PLANE('',#13842);
#13844=ADVANCED_FACE('',(#13840),#13843,.T.);
#13845=EDGE_LOOP('',(#13726,#13719,#13734,#13723));
#13846=FACE_OUTER_BOUND('',#13845,.T.);
#13847=DIRECTION('',(-74667.676575200,-30928.260904200,0.000000000));
#13848=AXIS2_PLACEMENT_3D('',#13448,#13847,$);
#13849=PLANE('',#13848);
#13850=ADVANCED_FACE('',(#13846),#13849,.T.);
#13851=EDGE_LOOP('',(#13735,#13728,#13743,#13732));
#13852=FACE_OUTER_BOUND('',#13851,.T.);
#13853=DIRECTION('',(-80126.620671500,-10548.968835700,0.000000000));
#13854=AXIS2_PLACEMENT_3D('',#13452,#13853,$);
#13855=PLANE('',#13854);
#13856=ADVANCED_FACE('',(#13852),#13855,.T.);
#13857=EDGE_LOOP('',(#13744,#13737,#13752,#13741));
#13858=FACE_OUTER_BOUND('',#13857,.T.);
#13859=DIRECTION('',(-80126.620671500,10548.968835700,0.000000000));
#13860=AXIS2_PLACEMENT_3D('',#13456,#13859,$);
#13861=PLANE('',#13860);
#13862=ADVANCED_FACE('',(#13858),#13861,.T.);
#13863=EDGE_LOOP('',(#13753,#13746,#13761,#13750));
#13864=FACE_OUTER_BOUND('',#13863,.T.);
#13865=DIRECTION('',(-74667.676575200,30928.260904200,0.000000000));
#13866=AXIS2_PLACEMENT_3D('',#13460,#13865,$);
#13867=PLANE('',#13866);
#13868=ADVANCED_FACE('',(#13864),#13867,.T.);
#13869=EDGE_LOOP('',(#13762,#13755,#13770,#13759));
#13870=FACE_OUTER_BOUND('',#13869,.T.);
#13871=DIRECTION('',(-64116.561125600,49198.758081900,0.000000000));
#13872=AXIS2_PLACEMENT_3D('',#13464,#13871,$);
#13873=PLANE('',#13872);
#13874=ADVANCED_FACE('',(#13870),#13873,.T.);
#13875=EDGE_LOOP('',(#13771,#13764,#13779,#13768));
#13876=FACE_OUTER_BOUND('',#13875,.T.);
#13877=DIRECTION('',(-49198.758081900,64116.561125600,0.000000000));
#13878=AXIS2_PLACEMENT_3D('',#13468,#13877,$);
#13879=PLANE('',#13878);
#13880=ADVANCED_FACE('',(#13876),#13879,.T.);
#13881=EDGE_LOOP('',(#13780,#13773,#13788,#13777));
#13882=FACE_OUTER_BOUND('',#13881,.T.);
#13883=DIRECTION('',(-30928.260904200,74667.676575200,0.000000000));
#13884=AXIS2_PLACEMENT_3D('',#13472,#13883,$);
#13885=PLANE('',#13884);
#13886=ADVANCED_FACE('',(#13882),#13885,.T.);
#13887=EDGE_LOOP('',(#13789,#13782,#13644,#13786));
#13888=FACE_OUTER_BOUND('',#13887,.T.);
#13889=DIRECTION('',(-10548.968835700,80126.620671500,0.000000000));
#13890=AXIS2_PLACEMENT_3D('',#13476,#13889,$);
#13891=PLANE('',#13890);
#13892=ADVANCED_FACE('',(#13888),#13891,.T.);
#13893=EDGE_LOOP('',(#13783,#13774,#13765,#13756,#13747,#13738,#13729,#13720,#13711,#13702,#13693,#13684,#13675,#13666,#13657,#13648,#13639));
#13894=FACE_BOUND('',#13893,.T.);
#13895=EDGE_LOOP('',(#13641,#13650,#13659,#13668,#13677,#13686,#13695,#13704,#13713,#13722,#13731,#13740,#13749,#13758,#13767,#13776,#13785));
#13896=FACE_BOUND('',#13895,.T.);
#13897=CARTESIAN_POINT('',(10.541000000,8.581571000,-0.835000000));
#13898=VERTEX_POINT('',#13897);
#13899=CARTESIAN_POINT('',(10.541000000,8.581571000,-0.800000000));
#13900=VERTEX_POINT('',#13899);
#13901=CARTESIAN_POINT('',(10.250499000,8.701900000,-0.835000000));
#13902=VERTEX_POINT('',#13901);
#13903=CARTESIAN_POINT('',(10.250499000,8.701900000,-0.800000000));
#13904=VERTEX_POINT('',#13903);
#13905=CARTESIAN_POINT('',(10.024962000,8.874962000,-0.835000000));
#13906=VERTEX_POINT('',#13905);
#13907=CARTESIAN_POINT('',(10.024962000,8.874962000,-0.800000000));
#13908=VERTEX_POINT('',#13907);
#13909=CARTESIAN_POINT('',(9.851900000,9.100499000,-0.835000000));
#13910=VERTEX_POINT('',#13909);
#13911=CARTESIAN_POINT('',(9.851900000,9.100499000,-0.800000000));
#13912=VERTEX_POINT('',#13911);
#13913=CARTESIAN_POINT('',(9.743108000,9.363147000,-0.835000000));
#13914=VERTEX_POINT('',#13913);
#13915=CARTESIAN_POINT('',(9.743108000,9.363147000,-0.800000000));
#13916=VERTEX_POINT('',#13915);
#13917=CARTESIAN_POINT('',(9.706001000,9.645000000,-0.835000000));
#13918=VERTEX_POINT('',#13917);
#13919=CARTESIAN_POINT('',(9.706001000,9.645000000,-0.800000000));
#13920=VERTEX_POINT('',#13919);
#13921=CARTESIAN_POINT('',(9.743108000,9.926853000,-0.835000000));
#13922=VERTEX_POINT('',#13921);
#13923=CARTESIAN_POINT('',(9.743108000,9.926853000,-0.800000000));
#13924=VERTEX_POINT('',#13923);
#13925=CARTESIAN_POINT('',(9.851900000,10.189501000,-0.835000000));
#13926=VERTEX_POINT('',#13925);
#13927=CARTESIAN_POINT('',(9.851900000,10.189501000,-0.800000000));
#13928=VERTEX_POINT('',#13927);
#13929=CARTESIAN_POINT('',(9.869002000,10.211788000,-0.835000000));
#13930=VERTEX_POINT('',#13929);
#13931=CARTESIAN_POINT('',(9.869002000,10.211788000,-0.800000000));
#13932=VERTEX_POINT('',#13931);
#13933=CARTESIAN_POINT('',(10.060368384,10.020421616,-0.835000000));
#13934=VERTEX_POINT('',#13933);
#13935=CARTESIAN_POINT('',(10.060368384,10.020421616,-0.800000000));
#13936=VERTEX_POINT('',#13935);
#13937=CARTESIAN_POINT('',(10.541000000,8.860073889,-0.835000000));
#13938=VERTEX_POINT('',#13937);
#13939=CARTESIAN_POINT('',(10.541000000,8.860073889,-0.800000000));
#13940=VERTEX_POINT('',#13939);
#13941=DIRECTION('',(-0.290501000,0.120329000,0.000000000));
#13942=VECTOR('',#13941,1.);
#13943=LINE('',#13897,#13942);
#13944=DIRECTION('',(-0.290501000,0.120329000,0.000000000));
#13945=VECTOR('',#13944,1.);
#13946=LINE('',#13899,#13945);
#13947=DIRECTION('',(-0.225537000,0.173062000,0.000000000));
#13948=VECTOR('',#13947,1.);
#13949=LINE('',#13901,#13948);
#13950=DIRECTION('',(-0.225537000,0.173062000,0.000000000));
#13951=VECTOR('',#13950,1.);
#13952=LINE('',#13903,#13951);
#13953=DIRECTION('',(-0.173062000,0.225537000,0.000000000));
#13954=VECTOR('',#13953,1.);
#13955=LINE('',#13905,#13954);
#13956=DIRECTION('',(-0.173062000,0.225537000,0.000000000));
#13957=VECTOR('',#13956,1.);
#13958=LINE('',#13907,#13957);
#13959=DIRECTION('',(-0.108792000,0.262648000,0.000000000));
#13960=VECTOR('',#13959,1.);
#13961=LINE('',#13909,#13960);
#13962=DIRECTION('',(-0.108792000,0.262648000,0.000000000));
#13963=VECTOR('',#13962,1.);
#13964=LINE('',#13911,#13963);
#13965=DIRECTION('',(-0.037107000,0.281853000,0.000000000));
#13966=VECTOR('',#13965,1.);
#13967=LINE('',#13913,#13966);
#13968=DIRECTION('',(-0.037107000,0.281853000,0.000000000));
#13969=VECTOR('',#13968,1.);
#13970=LINE('',#13915,#13969);
#13971=DIRECTION('',(0.037107000,0.281853000,0.000000000));
#13972=VECTOR('',#13971,1.);
#13973=LINE('',#13917,#13972);
#13974=DIRECTION('',(0.037107000,0.281853000,0.000000000));
#13975=VECTOR('',#13974,1.);
#13976=LINE('',#13919,#13975);
#13977=DIRECTION('',(0.108792000,0.262648000,0.000000000));
#13978=VECTOR('',#13977,1.);
#13979=LINE('',#13921,#13978);
#13980=DIRECTION('',(0.108792000,0.262648000,0.000000000));
#13981=VECTOR('',#13980,1.);
#13982=LINE('',#13923,#13981);
#13983=DIRECTION('',(0.017102000,0.022287000,0.000000000));
#13984=VECTOR('',#13983,1.);
#13985=LINE('',#13925,#13984);
#13986=DIRECTION('',(0.017102000,0.022287000,0.000000000));
#13987=VECTOR('',#13986,1.);
#13988=LINE('',#13927,#13987);
#13989=DIRECTION('',(0.191366384,-0.191366384,0.000000000));
#13990=VECTOR('',#13989,1.);
#13991=LINE('',#13929,#13990);
#13992=DIRECTION('',(0.191366384,-0.191366384,0.000000000));
#13993=VECTOR('',#13992,1.);
#13994=LINE('',#13931,#13993);
#13995=CARTESIAN_POINT('',(10.795000000,9.645000000,-0.835000000));
#13996=DIRECTION('',(0.,0.,1.));
#13997=DIRECTION('',(1.,0.,0.));
#13998=AXIS2_PLACEMENT_3D('',#13995,#13996,#13997);
#13999=CIRCLE('',#13998,0.825000000);
#14000=CARTESIAN_POINT('',(10.795000000,9.645000000,-0.800000000));
#14001=DIRECTION('',(0.,0.,1.));
#14002=DIRECTION('',(1.,0.,0.));
#14003=AXIS2_PLACEMENT_3D('',#14000,#14001,#14002);
#14004=CIRCLE('',#14003,0.825000000);
#14005=DIRECTION('',(0.000000000,-0.278502889,0.000000000));
#14006=VECTOR('',#14005,1.);
#14007=LINE('',#13937,#14006);
#14008=DIRECTION('',(0.000000000,-0.278502889,0.000000000));
#14009=VECTOR('',#14008,1.);
#14010=LINE('',#13939,#14009);
#14011=DIRECTION('',(0.000000000,0.000000000,0.035000000));
#14012=VECTOR('',#14011,1.);
#14013=LINE('',#13897,#14012);
#14014=DIRECTION('',(0.000000000,0.000000000,0.035000000));
#14015=VECTOR('',#14014,1.);
#14016=LINE('',#13901,#14015);
#14017=DIRECTION('',(0.000000000,0.000000000,0.035000000));
#14018=VECTOR('',#14017,1.);
#14019=LINE('',#13905,#14018);
#14020=DIRECTION('',(0.000000000,0.000000000,0.035000000));
#14021=VECTOR('',#14020,1.);
#14022=LINE('',#13909,#14021);
#14023=DIRECTION('',(0.000000000,0.000000000,0.035000000));
#14024=VECTOR('',#14023,1.);
#14025=LINE('',#13913,#14024);
#14026=DIRECTION('',(0.000000000,0.000000000,0.035000000));
#14027=VECTOR('',#14026,1.);
#14028=LINE('',#13917,#14027);
#14029=DIRECTION('',(0.000000000,0.000000000,0.035000000));
#14030=VECTOR('',#14029,1.);
#14031=LINE('',#13921,#14030);
#14032=DIRECTION('',(0.000000000,0.000000000,0.035000000));
#14033=VECTOR('',#14032,1.);
#14034=LINE('',#13925,#14033);
#14035=DIRECTION('',(0.000000000,0.000000000,0.035000000));
#14036=VECTOR('',#14035,1.);
#14037=LINE('',#13929,#14036);
#14038=DIRECTION('',(0.000000000,0.000000000,0.035000000));
#14039=VECTOR('',#14038,1.);
#14040=LINE('',#13933,#14039);
#14041=DIRECTION('',(0.000000000,0.000000000,0.035000000));
#14042=VECTOR('',#14041,1.);
#14043=LINE('',#13937,#14042);
#14044=EDGE_CURVE('',#13898,#13902,#13943,.T.);
#14045=ORIENTED_EDGE('',*,*,#14044,.T.);
#14046=ORIENTED_EDGE('',*,*,#14044,.F.);
#14047=EDGE_CURVE('',#13900,#13904,#13946,.T.);
#14048=ORIENTED_EDGE('',*,*,#14047,.T.);
#14049=ORIENTED_EDGE('',*,*,#14047,.F.);
#14050=EDGE_CURVE('',#13898,#13900,#14013,.T.);
#14051=ORIENTED_EDGE('',*,*,#14050,.T.);
#14052=ORIENTED_EDGE('',*,*,#14050,.F.);
#14053=EDGE_CURVE('',#13902,#13906,#13949,.T.);
#14054=ORIENTED_EDGE('',*,*,#14053,.T.);
#14055=ORIENTED_EDGE('',*,*,#14053,.F.);
#14056=EDGE_CURVE('',#13904,#13908,#13952,.T.);
#14057=ORIENTED_EDGE('',*,*,#14056,.T.);
#14058=ORIENTED_EDGE('',*,*,#14056,.F.);
#14059=EDGE_CURVE('',#13902,#13904,#14016,.T.);
#14060=ORIENTED_EDGE('',*,*,#14059,.T.);
#14061=ORIENTED_EDGE('',*,*,#14059,.F.);
#14062=EDGE_CURVE('',#13906,#13910,#13955,.T.);
#14063=ORIENTED_EDGE('',*,*,#14062,.T.);
#14064=ORIENTED_EDGE('',*,*,#14062,.F.);
#14065=EDGE_CURVE('',#13908,#13912,#13958,.T.);
#14066=ORIENTED_EDGE('',*,*,#14065,.T.);
#14067=ORIENTED_EDGE('',*,*,#14065,.F.);
#14068=EDGE_CURVE('',#13906,#13908,#14019,.T.);
#14069=ORIENTED_EDGE('',*,*,#14068,.T.);
#14070=ORIENTED_EDGE('',*,*,#14068,.F.);
#14071=EDGE_CURVE('',#13910,#13914,#13961,.T.);
#14072=ORIENTED_EDGE('',*,*,#14071,.T.);
#14073=ORIENTED_EDGE('',*,*,#14071,.F.);
#14074=EDGE_CURVE('',#13912,#13916,#13964,.T.);
#14075=ORIENTED_EDGE('',*,*,#14074,.T.);
#14076=ORIENTED_EDGE('',*,*,#14074,.F.);
#14077=EDGE_CURVE('',#13910,#13912,#14022,.T.);
#14078=ORIENTED_EDGE('',*,*,#14077,.T.);
#14079=ORIENTED_EDGE('',*,*,#14077,.F.);
#14080=EDGE_CURVE('',#13914,#13918,#13967,.T.);
#14081=ORIENTED_EDGE('',*,*,#14080,.T.);
#14082=ORIENTED_EDGE('',*,*,#14080,.F.);
#14083=EDGE_CURVE('',#13916,#13920,#13970,.T.);
#14084=ORIENTED_EDGE('',*,*,#14083,.T.);
#14085=ORIENTED_EDGE('',*,*,#14083,.F.);
#14086=EDGE_CURVE('',#13914,#13916,#14025,.T.);
#14087=ORIENTED_EDGE('',*,*,#14086,.T.);
#14088=ORIENTED_EDGE('',*,*,#14086,.F.);
#14089=EDGE_CURVE('',#13918,#13922,#13973,.T.);
#14090=ORIENTED_EDGE('',*,*,#14089,.T.);
#14091=ORIENTED_EDGE('',*,*,#14089,.F.);
#14092=EDGE_CURVE('',#13920,#13924,#13976,.T.);
#14093=ORIENTED_EDGE('',*,*,#14092,.T.);
#14094=ORIENTED_EDGE('',*,*,#14092,.F.);
#14095=EDGE_CURVE('',#13918,#13920,#14028,.T.);
#14096=ORIENTED_EDGE('',*,*,#14095,.T.);
#14097=ORIENTED_EDGE('',*,*,#14095,.F.);
#14098=EDGE_CURVE('',#13922,#13926,#13979,.T.);
#14099=ORIENTED_EDGE('',*,*,#14098,.T.);
#14100=ORIENTED_EDGE('',*,*,#14098,.F.);
#14101=EDGE_CURVE('',#13924,#13928,#13982,.T.);
#14102=ORIENTED_EDGE('',*,*,#14101,.T.);
#14103=ORIENTED_EDGE('',*,*,#14101,.F.);
#14104=EDGE_CURVE('',#13922,#13924,#14031,.T.);
#14105=ORIENTED_EDGE('',*,*,#14104,.T.);
#14106=ORIENTED_EDGE('',*,*,#14104,.F.);
#14107=EDGE_CURVE('',#13926,#13930,#13985,.T.);
#14108=ORIENTED_EDGE('',*,*,#14107,.T.);
#14109=ORIENTED_EDGE('',*,*,#14107,.F.);
#14110=EDGE_CURVE('',#13928,#13932,#13988,.T.);
#14111=ORIENTED_EDGE('',*,*,#14110,.T.);
#14112=ORIENTED_EDGE('',*,*,#14110,.F.);
#14113=EDGE_CURVE('',#13926,#13928,#14034,.T.);
#14114=ORIENTED_EDGE('',*,*,#14113,.T.);
#14115=ORIENTED_EDGE('',*,*,#14113,.F.);
#14116=EDGE_CURVE('',#13930,#13934,#13991,.T.);
#14117=ORIENTED_EDGE('',*,*,#14116,.T.);
#14118=ORIENTED_EDGE('',*,*,#14116,.F.);
#14119=EDGE_CURVE('',#13932,#13936,#13994,.T.);
#14120=ORIENTED_EDGE('',*,*,#14119,.T.);
#14121=ORIENTED_EDGE('',*,*,#14119,.F.);
#14122=EDGE_CURVE('',#13930,#13932,#14037,.T.);
#14123=ORIENTED_EDGE('',*,*,#14122,.T.);
#14124=ORIENTED_EDGE('',*,*,#14122,.F.);
#14125=EDGE_CURVE('',#13934,#13938,#13999,.T.);
#14126=ORIENTED_EDGE('',*,*,#14125,.T.);
#14127=ORIENTED_EDGE('',*,*,#14125,.F.);
#14128=EDGE_CURVE('',#13936,#13940,#14004,.T.);
#14129=ORIENTED_EDGE('',*,*,#14128,.T.);
#14130=ORIENTED_EDGE('',*,*,#14128,.F.);
#14131=EDGE_CURVE('',#13934,#13936,#14040,.T.);
#14132=ORIENTED_EDGE('',*,*,#14131,.T.);
#14133=ORIENTED_EDGE('',*,*,#14131,.F.);
#14134=EDGE_CURVE('',#13938,#13898,#14007,.T.);
#14135=ORIENTED_EDGE('',*,*,#14134,.T.);
#14136=ORIENTED_EDGE('',*,*,#14134,.F.);
#14137=EDGE_CURVE('',#13940,#13900,#14010,.T.);
#14138=ORIENTED_EDGE('',*,*,#14137,.T.);
#14139=ORIENTED_EDGE('',*,*,#14137,.F.);
#14140=EDGE_CURVE('',#13938,#13940,#14043,.T.);
#14141=ORIENTED_EDGE('',*,*,#14140,.T.);
#14142=ORIENTED_EDGE('',*,*,#14140,.F.);
#14143=EDGE_LOOP('',(#14052,#14045,#14060,#14049));
#14144=FACE_OUTER_BOUND('',#14143,.T.);
#14145=DIRECTION('',(37835.750529200,91343.926771400,0.000000000));
#14146=AXIS2_PLACEMENT_3D('',#13897,#14145,$);
#14147=PLANE('',#14146);
#14148=ADVANCED_FACE('',(#14144),#14147,.T.);
#14149=EDGE_LOOP('',(#14061,#14054,#14069,#14058));
#14150=FACE_OUTER_BOUND('',#14149,.T.);
#14151=DIRECTION('',(49198.758081900,64116.561125600,0.000000000));
#14152=AXIS2_PLACEMENT_3D('',#13901,#14151,$);
#14153=PLANE('',#14152);
#14154=ADVANCED_FACE('',(#14150),#14153,.T.);
#14155=EDGE_LOOP('',(#14070,#14063,#14078,#14067));
#14156=FACE_OUTER_BOUND('',#14155,.T.);
#14157=DIRECTION('',(64116.561125600,49198.758081900,0.000000000));
#14158=AXIS2_PLACEMENT_3D('',#13905,#14157,$);
#14159=PLANE('',#14158);
#14160=ADVANCED_FACE('',(#14156),#14159,.T.);
#14161=EDGE_LOOP('',(#14079,#14072,#14087,#14076));
#14162=FACE_OUTER_BOUND('',#14161,.T.);
#14163=DIRECTION('',(74667.676575200,30928.260904200,0.000000000));
#14164=AXIS2_PLACEMENT_3D('',#13909,#14163,$);
#14165=PLANE('',#14164);
#14166=ADVANCED_FACE('',(#14162),#14165,.T.);
#14167=EDGE_LOOP('',(#14088,#14081,#14096,#14085));
#14168=FACE_OUTER_BOUND('',#14167,.T.);
#14169=DIRECTION('',(80126.620671500,10548.968835700,0.000000000));
#14170=AXIS2_PLACEMENT_3D('',#13913,#14169,$);
#14171=PLANE('',#14170);
#14172=ADVANCED_FACE('',(#14168),#14171,.T.);
#14173=EDGE_LOOP('',(#14097,#14090,#14105,#14094));
#14174=FACE_OUTER_BOUND('',#14173,.T.);
#14175=DIRECTION('',(80126.620671500,-10548.968835700,0.000000000));
#14176=AXIS2_PLACEMENT_3D('',#13917,#14175,$);
#14177=PLANE('',#14176);
#14178=ADVANCED_FACE('',(#14174),#14177,.T.);
#14179=EDGE_LOOP('',(#14106,#14099,#14114,#14103));
#14180=FACE_OUTER_BOUND('',#14179,.T.);
#14181=DIRECTION('',(74667.676575200,-30928.260904200,0.000000000));
#14182=AXIS2_PLACEMENT_3D('',#13921,#14181,$);
#14183=PLANE('',#14182);
#14184=ADVANCED_FACE('',(#14180),#14183,.T.);
#14185=EDGE_LOOP('',(#14115,#14108,#14123,#14112));
#14186=FACE_OUTER_BOUND('',#14185,.T.);
#14187=DIRECTION('',(626.097633479,-480.438000976,0.000000000));
#14188=AXIS2_PLACEMENT_3D('',#13925,#14187,$);
#14189=PLANE('',#14188);
#14190=ADVANCED_FACE('',(#14186),#14189,.T.);
#14191=EDGE_LOOP('',(#14124,#14117,#14132,#14121));
#14192=FACE_OUTER_BOUND('',#14191,.T.);
#14193=DIRECTION('',(-51790.046524400,-51790.046524400,0.000000000));
#14194=AXIS2_PLACEMENT_3D('',#13929,#14193,$);
#14195=PLANE('',#14194);
#14196=ADVANCED_FACE('',(#14192),#14195,.T.);
#14197=EDGE_LOOP('',(#14133,#14126,#14141,#14130));
#14198=FACE_OUTER_BOUND('',#14197,.T.);
#14199=CARTESIAN_POINT('',(10.795000000,9.645000000,-0.835000000));
#14200=DIRECTION('',(0.,0.,1.));
#14201=AXIS2_PLACEMENT_3D('',#14199,#14200,#14002);
#14202=CYLINDRICAL_SURFACE('',#14201,0.825000000);
#14203=ADVANCED_FACE('',(#14198),#14202,.F.);
#14204=EDGE_LOOP('',(#14142,#14135,#14051,#14139));
#14205=FACE_OUTER_BOUND('',#14204,.T.);
#14206=DIRECTION('',(-77563.859085400,0.000000000,0.000000000));
#14207=AXIS2_PLACEMENT_3D('',#13937,#14206,$);
#14208=PLANE('',#14207);
#14209=ADVANCED_FACE('',(#14205),#14208,.T.);
#14210=EDGE_LOOP('',(#14136,#14127,#14118,#14109,#14100,#14091,#14082,#14073,#14064,#14055,#14046));
#14211=FACE_BOUND('',#14210,.T.);
#14212=EDGE_LOOP('',(#14048,#14057,#14066,#14075,#14084,#14093,#14102,#14111,#14120,#14129,#14138));
#14213=FACE_BOUND('',#14212,.T.);
#14214=CARTESIAN_POINT('',(24.726347000,0.999349000,-0.835000000));
#14215=VERTEX_POINT('',#14214);
#14216=CARTESIAN_POINT('',(24.726347000,0.999349000,-0.800000000));
#14217=VERTEX_POINT('',#14216);
#14218=CARTESIAN_POINT('',(24.184141000,1.073874000,-0.835000000));
#14219=VERTEX_POINT('',#14218);
#14220=CARTESIAN_POINT('',(24.184141000,1.073874000,-0.800000000));
#14221=VERTEX_POINT('',#14220);
#14222=CARTESIAN_POINT('',(23.657136000,1.221534000,-0.835000000));
#14223=VERTEX_POINT('',#14222);
#14224=CARTESIAN_POINT('',(23.657136000,1.221534000,-0.800000000));
#14225=VERTEX_POINT('',#14224);
#14226=CARTESIAN_POINT('',(23.155137000,1.439582000,-0.835000000));
#14227=VERTEX_POINT('',#14226);
#14228=CARTESIAN_POINT('',(23.155137000,1.439582000,-0.800000000));
#14229=VERTEX_POINT('',#14228);
#14230=CARTESIAN_POINT('',(22.687513000,1.723951000,-0.835000000));
#14231=VERTEX_POINT('',#14230);
#14232=CARTESIAN_POINT('',(22.687513000,1.723951000,-0.800000000));
#14233=VERTEX_POINT('',#14232);
#14234=CARTESIAN_POINT('',(22.262963000,2.069349000,-0.835000000));
#14235=VERTEX_POINT('',#14234);
#14236=CARTESIAN_POINT('',(22.262963000,2.069349000,-0.800000000));
#14237=VERTEX_POINT('',#14236);
#14238=CARTESIAN_POINT('',(21.889398000,2.469340000,-0.835000000));
#14239=VERTEX_POINT('',#14238);
#14240=CARTESIAN_POINT('',(21.889398000,2.469340000,-0.800000000));
#14241=VERTEX_POINT('',#14240);
#14242=CARTESIAN_POINT('',(21.573779000,2.916468000,-0.835000000));
#14243=VERTEX_POINT('',#14242);
#14244=CARTESIAN_POINT('',(21.573779000,2.916468000,-0.800000000));
#14245=VERTEX_POINT('',#14244);
#14246=CARTESIAN_POINT('',(21.321983000,3.402414000,-0.835000000));
#14247=VERTEX_POINT('',#14246);
#14248=CARTESIAN_POINT('',(21.321983000,3.402414000,-0.800000000));
#14249=VERTEX_POINT('',#14248);
#14250=CARTESIAN_POINT('',(21.138703000,3.918115000,-0.835000000));
#14251=VERTEX_POINT('',#14250);
#14252=CARTESIAN_POINT('',(21.138703000,3.918115000,-0.800000000));
#14253=VERTEX_POINT('',#14252);
#14254=CARTESIAN_POINT('',(21.027351000,4.453969000,-0.835000000));
#14255=VERTEX_POINT('',#14254);
#14256=CARTESIAN_POINT('',(21.027351000,4.453969000,-0.800000000));
#14257=VERTEX_POINT('',#14256);
#14258=CARTESIAN_POINT('',(20.990001000,5.000000000,-0.835000000));
#14259=VERTEX_POINT('',#14258);
#14260=CARTESIAN_POINT('',(20.990001000,5.000000000,-0.800000000));
#14261=VERTEX_POINT('',#14260);
#14262=CARTESIAN_POINT('',(21.027351000,5.546031000,-0.835000000));
#14263=VERTEX_POINT('',#14262);
#14264=CARTESIAN_POINT('',(21.027351000,5.546031000,-0.800000000));
#14265=VERTEX_POINT('',#14264);
#14266=CARTESIAN_POINT('',(21.138703000,6.081885000,-0.835000000));
#14267=VERTEX_POINT('',#14266);
#14268=CARTESIAN_POINT('',(21.138703000,6.081885000,-0.800000000));
#14269=VERTEX_POINT('',#14268);
#14270=CARTESIAN_POINT('',(21.321983000,6.597586000,-0.835000000));
#14271=VERTEX_POINT('',#14270);
#14272=CARTESIAN_POINT('',(21.321983000,6.597586000,-0.800000000));
#14273=VERTEX_POINT('',#14272);
#14274=CARTESIAN_POINT('',(21.573779000,7.083532000,-0.835000000));
#14275=VERTEX_POINT('',#14274);
#14276=CARTESIAN_POINT('',(21.573779000,7.083532000,-0.800000000));
#14277=VERTEX_POINT('',#14276);
#14278=CARTESIAN_POINT('',(21.889398000,7.530660000,-0.835000000));
#14279=VERTEX_POINT('',#14278);
#14280=CARTESIAN_POINT('',(21.889398000,7.530660000,-0.800000000));
#14281=VERTEX_POINT('',#14280);
#14282=CARTESIAN_POINT('',(22.262963000,7.930651000,-0.835000000));
#14283=VERTEX_POINT('',#14282);
#14284=CARTESIAN_POINT('',(22.262963000,7.930651000,-0.800000000));
#14285=VERTEX_POINT('',#14284);
#14286=CARTESIAN_POINT('',(22.687513000,8.276049000,-0.835000000));
#14287=VERTEX_POINT('',#14286);
#14288=CARTESIAN_POINT('',(22.687513000,8.276049000,-0.800000000));
#14289=VERTEX_POINT('',#14288);
#14290=CARTESIAN_POINT('',(23.155137000,8.560418000,-0.835000000));
#14291=VERTEX_POINT('',#14290);
#14292=CARTESIAN_POINT('',(23.155137000,8.560418000,-0.800000000));
#14293=VERTEX_POINT('',#14292);
#14294=CARTESIAN_POINT('',(23.657136000,8.778466000,-0.835000000));
#14295=VERTEX_POINT('',#14294);
#14296=CARTESIAN_POINT('',(23.657136000,8.778466000,-0.800000000));
#14297=VERTEX_POINT('',#14296);
#14298=CARTESIAN_POINT('',(24.184141000,8.926126000,-0.835000000));
#14299=VERTEX_POINT('',#14298);
#14300=CARTESIAN_POINT('',(24.184141000,8.926126000,-0.800000000));
#14301=VERTEX_POINT('',#14300);
#14302=CARTESIAN_POINT('',(24.726347000,9.000651000,-0.835000000));
#14303=VERTEX_POINT('',#14302);
#14304=CARTESIAN_POINT('',(24.726347000,9.000651000,-0.800000000));
#14305=VERTEX_POINT('',#14304);
#14306=CARTESIAN_POINT('',(25.273653000,9.000651000,-0.835000000));
#14307=VERTEX_POINT('',#14306);
#14308=CARTESIAN_POINT('',(25.273653000,9.000651000,-0.800000000));
#14309=VERTEX_POINT('',#14308);
#14310=CARTESIAN_POINT('',(25.815859000,8.926126000,-0.835000000));
#14311=VERTEX_POINT('',#14310);
#14312=CARTESIAN_POINT('',(25.815859000,8.926126000,-0.800000000));
#14313=VERTEX_POINT('',#14312);
#14314=CARTESIAN_POINT('',(26.342864000,8.778466000,-0.835000000));
#14315=VERTEX_POINT('',#14314);
#14316=CARTESIAN_POINT('',(26.342864000,8.778466000,-0.800000000));
#14317=VERTEX_POINT('',#14316);
#14318=CARTESIAN_POINT('',(26.844863000,8.560418000,-0.835000000));
#14319=VERTEX_POINT('',#14318);
#14320=CARTESIAN_POINT('',(26.844863000,8.560418000,-0.800000000));
#14321=VERTEX_POINT('',#14320);
#14322=CARTESIAN_POINT('',(27.312487000,8.276049000,-0.835000000));
#14323=VERTEX_POINT('',#14322);
#14324=CARTESIAN_POINT('',(27.312487000,8.276049000,-0.800000000));
#14325=VERTEX_POINT('',#14324);
#14326=CARTESIAN_POINT('',(27.737037000,7.930651000,-0.835000000));
#14327=VERTEX_POINT('',#14326);
#14328=CARTESIAN_POINT('',(27.737037000,7.930651000,-0.800000000));
#14329=VERTEX_POINT('',#14328);
#14330=CARTESIAN_POINT('',(28.110602000,7.530660000,-0.835000000));
#14331=VERTEX_POINT('',#14330);
#14332=CARTESIAN_POINT('',(28.110602000,7.530660000,-0.800000000));
#14333=VERTEX_POINT('',#14332);
#14334=CARTESIAN_POINT('',(28.426221000,7.083532000,-0.835000000));
#14335=VERTEX_POINT('',#14334);
#14336=CARTESIAN_POINT('',(28.426221000,7.083532000,-0.800000000));
#14337=VERTEX_POINT('',#14336);
#14338=CARTESIAN_POINT('',(28.678017000,6.597586000,-0.835000000));
#14339=VERTEX_POINT('',#14338);
#14340=CARTESIAN_POINT('',(28.678017000,6.597586000,-0.800000000));
#14341=VERTEX_POINT('',#14340);
#14342=CARTESIAN_POINT('',(28.861297000,6.081885000,-0.835000000));
#14343=VERTEX_POINT('',#14342);
#14344=CARTESIAN_POINT('',(28.861297000,6.081885000,-0.800000000));
#14345=VERTEX_POINT('',#14344);
#14346=CARTESIAN_POINT('',(28.972649000,5.546031000,-0.835000000));
#14347=VERTEX_POINT('',#14346);
#14348=CARTESIAN_POINT('',(28.972649000,5.546031000,-0.800000000));
#14349=VERTEX_POINT('',#14348);
#14350=CARTESIAN_POINT('',(29.009999000,5.000000000,-0.835000000));
#14351=VERTEX_POINT('',#14350);
#14352=CARTESIAN_POINT('',(29.009999000,5.000000000,-0.800000000));
#14353=VERTEX_POINT('',#14352);
#14354=CARTESIAN_POINT('',(28.972649000,4.453969000,-0.835000000));
#14355=VERTEX_POINT('',#14354);
#14356=CARTESIAN_POINT('',(28.972649000,4.453969000,-0.800000000));
#14357=VERTEX_POINT('',#14356);
#14358=CARTESIAN_POINT('',(28.861297000,3.918115000,-0.835000000));
#14359=VERTEX_POINT('',#14358);
#14360=CARTESIAN_POINT('',(28.861297000,3.918115000,-0.800000000));
#14361=VERTEX_POINT('',#14360);
#14362=CARTESIAN_POINT('',(28.678017000,3.402414000,-0.835000000));
#14363=VERTEX_POINT('',#14362);
#14364=CARTESIAN_POINT('',(28.678017000,3.402414000,-0.800000000));
#14365=VERTEX_POINT('',#14364);
#14366=CARTESIAN_POINT('',(28.426221000,2.916468000,-0.835000000));
#14367=VERTEX_POINT('',#14366);
#14368=CARTESIAN_POINT('',(28.426221000,2.916468000,-0.800000000));
#14369=VERTEX_POINT('',#14368);
#14370=CARTESIAN_POINT('',(28.110602000,2.469340000,-0.835000000));
#14371=VERTEX_POINT('',#14370);
#14372=CARTESIAN_POINT('',(28.110602000,2.469340000,-0.800000000));
#14373=VERTEX_POINT('',#14372);
#14374=CARTESIAN_POINT('',(27.737037000,2.069349000,-0.835000000));
#14375=VERTEX_POINT('',#14374);
#14376=CARTESIAN_POINT('',(27.737037000,2.069349000,-0.800000000));
#14377=VERTEX_POINT('',#14376);
#14378=CARTESIAN_POINT('',(27.312487000,1.723951000,-0.835000000));
#14379=VERTEX_POINT('',#14378);
#14380=CARTESIAN_POINT('',(27.312487000,1.723951000,-0.800000000));
#14381=VERTEX_POINT('',#14380);
#14382=CARTESIAN_POINT('',(26.844863000,1.439582000,-0.835000000));
#14383=VERTEX_POINT('',#14382);
#14384=CARTESIAN_POINT('',(26.844863000,1.439582000,-0.800000000));
#14385=VERTEX_POINT('',#14384);
#14386=CARTESIAN_POINT('',(26.342864000,1.221534000,-0.835000000));
#14387=VERTEX_POINT('',#14386);
#14388=CARTESIAN_POINT('',(26.342864000,1.221534000,-0.800000000));
#14389=VERTEX_POINT('',#14388);
#14390=CARTESIAN_POINT('',(25.815859000,1.073874000,-0.835000000));
#14391=VERTEX_POINT('',#14390);
#14392=CARTESIAN_POINT('',(25.815859000,1.073874000,-0.800000000));
#14393=VERTEX_POINT('',#14392);
#14394=CARTESIAN_POINT('',(25.273653000,0.999349000,-0.835000000));
#14395=VERTEX_POINT('',#14394);
#14396=CARTESIAN_POINT('',(25.273653000,0.999349000,-0.800000000));
#14397=VERTEX_POINT('',#14396);
#14398=DIRECTION('',(-0.542206000,0.074525000,0.000000000));
#14399=VECTOR('',#14398,1.);
#14400=LINE('',#14214,#14399);
#14401=DIRECTION('',(-0.542206000,0.074525000,0.000000000));
#14402=VECTOR('',#14401,1.);
#14403=LINE('',#14216,#14402);
#14404=DIRECTION('',(-0.527005000,0.147660000,0.000000000));
#14405=VECTOR('',#14404,1.);
#14406=LINE('',#14218,#14405);
#14407=DIRECTION('',(-0.527005000,0.147660000,0.000000000));
#14408=VECTOR('',#14407,1.);
#14409=LINE('',#14220,#14408);
#14410=DIRECTION('',(-0.501999000,0.218048000,0.000000000));
#14411=VECTOR('',#14410,1.);
#14412=LINE('',#14222,#14411);
#14413=DIRECTION('',(-0.501999000,0.218048000,0.000000000));
#14414=VECTOR('',#14413,1.);
#14415=LINE('',#14224,#14414);
#14416=DIRECTION('',(-0.467624000,0.284369000,0.000000000));
#14417=VECTOR('',#14416,1.);
#14418=LINE('',#14226,#14417);
#14419=DIRECTION('',(-0.467624000,0.284369000,0.000000000));
#14420=VECTOR('',#14419,1.);
#14421=LINE('',#14228,#14420);
#14422=DIRECTION('',(-0.424550000,0.345398000,0.000000000));
#14423=VECTOR('',#14422,1.);
#14424=LINE('',#14230,#14423);
#14425=DIRECTION('',(-0.424550000,0.345398000,0.000000000));
#14426=VECTOR('',#14425,1.);
#14427=LINE('',#14232,#14426);
#14428=DIRECTION('',(-0.373565000,0.399991000,0.000000000));
#14429=VECTOR('',#14428,1.);
#14430=LINE('',#14234,#14429);
#14431=DIRECTION('',(-0.373565000,0.399991000,0.000000000));
#14432=VECTOR('',#14431,1.);
#14433=LINE('',#14236,#14432);
#14434=DIRECTION('',(-0.315619000,0.447128000,0.000000000));
#14435=VECTOR('',#14434,1.);
#14436=LINE('',#14238,#14435);
#14437=DIRECTION('',(-0.315619000,0.447128000,0.000000000));
#14438=VECTOR('',#14437,1.);
#14439=LINE('',#14240,#14438);
#14440=DIRECTION('',(-0.251796000,0.485946000,0.000000000));
#14441=VECTOR('',#14440,1.);
#14442=LINE('',#14242,#14441);
#14443=DIRECTION('',(-0.251796000,0.485946000,0.000000000));
#14444=VECTOR('',#14443,1.);
#14445=LINE('',#14244,#14444);
#14446=DIRECTION('',(-0.183280000,0.515701000,0.000000000));
#14447=VECTOR('',#14446,1.);
#14448=LINE('',#14246,#14447);
#14449=DIRECTION('',(-0.183280000,0.515701000,0.000000000));
#14450=VECTOR('',#14449,1.);
#14451=LINE('',#14248,#14450);
#14452=DIRECTION('',(-0.111352000,0.535854000,0.000000000));
#14453=VECTOR('',#14452,1.);
#14454=LINE('',#14250,#14453);
#14455=DIRECTION('',(-0.111352000,0.535854000,0.000000000));
#14456=VECTOR('',#14455,1.);
#14457=LINE('',#14252,#14456);
#14458=DIRECTION('',(-0.037350000,0.546031000,0.000000000));
#14459=VECTOR('',#14458,1.);
#14460=LINE('',#14254,#14459);
#14461=DIRECTION('',(-0.037350000,0.546031000,0.000000000));
#14462=VECTOR('',#14461,1.);
#14463=LINE('',#14256,#14462);
#14464=DIRECTION('',(0.037350000,0.546031000,0.000000000));
#14465=VECTOR('',#14464,1.);
#14466=LINE('',#14258,#14465);
#14467=DIRECTION('',(0.037350000,0.546031000,0.000000000));
#14468=VECTOR('',#14467,1.);
#14469=LINE('',#14260,#14468);
#14470=DIRECTION('',(0.111352000,0.535854000,0.000000000));
#14471=VECTOR('',#14470,1.);
#14472=LINE('',#14262,#14471);
#14473=DIRECTION('',(0.111352000,0.535854000,0.000000000));
#14474=VECTOR('',#14473,1.);
#14475=LINE('',#14264,#14474);
#14476=DIRECTION('',(0.183280000,0.515701000,0.000000000));
#14477=VECTOR('',#14476,1.);
#14478=LINE('',#14266,#14477);
#14479=DIRECTION('',(0.183280000,0.515701000,0.000000000));
#14480=VECTOR('',#14479,1.);
#14481=LINE('',#14268,#14480);
#14482=DIRECTION('',(0.251796000,0.485946000,0.000000000));
#14483=VECTOR('',#14482,1.);
#14484=LINE('',#14270,#14483);
#14485=DIRECTION('',(0.251796000,0.485946000,0.000000000));
#14486=VECTOR('',#14485,1.);
#14487=LINE('',#14272,#14486);
#14488=DIRECTION('',(0.315619000,0.447128000,0.000000000));
#14489=VECTOR('',#14488,1.);
#14490=LINE('',#14274,#14489);
#14491=DIRECTION('',(0.315619000,0.447128000,0.000000000));
#14492=VECTOR('',#14491,1.);
#14493=LINE('',#14276,#14492);
#14494=DIRECTION('',(0.373565000,0.399991000,0.000000000));
#14495=VECTOR('',#14494,1.);
#14496=LINE('',#14278,#14495);
#14497=DIRECTION('',(0.373565000,0.399991000,0.000000000));
#14498=VECTOR('',#14497,1.);
#14499=LINE('',#14280,#14498);
#14500=DIRECTION('',(0.424550000,0.345398000,0.000000000));
#14501=VECTOR('',#14500,1.);
#14502=LINE('',#14282,#14501);
#14503=DIRECTION('',(0.424550000,0.345398000,0.000000000));
#14504=VECTOR('',#14503,1.);
#14505=LINE('',#14284,#14504);
#14506=DIRECTION('',(0.467624000,0.284369000,0.000000000));
#14507=VECTOR('',#14506,1.);
#14508=LINE('',#14286,#14507);
#14509=DIRECTION('',(0.467624000,0.284369000,0.000000000));
#14510=VECTOR('',#14509,1.);
#14511=LINE('',#14288,#14510);
#14512=DIRECTION('',(0.501999000,0.218048000,0.000000000));
#14513=VECTOR('',#14512,1.);
#14514=LINE('',#14290,#14513);
#14515=DIRECTION('',(0.501999000,0.218048000,0.000000000));
#14516=VECTOR('',#14515,1.);
#14517=LINE('',#14292,#14516);
#14518=DIRECTION('',(0.527005000,0.147660000,0.000000000));
#14519=VECTOR('',#14518,1.);
#14520=LINE('',#14294,#14519);
#14521=DIRECTION('',(0.527005000,0.147660000,0.000000000));
#14522=VECTOR('',#14521,1.);
#14523=LINE('',#14296,#14522);
#14524=DIRECTION('',(0.542206000,0.074525000,0.000000000));
#14525=VECTOR('',#14524,1.);
#14526=LINE('',#14298,#14525);
#14527=DIRECTION('',(0.542206000,0.074525000,0.000000000));
#14528=VECTOR('',#14527,1.);
#14529=LINE('',#14300,#14528);
#14530=DIRECTION('',(0.547306000,0.000000000,0.000000000));
#14531=VECTOR('',#14530,1.);
#14532=LINE('',#14302,#14531);
#14533=DIRECTION('',(0.547306000,0.000000000,0.000000000));
#14534=VECTOR('',#14533,1.);
#14535=LINE('',#14304,#14534);
#14536=DIRECTION('',(0.542206000,-0.074525000,0.000000000));
#14537=VECTOR('',#14536,1.);
#14538=LINE('',#14306,#14537);
#14539=DIRECTION('',(0.542206000,-0.074525000,0.000000000));
#14540=VECTOR('',#14539,1.);
#14541=LINE('',#14308,#14540);
#14542=DIRECTION('',(0.527005000,-0.147660000,0.000000000));
#14543=VECTOR('',#14542,1.);
#14544=LINE('',#14310,#14543);
#14545=DIRECTION('',(0.527005000,-0.147660000,0.000000000));
#14546=VECTOR('',#14545,1.);
#14547=LINE('',#14312,#14546);
#14548=DIRECTION('',(0.501999000,-0.218048000,0.000000000));
#14549=VECTOR('',#14548,1.);
#14550=LINE('',#14314,#14549);
#14551=DIRECTION('',(0.501999000,-0.218048000,0.000000000));
#14552=VECTOR('',#14551,1.);
#14553=LINE('',#14316,#14552);
#14554=DIRECTION('',(0.467624000,-0.284369000,0.000000000));
#14555=VECTOR('',#14554,1.);
#14556=LINE('',#14318,#14555);
#14557=DIRECTION('',(0.467624000,-0.284369000,0.000000000));
#14558=VECTOR('',#14557,1.);
#14559=LINE('',#14320,#14558);
#14560=DIRECTION('',(0.424550000,-0.345398000,0.000000000));
#14561=VECTOR('',#14560,1.);
#14562=LINE('',#14322,#14561);
#14563=DIRECTION('',(0.424550000,-0.345398000,0.000000000));
#14564=VECTOR('',#14563,1.);
#14565=LINE('',#14324,#14564);
#14566=DIRECTION('',(0.373565000,-0.399991000,0.000000000));
#14567=VECTOR('',#14566,1.);
#14568=LINE('',#14326,#14567);
#14569=DIRECTION('',(0.373565000,-0.399991000,0.000000000));
#14570=VECTOR('',#14569,1.);
#14571=LINE('',#14328,#14570);
#14572=DIRECTION('',(0.315619000,-0.447128000,0.000000000));
#14573=VECTOR('',#14572,1.);
#14574=LINE('',#14330,#14573);
#14575=DIRECTION('',(0.315619000,-0.447128000,0.000000000));
#14576=VECTOR('',#14575,1.);
#14577=LINE('',#14332,#14576);
#14578=DIRECTION('',(0.251796000,-0.485946000,0.000000000));
#14579=VECTOR('',#14578,1.);
#14580=LINE('',#14334,#14579);
#14581=DIRECTION('',(0.251796000,-0.485946000,0.000000000));
#14582=VECTOR('',#14581,1.);
#14583=LINE('',#14336,#14582);
#14584=DIRECTION('',(0.183280000,-0.515701000,0.000000000));
#14585=VECTOR('',#14584,1.);
#14586=LINE('',#14338,#14585);
#14587=DIRECTION('',(0.183280000,-0.515701000,0.000000000));
#14588=VECTOR('',#14587,1.);
#14589=LINE('',#14340,#14588);
#14590=DIRECTION('',(0.111352000,-0.535854000,0.000000000));
#14591=VECTOR('',#14590,1.);
#14592=LINE('',#14342,#14591);
#14593=DIRECTION('',(0.111352000,-0.535854000,0.000000000));
#14594=VECTOR('',#14593,1.);
#14595=LINE('',#14344,#14594);
#14596=DIRECTION('',(0.037350000,-0.546031000,0.000000000));
#14597=VECTOR('',#14596,1.);
#14598=LINE('',#14346,#14597);
#14599=DIRECTION('',(0.037350000,-0.546031000,0.000000000));
#14600=VECTOR('',#14599,1.);
#14601=LINE('',#14348,#14600);
#14602=DIRECTION('',(-0.037350000,-0.546031000,0.000000000));
#14603=VECTOR('',#14602,1.);
#14604=LINE('',#14350,#14603);
#14605=DIRECTION('',(-0.037350000,-0.546031000,0.000000000));
#14606=VECTOR('',#14605,1.);
#14607=LINE('',#14352,#14606);
#14608=DIRECTION('',(-0.111352000,-0.535854000,0.000000000));
#14609=VECTOR('',#14608,1.);
#14610=LINE('',#14354,#14609);
#14611=DIRECTION('',(-0.111352000,-0.535854000,0.000000000));
#14612=VECTOR('',#14611,1.);
#14613=LINE('',#14356,#14612);
#14614=DIRECTION('',(-0.183280000,-0.515701000,0.000000000));
#14615=VECTOR('',#14614,1.);
#14616=LINE('',#14358,#14615);
#14617=DIRECTION('',(-0.183280000,-0.515701000,0.000000000));
#14618=VECTOR('',#14617,1.);
#14619=LINE('',#14360,#14618);
#14620=DIRECTION('',(-0.251796000,-0.485946000,0.000000000));
#14621=VECTOR('',#14620,1.);
#14622=LINE('',#14362,#14621);
#14623=DIRECTION('',(-0.251796000,-0.485946000,0.000000000));
#14624=VECTOR('',#14623,1.);
#14625=LINE('',#14364,#14624);
#14626=DIRECTION('',(-0.315619000,-0.447128000,0.000000000));
#14627=VECTOR('',#14626,1.);
#14628=LINE('',#14366,#14627);
#14629=DIRECTION('',(-0.315619000,-0.447128000,0.000000000));
#14630=VECTOR('',#14629,1.);
#14631=LINE('',#14368,#14630);
#14632=DIRECTION('',(-0.373565000,-0.399991000,0.000000000));
#14633=VECTOR('',#14632,1.);
#14634=LINE('',#14370,#14633);
#14635=DIRECTION('',(-0.373565000,-0.399991000,0.000000000));
#14636=VECTOR('',#14635,1.);
#14637=LINE('',#14372,#14636);
#14638=DIRECTION('',(-0.424550000,-0.345398000,0.000000000));
#14639=VECTOR('',#14638,1.);
#14640=LINE('',#14374,#14639);
#14641=DIRECTION('',(-0.424550000,-0.345398000,0.000000000));
#14642=VECTOR('',#14641,1.);
#14643=LINE('',#14376,#14642);
#14644=DIRECTION('',(-0.467624000,-0.284369000,0.000000000));
#14645=VECTOR('',#14644,1.);
#14646=LINE('',#14378,#14645);
#14647=DIRECTION('',(-0.467624000,-0.284369000,0.000000000));
#14648=VECTOR('',#14647,1.);
#14649=LINE('',#14380,#14648);
#14650=DIRECTION('',(-0.501999000,-0.218048000,0.000000000));
#14651=VECTOR('',#14650,1.);
#14652=LINE('',#14382,#14651);
#14653=DIRECTION('',(-0.501999000,-0.218048000,0.000000000));
#14654=VECTOR('',#14653,1.);
#14655=LINE('',#14384,#14654);
#14656=DIRECTION('',(-0.527005000,-0.147660000,0.000000000));
#14657=VECTOR('',#14656,1.);
#14658=LINE('',#14386,#14657);
#14659=DIRECTION('',(-0.527005000,-0.147660000,0.000000000));
#14660=VECTOR('',#14659,1.);
#14661=LINE('',#14388,#14660);
#14662=DIRECTION('',(-0.542206000,-0.074525000,0.000000000));
#14663=VECTOR('',#14662,1.);
#14664=LINE('',#14390,#14663);
#14665=DIRECTION('',(-0.542206000,-0.074525000,0.000000000));
#14666=VECTOR('',#14665,1.);
#14667=LINE('',#14392,#14666);
#14668=DIRECTION('',(-0.547306000,0.000000000,0.000000000));
#14669=VECTOR('',#14668,1.);
#14670=LINE('',#14394,#14669);
#14671=DIRECTION('',(-0.547306000,0.000000000,0.000000000));
#14672=VECTOR('',#14671,1.);
#14673=LINE('',#14396,#14672);
#14674=DIRECTION('',(0.000000000,0.000000000,0.035000000));
#14675=VECTOR('',#14674,1.);
#14676=LINE('',#14214,#14675);
#14677=DIRECTION('',(0.000000000,0.000000000,0.035000000));
#14678=VECTOR('',#14677,1.);
#14679=LINE('',#14218,#14678);
#14680=DIRECTION('',(0.000000000,0.000000000,0.035000000));
#14681=VECTOR('',#14680,1.);
#14682=LINE('',#14222,#14681);
#14683=DIRECTION('',(0.000000000,0.000000000,0.035000000));
#14684=VECTOR('',#14683,1.);
#14685=LINE('',#14226,#14684);
#14686=DIRECTION('',(0.000000000,0.000000000,0.035000000));
#14687=VECTOR('',#14686,1.);
#14688=LINE('',#14230,#14687);
#14689=DIRECTION('',(0.000000000,0.000000000,0.035000000));
#14690=VECTOR('',#14689,1.);
#14691=LINE('',#14234,#14690);
#14692=DIRECTION('',(0.000000000,0.000000000,0.035000000));
#14693=VECTOR('',#14692,1.);
#14694=LINE('',#14238,#14693);
#14695=DIRECTION('',(0.000000000,0.000000000,0.035000000));
#14696=VECTOR('',#14695,1.);
#14697=LINE('',#14242,#14696);
#14698=DIRECTION('',(0.000000000,0.000000000,0.035000000));
#14699=VECTOR('',#14698,1.);
#14700=LINE('',#14246,#14699);
#14701=DIRECTION('',(0.000000000,0.000000000,0.035000000));
#14702=VECTOR('',#14701,1.);
#14703=LINE('',#14250,#14702);
#14704=DIRECTION('',(0.000000000,0.000000000,0.035000000));
#14705=VECTOR('',#14704,1.);
#14706=LINE('',#14254,#14705);
#14707=DIRECTION('',(0.000000000,0.000000000,0.035000000));
#14708=VECTOR('',#14707,1.);
#14709=LINE('',#14258,#14708);
#14710=DIRECTION('',(0.000000000,0.000000000,0.035000000));
#14711=VECTOR('',#14710,1.);
#14712=LINE('',#14262,#14711);
#14713=DIRECTION('',(0.000000000,0.000000000,0.035000000));
#14714=VECTOR('',#14713,1.);
#14715=LINE('',#14266,#14714);
#14716=DIRECTION('',(0.000000000,0.000000000,0.035000000));
#14717=VECTOR('',#14716,1.);
#14718=LINE('',#14270,#14717);
#14719=DIRECTION('',(0.000000000,0.000000000,0.035000000));
#14720=VECTOR('',#14719,1.);
#14721=LINE('',#14274,#14720);
#14722=DIRECTION('',(0.000000000,0.000000000,0.035000000));
#14723=VECTOR('',#14722,1.);
#14724=LINE('',#14278,#14723);
#14725=DIRECTION('',(0.000000000,0.000000000,0.035000000));
#14726=VECTOR('',#14725,1.);
#14727=LINE('',#14282,#14726);
#14728=DIRECTION('',(0.000000000,0.000000000,0.035000000));
#14729=VECTOR('',#14728,1.);
#14730=LINE('',#14286,#14729);
#14731=DIRECTION('',(0.000000000,0.000000000,0.035000000));
#14732=VECTOR('',#14731,1.);
#14733=LINE('',#14290,#14732);
#14734=DIRECTION('',(0.000000000,0.000000000,0.035000000));
#14735=VECTOR('',#14734,1.);
#14736=LINE('',#14294,#14735);
#14737=DIRECTION('',(0.000000000,0.000000000,0.035000000));
#14738=VECTOR('',#14737,1.);
#14739=LINE('',#14298,#14738);
#14740=DIRECTION('',(0.000000000,0.000000000,0.035000000));
#14741=VECTOR('',#14740,1.);
#14742=LINE('',#14302,#14741);
#14743=DIRECTION('',(0.000000000,0.000000000,0.035000000));
#14744=VECTOR('',#14743,1.);
#14745=LINE('',#14306,#14744);
#14746=DIRECTION('',(0.000000000,0.000000000,0.035000000));
#14747=VECTOR('',#14746,1.);
#14748=LINE('',#14310,#14747);
#14749=DIRECTION('',(0.000000000,0.000000000,0.035000000));
#14750=VECTOR('',#14749,1.);
#14751=LINE('',#14314,#14750);
#14752=DIRECTION('',(0.000000000,0.000000000,0.035000000));
#14753=VECTOR('',#14752,1.);
#14754=LINE('',#14318,#14753);
#14755=DIRECTION('',(0.000000000,0.000000000,0.035000000));
#14756=VECTOR('',#14755,1.);
#14757=LINE('',#14322,#14756);
#14758=DIRECTION('',(0.000000000,0.000000000,0.035000000));
#14759=VECTOR('',#14758,1.);
#14760=LINE('',#14326,#14759);
#14761=DIRECTION('',(0.000000000,0.000000000,0.035000000));
#14762=VECTOR('',#14761,1.);
#14763=LINE('',#14330,#14762);
#14764=DIRECTION('',(0.000000000,0.000000000,0.035000000));
#14765=VECTOR('',#14764,1.);
#14766=LINE('',#14334,#14765);
#14767=DIRECTION('',(0.000000000,0.000000000,0.035000000));
#14768=VECTOR('',#14767,1.);
#14769=LINE('',#14338,#14768);
#14770=DIRECTION('',(0.000000000,0.000000000,0.035000000));
#14771=VECTOR('',#14770,1.);
#14772=LINE('',#14342,#14771);
#14773=DIRECTION('',(0.000000000,0.000000000,0.035000000));
#14774=VECTOR('',#14773,1.);
#14775=LINE('',#14346,#14774);
#14776=DIRECTION('',(0.000000000,0.000000000,0.035000000));
#14777=VECTOR('',#14776,1.);
#14778=LINE('',#14350,#14777);
#14779=DIRECTION('',(0.000000000,0.000000000,0.035000000));
#14780=VECTOR('',#14779,1.);
#14781=LINE('',#14354,#14780);
#14782=DIRECTION('',(0.000000000,0.000000000,0.035000000));
#14783=VECTOR('',#14782,1.);
#14784=LINE('',#14358,#14783);
#14785=DIRECTION('',(0.000000000,0.000000000,0.035000000));
#14786=VECTOR('',#14785,1.);
#14787=LINE('',#14362,#14786);
#14788=DIRECTION('',(0.000000000,0.000000000,0.035000000));
#14789=VECTOR('',#14788,1.);
#14790=LINE('',#14366,#14789);
#14791=DIRECTION('',(0.000000000,0.000000000,0.035000000));
#14792=VECTOR('',#14791,1.);
#14793=LINE('',#14370,#14792);
#14794=DIRECTION('',(0.000000000,0.000000000,0.035000000));
#14795=VECTOR('',#14794,1.);
#14796=LINE('',#14374,#14795);
#14797=DIRECTION('',(0.000000000,0.000000000,0.035000000));
#14798=VECTOR('',#14797,1.);
#14799=LINE('',#14378,#14798);
#14800=DIRECTION('',(0.000000000,0.000000000,0.035000000));
#14801=VECTOR('',#14800,1.);
#14802=LINE('',#14382,#14801);
#14803=DIRECTION('',(0.000000000,0.000000000,0.035000000));
#14804=VECTOR('',#14803,1.);
#14805=LINE('',#14386,#14804);
#14806=DIRECTION('',(0.000000000,0.000000000,0.035000000));
#14807=VECTOR('',#14806,1.);
#14808=LINE('',#14390,#14807);
#14809=DIRECTION('',(0.000000000,0.000000000,0.035000000));
#14810=VECTOR('',#14809,1.);
#14811=LINE('',#14394,#14810);
#14812=EDGE_CURVE('',#14215,#14219,#14400,.T.);
#14813=ORIENTED_EDGE('',*,*,#14812,.T.);
#14814=ORIENTED_EDGE('',*,*,#14812,.F.);
#14815=EDGE_CURVE('',#14217,#14221,#14403,.T.);
#14816=ORIENTED_EDGE('',*,*,#14815,.T.);
#14817=ORIENTED_EDGE('',*,*,#14815,.F.);
#14818=EDGE_CURVE('',#14215,#14217,#14676,.T.);
#14819=ORIENTED_EDGE('',*,*,#14818,.T.);
#14820=ORIENTED_EDGE('',*,*,#14818,.F.);
#14821=EDGE_CURVE('',#14219,#14223,#14406,.T.);
#14822=ORIENTED_EDGE('',*,*,#14821,.T.);
#14823=ORIENTED_EDGE('',*,*,#14821,.F.);
#14824=EDGE_CURVE('',#14221,#14225,#14409,.T.);
#14825=ORIENTED_EDGE('',*,*,#14824,.T.);
#14826=ORIENTED_EDGE('',*,*,#14824,.F.);
#14827=EDGE_CURVE('',#14219,#14221,#14679,.T.);
#14828=ORIENTED_EDGE('',*,*,#14827,.T.);
#14829=ORIENTED_EDGE('',*,*,#14827,.F.);
#14830=EDGE_CURVE('',#14223,#14227,#14412,.T.);
#14831=ORIENTED_EDGE('',*,*,#14830,.T.);
#14832=ORIENTED_EDGE('',*,*,#14830,.F.);
#14833=EDGE_CURVE('',#14225,#14229,#14415,.T.);
#14834=ORIENTED_EDGE('',*,*,#14833,.T.);
#14835=ORIENTED_EDGE('',*,*,#14833,.F.);
#14836=EDGE_CURVE('',#14223,#14225,#14682,.T.);
#14837=ORIENTED_EDGE('',*,*,#14836,.T.);
#14838=ORIENTED_EDGE('',*,*,#14836,.F.);
#14839=EDGE_CURVE('',#14227,#14231,#14418,.T.);
#14840=ORIENTED_EDGE('',*,*,#14839,.T.);
#14841=ORIENTED_EDGE('',*,*,#14839,.F.);
#14842=EDGE_CURVE('',#14229,#14233,#14421,.T.);
#14843=ORIENTED_EDGE('',*,*,#14842,.T.);
#14844=ORIENTED_EDGE('',*,*,#14842,.F.);
#14845=EDGE_CURVE('',#14227,#14229,#14685,.T.);
#14846=ORIENTED_EDGE('',*,*,#14845,.T.);
#14847=ORIENTED_EDGE('',*,*,#14845,.F.);
#14848=EDGE_CURVE('',#14231,#14235,#14424,.T.);
#14849=ORIENTED_EDGE('',*,*,#14848,.T.);
#14850=ORIENTED_EDGE('',*,*,#14848,.F.);
#14851=EDGE_CURVE('',#14233,#14237,#14427,.T.);
#14852=ORIENTED_EDGE('',*,*,#14851,.T.);
#14853=ORIENTED_EDGE('',*,*,#14851,.F.);
#14854=EDGE_CURVE('',#14231,#14233,#14688,.T.);
#14855=ORIENTED_EDGE('',*,*,#14854,.T.);
#14856=ORIENTED_EDGE('',*,*,#14854,.F.);
#14857=EDGE_CURVE('',#14235,#14239,#14430,.T.);
#14858=ORIENTED_EDGE('',*,*,#14857,.T.);
#14859=ORIENTED_EDGE('',*,*,#14857,.F.);
#14860=EDGE_CURVE('',#14237,#14241,#14433,.T.);
#14861=ORIENTED_EDGE('',*,*,#14860,.T.);
#14862=ORIENTED_EDGE('',*,*,#14860,.F.);
#14863=EDGE_CURVE('',#14235,#14237,#14691,.T.);
#14864=ORIENTED_EDGE('',*,*,#14863,.T.);
#14865=ORIENTED_EDGE('',*,*,#14863,.F.);
#14866=EDGE_CURVE('',#14239,#14243,#14436,.T.);
#14867=ORIENTED_EDGE('',*,*,#14866,.T.);
#14868=ORIENTED_EDGE('',*,*,#14866,.F.);
#14869=EDGE_CURVE('',#14241,#14245,#14439,.T.);
#14870=ORIENTED_EDGE('',*,*,#14869,.T.);
#14871=ORIENTED_EDGE('',*,*,#14869,.F.);
#14872=EDGE_CURVE('',#14239,#14241,#14694,.T.);
#14873=ORIENTED_EDGE('',*,*,#14872,.T.);
#14874=ORIENTED_EDGE('',*,*,#14872,.F.);
#14875=EDGE_CURVE('',#14243,#14247,#14442,.T.);
#14876=ORIENTED_EDGE('',*,*,#14875,.T.);
#14877=ORIENTED_EDGE('',*,*,#14875,.F.);
#14878=EDGE_CURVE('',#14245,#14249,#14445,.T.);
#14879=ORIENTED_EDGE('',*,*,#14878,.T.);
#14880=ORIENTED_EDGE('',*,*,#14878,.F.);
#14881=EDGE_CURVE('',#14243,#14245,#14697,.T.);
#14882=ORIENTED_EDGE('',*,*,#14881,.T.);
#14883=ORIENTED_EDGE('',*,*,#14881,.F.);
#14884=EDGE_CURVE('',#14247,#14251,#14448,.T.);
#14885=ORIENTED_EDGE('',*,*,#14884,.T.);
#14886=ORIENTED_EDGE('',*,*,#14884,.F.);
#14887=EDGE_CURVE('',#14249,#14253,#14451,.T.);
#14888=ORIENTED_EDGE('',*,*,#14887,.T.);
#14889=ORIENTED_EDGE('',*,*,#14887,.F.);
#14890=EDGE_CURVE('',#14247,#14249,#14700,.T.);
#14891=ORIENTED_EDGE('',*,*,#14890,.T.);
#14892=ORIENTED_EDGE('',*,*,#14890,.F.);
#14893=EDGE_CURVE('',#14251,#14255,#14454,.T.);
#14894=ORIENTED_EDGE('',*,*,#14893,.T.);
#14895=ORIENTED_EDGE('',*,*,#14893,.F.);
#14896=EDGE_CURVE('',#14253,#14257,#14457,.T.);
#14897=ORIENTED_EDGE('',*,*,#14896,.T.);
#14898=ORIENTED_EDGE('',*,*,#14896,.F.);
#14899=EDGE_CURVE('',#14251,#14253,#14703,.T.);
#14900=ORIENTED_EDGE('',*,*,#14899,.T.);
#14901=ORIENTED_EDGE('',*,*,#14899,.F.);
#14902=EDGE_CURVE('',#14255,#14259,#14460,.T.);
#14903=ORIENTED_EDGE('',*,*,#14902,.T.);
#14904=ORIENTED_EDGE('',*,*,#14902,.F.);
#14905=EDGE_CURVE('',#14257,#14261,#14463,.T.);
#14906=ORIENTED_EDGE('',*,*,#14905,.T.);
#14907=ORIENTED_EDGE('',*,*,#14905,.F.);
#14908=EDGE_CURVE('',#14255,#14257,#14706,.T.);
#14909=ORIENTED_EDGE('',*,*,#14908,.T.);
#14910=ORIENTED_EDGE('',*,*,#14908,.F.);
#14911=EDGE_CURVE('',#14259,#14263,#14466,.T.);
#14912=ORIENTED_EDGE('',*,*,#14911,.T.);
#14913=ORIENTED_EDGE('',*,*,#14911,.F.);
#14914=EDGE_CURVE('',#14261,#14265,#14469,.T.);
#14915=ORIENTED_EDGE('',*,*,#14914,.T.);
#14916=ORIENTED_EDGE('',*,*,#14914,.F.);
#14917=EDGE_CURVE('',#14259,#14261,#14709,.T.);
#14918=ORIENTED_EDGE('',*,*,#14917,.T.);
#14919=ORIENTED_EDGE('',*,*,#14917,.F.);
#14920=EDGE_CURVE('',#14263,#14267,#14472,.T.);
#14921=ORIENTED_EDGE('',*,*,#14920,.T.);
#14922=ORIENTED_EDGE('',*,*,#14920,.F.);
#14923=EDGE_CURVE('',#14265,#14269,#14475,.T.);
#14924=ORIENTED_EDGE('',*,*,#14923,.T.);
#14925=ORIENTED_EDGE('',*,*,#14923,.F.);
#14926=EDGE_CURVE('',#14263,#14265,#14712,.T.);
#14927=ORIENTED_EDGE('',*,*,#14926,.T.);
#14928=ORIENTED_EDGE('',*,*,#14926,.F.);
#14929=EDGE_CURVE('',#14267,#14271,#14478,.T.);
#14930=ORIENTED_EDGE('',*,*,#14929,.T.);
#14931=ORIENTED_EDGE('',*,*,#14929,.F.);
#14932=EDGE_CURVE('',#14269,#14273,#14481,.T.);
#14933=ORIENTED_EDGE('',*,*,#14932,.T.);
#14934=ORIENTED_EDGE('',*,*,#14932,.F.);
#14935=EDGE_CURVE('',#14267,#14269,#14715,.T.);
#14936=ORIENTED_EDGE('',*,*,#14935,.T.);
#14937=ORIENTED_EDGE('',*,*,#14935,.F.);
#14938=EDGE_CURVE('',#14271,#14275,#14484,.T.);
#14939=ORIENTED_EDGE('',*,*,#14938,.T.);
#14940=ORIENTED_EDGE('',*,*,#14938,.F.);
#14941=EDGE_CURVE('',#14273,#14277,#14487,.T.);
#14942=ORIENTED_EDGE('',*,*,#14941,.T.);
#14943=ORIENTED_EDGE('',*,*,#14941,.F.);
#14944=EDGE_CURVE('',#14271,#14273,#14718,.T.);
#14945=ORIENTED_EDGE('',*,*,#14944,.T.);
#14946=ORIENTED_EDGE('',*,*,#14944,.F.);
#14947=EDGE_CURVE('',#14275,#14279,#14490,.T.);
#14948=ORIENTED_EDGE('',*,*,#14947,.T.);
#14949=ORIENTED_EDGE('',*,*,#14947,.F.);
#14950=EDGE_CURVE('',#14277,#14281,#14493,.T.);
#14951=ORIENTED_EDGE('',*,*,#14950,.T.);
#14952=ORIENTED_EDGE('',*,*,#14950,.F.);
#14953=EDGE_CURVE('',#14275,#14277,#14721,.T.);
#14954=ORIENTED_EDGE('',*,*,#14953,.T.);
#14955=ORIENTED_EDGE('',*,*,#14953,.F.);
#14956=EDGE_CURVE('',#14279,#14283,#14496,.T.);
#14957=ORIENTED_EDGE('',*,*,#14956,.T.);
#14958=ORIENTED_EDGE('',*,*,#14956,.F.);
#14959=EDGE_CURVE('',#14281,#14285,#14499,.T.);
#14960=ORIENTED_EDGE('',*,*,#14959,.T.);
#14961=ORIENTED_EDGE('',*,*,#14959,.F.);
#14962=EDGE_CURVE('',#14279,#14281,#14724,.T.);
#14963=ORIENTED_EDGE('',*,*,#14962,.T.);
#14964=ORIENTED_EDGE('',*,*,#14962,.F.);
#14965=EDGE_CURVE('',#14283,#14287,#14502,.T.);
#14966=ORIENTED_EDGE('',*,*,#14965,.T.);
#14967=ORIENTED_EDGE('',*,*,#14965,.F.);
#14968=EDGE_CURVE('',#14285,#14289,#14505,.T.);
#14969=ORIENTED_EDGE('',*,*,#14968,.T.);
#14970=ORIENTED_EDGE('',*,*,#14968,.F.);
#14971=EDGE_CURVE('',#14283,#14285,#14727,.T.);
#14972=ORIENTED_EDGE('',*,*,#14971,.T.);
#14973=ORIENTED_EDGE('',*,*,#14971,.F.);
#14974=EDGE_CURVE('',#14287,#14291,#14508,.T.);
#14975=ORIENTED_EDGE('',*,*,#14974,.T.);
#14976=ORIENTED_EDGE('',*,*,#14974,.F.);
#14977=EDGE_CURVE('',#14289,#14293,#14511,.T.);
#14978=ORIENTED_EDGE('',*,*,#14977,.T.);
#14979=ORIENTED_EDGE('',*,*,#14977,.F.);
#14980=EDGE_CURVE('',#14287,#14289,#14730,.T.);
#14981=ORIENTED_EDGE('',*,*,#14980,.T.);
#14982=ORIENTED_EDGE('',*,*,#14980,.F.);
#14983=EDGE_CURVE('',#14291,#14295,#14514,.T.);
#14984=ORIENTED_EDGE('',*,*,#14983,.T.);
#14985=ORIENTED_EDGE('',*,*,#14983,.F.);
#14986=EDGE_CURVE('',#14293,#14297,#14517,.T.);
#14987=ORIENTED_EDGE('',*,*,#14986,.T.);
#14988=ORIENTED_EDGE('',*,*,#14986,.F.);
#14989=EDGE_CURVE('',#14291,#14293,#14733,.T.);
#14990=ORIENTED_EDGE('',*,*,#14989,.T.);
#14991=ORIENTED_EDGE('',*,*,#14989,.F.);
#14992=EDGE_CURVE('',#14295,#14299,#14520,.T.);
#14993=ORIENTED_EDGE('',*,*,#14992,.T.);
#14994=ORIENTED_EDGE('',*,*,#14992,.F.);
#14995=EDGE_CURVE('',#14297,#14301,#14523,.T.);
#14996=ORIENTED_EDGE('',*,*,#14995,.T.);
#14997=ORIENTED_EDGE('',*,*,#14995,.F.);
#14998=EDGE_CURVE('',#14295,#14297,#14736,.T.);
#14999=ORIENTED_EDGE('',*,*,#14998,.T.);
#15000=ORIENTED_EDGE('',*,*,#14998,.F.);
#15001=EDGE_CURVE('',#14299,#14303,#14526,.T.);
#15002=ORIENTED_EDGE('',*,*,#15001,.T.);
#15003=ORIENTED_EDGE('',*,*,#15001,.F.);
#15004=EDGE_CURVE('',#14301,#14305,#14529,.T.);
#15005=ORIENTED_EDGE('',*,*,#15004,.T.);
#15006=ORIENTED_EDGE('',*,*,#15004,.F.);
#15007=EDGE_CURVE('',#14299,#14301,#14739,.T.);
#15008=ORIENTED_EDGE('',*,*,#15007,.T.);
#15009=ORIENTED_EDGE('',*,*,#15007,.F.);
#15010=EDGE_CURVE('',#14303,#14307,#14532,.T.);
#15011=ORIENTED_EDGE('',*,*,#15010,.T.);
#15012=ORIENTED_EDGE('',*,*,#15010,.F.);
#15013=EDGE_CURVE('',#14305,#14309,#14535,.T.);
#15014=ORIENTED_EDGE('',*,*,#15013,.T.);
#15015=ORIENTED_EDGE('',*,*,#15013,.F.);
#15016=EDGE_CURVE('',#14303,#14305,#14742,.T.);
#15017=ORIENTED_EDGE('',*,*,#15016,.T.);
#15018=ORIENTED_EDGE('',*,*,#15016,.F.);
#15019=EDGE_CURVE('',#14307,#14311,#14538,.T.);
#15020=ORIENTED_EDGE('',*,*,#15019,.T.);
#15021=ORIENTED_EDGE('',*,*,#15019,.F.);
#15022=EDGE_CURVE('',#14309,#14313,#14541,.T.);
#15023=ORIENTED_EDGE('',*,*,#15022,.T.);
#15024=ORIENTED_EDGE('',*,*,#15022,.F.);
#15025=EDGE_CURVE('',#14307,#14309,#14745,.T.);
#15026=ORIENTED_EDGE('',*,*,#15025,.T.);
#15027=ORIENTED_EDGE('',*,*,#15025,.F.);
#15028=EDGE_CURVE('',#14311,#14315,#14544,.T.);
#15029=ORIENTED_EDGE('',*,*,#15028,.T.);
#15030=ORIENTED_EDGE('',*,*,#15028,.F.);
#15031=EDGE_CURVE('',#14313,#14317,#14547,.T.);
#15032=ORIENTED_EDGE('',*,*,#15031,.T.);
#15033=ORIENTED_EDGE('',*,*,#15031,.F.);
#15034=EDGE_CURVE('',#14311,#14313,#14748,.T.);
#15035=ORIENTED_EDGE('',*,*,#15034,.T.);
#15036=ORIENTED_EDGE('',*,*,#15034,.F.);
#15037=EDGE_CURVE('',#14315,#14319,#14550,.T.);
#15038=ORIENTED_EDGE('',*,*,#15037,.T.);
#15039=ORIENTED_EDGE('',*,*,#15037,.F.);
#15040=EDGE_CURVE('',#14317,#14321,#14553,.T.);
#15041=ORIENTED_EDGE('',*,*,#15040,.T.);
#15042=ORIENTED_EDGE('',*,*,#15040,.F.);
#15043=EDGE_CURVE('',#14315,#14317,#14751,.T.);
#15044=ORIENTED_EDGE('',*,*,#15043,.T.);
#15045=ORIENTED_EDGE('',*,*,#15043,.F.);
#15046=EDGE_CURVE('',#14319,#14323,#14556,.T.);
#15047=ORIENTED_EDGE('',*,*,#15046,.T.);
#15048=ORIENTED_EDGE('',*,*,#15046,.F.);
#15049=EDGE_CURVE('',#14321,#14325,#14559,.T.);
#15050=ORIENTED_EDGE('',*,*,#15049,.T.);
#15051=ORIENTED_EDGE('',*,*,#15049,.F.);
#15052=EDGE_CURVE('',#14319,#14321,#14754,.T.);
#15053=ORIENTED_EDGE('',*,*,#15052,.T.);
#15054=ORIENTED_EDGE('',*,*,#15052,.F.);
#15055=EDGE_CURVE('',#14323,#14327,#14562,.T.);
#15056=ORIENTED_EDGE('',*,*,#15055,.T.);
#15057=ORIENTED_EDGE('',*,*,#15055,.F.);
#15058=EDGE_CURVE('',#14325,#14329,#14565,.T.);
#15059=ORIENTED_EDGE('',*,*,#15058,.T.);
#15060=ORIENTED_EDGE('',*,*,#15058,.F.);
#15061=EDGE_CURVE('',#14323,#14325,#14757,.T.);
#15062=ORIENTED_EDGE('',*,*,#15061,.T.);
#15063=ORIENTED_EDGE('',*,*,#15061,.F.);
#15064=EDGE_CURVE('',#14327,#14331,#14568,.T.);
#15065=ORIENTED_EDGE('',*,*,#15064,.T.);
#15066=ORIENTED_EDGE('',*,*,#15064,.F.);
#15067=EDGE_CURVE('',#14329,#14333,#14571,.T.);
#15068=ORIENTED_EDGE('',*,*,#15067,.T.);
#15069=ORIENTED_EDGE('',*,*,#15067,.F.);
#15070=EDGE_CURVE('',#14327,#14329,#14760,.T.);
#15071=ORIENTED_EDGE('',*,*,#15070,.T.);
#15072=ORIENTED_EDGE('',*,*,#15070,.F.);
#15073=EDGE_CURVE('',#14331,#14335,#14574,.T.);
#15074=ORIENTED_EDGE('',*,*,#15073,.T.);
#15075=ORIENTED_EDGE('',*,*,#15073,.F.);
#15076=EDGE_CURVE('',#14333,#14337,#14577,.T.);
#15077=ORIENTED_EDGE('',*,*,#15076,.T.);
#15078=ORIENTED_EDGE('',*,*,#15076,.F.);
#15079=EDGE_CURVE('',#14331,#14333,#14763,.T.);
#15080=ORIENTED_EDGE('',*,*,#15079,.T.);
#15081=ORIENTED_EDGE('',*,*,#15079,.F.);
#15082=EDGE_CURVE('',#14335,#14339,#14580,.T.);
#15083=ORIENTED_EDGE('',*,*,#15082,.T.);
#15084=ORIENTED_EDGE('',*,*,#15082,.F.);
#15085=EDGE_CURVE('',#14337,#14341,#14583,.T.);
#15086=ORIENTED_EDGE('',*,*,#15085,.T.);
#15087=ORIENTED_EDGE('',*,*,#15085,.F.);
#15088=EDGE_CURVE('',#14335,#14337,#14766,.T.);
#15089=ORIENTED_EDGE('',*,*,#15088,.T.);
#15090=ORIENTED_EDGE('',*,*,#15088,.F.);
#15091=EDGE_CURVE('',#14339,#14343,#14586,.T.);
#15092=ORIENTED_EDGE('',*,*,#15091,.T.);
#15093=ORIENTED_EDGE('',*,*,#15091,.F.);
#15094=EDGE_CURVE('',#14341,#14345,#14589,.T.);
#15095=ORIENTED_EDGE('',*,*,#15094,.T.);
#15096=ORIENTED_EDGE('',*,*,#15094,.F.);
#15097=EDGE_CURVE('',#14339,#14341,#14769,.T.);
#15098=ORIENTED_EDGE('',*,*,#15097,.T.);
#15099=ORIENTED_EDGE('',*,*,#15097,.F.);
#15100=EDGE_CURVE('',#14343,#14347,#14592,.T.);
#15101=ORIENTED_EDGE('',*,*,#15100,.T.);
#15102=ORIENTED_EDGE('',*,*,#15100,.F.);
#15103=EDGE_CURVE('',#14345,#14349,#14595,.T.);
#15104=ORIENTED_EDGE('',*,*,#15103,.T.);
#15105=ORIENTED_EDGE('',*,*,#15103,.F.);
#15106=EDGE_CURVE('',#14343,#14345,#14772,.T.);
#15107=ORIENTED_EDGE('',*,*,#15106,.T.);
#15108=ORIENTED_EDGE('',*,*,#15106,.F.);
#15109=EDGE_CURVE('',#14347,#14351,#14598,.T.);
#15110=ORIENTED_EDGE('',*,*,#15109,.T.);
#15111=ORIENTED_EDGE('',*,*,#15109,.F.);
#15112=EDGE_CURVE('',#14349,#14353,#14601,.T.);
#15113=ORIENTED_EDGE('',*,*,#15112,.T.);
#15114=ORIENTED_EDGE('',*,*,#15112,.F.);
#15115=EDGE_CURVE('',#14347,#14349,#14775,.T.);
#15116=ORIENTED_EDGE('',*,*,#15115,.T.);
#15117=ORIENTED_EDGE('',*,*,#15115,.F.);
#15118=EDGE_CURVE('',#14351,#14355,#14604,.T.);
#15119=ORIENTED_EDGE('',*,*,#15118,.T.);
#15120=ORIENTED_EDGE('',*,*,#15118,.F.);
#15121=EDGE_CURVE('',#14353,#14357,#14607,.T.);
#15122=ORIENTED_EDGE('',*,*,#15121,.T.);
#15123=ORIENTED_EDGE('',*,*,#15121,.F.);
#15124=EDGE_CURVE('',#14351,#14353,#14778,.T.);
#15125=ORIENTED_EDGE('',*,*,#15124,.T.);
#15126=ORIENTED_EDGE('',*,*,#15124,.F.);
#15127=EDGE_CURVE('',#14355,#14359,#14610,.T.);
#15128=ORIENTED_EDGE('',*,*,#15127,.T.);
#15129=ORIENTED_EDGE('',*,*,#15127,.F.);
#15130=EDGE_CURVE('',#14357,#14361,#14613,.T.);
#15131=ORIENTED_EDGE('',*,*,#15130,.T.);
#15132=ORIENTED_EDGE('',*,*,#15130,.F.);
#15133=EDGE_CURVE('',#14355,#14357,#14781,.T.);
#15134=ORIENTED_EDGE('',*,*,#15133,.T.);
#15135=ORIENTED_EDGE('',*,*,#15133,.F.);
#15136=EDGE_CURVE('',#14359,#14363,#14616,.T.);
#15137=ORIENTED_EDGE('',*,*,#15136,.T.);
#15138=ORIENTED_EDGE('',*,*,#15136,.F.);
#15139=EDGE_CURVE('',#14361,#14365,#14619,.T.);
#15140=ORIENTED_EDGE('',*,*,#15139,.T.);
#15141=ORIENTED_EDGE('',*,*,#15139,.F.);
#15142=EDGE_CURVE('',#14359,#14361,#14784,.T.);
#15143=ORIENTED_EDGE('',*,*,#15142,.T.);
#15144=ORIENTED_EDGE('',*,*,#15142,.F.);
#15145=EDGE_CURVE('',#14363,#14367,#14622,.T.);
#15146=ORIENTED_EDGE('',*,*,#15145,.T.);
#15147=ORIENTED_EDGE('',*,*,#15145,.F.);
#15148=EDGE_CURVE('',#14365,#14369,#14625,.T.);
#15149=ORIENTED_EDGE('',*,*,#15148,.T.);
#15150=ORIENTED_EDGE('',*,*,#15148,.F.);
#15151=EDGE_CURVE('',#14363,#14365,#14787,.T.);
#15152=ORIENTED_EDGE('',*,*,#15151,.T.);
#15153=ORIENTED_EDGE('',*,*,#15151,.F.);
#15154=EDGE_CURVE('',#14367,#14371,#14628,.T.);
#15155=ORIENTED_EDGE('',*,*,#15154,.T.);
#15156=ORIENTED_EDGE('',*,*,#15154,.F.);
#15157=EDGE_CURVE('',#14369,#14373,#14631,.T.);
#15158=ORIENTED_EDGE('',*,*,#15157,.T.);
#15159=ORIENTED_EDGE('',*,*,#15157,.F.);
#15160=EDGE_CURVE('',#14367,#14369,#14790,.T.);
#15161=ORIENTED_EDGE('',*,*,#15160,.T.);
#15162=ORIENTED_EDGE('',*,*,#15160,.F.);
#15163=EDGE_CURVE('',#14371,#14375,#14634,.T.);
#15164=ORIENTED_EDGE('',*,*,#15163,.T.);
#15165=ORIENTED_EDGE('',*,*,#15163,.F.);
#15166=EDGE_CURVE('',#14373,#14377,#14637,.T.);
#15167=ORIENTED_EDGE('',*,*,#15166,.T.);
#15168=ORIENTED_EDGE('',*,*,#15166,.F.);
#15169=EDGE_CURVE('',#14371,#14373,#14793,.T.);
#15170=ORIENTED_EDGE('',*,*,#15169,.T.);
#15171=ORIENTED_EDGE('',*,*,#15169,.F.);
#15172=EDGE_CURVE('',#14375,#14379,#14640,.T.);
#15173=ORIENTED_EDGE('',*,*,#15172,.T.);
#15174=ORIENTED_EDGE('',*,*,#15172,.F.);
#15175=EDGE_CURVE('',#14377,#14381,#14643,.T.);
#15176=ORIENTED_EDGE('',*,*,#15175,.T.);
#15177=ORIENTED_EDGE('',*,*,#15175,.F.);
#15178=EDGE_CURVE('',#14375,#14377,#14796,.T.);
#15179=ORIENTED_EDGE('',*,*,#15178,.T.);
#15180=ORIENTED_EDGE('',*,*,#15178,.F.);
#15181=EDGE_CURVE('',#14379,#14383,#14646,.T.);
#15182=ORIENTED_EDGE('',*,*,#15181,.T.);
#15183=ORIENTED_EDGE('',*,*,#15181,.F.);
#15184=EDGE_CURVE('',#14381,#14385,#14649,.T.);
#15185=ORIENTED_EDGE('',*,*,#15184,.T.);
#15186=ORIENTED_EDGE('',*,*,#15184,.F.);
#15187=EDGE_CURVE('',#14379,#14381,#14799,.T.);
#15188=ORIENTED_EDGE('',*,*,#15187,.T.);
#15189=ORIENTED_EDGE('',*,*,#15187,.F.);
#15190=EDGE_CURVE('',#14383,#14387,#14652,.T.);
#15191=ORIENTED_EDGE('',*,*,#15190,.T.);
#15192=ORIENTED_EDGE('',*,*,#15190,.F.);
#15193=EDGE_CURVE('',#14385,#14389,#14655,.T.);
#15194=ORIENTED_EDGE('',*,*,#15193,.T.);
#15195=ORIENTED_EDGE('',*,*,#15193,.F.);
#15196=EDGE_CURVE('',#14383,#14385,#14802,.T.);
#15197=ORIENTED_EDGE('',*,*,#15196,.T.);
#15198=ORIENTED_EDGE('',*,*,#15196,.F.);
#15199=EDGE_CURVE('',#14387,#14391,#14658,.T.);
#15200=ORIENTED_EDGE('',*,*,#15199,.T.);
#15201=ORIENTED_EDGE('',*,*,#15199,.F.);
#15202=EDGE_CURVE('',#14389,#14393,#14661,.T.);
#15203=ORIENTED_EDGE('',*,*,#15202,.T.);
#15204=ORIENTED_EDGE('',*,*,#15202,.F.);
#15205=EDGE_CURVE('',#14387,#14389,#14805,.T.);
#15206=ORIENTED_EDGE('',*,*,#15205,.T.);
#15207=ORIENTED_EDGE('',*,*,#15205,.F.);
#15208=EDGE_CURVE('',#14391,#14395,#14664,.T.);
#15209=ORIENTED_EDGE('',*,*,#15208,.T.);
#15210=ORIENTED_EDGE('',*,*,#15208,.F.);
#15211=EDGE_CURVE('',#14393,#14397,#14667,.T.);
#15212=ORIENTED_EDGE('',*,*,#15211,.T.);
#15213=ORIENTED_EDGE('',*,*,#15211,.F.);
#15214=EDGE_CURVE('',#14391,#14393,#14808,.T.);
#15215=ORIENTED_EDGE('',*,*,#15214,.T.);
#15216=ORIENTED_EDGE('',*,*,#15214,.F.);
#15217=EDGE_CURVE('',#14395,#14215,#14670,.T.);
#15218=ORIENTED_EDGE('',*,*,#15217,.T.);
#15219=ORIENTED_EDGE('',*,*,#15217,.F.);
#15220=EDGE_CURVE('',#14397,#14217,#14673,.T.);
#15221=ORIENTED_EDGE('',*,*,#15220,.T.);
#15222=ORIENTED_EDGE('',*,*,#15220,.F.);
#15223=EDGE_CURVE('',#14395,#14397,#14811,.T.);
#15224=ORIENTED_EDGE('',*,*,#15223,.T.);
#15225=ORIENTED_EDGE('',*,*,#15223,.F.);
#15226=EDGE_LOOP('',(#14820,#14813,#14828,#14817));
#15227=FACE_OUTER_BOUND('',#15226,.T.);
#15228=DIRECTION('',(40787.807018900,296751.341060000,0.000000000));
#15229=AXIS2_PLACEMENT_3D('',#14214,#15228,$);
#15230=PLANE('',#15229);
#15231=ADVANCED_FACE('',(#15227),#15230,.T.);
#15232=EDGE_LOOP('',(#14829,#14822,#14837,#14826));
#15233=FACE_OUTER_BOUND('',#15232,.T.);
#15234=DIRECTION('',(80814.379463100,288430.055865000,0.000000000));
#15235=AXIS2_PLACEMENT_3D('',#14218,#15234,$);
#15236=PLANE('',#15235);
#15237=ADVANCED_FACE('',(#15233),#15236,.T.);
#15238=EDGE_LOOP('',(#14838,#14831,#14846,#14835));
#15239=FACE_OUTER_BOUND('',#15238,.T.);
#15240=DIRECTION('',(119339.789169000,274748.930616000,0.000000000));
#15241=AXIS2_PLACEMENT_3D('',#14222,#15240,$);
#15242=PLANE('',#15241);
#15243=ADVANCED_FACE('',(#15239),#15242,.T.);
#15244=EDGE_LOOP('',(#14847,#14840,#14855,#14844));
#15245=FACE_OUTER_BOUND('',#15244,.T.);
#15246=DIRECTION('',(155635.320886000,255930.890125000,0.000000000));
#15247=AXIS2_PLACEMENT_3D('',#14226,#15246,$);
#15248=PLANE('',#15247);
#15249=ADVANCED_FACE('',(#15245),#15248,.T.);
#15250=EDGE_LOOP('',(#14856,#14849,#14864,#14853));
#15251=FACE_OUTER_BOUND('',#15250,.T.);
#15252=DIRECTION('',(189037.963368000,232358.228328000,0.000000000));
#15253=AXIS2_PLACEMENT_3D('',#14230,#15252,$);
#15254=PLANE('',#15253);
#15255=ADVANCED_FACE('',(#15251),#15254,.T.);
#15256=EDGE_LOOP('',(#14865,#14858,#14873,#14862));
#15257=FACE_OUTER_BOUND('',#15256,.T.);
#15258=DIRECTION('',(218917.383502000,204454.281141000,0.000000000));
#15259=AXIS2_PLACEMENT_3D('',#14234,#15258,$);
#15260=PLANE('',#15259);
#15261=ADVANCED_FACE('',(#15257),#15260,.T.);
#15262=EDGE_LOOP('',(#14874,#14867,#14882,#14871));
#15263=FACE_OUTER_BOUND('',#15262,.T.);
#15264=DIRECTION('',(244713.771843000,172738.714541000,0.000000000));
#15265=AXIS2_PLACEMENT_3D('',#14238,#15264,$);
#15266=PLANE('',#15265);
#15267=ADVANCED_FACE('',(#15263),#15266,.T.);
#15268=EDGE_LOOP('',(#14883,#14876,#14891,#14880));
#15269=FACE_OUTER_BOUND('',#15268,.T.);
#15270=DIRECTION('',(265961.553432000,137809.664670000,0.000000000));
#15271=AXIS2_PLACEMENT_3D('',#14242,#15270,$);
#15272=PLANE('',#15271);
#15273=ADVANCED_FACE('',(#15269),#15272,.T.);
#15274=EDGE_LOOP('',(#14892,#14885,#14900,#14889));
#15275=FACE_OUTER_BOUND('',#15274,.T.);
#15276=DIRECTION('',(282244.000531000,100309.443684000,0.000000000));
#15277=AXIS2_PLACEMENT_3D('',#14246,#15276,$);
#15278=PLANE('',#15277);
#15279=ADVANCED_FACE('',(#15275),#15278,.T.);
#15280=EDGE_LOOP('',(#14901,#14894,#14909,#14898));
#15281=FACE_OUTER_BOUND('',#15280,.T.);
#15282=DIRECTION('',(293273.622258000,60943.100892500,0.000000000));
#15283=AXIS2_PLACEMENT_3D('',#14250,#15282,$);
#15284=PLANE('',#15283);
#15285=ADVANCED_FACE('',(#15281),#15284,.T.);
#15286=EDGE_LOOP('',(#14910,#14903,#14918,#14907));
#15287=FACE_OUTER_BOUND('',#15286,.T.);
#15288=DIRECTION('',(298846.550213000,20441.913829900,0.000000000));
#15289=AXIS2_PLACEMENT_3D('',#14254,#15288,$);
#15290=PLANE('',#15289);
#15291=ADVANCED_FACE('',(#15287),#15290,.T.);
#15292=EDGE_LOOP('',(#14919,#14912,#14927,#14916));
#15293=FACE_OUTER_BOUND('',#15292,.T.);
#15294=DIRECTION('',(298846.550213000,-20441.913829900,0.000000000));
#15295=AXIS2_PLACEMENT_3D('',#14258,#15294,$);
#15296=PLANE('',#15295);
#15297=ADVANCED_FACE('',(#15293),#15296,.T.);
#15298=EDGE_LOOP('',(#14928,#14921,#14936,#14925));
#15299=FACE_OUTER_BOUND('',#15298,.T.);
#15300=DIRECTION('',(293273.622258000,-60943.100892500,0.000000000));
#15301=AXIS2_PLACEMENT_3D('',#14262,#15300,$);
#15302=PLANE('',#15301);
#15303=ADVANCED_FACE('',(#15299),#15302,.T.);
#15304=EDGE_LOOP('',(#14937,#14930,#14945,#14934));
#15305=FACE_OUTER_BOUND('',#15304,.T.);
#15306=DIRECTION('',(282244.000531000,-100309.443684000,0.000000000));
#15307=AXIS2_PLACEMENT_3D('',#14266,#15306,$);
#15308=PLANE('',#15307);
#15309=ADVANCED_FACE('',(#15305),#15308,.T.);
#15310=EDGE_LOOP('',(#14946,#14939,#14954,#14943));
#15311=FACE_OUTER_BOUND('',#15310,.T.);
#15312=DIRECTION('',(265961.553432000,-137809.664670000,0.000000000));
#15313=AXIS2_PLACEMENT_3D('',#14270,#15312,$);
#15314=PLANE('',#15313);
#15315=ADVANCED_FACE('',(#15311),#15314,.T.);
#15316=EDGE_LOOP('',(#14955,#14948,#14963,#14952));
#15317=FACE_OUTER_BOUND('',#15316,.T.);
#15318=DIRECTION('',(244713.771843000,-172738.714541000,0.000000000));
#15319=AXIS2_PLACEMENT_3D('',#14274,#15318,$);
#15320=PLANE('',#15319);
#15321=ADVANCED_FACE('',(#15317),#15320,.T.);
#15322=EDGE_LOOP('',(#14964,#14957,#14972,#14961));
#15323=FACE_OUTER_BOUND('',#15322,.T.);
#15324=DIRECTION('',(218917.383502000,-204454.281141000,0.000000000));
#15325=AXIS2_PLACEMENT_3D('',#14278,#15324,$);
#15326=PLANE('',#15325);
#15327=ADVANCED_FACE('',(#15323),#15326,.T.);
#15328=EDGE_LOOP('',(#14973,#14966,#14981,#14970));
#15329=FACE_OUTER_BOUND('',#15328,.T.);
#15330=DIRECTION('',(189037.963368000,-232358.228328000,0.000000000));
#15331=AXIS2_PLACEMENT_3D('',#14282,#15330,$);
#15332=PLANE('',#15331);
#15333=ADVANCED_FACE('',(#15329),#15332,.T.);
#15334=EDGE_LOOP('',(#14982,#14975,#14990,#14979));
#15335=FACE_OUTER_BOUND('',#15334,.T.);
#15336=DIRECTION('',(155635.320886000,-255930.890125000,0.000000000));
#15337=AXIS2_PLACEMENT_3D('',#14286,#15336,$);
#15338=PLANE('',#15337);
#15339=ADVANCED_FACE('',(#15335),#15338,.T.);
#15340=EDGE_LOOP('',(#14991,#14984,#14999,#14988));
#15341=FACE_OUTER_BOUND('',#15340,.T.);
#15342=DIRECTION('',(119339.789169000,-274748.930616000,0.000000000));
#15343=AXIS2_PLACEMENT_3D('',#14290,#15342,$);
#15344=PLANE('',#15343);
#15345=ADVANCED_FACE('',(#15341),#15344,.T.);
#15346=EDGE_LOOP('',(#15000,#14993,#15008,#14997));
#15347=FACE_OUTER_BOUND('',#15346,.T.);
#15348=DIRECTION('',(80814.379463100,-288430.055865000,0.000000000));
#15349=AXIS2_PLACEMENT_3D('',#14294,#15348,$);
#15350=PLANE('',#15349);
#15351=ADVANCED_FACE('',(#15347),#15350,.T.);
#15352=EDGE_LOOP('',(#15009,#15002,#15017,#15006));
#15353=FACE_OUTER_BOUND('',#15352,.T.);
#15354=DIRECTION('',(40787.807018900,-296751.341060000,0.000000000));
#15355=AXIS2_PLACEMENT_3D('',#14298,#15354,$);
#15356=PLANE('',#15355);
#15357=ADVANCED_FACE('',(#15353),#15356,.T.);
#15358=EDGE_LOOP('',(#15018,#15011,#15026,#15015));
#15359=FACE_OUTER_BOUND('',#15358,.T.);
#15360=DIRECTION('',(0.000000000,-299543.857636000,0.000000000));
#15361=AXIS2_PLACEMENT_3D('',#14302,#15360,$);
#15362=PLANE('',#15361);
#15363=ADVANCED_FACE('',(#15359),#15362,.T.);
#15364=EDGE_LOOP('',(#15027,#15020,#15035,#15024));
#15365=FACE_OUTER_BOUND('',#15364,.T.);
#15366=DIRECTION('',(-40787.807018900,-296751.341060000,0.000000000));
#15367=AXIS2_PLACEMENT_3D('',#14306,#15366,$);
#15368=PLANE('',#15367);
#15369=ADVANCED_FACE('',(#15365),#15368,.T.);
#15370=EDGE_LOOP('',(#15036,#15029,#15044,#15033));
#15371=FACE_OUTER_BOUND('',#15370,.T.);
#15372=DIRECTION('',(-80814.379463100,-288430.055865000,0.000000000));
#15373=AXIS2_PLACEMENT_3D('',#14310,#15372,$);
#15374=PLANE('',#15373);
#15375=ADVANCED_FACE('',(#15371),#15374,.T.);
#15376=EDGE_LOOP('',(#15045,#15038,#15053,#15042));
#15377=FACE_OUTER_BOUND('',#15376,.T.);
#15378=DIRECTION('',(-119339.789169000,-274748.930616000,0.000000000));
#15379=AXIS2_PLACEMENT_3D('',#14314,#15378,$);
#15380=PLANE('',#15379);
#15381=ADVANCED_FACE('',(#15377),#15380,.T.);
#15382=EDGE_LOOP('',(#15054,#15047,#15062,#15051));
#15383=FACE_OUTER_BOUND('',#15382,.T.);
#15384=DIRECTION('',(-155635.320886000,-255930.890125000,0.000000000));
#15385=AXIS2_PLACEMENT_3D('',#14318,#15384,$);
#15386=PLANE('',#15385);
#15387=ADVANCED_FACE('',(#15383),#15386,.T.);
#15388=EDGE_LOOP('',(#15063,#15056,#15071,#15060));
#15389=FACE_OUTER_BOUND('',#15388,.T.);
#15390=DIRECTION('',(-189037.963368000,-232358.228328000,0.000000000));
#15391=AXIS2_PLACEMENT_3D('',#14322,#15390,$);
#15392=PLANE('',#15391);
#15393=ADVANCED_FACE('',(#15389),#15392,.T.);
#15394=EDGE_LOOP('',(#15072,#15065,#15080,#15069));
#15395=FACE_OUTER_BOUND('',#15394,.T.);
#15396=DIRECTION('',(-218917.383502000,-204454.281141000,0.000000000));
#15397=AXIS2_PLACEMENT_3D('',#14326,#15396,$);
#15398=PLANE('',#15397);
#15399=ADVANCED_FACE('',(#15395),#15398,.T.);
#15400=EDGE_LOOP('',(#15081,#15074,#15089,#15078));
#15401=FACE_OUTER_BOUND('',#15400,.T.);
#15402=DIRECTION('',(-244713.771843000,-172738.714541000,0.000000000));
#15403=AXIS2_PLACEMENT_3D('',#14330,#15402,$);
#15404=PLANE('',#15403);
#15405=ADVANCED_FACE('',(#15401),#15404,.T.);
#15406=EDGE_LOOP('',(#15090,#15083,#15098,#15087));
#15407=FACE_OUTER_BOUND('',#15406,.T.);
#15408=DIRECTION('',(-265961.553432000,-137809.664670000,0.000000000));
#15409=AXIS2_PLACEMENT_3D('',#14334,#15408,$);
#15410=PLANE('',#15409);
#15411=ADVANCED_FACE('',(#15407),#15410,.T.);
#15412=EDGE_LOOP('',(#15099,#15092,#15107,#15096));
#15413=FACE_OUTER_BOUND('',#15412,.T.);
#15414=DIRECTION('',(-282244.000531000,-100309.443684000,0.000000000));
#15415=AXIS2_PLACEMENT_3D('',#14338,#15414,$);
#15416=PLANE('',#15415);
#15417=ADVANCED_FACE('',(#15413),#15416,.T.);
#15418=EDGE_LOOP('',(#15108,#15101,#15116,#15105));
#15419=FACE_OUTER_BOUND('',#15418,.T.);
#15420=DIRECTION('',(-293273.622258000,-60943.100892500,0.000000000));
#15421=AXIS2_PLACEMENT_3D('',#14342,#15420,$);
#15422=PLANE('',#15421);
#15423=ADVANCED_FACE('',(#15419),#15422,.T.);
#15424=EDGE_LOOP('',(#15117,#15110,#15125,#15114));
#15425=FACE_OUTER_BOUND('',#15424,.T.);
#15426=DIRECTION('',(-298846.550213000,-20441.913829900,0.000000000));
#15427=AXIS2_PLACEMENT_3D('',#14346,#15426,$);
#15428=PLANE('',#15427);
#15429=ADVANCED_FACE('',(#15425),#15428,.T.);
#15430=EDGE_LOOP('',(#15126,#15119,#15134,#15123));
#15431=FACE_OUTER_BOUND('',#15430,.T.);
#15432=DIRECTION('',(-298846.550213000,20441.913829900,0.000000000));
#15433=AXIS2_PLACEMENT_3D('',#14350,#15432,$);
#15434=PLANE('',#15433);
#15435=ADVANCED_FACE('',(#15431),#15434,.T.);
#15436=EDGE_LOOP('',(#15135,#15128,#15143,#15132));
#15437=FACE_OUTER_BOUND('',#15436,.T.);
#15438=DIRECTION('',(-293273.622258000,60943.100892500,0.000000000));
#15439=AXIS2_PLACEMENT_3D('',#14354,#15438,$);
#15440=PLANE('',#15439);
#15441=ADVANCED_FACE('',(#15437),#15440,.T.);
#15442=EDGE_LOOP('',(#15144,#15137,#15152,#15141));
#15443=FACE_OUTER_BOUND('',#15442,.T.);
#15444=DIRECTION('',(-282244.000531000,100309.443684000,0.000000000));
#15445=AXIS2_PLACEMENT_3D('',#14358,#15444,$);
#15446=PLANE('',#15445);
#15447=ADVANCED_FACE('',(#15443),#15446,.T.);
#15448=EDGE_LOOP('',(#15153,#15146,#15161,#15150));
#15449=FACE_OUTER_BOUND('',#15448,.T.);
#15450=DIRECTION('',(-265961.553432000,137809.664670000,0.000000000));
#15451=AXIS2_PLACEMENT_3D('',#14362,#15450,$);
#15452=PLANE('',#15451);
#15453=ADVANCED_FACE('',(#15449),#15452,.T.);
#15454=EDGE_LOOP('',(#15162,#15155,#15170,#15159));
#15455=FACE_OUTER_BOUND('',#15454,.T.);
#15456=DIRECTION('',(-244713.771843000,172738.714541000,0.000000000));
#15457=AXIS2_PLACEMENT_3D('',#14366,#15456,$);
#15458=PLANE('',#15457);
#15459=ADVANCED_FACE('',(#15455),#15458,.T.);
#15460=EDGE_LOOP('',(#15171,#15164,#15179,#15168));
#15461=FACE_OUTER_BOUND('',#15460,.T.);
#15462=DIRECTION('',(-218917.383502000,204454.281141000,0.000000000));
#15463=AXIS2_PLACEMENT_3D('',#14370,#15462,$);
#15464=PLANE('',#15463);
#15465=ADVANCED_FACE('',(#15461),#15464,.T.);
#15466=EDGE_LOOP('',(#15180,#15173,#15188,#15177));
#15467=FACE_OUTER_BOUND('',#15466,.T.);
#15468=DIRECTION('',(-189037.963368000,232358.228328000,0.000000000));
#15469=AXIS2_PLACEMENT_3D('',#14374,#15468,$);
#15470=PLANE('',#15469);
#15471=ADVANCED_FACE('',(#15467),#15470,.T.);
#15472=EDGE_LOOP('',(#15189,#15182,#15197,#15186));
#15473=FACE_OUTER_BOUND('',#15472,.T.);
#15474=DIRECTION('',(-155635.320886000,255930.890125000,0.000000000));
#15475=AXIS2_PLACEMENT_3D('',#14378,#15474,$);
#15476=PLANE('',#15475);
#15477=ADVANCED_FACE('',(#15473),#15476,.T.);
#15478=EDGE_LOOP('',(#15198,#15191,#15206,#15195));
#15479=FACE_OUTER_BOUND('',#15478,.T.);
#15480=DIRECTION('',(-119339.789169000,274748.930616000,0.000000000));
#15481=AXIS2_PLACEMENT_3D('',#14382,#15480,$);
#15482=PLANE('',#15481);
#15483=ADVANCED_FACE('',(#15479),#15482,.T.);
#15484=EDGE_LOOP('',(#15207,#15200,#15215,#15204));
#15485=FACE_OUTER_BOUND('',#15484,.T.);
#15486=DIRECTION('',(-80814.379463100,288430.055865000,0.000000000));
#15487=AXIS2_PLACEMENT_3D('',#14386,#15486,$);
#15488=PLANE('',#15487);
#15489=ADVANCED_FACE('',(#15485),#15488,.T.);
#15490=EDGE_LOOP('',(#15216,#15209,#15224,#15213));
#15491=FACE_OUTER_BOUND('',#15490,.T.);
#15492=DIRECTION('',(-40787.807018900,296751.341060000,0.000000000));
#15493=AXIS2_PLACEMENT_3D('',#14390,#15492,$);
#15494=PLANE('',#15493);
#15495=ADVANCED_FACE('',(#15491),#15494,.T.);
#15496=EDGE_LOOP('',(#15225,#15218,#14819,#15222));
#15497=FACE_OUTER_BOUND('',#15496,.T.);
#15498=DIRECTION('',(0.000000000,299543.857636000,0.000000000));
#15499=AXIS2_PLACEMENT_3D('',#14394,#15498,$);
#15500=PLANE('',#15499);
#15501=ADVANCED_FACE('',(#15497),#15500,.T.);
#15502=EDGE_LOOP('',(#15219,#15210,#15201,#15192,#15183,#15174,#15165,#15156,#15147,#15138,#15129,#15120,#15111,#15102,#15093,#15084,#15075,#15066,#15057,#15048,#15039,#15030,#15021,#15012,#15003,#14994,#14985,#14976,#14967,#14958,#14949,#14940,#14931,#14922,#14913,#14904,#14895,#14886,#14877,#14868,#14859,#14850,#14841,#14832,#14823,#14814));
#15503=FACE_BOUND('',#15502,.T.);
#15504=EDGE_LOOP('',(#14816,#14825,#14834,#14843,#14852,#14861,#14870,#14879,#14888,#14897,#14906,#14915,#14924,#14933,#14942,#14951,#14960,#14969,#14978,#14987,#14996,#15005,#15014,#15023,#15032,#15041,#15050,#15059,#15068,#15077,#15086,#15095,#15104,#15113,#15122,#15131,#15140,#15149,#15158,#15167,#15176,#15185,#15194,#15203,#15212,#15221));
#15505=FACE_BOUND('',#15504,.T.);
#15506=CARTESIAN_POINT('',(10.795000000,6.056001000,-0.835000000));
#15507=VERTEX_POINT('',#15506);
#15508=CARTESIAN_POINT('',(10.795000000,6.056001000,-0.800000000));
#15509=VERTEX_POINT('',#15508);
#15510=CARTESIAN_POINT('',(10.513147000,6.093108000,-0.835000000));
#15511=VERTEX_POINT('',#15510);
#15512=CARTESIAN_POINT('',(10.513147000,6.093108000,-0.800000000));
#15513=VERTEX_POINT('',#15512);
#15514=CARTESIAN_POINT('',(10.250499000,6.201900000,-0.835000000));
#15515=VERTEX_POINT('',#15514);
#15516=CARTESIAN_POINT('',(10.250499000,6.201900000,-0.800000000));
#15517=VERTEX_POINT('',#15516);
#15518=CARTESIAN_POINT('',(10.024962000,6.374962000,-0.835000000));
#15519=VERTEX_POINT('',#15518);
#15520=CARTESIAN_POINT('',(10.024962000,6.374962000,-0.800000000));
#15521=VERTEX_POINT('',#15520);
#15522=CARTESIAN_POINT('',(9.851900000,6.600499000,-0.835000000));
#15523=VERTEX_POINT('',#15522);
#15524=CARTESIAN_POINT('',(9.851900000,6.600499000,-0.800000000));
#15525=VERTEX_POINT('',#15524);
#15526=CARTESIAN_POINT('',(9.743108000,6.863147000,-0.835000000));
#15527=VERTEX_POINT('',#15526);
#15528=CARTESIAN_POINT('',(9.743108000,6.863147000,-0.800000000));
#15529=VERTEX_POINT('',#15528);
#15530=CARTESIAN_POINT('',(9.706001000,7.145000000,-0.835000000));
#15531=VERTEX_POINT('',#15530);
#15532=CARTESIAN_POINT('',(9.706001000,7.145000000,-0.800000000));
#15533=VERTEX_POINT('',#15532);
#15534=CARTESIAN_POINT('',(9.743108000,7.426853000,-0.835000000));
#15535=VERTEX_POINT('',#15534);
#15536=CARTESIAN_POINT('',(9.743108000,7.426853000,-0.800000000));
#15537=VERTEX_POINT('',#15536);
#15538=CARTESIAN_POINT('',(9.851900000,7.689501000,-0.835000000));
#15539=VERTEX_POINT('',#15538);
#15540=CARTESIAN_POINT('',(9.851900000,7.689501000,-0.800000000));
#15541=VERTEX_POINT('',#15540);
#15542=CARTESIAN_POINT('',(10.024962000,7.915038000,-0.835000000));
#15543=VERTEX_POINT('',#15542);
#15544=CARTESIAN_POINT('',(10.024962000,7.915038000,-0.800000000));
#15545=VERTEX_POINT('',#15544);
#15546=CARTESIAN_POINT('',(10.250499000,8.088100000,-0.835000000));
#15547=VERTEX_POINT('',#15546);
#15548=CARTESIAN_POINT('',(10.250499000,8.088100000,-0.800000000));
#15549=VERTEX_POINT('',#15548);
#15550=CARTESIAN_POINT('',(10.541000000,8.208429000,-0.835000000));
#15551=VERTEX_POINT('',#15550);
#15552=CARTESIAN_POINT('',(10.541000000,8.208429000,-0.800000000));
#15553=VERTEX_POINT('',#15552);
#15554=CARTESIAN_POINT('',(10.541000000,7.929926111,-0.835000000));
#15555=VERTEX_POINT('',#15554);
#15556=CARTESIAN_POINT('',(10.541000000,7.929926111,-0.800000000));
#15557=VERTEX_POINT('',#15556);
#15558=CARTESIAN_POINT('',(11.049000000,7.929926111,-0.835000000));
#15559=VERTEX_POINT('',#15558);
#15560=CARTESIAN_POINT('',(11.049000000,7.929926111,-0.800000000));
#15561=VERTEX_POINT('',#15560);
#15562=CARTESIAN_POINT('',(11.049000000,8.208429000,-0.835000000));
#15563=VERTEX_POINT('',#15562);
#15564=CARTESIAN_POINT('',(11.049000000,8.208429000,-0.800000000));
#15565=VERTEX_POINT('',#15564);
#15566=CARTESIAN_POINT('',(11.339501000,8.088100000,-0.835000000));
#15567=VERTEX_POINT('',#15566);
#15568=CARTESIAN_POINT('',(11.339501000,8.088100000,-0.800000000));
#15569=VERTEX_POINT('',#15568);
#15570=CARTESIAN_POINT('',(11.565038000,7.915038000,-0.835000000));
#15571=VERTEX_POINT('',#15570);
#15572=CARTESIAN_POINT('',(11.565038000,7.915038000,-0.800000000));
#15573=VERTEX_POINT('',#15572);
#15574=CARTESIAN_POINT('',(11.738100000,7.689501000,-0.835000000));
#15575=VERTEX_POINT('',#15574);
#15576=CARTESIAN_POINT('',(11.738100000,7.689501000,-0.800000000));
#15577=VERTEX_POINT('',#15576);
#15578=CARTESIAN_POINT('',(11.846892000,7.426853000,-0.835000000));
#15579=VERTEX_POINT('',#15578);
#15580=CARTESIAN_POINT('',(11.846892000,7.426853000,-0.800000000));
#15581=VERTEX_POINT('',#15580);
#15582=CARTESIAN_POINT('',(11.883999000,7.145000000,-0.835000000));
#15583=VERTEX_POINT('',#15582);
#15584=CARTESIAN_POINT('',(11.883999000,7.145000000,-0.800000000));
#15585=VERTEX_POINT('',#15584);
#15586=CARTESIAN_POINT('',(11.846892000,6.863147000,-0.835000000));
#15587=VERTEX_POINT('',#15586);
#15588=CARTESIAN_POINT('',(11.846892000,6.863147000,-0.800000000));
#15589=VERTEX_POINT('',#15588);
#15590=CARTESIAN_POINT('',(11.738100000,6.600499000,-0.835000000));
#15591=VERTEX_POINT('',#15590);
#15592=CARTESIAN_POINT('',(11.738100000,6.600499000,-0.800000000));
#15593=VERTEX_POINT('',#15592);
#15594=CARTESIAN_POINT('',(11.565038000,6.374962000,-0.835000000));
#15595=VERTEX_POINT('',#15594);
#15596=CARTESIAN_POINT('',(11.565038000,6.374962000,-0.800000000));
#15597=VERTEX_POINT('',#15596);
#15598=CARTESIAN_POINT('',(11.339501000,6.201900000,-0.835000000));
#15599=VERTEX_POINT('',#15598);
#15600=CARTESIAN_POINT('',(11.339501000,6.201900000,-0.800000000));
#15601=VERTEX_POINT('',#15600);
#15602=CARTESIAN_POINT('',(11.076853000,6.093108000,-0.835000000));
#15603=VERTEX_POINT('',#15602);
#15604=CARTESIAN_POINT('',(11.076853000,6.093108000,-0.800000000));
#15605=VERTEX_POINT('',#15604);
#15606=DIRECTION('',(-0.281853000,0.037107000,0.000000000));
#15607=VECTOR('',#15606,1.);
#15608=LINE('',#15506,#15607);
#15609=DIRECTION('',(-0.281853000,0.037107000,0.000000000));
#15610=VECTOR('',#15609,1.);
#15611=LINE('',#15508,#15610);
#15612=DIRECTION('',(-0.262648000,0.108792000,0.000000000));
#15613=VECTOR('',#15612,1.);
#15614=LINE('',#15510,#15613);
#15615=DIRECTION('',(-0.262648000,0.108792000,0.000000000));
#15616=VECTOR('',#15615,1.);
#15617=LINE('',#15512,#15616);
#15618=DIRECTION('',(-0.225537000,0.173062000,0.000000000));
#15619=VECTOR('',#15618,1.);
#15620=LINE('',#15514,#15619);
#15621=DIRECTION('',(-0.225537000,0.173062000,0.000000000));
#15622=VECTOR('',#15621,1.);
#15623=LINE('',#15516,#15622);
#15624=DIRECTION('',(-0.173062000,0.225537000,0.000000000));
#15625=VECTOR('',#15624,1.);
#15626=LINE('',#15518,#15625);
#15627=DIRECTION('',(-0.173062000,0.225537000,0.000000000));
#15628=VECTOR('',#15627,1.);
#15629=LINE('',#15520,#15628);
#15630=DIRECTION('',(-0.108792000,0.262648000,0.000000000));
#15631=VECTOR('',#15630,1.);
#15632=LINE('',#15522,#15631);
#15633=DIRECTION('',(-0.108792000,0.262648000,0.000000000));
#15634=VECTOR('',#15633,1.);
#15635=LINE('',#15524,#15634);
#15636=DIRECTION('',(-0.037107000,0.281853000,0.000000000));
#15637=VECTOR('',#15636,1.);
#15638=LINE('',#15526,#15637);
#15639=DIRECTION('',(-0.037107000,0.281853000,0.000000000));
#15640=VECTOR('',#15639,1.);
#15641=LINE('',#15528,#15640);
#15642=DIRECTION('',(0.037107000,0.281853000,0.000000000));
#15643=VECTOR('',#15642,1.);
#15644=LINE('',#15530,#15643);
#15645=DIRECTION('',(0.037107000,0.281853000,0.000000000));
#15646=VECTOR('',#15645,1.);
#15647=LINE('',#15532,#15646);
#15648=DIRECTION('',(0.108792000,0.262648000,0.000000000));
#15649=VECTOR('',#15648,1.);
#15650=LINE('',#15534,#15649);
#15651=DIRECTION('',(0.108792000,0.262648000,0.000000000));
#15652=VECTOR('',#15651,1.);
#15653=LINE('',#15536,#15652);
#15654=DIRECTION('',(0.173062000,0.225537000,0.000000000));
#15655=VECTOR('',#15654,1.);
#15656=LINE('',#15538,#15655);
#15657=DIRECTION('',(0.173062000,0.225537000,0.000000000));
#15658=VECTOR('',#15657,1.);
#15659=LINE('',#15540,#15658);
#15660=DIRECTION('',(0.225537000,0.173062000,0.000000000));
#15661=VECTOR('',#15660,1.);
#15662=LINE('',#15542,#15661);
#15663=DIRECTION('',(0.225537000,0.173062000,0.000000000));
#15664=VECTOR('',#15663,1.);
#15665=LINE('',#15544,#15664);
#15666=DIRECTION('',(0.290501000,0.120329000,0.000000000));
#15667=VECTOR('',#15666,1.);
#15668=LINE('',#15546,#15667);
#15669=DIRECTION('',(0.290501000,0.120329000,0.000000000));
#15670=VECTOR('',#15669,1.);
#15671=LINE('',#15548,#15670);
#15672=DIRECTION('',(0.000000000,-0.278502889,0.000000000));
#15673=VECTOR('',#15672,1.);
#15674=LINE('',#15550,#15673);
#15675=DIRECTION('',(0.000000000,-0.278502889,0.000000000));
#15676=VECTOR('',#15675,1.);
#15677=LINE('',#15552,#15676);
#15678=CARTESIAN_POINT('',(10.795000000,7.145000000,-0.835000000));
#15679=DIRECTION('',(0.,0.,1.));
#15680=DIRECTION('',(1.,0.,0.));
#15681=AXIS2_PLACEMENT_3D('',#15678,#15679,#15680);
#15682=CIRCLE('',#15681,0.825000000);
#15683=CARTESIAN_POINT('',(10.795000000,7.145000000,-0.800000000));
#15684=DIRECTION('',(0.,0.,1.));
#15685=DIRECTION('',(1.,0.,0.));
#15686=AXIS2_PLACEMENT_3D('',#15683,#15684,#15685);
#15687=CIRCLE('',#15686,0.825000000);
#15688=DIRECTION('',(0.000000000,0.278502889,0.000000000));
#15689=VECTOR('',#15688,1.);
#15690=LINE('',#15558,#15689);
#15691=DIRECTION('',(0.000000000,0.278502889,0.000000000));
#15692=VECTOR('',#15691,1.);
#15693=LINE('',#15560,#15692);
#15694=DIRECTION('',(0.290501000,-0.120329000,0.000000000));
#15695=VECTOR('',#15694,1.);
#15696=LINE('',#15562,#15695);
#15697=DIRECTION('',(0.290501000,-0.120329000,0.000000000));
#15698=VECTOR('',#15697,1.);
#15699=LINE('',#15564,#15698);
#15700=DIRECTION('',(0.225537000,-0.173062000,0.000000000));
#15701=VECTOR('',#15700,1.);
#15702=LINE('',#15566,#15701);
#15703=DIRECTION('',(0.225537000,-0.173062000,0.000000000));
#15704=VECTOR('',#15703,1.);
#15705=LINE('',#15568,#15704);
#15706=DIRECTION('',(0.173062000,-0.225537000,0.000000000));
#15707=VECTOR('',#15706,1.);
#15708=LINE('',#15570,#15707);
#15709=DIRECTION('',(0.173062000,-0.225537000,0.000000000));
#15710=VECTOR('',#15709,1.);
#15711=LINE('',#15572,#15710);
#15712=DIRECTION('',(0.108792000,-0.262648000,0.000000000));
#15713=VECTOR('',#15712,1.);
#15714=LINE('',#15574,#15713);
#15715=DIRECTION('',(0.108792000,-0.262648000,0.000000000));
#15716=VECTOR('',#15715,1.);
#15717=LINE('',#15576,#15716);
#15718=DIRECTION('',(0.037107000,-0.281853000,0.000000000));
#15719=VECTOR('',#15718,1.);
#15720=LINE('',#15578,#15719);
#15721=DIRECTION('',(0.037107000,-0.281853000,0.000000000));
#15722=VECTOR('',#15721,1.);
#15723=LINE('',#15580,#15722);
#15724=DIRECTION('',(-0.037107000,-0.281853000,0.000000000));
#15725=VECTOR('',#15724,1.);
#15726=LINE('',#15582,#15725);
#15727=DIRECTION('',(-0.037107000,-0.281853000,0.000000000));
#15728=VECTOR('',#15727,1.);
#15729=LINE('',#15584,#15728);
#15730=DIRECTION('',(-0.108792000,-0.262648000,0.000000000));
#15731=VECTOR('',#15730,1.);
#15732=LINE('',#15586,#15731);
#15733=DIRECTION('',(-0.108792000,-0.262648000,0.000000000));
#15734=VECTOR('',#15733,1.);
#15735=LINE('',#15588,#15734);
#15736=DIRECTION('',(-0.173062000,-0.225537000,0.000000000));
#15737=VECTOR('',#15736,1.);
#15738=LINE('',#15590,#15737);
#15739=DIRECTION('',(-0.173062000,-0.225537000,0.000000000));
#15740=VECTOR('',#15739,1.);
#15741=LINE('',#15592,#15740);
#15742=DIRECTION('',(-0.225537000,-0.173062000,0.000000000));
#15743=VECTOR('',#15742,1.);
#15744=LINE('',#15594,#15743);
#15745=DIRECTION('',(-0.225537000,-0.173062000,0.000000000));
#15746=VECTOR('',#15745,1.);
#15747=LINE('',#15596,#15746);
#15748=DIRECTION('',(-0.262648000,-0.108792000,0.000000000));
#15749=VECTOR('',#15748,1.);
#15750=LINE('',#15598,#15749);
#15751=DIRECTION('',(-0.262648000,-0.108792000,0.000000000));
#15752=VECTOR('',#15751,1.);
#15753=LINE('',#15600,#15752);
#15754=DIRECTION('',(-0.281853000,-0.037107000,0.000000000));
#15755=VECTOR('',#15754,1.);
#15756=LINE('',#15602,#15755);
#15757=DIRECTION('',(-0.281853000,-0.037107000,0.000000000));
#15758=VECTOR('',#15757,1.);
#15759=LINE('',#15604,#15758);
#15760=DIRECTION('',(0.000000000,0.000000000,0.035000000));
#15761=VECTOR('',#15760,1.);
#15762=LINE('',#15506,#15761);
#15763=DIRECTION('',(0.000000000,0.000000000,0.035000000));
#15764=VECTOR('',#15763,1.);
#15765=LINE('',#15510,#15764);
#15766=DIRECTION('',(0.000000000,0.000000000,0.035000000));
#15767=VECTOR('',#15766,1.);
#15768=LINE('',#15514,#15767);
#15769=DIRECTION('',(0.000000000,0.000000000,0.035000000));
#15770=VECTOR('',#15769,1.);
#15771=LINE('',#15518,#15770);
#15772=DIRECTION('',(0.000000000,0.000000000,0.035000000));
#15773=VECTOR('',#15772,1.);
#15774=LINE('',#15522,#15773);
#15775=DIRECTION('',(0.000000000,0.000000000,0.035000000));
#15776=VECTOR('',#15775,1.);
#15777=LINE('',#15526,#15776);
#15778=DIRECTION('',(0.000000000,0.000000000,0.035000000));
#15779=VECTOR('',#15778,1.);
#15780=LINE('',#15530,#15779);
#15781=DIRECTION('',(0.000000000,0.000000000,0.035000000));
#15782=VECTOR('',#15781,1.);
#15783=LINE('',#15534,#15782);
#15784=DIRECTION('',(0.000000000,0.000000000,0.035000000));
#15785=VECTOR('',#15784,1.);
#15786=LINE('',#15538,#15785);
#15787=DIRECTION('',(0.000000000,0.000000000,0.035000000));
#15788=VECTOR('',#15787,1.);
#15789=LINE('',#15542,#15788);
#15790=DIRECTION('',(0.000000000,0.000000000,0.035000000));
#15791=VECTOR('',#15790,1.);
#15792=LINE('',#15546,#15791);
#15793=DIRECTION('',(0.000000000,0.000000000,0.035000000));
#15794=VECTOR('',#15793,1.);
#15795=LINE('',#15550,#15794);
#15796=DIRECTION('',(0.000000000,0.000000000,0.035000000));
#15797=VECTOR('',#15796,1.);
#15798=LINE('',#15554,#15797);
#15799=DIRECTION('',(0.000000000,0.000000000,0.035000000));
#15800=VECTOR('',#15799,1.);
#15801=LINE('',#15558,#15800);
#15802=DIRECTION('',(0.000000000,0.000000000,0.035000000));
#15803=VECTOR('',#15802,1.);
#15804=LINE('',#15562,#15803);
#15805=DIRECTION('',(0.000000000,0.000000000,0.035000000));
#15806=VECTOR('',#15805,1.);
#15807=LINE('',#15566,#15806);
#15808=DIRECTION('',(0.000000000,0.000000000,0.035000000));
#15809=VECTOR('',#15808,1.);
#15810=LINE('',#15570,#15809);
#15811=DIRECTION('',(0.000000000,0.000000000,0.035000000));
#15812=VECTOR('',#15811,1.);
#15813=LINE('',#15574,#15812);
#15814=DIRECTION('',(0.000000000,0.000000000,0.035000000));
#15815=VECTOR('',#15814,1.);
#15816=LINE('',#15578,#15815);
#15817=DIRECTION('',(0.000000000,0.000000000,0.035000000));
#15818=VECTOR('',#15817,1.);
#15819=LINE('',#15582,#15818);
#15820=DIRECTION('',(0.000000000,0.000000000,0.035000000));
#15821=VECTOR('',#15820,1.);
#15822=LINE('',#15586,#15821);
#15823=DIRECTION('',(0.000000000,0.000000000,0.035000000));
#15824=VECTOR('',#15823,1.);
#15825=LINE('',#15590,#15824);
#15826=DIRECTION('',(0.000000000,0.000000000,0.035000000));
#15827=VECTOR('',#15826,1.);
#15828=LINE('',#15594,#15827);
#15829=DIRECTION('',(0.000000000,0.000000000,0.035000000));
#15830=VECTOR('',#15829,1.);
#15831=LINE('',#15598,#15830);
#15832=DIRECTION('',(0.000000000,0.000000000,0.035000000));
#15833=VECTOR('',#15832,1.);
#15834=LINE('',#15602,#15833);
#15835=EDGE_CURVE('',#15507,#15511,#15608,.T.);
#15836=ORIENTED_EDGE('',*,*,#15835,.T.);
#15837=ORIENTED_EDGE('',*,*,#15835,.F.);
#15838=EDGE_CURVE('',#15509,#15513,#15611,.T.);
#15839=ORIENTED_EDGE('',*,*,#15838,.T.);
#15840=ORIENTED_EDGE('',*,*,#15838,.F.);
#15841=EDGE_CURVE('',#15507,#15509,#15762,.T.);
#15842=ORIENTED_EDGE('',*,*,#15841,.T.);
#15843=ORIENTED_EDGE('',*,*,#15841,.F.);
#15844=EDGE_CURVE('',#15511,#15515,#15614,.T.);
#15845=ORIENTED_EDGE('',*,*,#15844,.T.);
#15846=ORIENTED_EDGE('',*,*,#15844,.F.);
#15847=EDGE_CURVE('',#15513,#15517,#15617,.T.);
#15848=ORIENTED_EDGE('',*,*,#15847,.T.);
#15849=ORIENTED_EDGE('',*,*,#15847,.F.);
#15850=EDGE_CURVE('',#15511,#15513,#15765,.T.);
#15851=ORIENTED_EDGE('',*,*,#15850,.T.);
#15852=ORIENTED_EDGE('',*,*,#15850,.F.);
#15853=EDGE_CURVE('',#15515,#15519,#15620,.T.);
#15854=ORIENTED_EDGE('',*,*,#15853,.T.);
#15855=ORIENTED_EDGE('',*,*,#15853,.F.);
#15856=EDGE_CURVE('',#15517,#15521,#15623,.T.);
#15857=ORIENTED_EDGE('',*,*,#15856,.T.);
#15858=ORIENTED_EDGE('',*,*,#15856,.F.);
#15859=EDGE_CURVE('',#15515,#15517,#15768,.T.);
#15860=ORIENTED_EDGE('',*,*,#15859,.T.);
#15861=ORIENTED_EDGE('',*,*,#15859,.F.);
#15862=EDGE_CURVE('',#15519,#15523,#15626,.T.);
#15863=ORIENTED_EDGE('',*,*,#15862,.T.);
#15864=ORIENTED_EDGE('',*,*,#15862,.F.);
#15865=EDGE_CURVE('',#15521,#15525,#15629,.T.);
#15866=ORIENTED_EDGE('',*,*,#15865,.T.);
#15867=ORIENTED_EDGE('',*,*,#15865,.F.);
#15868=EDGE_CURVE('',#15519,#15521,#15771,.T.);
#15869=ORIENTED_EDGE('',*,*,#15868,.T.);
#15870=ORIENTED_EDGE('',*,*,#15868,.F.);
#15871=EDGE_CURVE('',#15523,#15527,#15632,.T.);
#15872=ORIENTED_EDGE('',*,*,#15871,.T.);
#15873=ORIENTED_EDGE('',*,*,#15871,.F.);
#15874=EDGE_CURVE('',#15525,#15529,#15635,.T.);
#15875=ORIENTED_EDGE('',*,*,#15874,.T.);
#15876=ORIENTED_EDGE('',*,*,#15874,.F.);
#15877=EDGE_CURVE('',#15523,#15525,#15774,.T.);
#15878=ORIENTED_EDGE('',*,*,#15877,.T.);
#15879=ORIENTED_EDGE('',*,*,#15877,.F.);
#15880=EDGE_CURVE('',#15527,#15531,#15638,.T.);
#15881=ORIENTED_EDGE('',*,*,#15880,.T.);
#15882=ORIENTED_EDGE('',*,*,#15880,.F.);
#15883=EDGE_CURVE('',#15529,#15533,#15641,.T.);
#15884=ORIENTED_EDGE('',*,*,#15883,.T.);
#15885=ORIENTED_EDGE('',*,*,#15883,.F.);
#15886=EDGE_CURVE('',#15527,#15529,#15777,.T.);
#15887=ORIENTED_EDGE('',*,*,#15886,.T.);
#15888=ORIENTED_EDGE('',*,*,#15886,.F.);
#15889=EDGE_CURVE('',#15531,#15535,#15644,.T.);
#15890=ORIENTED_EDGE('',*,*,#15889,.T.);
#15891=ORIENTED_EDGE('',*,*,#15889,.F.);
#15892=EDGE_CURVE('',#15533,#15537,#15647,.T.);
#15893=ORIENTED_EDGE('',*,*,#15892,.T.);
#15894=ORIENTED_EDGE('',*,*,#15892,.F.);
#15895=EDGE_CURVE('',#15531,#15533,#15780,.T.);
#15896=ORIENTED_EDGE('',*,*,#15895,.T.);
#15897=ORIENTED_EDGE('',*,*,#15895,.F.);
#15898=EDGE_CURVE('',#15535,#15539,#15650,.T.);
#15899=ORIENTED_EDGE('',*,*,#15898,.T.);
#15900=ORIENTED_EDGE('',*,*,#15898,.F.);
#15901=EDGE_CURVE('',#15537,#15541,#15653,.T.);
#15902=ORIENTED_EDGE('',*,*,#15901,.T.);
#15903=ORIENTED_EDGE('',*,*,#15901,.F.);
#15904=EDGE_CURVE('',#15535,#15537,#15783,.T.);
#15905=ORIENTED_EDGE('',*,*,#15904,.T.);
#15906=ORIENTED_EDGE('',*,*,#15904,.F.);
#15907=EDGE_CURVE('',#15539,#15543,#15656,.T.);
#15908=ORIENTED_EDGE('',*,*,#15907,.T.);
#15909=ORIENTED_EDGE('',*,*,#15907,.F.);
#15910=EDGE_CURVE('',#15541,#15545,#15659,.T.);
#15911=ORIENTED_EDGE('',*,*,#15910,.T.);
#15912=ORIENTED_EDGE('',*,*,#15910,.F.);
#15913=EDGE_CURVE('',#15539,#15541,#15786,.T.);
#15914=ORIENTED_EDGE('',*,*,#15913,.T.);
#15915=ORIENTED_EDGE('',*,*,#15913,.F.);
#15916=EDGE_CURVE('',#15543,#15547,#15662,.T.);
#15917=ORIENTED_EDGE('',*,*,#15916,.T.);
#15918=ORIENTED_EDGE('',*,*,#15916,.F.);
#15919=EDGE_CURVE('',#15545,#15549,#15665,.T.);
#15920=ORIENTED_EDGE('',*,*,#15919,.T.);
#15921=ORIENTED_EDGE('',*,*,#15919,.F.);
#15922=EDGE_CURVE('',#15543,#15545,#15789,.T.);
#15923=ORIENTED_EDGE('',*,*,#15922,.T.);
#15924=ORIENTED_EDGE('',*,*,#15922,.F.);
#15925=EDGE_CURVE('',#15547,#15551,#15668,.T.);
#15926=ORIENTED_EDGE('',*,*,#15925,.T.);
#15927=ORIENTED_EDGE('',*,*,#15925,.F.);
#15928=EDGE_CURVE('',#15549,#15553,#15671,.T.);
#15929=ORIENTED_EDGE('',*,*,#15928,.T.);
#15930=ORIENTED_EDGE('',*,*,#15928,.F.);
#15931=EDGE_CURVE('',#15547,#15549,#15792,.T.);
#15932=ORIENTED_EDGE('',*,*,#15931,.T.);
#15933=ORIENTED_EDGE('',*,*,#15931,.F.);
#15934=EDGE_CURVE('',#15551,#15555,#15674,.T.);
#15935=ORIENTED_EDGE('',*,*,#15934,.T.);
#15936=ORIENTED_EDGE('',*,*,#15934,.F.);
#15937=EDGE_CURVE('',#15553,#15557,#15677,.T.);
#15938=ORIENTED_EDGE('',*,*,#15937,.T.);
#15939=ORIENTED_EDGE('',*,*,#15937,.F.);
#15940=EDGE_CURVE('',#15551,#15553,#15795,.T.);
#15941=ORIENTED_EDGE('',*,*,#15940,.T.);
#15942=ORIENTED_EDGE('',*,*,#15940,.F.);
#15943=EDGE_CURVE('',#15555,#15559,#15682,.T.);
#15944=ORIENTED_EDGE('',*,*,#15943,.T.);
#15945=ORIENTED_EDGE('',*,*,#15943,.F.);
#15946=EDGE_CURVE('',#15557,#15561,#15687,.T.);
#15947=ORIENTED_EDGE('',*,*,#15946,.T.);
#15948=ORIENTED_EDGE('',*,*,#15946,.F.);
#15949=EDGE_CURVE('',#15555,#15557,#15798,.T.);
#15950=ORIENTED_EDGE('',*,*,#15949,.T.);
#15951=ORIENTED_EDGE('',*,*,#15949,.F.);
#15952=EDGE_CURVE('',#15559,#15563,#15690,.T.);
#15953=ORIENTED_EDGE('',*,*,#15952,.T.);
#15954=ORIENTED_EDGE('',*,*,#15952,.F.);
#15955=EDGE_CURVE('',#15561,#15565,#15693,.T.);
#15956=ORIENTED_EDGE('',*,*,#15955,.T.);
#15957=ORIENTED_EDGE('',*,*,#15955,.F.);
#15958=EDGE_CURVE('',#15559,#15561,#15801,.T.);
#15959=ORIENTED_EDGE('',*,*,#15958,.T.);
#15960=ORIENTED_EDGE('',*,*,#15958,.F.);
#15961=EDGE_CURVE('',#15563,#15567,#15696,.T.);
#15962=ORIENTED_EDGE('',*,*,#15961,.T.);
#15963=ORIENTED_EDGE('',*,*,#15961,.F.);
#15964=EDGE_CURVE('',#15565,#15569,#15699,.T.);
#15965=ORIENTED_EDGE('',*,*,#15964,.T.);
#15966=ORIENTED_EDGE('',*,*,#15964,.F.);
#15967=EDGE_CURVE('',#15563,#15565,#15804,.T.);
#15968=ORIENTED_EDGE('',*,*,#15967,.T.);
#15969=ORIENTED_EDGE('',*,*,#15967,.F.);
#15970=EDGE_CURVE('',#15567,#15571,#15702,.T.);
#15971=ORIENTED_EDGE('',*,*,#15970,.T.);
#15972=ORIENTED_EDGE('',*,*,#15970,.F.);
#15973=EDGE_CURVE('',#15569,#15573,#15705,.T.);
#15974=ORIENTED_EDGE('',*,*,#15973,.T.);
#15975=ORIENTED_EDGE('',*,*,#15973,.F.);
#15976=EDGE_CURVE('',#15567,#15569,#15807,.T.);
#15977=ORIENTED_EDGE('',*,*,#15976,.T.);
#15978=ORIENTED_EDGE('',*,*,#15976,.F.);
#15979=EDGE_CURVE('',#15571,#15575,#15708,.T.);
#15980=ORIENTED_EDGE('',*,*,#15979,.T.);
#15981=ORIENTED_EDGE('',*,*,#15979,.F.);
#15982=EDGE_CURVE('',#15573,#15577,#15711,.T.);
#15983=ORIENTED_EDGE('',*,*,#15982,.T.);
#15984=ORIENTED_EDGE('',*,*,#15982,.F.);
#15985=EDGE_CURVE('',#15571,#15573,#15810,.T.);
#15986=ORIENTED_EDGE('',*,*,#15985,.T.);
#15987=ORIENTED_EDGE('',*,*,#15985,.F.);
#15988=EDGE_CURVE('',#15575,#15579,#15714,.T.);
#15989=ORIENTED_EDGE('',*,*,#15988,.T.);
#15990=ORIENTED_EDGE('',*,*,#15988,.F.);
#15991=EDGE_CURVE('',#15577,#15581,#15717,.T.);
#15992=ORIENTED_EDGE('',*,*,#15991,.T.);
#15993=ORIENTED_EDGE('',*,*,#15991,.F.);
#15994=EDGE_CURVE('',#15575,#15577,#15813,.T.);
#15995=ORIENTED_EDGE('',*,*,#15994,.T.);
#15996=ORIENTED_EDGE('',*,*,#15994,.F.);
#15997=EDGE_CURVE('',#15579,#15583,#15720,.T.);
#15998=ORIENTED_EDGE('',*,*,#15997,.T.);
#15999=ORIENTED_EDGE('',*,*,#15997,.F.);
#16000=EDGE_CURVE('',#15581,#15585,#15723,.T.);
#16001=ORIENTED_EDGE('',*,*,#16000,.T.);
#16002=ORIENTED_EDGE('',*,*,#16000,.F.);
#16003=EDGE_CURVE('',#15579,#15581,#15816,.T.);
#16004=ORIENTED_EDGE('',*,*,#16003,.T.);
#16005=ORIENTED_EDGE('',*,*,#16003,.F.);
#16006=EDGE_CURVE('',#15583,#15587,#15726,.T.);
#16007=ORIENTED_EDGE('',*,*,#16006,.T.);
#16008=ORIENTED_EDGE('',*,*,#16006,.F.);
#16009=EDGE_CURVE('',#15585,#15589,#15729,.T.);
#16010=ORIENTED_EDGE('',*,*,#16009,.T.);
#16011=ORIENTED_EDGE('',*,*,#16009,.F.);
#16012=EDGE_CURVE('',#15583,#15585,#15819,.T.);
#16013=ORIENTED_EDGE('',*,*,#16012,.T.);
#16014=ORIENTED_EDGE('',*,*,#16012,.F.);
#16015=EDGE_CURVE('',#15587,#15591,#15732,.T.);
#16016=ORIENTED_EDGE('',*,*,#16015,.T.);
#16017=ORIENTED_EDGE('',*,*,#16015,.F.);
#16018=EDGE_CURVE('',#15589,#15593,#15735,.T.);
#16019=ORIENTED_EDGE('',*,*,#16018,.T.);
#16020=ORIENTED_EDGE('',*,*,#16018,.F.);
#16021=EDGE_CURVE('',#15587,#15589,#15822,.T.);
#16022=ORIENTED_EDGE('',*,*,#16021,.T.);
#16023=ORIENTED_EDGE('',*,*,#16021,.F.);
#16024=EDGE_CURVE('',#15591,#15595,#15738,.T.);
#16025=ORIENTED_EDGE('',*,*,#16024,.T.);
#16026=ORIENTED_EDGE('',*,*,#16024,.F.);
#16027=EDGE_CURVE('',#15593,#15597,#15741,.T.);
#16028=ORIENTED_EDGE('',*,*,#16027,.T.);
#16029=ORIENTED_EDGE('',*,*,#16027,.F.);
#16030=EDGE_CURVE('',#15591,#15593,#15825,.T.);
#16031=ORIENTED_EDGE('',*,*,#16030,.T.);
#16032=ORIENTED_EDGE('',*,*,#16030,.F.);
#16033=EDGE_CURVE('',#15595,#15599,#15744,.T.);
#16034=ORIENTED_EDGE('',*,*,#16033,.T.);
#16035=ORIENTED_EDGE('',*,*,#16033,.F.);
#16036=EDGE_CURVE('',#15597,#15601,#15747,.T.);
#16037=ORIENTED_EDGE('',*,*,#16036,.T.);
#16038=ORIENTED_EDGE('',*,*,#16036,.F.);
#16039=EDGE_CURVE('',#15595,#15597,#15828,.T.);
#16040=ORIENTED_EDGE('',*,*,#16039,.T.);
#16041=ORIENTED_EDGE('',*,*,#16039,.F.);
#16042=EDGE_CURVE('',#15599,#15603,#15750,.T.);
#16043=ORIENTED_EDGE('',*,*,#16042,.T.);
#16044=ORIENTED_EDGE('',*,*,#16042,.F.);
#16045=EDGE_CURVE('',#15601,#15605,#15753,.T.);
#16046=ORIENTED_EDGE('',*,*,#16045,.T.);
#16047=ORIENTED_EDGE('',*,*,#16045,.F.);
#16048=EDGE_CURVE('',#15599,#15601,#15831,.T.);
#16049=ORIENTED_EDGE('',*,*,#16048,.T.);
#16050=ORIENTED_EDGE('',*,*,#16048,.F.);
#16051=EDGE_CURVE('',#15603,#15507,#15756,.T.);
#16052=ORIENTED_EDGE('',*,*,#16051,.T.);
#16053=ORIENTED_EDGE('',*,*,#16051,.F.);
#16054=EDGE_CURVE('',#15605,#15509,#15759,.T.);
#16055=ORIENTED_EDGE('',*,*,#16054,.T.);
#16056=ORIENTED_EDGE('',*,*,#16054,.F.);
#16057=EDGE_CURVE('',#15603,#15605,#15834,.T.);
#16058=ORIENTED_EDGE('',*,*,#16057,.T.);
#16059=ORIENTED_EDGE('',*,*,#16057,.F.);
#16060=EDGE_LOOP('',(#15843,#15836,#15851,#15840));
#16061=FACE_OUTER_BOUND('',#16060,.T.);
#16062=DIRECTION('',(10548.968835700,80126.620671500,0.000000000));
#16063=AXIS2_PLACEMENT_3D('',#15506,#16062,$);
#16064=PLANE('',#16063);
#16065=ADVANCED_FACE('',(#16061),#16064,.T.);
#16066=EDGE_LOOP('',(#15852,#15845,#15860,#15849));
#16067=FACE_OUTER_BOUND('',#16066,.T.);
#16068=DIRECTION('',(30928.260904200,74667.676575200,0.000000000));
#16069=AXIS2_PLACEMENT_3D('',#15510,#16068,$);
#16070=PLANE('',#16069);
#16071=ADVANCED_FACE('',(#16067),#16070,.T.);
#16072=EDGE_LOOP('',(#15861,#15854,#15869,#15858));
#16073=FACE_OUTER_BOUND('',#16072,.T.);
#16074=DIRECTION('',(49198.758081900,64116.561125600,0.000000000));
#16075=AXIS2_PLACEMENT_3D('',#15514,#16074,$);
#16076=PLANE('',#16075);
#16077=ADVANCED_FACE('',(#16073),#16076,.T.);
#16078=EDGE_LOOP('',(#15870,#15863,#15878,#15867));
#16079=FACE_OUTER_BOUND('',#16078,.T.);
#16080=DIRECTION('',(64116.561125600,49198.758081900,0.000000000));
#16081=AXIS2_PLACEMENT_3D('',#15518,#16080,$);
#16082=PLANE('',#16081);
#16083=ADVANCED_FACE('',(#16079),#16082,.T.);
#16084=EDGE_LOOP('',(#15879,#15872,#15887,#15876));
#16085=FACE_OUTER_BOUND('',#16084,.T.);
#16086=DIRECTION('',(74667.676575200,30928.260904200,0.000000000));
#16087=AXIS2_PLACEMENT_3D('',#15522,#16086,$);
#16088=PLANE('',#16087);
#16089=ADVANCED_FACE('',(#16085),#16088,.T.);
#16090=EDGE_LOOP('',(#15888,#15881,#15896,#15885));
#16091=FACE_OUTER_BOUND('',#16090,.T.);
#16092=DIRECTION('',(80126.620671500,10548.968835700,0.000000000));
#16093=AXIS2_PLACEMENT_3D('',#15526,#16092,$);
#16094=PLANE('',#16093);
#16095=ADVANCED_FACE('',(#16091),#16094,.T.);
#16096=EDGE_LOOP('',(#15897,#15890,#15905,#15894));
#16097=FACE_OUTER_BOUND('',#16096,.T.);
#16098=DIRECTION('',(80126.620671500,-10548.968835700,0.000000000));
#16099=AXIS2_PLACEMENT_3D('',#15530,#16098,$);
#16100=PLANE('',#16099);
#16101=ADVANCED_FACE('',(#16097),#16100,.T.);
#16102=EDGE_LOOP('',(#15906,#15899,#15914,#15903));
#16103=FACE_OUTER_BOUND('',#16102,.T.);
#16104=DIRECTION('',(74667.676575200,-30928.260904200,0.000000000));
#16105=AXIS2_PLACEMENT_3D('',#15534,#16104,$);
#16106=PLANE('',#16105);
#16107=ADVANCED_FACE('',(#16103),#16106,.T.);
#16108=EDGE_LOOP('',(#15915,#15908,#15923,#15912));
#16109=FACE_OUTER_BOUND('',#16108,.T.);
#16110=DIRECTION('',(64116.561125600,-49198.758081900,0.000000000));
#16111=AXIS2_PLACEMENT_3D('',#15538,#16110,$);
#16112=PLANE('',#16111);
#16113=ADVANCED_FACE('',(#16109),#16112,.T.);
#16114=EDGE_LOOP('',(#15924,#15917,#15932,#15921));
#16115=FACE_OUTER_BOUND('',#16114,.T.);
#16116=DIRECTION('',(49198.758081900,-64116.561125600,0.000000000));
#16117=AXIS2_PLACEMENT_3D('',#15542,#16116,$);
#16118=PLANE('',#16117);
#16119=ADVANCED_FACE('',(#16115),#16118,.T.);
#16120=EDGE_LOOP('',(#15933,#15926,#15941,#15930));
#16121=FACE_OUTER_BOUND('',#16120,.T.);
#16122=DIRECTION('',(37835.750529200,-91343.926771400,0.000000000));
#16123=AXIS2_PLACEMENT_3D('',#15546,#16122,$);
#16124=PLANE('',#16123);
#16125=ADVANCED_FACE('',(#16121),#16124,.T.);
#16126=EDGE_LOOP('',(#15942,#15935,#15950,#15939));
#16127=FACE_OUTER_BOUND('',#16126,.T.);
#16128=DIRECTION('',(-77563.859085400,0.000000000,0.000000000));
#16129=AXIS2_PLACEMENT_3D('',#15550,#16128,$);
#16130=PLANE('',#16129);
#16131=ADVANCED_FACE('',(#16127),#16130,.T.);
#16132=EDGE_LOOP('',(#15951,#15944,#15959,#15948));
#16133=FACE_OUTER_BOUND('',#16132,.T.);
#16134=CARTESIAN_POINT('',(10.795000000,7.145000000,-0.835000000));
#16135=DIRECTION('',(0.,0.,1.));
#16136=AXIS2_PLACEMENT_3D('',#16134,#16135,#15685);
#16137=CYLINDRICAL_SURFACE('',#16136,0.825000000);
#16138=ADVANCED_FACE('',(#16133),#16137,.F.);
#16139=EDGE_LOOP('',(#15960,#15953,#15968,#15957));
#16140=FACE_OUTER_BOUND('',#16139,.T.);
#16141=DIRECTION('',(77563.859085400,0.000000000,0.000000000));
#16142=AXIS2_PLACEMENT_3D('',#15558,#16141,$);
#16143=PLANE('',#16142);
#16144=ADVANCED_FACE('',(#16140),#16143,.T.);
#16145=EDGE_LOOP('',(#15969,#15962,#15977,#15966));
#16146=FACE_OUTER_BOUND('',#16145,.T.);
#16147=DIRECTION('',(-37835.750529200,-91343.926771400,0.000000000));
#16148=AXIS2_PLACEMENT_3D('',#15562,#16147,$);
#16149=PLANE('',#16148);
#16150=ADVANCED_FACE('',(#16146),#16149,.T.);
#16151=EDGE_LOOP('',(#15978,#15971,#15986,#15975));
#16152=FACE_OUTER_BOUND('',#16151,.T.);
#16153=DIRECTION('',(-49198.758081900,-64116.561125600,0.000000000));
#16154=AXIS2_PLACEMENT_3D('',#15566,#16153,$);
#16155=PLANE('',#16154);
#16156=ADVANCED_FACE('',(#16152),#16155,.T.);
#16157=EDGE_LOOP('',(#15987,#15980,#15995,#15984));
#16158=FACE_OUTER_BOUND('',#16157,.T.);
#16159=DIRECTION('',(-64116.561125600,-49198.758081900,0.000000000));
#16160=AXIS2_PLACEMENT_3D('',#15570,#16159,$);
#16161=PLANE('',#16160);
#16162=ADVANCED_FACE('',(#16158),#16161,.T.);
#16163=EDGE_LOOP('',(#15996,#15989,#16004,#15993));
#16164=FACE_OUTER_BOUND('',#16163,.T.);
#16165=DIRECTION('',(-74667.676575200,-30928.260904200,0.000000000));
#16166=AXIS2_PLACEMENT_3D('',#15574,#16165,$);
#16167=PLANE('',#16166);
#16168=ADVANCED_FACE('',(#16164),#16167,.T.);
#16169=EDGE_LOOP('',(#16005,#15998,#16013,#16002));
#16170=FACE_OUTER_BOUND('',#16169,.T.);
#16171=DIRECTION('',(-80126.620671500,-10548.968835700,0.000000000));
#16172=AXIS2_PLACEMENT_3D('',#15578,#16171,$);
#16173=PLANE('',#16172);
#16174=ADVANCED_FACE('',(#16170),#16173,.T.);
#16175=EDGE_LOOP('',(#16014,#16007,#16022,#16011));
#16176=FACE_OUTER_BOUND('',#16175,.T.);
#16177=DIRECTION('',(-80126.620671500,10548.968835700,0.000000000));
#16178=AXIS2_PLACEMENT_3D('',#15582,#16177,$);
#16179=PLANE('',#16178);
#16180=ADVANCED_FACE('',(#16176),#16179,.T.);
#16181=EDGE_LOOP('',(#16023,#16016,#16031,#16020));
#16182=FACE_OUTER_BOUND('',#16181,.T.);
#16183=DIRECTION('',(-74667.676575200,30928.260904200,0.000000000));
#16184=AXIS2_PLACEMENT_3D('',#15586,#16183,$);
#16185=PLANE('',#16184);
#16186=ADVANCED_FACE('',(#16182),#16185,.T.);
#16187=EDGE_LOOP('',(#16032,#16025,#16040,#16029));
#16188=FACE_OUTER_BOUND('',#16187,.T.);
#16189=DIRECTION('',(-64116.561125600,49198.758081900,0.000000000));
#16190=AXIS2_PLACEMENT_3D('',#15590,#16189,$);
#16191=PLANE('',#16190);
#16192=ADVANCED_FACE('',(#16188),#16191,.T.);
#16193=EDGE_LOOP('',(#16041,#16034,#16049,#16038));
#16194=FACE_OUTER_BOUND('',#16193,.T.);
#16195=DIRECTION('',(-49198.758081900,64116.561125600,0.000000000));
#16196=AXIS2_PLACEMENT_3D('',#15594,#16195,$);
#16197=PLANE('',#16196);
#16198=ADVANCED_FACE('',(#16194),#16197,.T.);
#16199=EDGE_LOOP('',(#16050,#16043,#16058,#16047));
#16200=FACE_OUTER_BOUND('',#16199,.T.);
#16201=DIRECTION('',(-30928.260904200,74667.676575200,0.000000000));
#16202=AXIS2_PLACEMENT_3D('',#15598,#16201,$);
#16203=PLANE('',#16202);
#16204=ADVANCED_FACE('',(#16200),#16203,.T.);
#16205=EDGE_LOOP('',(#16059,#16052,#15842,#16056));
#16206=FACE_OUTER_BOUND('',#16205,.T.);
#16207=DIRECTION('',(-10548.968835700,80126.620671500,0.000000000));
#16208=AXIS2_PLACEMENT_3D('',#15602,#16207,$);
#16209=PLANE('',#16208);
#16210=ADVANCED_FACE('',(#16206),#16209,.T.);
#16211=EDGE_LOOP('',(#16053,#16044,#16035,#16026,#16017,#16008,#15999,#15990,#15981,#15972,#15963,#15954,#15945,#15936,#15927,#15918,#15909,#15900,#15891,#15882,#15873,#15864,#15855,#15846,#15837));
#16212=FACE_BOUND('',#16211,.T.);
#16213=EDGE_LOOP('',(#15839,#15848,#15857,#15866,#15875,#15884,#15893,#15902,#15911,#15920,#15929,#15938,#15947,#15956,#15965,#15974,#15983,#15992,#16001,#16010,#16019,#16028,#16037,#16046,#16055));
#16214=FACE_BOUND('',#16213,.T.);
#16215=CARTESIAN_POINT('',(29.701206000,0.150004000,-0.835000000));
#16216=VERTEX_POINT('',#16215);
#16217=CARTESIAN_POINT('',(29.701206000,0.150004000,-0.800000000));
#16218=VERTEX_POINT('',#16217);
#16219=CARTESIAN_POINT('',(29.849996000,0.298794000,-0.835000000));
#16220=VERTEX_POINT('',#16219);
#16221=CARTESIAN_POINT('',(29.849996000,0.298794000,-0.800000000));
#16222=VERTEX_POINT('',#16221);
#16223=CARTESIAN_POINT('',(29.849996000,39.701206000,-0.835000000));
#16224=VERTEX_POINT('',#16223);
#16225=CARTESIAN_POINT('',(29.849996000,39.701206000,-0.800000000));
#16226=VERTEX_POINT('',#16225);
#16227=CARTESIAN_POINT('',(29.701206000,39.849996000,-0.835000000));
#16228=VERTEX_POINT('',#16227);
#16229=CARTESIAN_POINT('',(29.701206000,39.849996000,-0.800000000));
#16230=VERTEX_POINT('',#16229);
#16231=CARTESIAN_POINT('',(0.298794000,39.849996000,-0.835000000));
#16232=VERTEX_POINT('',#16231);
#16233=CARTESIAN_POINT('',(0.298794000,39.849996000,-0.800000000));
#16234=VERTEX_POINT('',#16233);
#16235=CARTESIAN_POINT('',(0.150004000,39.701206000,-0.835000000));
#16236=VERTEX_POINT('',#16235);
#16237=CARTESIAN_POINT('',(0.150004000,39.701206000,-0.800000000));
#16238=VERTEX_POINT('',#16237);
#16239=CARTESIAN_POINT('',(0.150004000,0.298794000,-0.835000000));
#16240=VERTEX_POINT('',#16239);
#16241=CARTESIAN_POINT('',(0.150004000,0.298794000,-0.800000000));
#16242=VERTEX_POINT('',#16241);
#16243=CARTESIAN_POINT('',(0.298794000,0.150004000,-0.835000000));
#16244=VERTEX_POINT('',#16243);
#16245=CARTESIAN_POINT('',(0.298794000,0.150004000,-0.800000000));
#16246=VERTEX_POINT('',#16245);
#16247=DIRECTION('',(0.148790000,0.148790000,0.000000000));
#16248=VECTOR('',#16247,1.);
#16249=LINE('',#16215,#16248);
#16250=DIRECTION('',(0.148790000,0.148790000,0.000000000));
#16251=VECTOR('',#16250,1.);
#16252=LINE('',#16217,#16251);
#16253=DIRECTION('',(0.000000000,39.402412000,0.000000000));
#16254=VECTOR('',#16253,1.);
#16255=LINE('',#16219,#16254);
#16256=DIRECTION('',(0.000000000,39.402412000,0.000000000));
#16257=VECTOR('',#16256,1.);
#16258=LINE('',#16221,#16257);
#16259=DIRECTION('',(-0.148790000,0.148790000,0.000000000));
#16260=VECTOR('',#16259,1.);
#16261=LINE('',#16223,#16260);
#16262=DIRECTION('',(-0.148790000,0.148790000,0.000000000));
#16263=VECTOR('',#16262,1.);
#16264=LINE('',#16225,#16263);
#16265=DIRECTION('',(-29.402412000,0.000000000,0.000000000));
#16266=VECTOR('',#16265,1.);
#16267=LINE('',#16227,#16266);
#16268=DIRECTION('',(-29.402412000,0.000000000,0.000000000));
#16269=VECTOR('',#16268,1.);
#16270=LINE('',#16229,#16269);
#16271=DIRECTION('',(-0.148790000,-0.148790000,0.000000000));
#16272=VECTOR('',#16271,1.);
#16273=LINE('',#16231,#16272);
#16274=DIRECTION('',(-0.148790000,-0.148790000,0.000000000));
#16275=VECTOR('',#16274,1.);
#16276=LINE('',#16233,#16275);
#16277=DIRECTION('',(0.000000000,-39.402412000,0.000000000));
#16278=VECTOR('',#16277,1.);
#16279=LINE('',#16235,#16278);
#16280=DIRECTION('',(0.000000000,-39.402412000,0.000000000));
#16281=VECTOR('',#16280,1.);
#16282=LINE('',#16237,#16281);
#16283=DIRECTION('',(0.148790000,-0.148790000,0.000000000));
#16284=VECTOR('',#16283,1.);
#16285=LINE('',#16239,#16284);
#16286=DIRECTION('',(0.148790000,-0.148790000,0.000000000));
#16287=VECTOR('',#16286,1.);
#16288=LINE('',#16241,#16287);
#16289=DIRECTION('',(29.402412000,0.000000000,0.000000000));
#16290=VECTOR('',#16289,1.);
#16291=LINE('',#16243,#16290);
#16292=DIRECTION('',(29.402412000,0.000000000,0.000000000));
#16293=VECTOR('',#16292,1.);
#16294=LINE('',#16245,#16293);
#16295=DIRECTION('',(0.000000000,0.000000000,0.035000000));
#16296=VECTOR('',#16295,1.);
#16297=LINE('',#16215,#16296);
#16298=DIRECTION('',(0.000000000,0.000000000,0.035000000));
#16299=VECTOR('',#16298,1.);
#16300=LINE('',#16219,#16299);
#16301=DIRECTION('',(0.000000000,0.000000000,0.035000000));
#16302=VECTOR('',#16301,1.);
#16303=LINE('',#16223,#16302);
#16304=DIRECTION('',(0.000000000,0.000000000,0.035000000));
#16305=VECTOR('',#16304,1.);
#16306=LINE('',#16227,#16305);
#16307=DIRECTION('',(0.000000000,0.000000000,0.035000000));
#16308=VECTOR('',#16307,1.);
#16309=LINE('',#16231,#16308);
#16310=DIRECTION('',(0.000000000,0.000000000,0.035000000));
#16311=VECTOR('',#16310,1.);
#16312=LINE('',#16235,#16311);
#16313=DIRECTION('',(0.000000000,0.000000000,0.035000000));
#16314=VECTOR('',#16313,1.);
#16315=LINE('',#16239,#16314);
#16316=DIRECTION('',(0.000000000,0.000000000,0.035000000));
#16317=VECTOR('',#16316,1.);
#16318=LINE('',#16243,#16317);
#16319=EDGE_CURVE('',#16216,#16220,#16249,.T.);
#16320=ORIENTED_EDGE('',*,*,#16319,.T.);
#16321=ORIENTED_EDGE('',*,*,#16319,.F.);
#16322=EDGE_CURVE('',#16218,#16222,#16252,.T.);
#16323=ORIENTED_EDGE('',*,*,#16322,.T.);
#16324=ORIENTED_EDGE('',*,*,#16322,.F.);
#16325=EDGE_CURVE('',#16216,#16218,#16297,.T.);
#16326=ORIENTED_EDGE('',*,*,#16325,.T.);
#16327=ORIENTED_EDGE('',*,*,#16325,.F.);
#16328=EDGE_CURVE('',#16220,#16224,#16255,.T.);
#16329=ORIENTED_EDGE('',*,*,#16328,.T.);
#16330=ORIENTED_EDGE('',*,*,#16328,.F.);
#16331=EDGE_CURVE('',#16222,#16226,#16258,.T.);
#16332=ORIENTED_EDGE('',*,*,#16331,.T.);
#16333=ORIENTED_EDGE('',*,*,#16331,.F.);
#16334=EDGE_CURVE('',#16220,#16222,#16300,.T.);
#16335=ORIENTED_EDGE('',*,*,#16334,.T.);
#16336=ORIENTED_EDGE('',*,*,#16334,.F.);
#16337=EDGE_CURVE('',#16224,#16228,#16261,.T.);
#16338=ORIENTED_EDGE('',*,*,#16337,.T.);
#16339=ORIENTED_EDGE('',*,*,#16337,.F.);
#16340=EDGE_CURVE('',#16226,#16230,#16264,.T.);
#16341=ORIENTED_EDGE('',*,*,#16340,.T.);
#16342=ORIENTED_EDGE('',*,*,#16340,.F.);
#16343=EDGE_CURVE('',#16224,#16226,#16303,.T.);
#16344=ORIENTED_EDGE('',*,*,#16343,.T.);
#16345=ORIENTED_EDGE('',*,*,#16343,.F.);
#16346=EDGE_CURVE('',#16228,#16232,#16267,.T.);
#16347=ORIENTED_EDGE('',*,*,#16346,.T.);
#16348=ORIENTED_EDGE('',*,*,#16346,.F.);
#16349=EDGE_CURVE('',#16230,#16234,#16270,.T.);
#16350=ORIENTED_EDGE('',*,*,#16349,.T.);
#16351=ORIENTED_EDGE('',*,*,#16349,.F.);
#16352=EDGE_CURVE('',#16228,#16230,#16306,.T.);
#16353=ORIENTED_EDGE('',*,*,#16352,.T.);
#16354=ORIENTED_EDGE('',*,*,#16352,.F.);
#16355=EDGE_CURVE('',#16232,#16236,#16273,.T.);
#16356=ORIENTED_EDGE('',*,*,#16355,.T.);
#16357=ORIENTED_EDGE('',*,*,#16355,.F.);
#16358=EDGE_CURVE('',#16234,#16238,#16276,.T.);
#16359=ORIENTED_EDGE('',*,*,#16358,.T.);
#16360=ORIENTED_EDGE('',*,*,#16358,.F.);
#16361=EDGE_CURVE('',#16232,#16234,#16309,.T.);
#16362=ORIENTED_EDGE('',*,*,#16361,.T.);
#16363=ORIENTED_EDGE('',*,*,#16361,.F.);
#16364=EDGE_CURVE('',#16236,#16240,#16279,.T.);
#16365=ORIENTED_EDGE('',*,*,#16364,.T.);
#16366=ORIENTED_EDGE('',*,*,#16364,.F.);
#16367=EDGE_CURVE('',#16238,#16242,#16282,.T.);
#16368=ORIENTED_EDGE('',*,*,#16367,.T.);
#16369=ORIENTED_EDGE('',*,*,#16367,.F.);
#16370=EDGE_CURVE('',#16236,#16238,#16312,.T.);
#16371=ORIENTED_EDGE('',*,*,#16370,.T.);
#16372=ORIENTED_EDGE('',*,*,#16370,.F.);
#16373=EDGE_CURVE('',#16240,#16244,#16285,.T.);
#16374=ORIENTED_EDGE('',*,*,#16373,.T.);
#16375=ORIENTED_EDGE('',*,*,#16373,.F.);
#16376=EDGE_CURVE('',#16242,#16246,#16288,.T.);
#16377=ORIENTED_EDGE('',*,*,#16376,.T.);
#16378=ORIENTED_EDGE('',*,*,#16376,.F.);
#16379=EDGE_CURVE('',#16240,#16242,#16315,.T.);
#16380=ORIENTED_EDGE('',*,*,#16379,.T.);
#16381=ORIENTED_EDGE('',*,*,#16379,.F.);
#16382=EDGE_CURVE('',#16244,#16216,#16291,.T.);
#16383=ORIENTED_EDGE('',*,*,#16382,.T.);
#16384=ORIENTED_EDGE('',*,*,#16382,.F.);
#16385=EDGE_CURVE('',#16246,#16218,#16294,.T.);
#16386=ORIENTED_EDGE('',*,*,#16385,.T.);
#16387=ORIENTED_EDGE('',*,*,#16385,.F.);
#16388=EDGE_CURVE('',#16244,#16246,#16318,.T.);
#16389=ORIENTED_EDGE('',*,*,#16388,.T.);
#16390=ORIENTED_EDGE('',*,*,#16388,.F.);
#16391=EDGE_LOOP('',(#16327,#16320,#16335,#16324));
#16392=FACE_OUTER_BOUND('',#16391,.T.);
#16393=DIRECTION('',(31308.516180300,-31308.516180300,0.000000000));
#16394=AXIS2_PLACEMENT_3D('',#16215,#16393,$);
#16395=PLANE('',#16394);
#16396=ADVANCED_FACE('',(#16392),#16395,.T.);
#16397=EDGE_LOOP('',(#16336,#16329,#16344,#16333));
#16398=FACE_OUTER_BOUND('',#16397,.T.);
#16399=DIRECTION('',(1552550071.420000000,0.000000000,0.000000000));
#16400=AXIS2_PLACEMENT_3D('',#16219,#16399,$);
#16401=PLANE('',#16400);
#16402=ADVANCED_FACE('',(#16398),#16401,.T.);
#16403=EDGE_LOOP('',(#16345,#16338,#16353,#16342));
#16404=FACE_OUTER_BOUND('',#16403,.T.);
#16405=DIRECTION('',(31308.516180300,31308.516180300,0.000000000));
#16406=AXIS2_PLACEMENT_3D('',#16223,#16405,$);
#16407=PLANE('',#16406);
#16408=ADVANCED_FACE('',(#16404),#16407,.T.);
#16409=EDGE_LOOP('',(#16354,#16347,#16362,#16351));
#16410=FACE_OUTER_BOUND('',#16409,.T.);
#16411=DIRECTION('',(0.000000000,864501831.418000000,0.000000000));
#16412=AXIS2_PLACEMENT_3D('',#16227,#16411,$);
#16413=PLANE('',#16412);
#16414=ADVANCED_FACE('',(#16410),#16413,.T.);
#16415=EDGE_LOOP('',(#16363,#16356,#16371,#16360));
#16416=FACE_OUTER_BOUND('',#16415,.T.);
#16417=DIRECTION('',(-31308.516180300,31308.516180300,0.000000000));
#16418=AXIS2_PLACEMENT_3D('',#16231,#16417,$);
#16419=PLANE('',#16418);
#16420=ADVANCED_FACE('',(#16416),#16419,.T.);
#16421=EDGE_LOOP('',(#16372,#16365,#16380,#16369));
#16422=FACE_OUTER_BOUND('',#16421,.T.);
#16423=DIRECTION('',(-1552550071.420000000,0.000000000,0.000000000));
#16424=AXIS2_PLACEMENT_3D('',#16235,#16423,$);
#16425=PLANE('',#16424);
#16426=ADVANCED_FACE('',(#16422),#16425,.T.);
#16427=EDGE_LOOP('',(#16381,#16374,#16389,#16378));
#16428=FACE_OUTER_BOUND('',#16427,.T.);
#16429=DIRECTION('',(-31308.516180300,-31308.516180300,0.000000000));
#16430=AXIS2_PLACEMENT_3D('',#16239,#16429,$);
#16431=PLANE('',#16430);
#16432=ADVANCED_FACE('',(#16428),#16431,.T.);
#16433=EDGE_LOOP('',(#16390,#16383,#16326,#16387));
#16434=FACE_OUTER_BOUND('',#16433,.T.);
#16435=DIRECTION('',(0.000000000,-864501831.418000000,0.000000000));
#16436=AXIS2_PLACEMENT_3D('',#16243,#16435,$);
#16437=PLANE('',#16436);
#16438=ADVANCED_FACE('',(#16434),#16437,.T.);
#16439=EDGE_LOOP('',(#16384,#16375,#16366,#16357,#16348,#16339,#16330,#16321));
#16440=FACE_OUTER_BOUND('',#16439,.T.);
#16441=DIRECTION('',(0.,0.,-1.));
#16442=AXIS2_PLACEMENT_3D('',#16215,#16441,$);
#16443=PLANE('',#16442);
#16444=ADVANCED_FACE('',(#6914,#6965,#7016,#7067,#7118,#8416,#12859,#13092,#13409,#13894,#14211,#15503,#16212,#16440),#16443,.T.);
#16445=EDGE_LOOP('',(#16323,#16332,#16341,#16350,#16359,#16368,#16377,#16386));
#16446=FACE_OUTER_BOUND('',#16445,.T.);
#16447=DIRECTION('',(0.,0.,1.));
#16448=AXIS2_PLACEMENT_3D('',#16217,#16447,$);
#16449=PLANE('',#16448);
#16450=ADVANCED_FACE('',(#6896,#6947,#6998,#7049,#7100,#8418,#12861,#13094,#13411,#13896,#14213,#15505,#16214,#16446),#16449,.T.);
#16451=CLOSED_SHELL('NONE',(#6918,#6922,#6969,#6973,#7020,#7024,#7071,#7075,#7122,#7126,#8144,#8150,#8156,#8162,#8168,#8174,#8180,#8186,#8192,#8198,#8204,#8210,#8216,#8222,#8228,#8234,#8240,#8246,#8252,#8258,#8264,#8270,#8276,#8282,#8288,#8294,#8300,#8306,#8312,#8318,#8324,#8330,#8336,#8342,#8348,#8354,#8360,#8366,#8372,#8378,#8384,#8390,#8396,#8402,#8408,#8414,#11912,#11919,#11925,#11931,#11937,#11943,#11949,#11955,#11961,#11967,#11973,#11979,#11985,#11991,#11997,#12003,#12009,#12015,#12021,#12027,#12033,#12039,#12045,#12051,#12057,#12063,#12069,#12075,#12081,#12087,#12093,#12100,#12106,#12112,#12118,#12124,#12130,#12136,#12142,#12148,#12154,#12160,#12166,#12172,#12178,#12184,#12190,#12196,#12202,#12208,#12214,#12220,#12226,#12232,#12238,#12244,#12251,#12257,#12263,#12269,#12275,#12281,#12287,#12293,#12299,#12305,#12311,#12317,#12323,#12329,#12335,#12341,#12347,#12353,#12359,#12365,#12371,#12377,#12383,#12389,#12395,#12401,#12407,#12413,#12419,#12425,#12431,#12437,#12443,#12449,#12455,#12461,#12467,#12473,#12479,#12485,#12491,#12497,#12503,#12509,#12515,#12521,#12527,#12533,#12539,#12545,#12551,#12557,#12563,#12569,#12575,#12581,#12587,#12593,#12599,#12605,#12611,#12617,#12623,#12629,#12635,#12641,#12647,#12653,#12659,#12665,#12671,#12677,#12683,#12689,#12695,#12701,#12707,#12713,#12719,#12725,#12731,#12737,#12743,#12749,#12755,#12761,#12767,#12773,#12779,#12785,#12791,#12797,#12803,#12809,#12815,#12821,#12827,#12833,#12839,#12845,#12851,#12857,#13047,#13054,#13060,#13066,#13072,#13078,#13084,#13090,#13346,#13352,#13358,#13364,#13370,#13376,#13382,#13388,#13394,#13401,#13407,#13795,#13801,#13807,#13813,#13820,#13826,#13832,#13838,#13844,#13850,#13856,#13862,#13868,#13874,#13880,#13886,#13892,#14148,#14154,#14160,#14166,#14172,#14178,#14184,#14190,#14196,#14203,#14209,#15231,#15237,#15243,#15249,#15255,#15261,#15267,#15273,#15279,#15285,#15291,#15297,#15303,#15309,#15315,#15321,#15327,#15333,#15339,#15345,#15351,#15357,#15363,#15369,#15375,#15381,#15387,#15393,#15399,#15405,#15411,#15417,#15423,#15429,#15435,#15441,#15447,#15453,#15459,#15465,#15471,#15477,#15483,#15489,#15495,#15501,#16065,#16071,#16077,#16083,#16089,#16095,#16101,#16107,#16113,#16119,#16125,#16131,#16138,#16144,#16150,#16156,#16162,#16168,#16174,#16180,#16186,#16192,#16198,#16204,#16210,#16396,#16402,#16408,#16414,#16420,#16426,#16432,#16438,#16444,#16450));
#16452=MANIFOLD_SOLID_BREP('Combinateur_LR_Copperplane_2_GND_1',#16451);
#16453=STYLED_ITEM('',(#2035),#16452);
#16454=MECHANICAL_DESIGN_GEOMETRIC_PRESENTATION_REPRESENTATION('',(#16453),#90);
#16455=PRODUCT('Copper_GND_assembly','Copper_GND_assembly','',(#2074));
#16456=PRODUCT_DEFINITION_FORMATION_WITH_SPECIFIED_SOURCE('NONE','',#16455,.NOT_KNOWN.);
#16457=PRODUCT_DEFINITION('NONE','',#16456,#2075);
#16458=SHAPE_REPRESENTATION('SR_Copper_GND_assembly',(#2079),#90);
#16459=PRODUCT_DEFINITION_SHAPE('PDS_Copper_GND_assembly','',#16457);
#16460=SHAPE_DEFINITION_REPRESENTATION(#16459,#16458);
#16461=PRODUCT('Copper_GND','Copper_GND','',(#2074));
#16462=PRODUCT_DEFINITION_FORMATION_WITH_SPECIFIED_SOURCE('NONE','',#16461,.NOT_KNOWN.);
#16463=PRODUCT_DEFINITION('NONE','',#16462,#2075);
#16464=SHAPE_REPRESENTATION('SR_Copper_GND',(#2079),#90);
#16465=PRODUCT_DEFINITION_SHAPE('PDS_Copper_GND','',#16463);
#16466=SHAPE_DEFINITION_REPRESENTATION(#16465,#16464);
#16467=ADVANCED_BREP_SHAPE_REPRESENTATION('Copper_GND',(#6429,#6539,#6649,#6759,#6869,#16452),#90);
#16468=SHAPE_REPRESENTATION_RELATIONSHIP('SRR_Copper_GND','',#16467,#16464);
#16469=ITEM_DEFINED_TRANSFORMATION('IDT_Copper_GND','',#2079,#2079);
#16470=(REPRESENTATION_RELATIONSHIP(' ',$,#16464,#16458)REPRESENTATION_RELATIONSHIP_WITH_TRANSFORMATION(#16469)SHAPE_REPRESENTATION_RELATIONSHIP());
#16471=NEXT_ASSEMBLY_USAGE_OCCURRENCE('NAUO_Copper_GND','Copper_GND','Copper_GND',#16457,#16463,$);
#16472=PRODUCT_DEFINITION_SHAPE('PDS_NAUO_Copper_GND','',#16471);
#16473=CONTEXT_DEPENDENT_SHAPE_REPRESENTATION(#16470,#16472);
#16474=ITEM_DEFINED_TRANSFORMATION('IDT_Copper_GND_1','',#2079,#2079);
#16475=(REPRESENTATION_RELATIONSHIP(' ',$,#16458,#3210)REPRESENTATION_RELATIONSHIP_WITH_TRANSFORMATION(#16474)SHAPE_REPRESENTATION_RELATIONSHIP());
#16476=NEXT_ASSEMBLY_USAGE_OCCURRENCE('NAUO_Copper_GND_1','Copper_GND_1','Copper_GND_1',#3209,#16457,$);
#16477=PRODUCT_DEFINITION_SHAPE('PDS_NAUO_Copper_GND_1','',#16476);
#16478=CONTEXT_DEPENDENT_SHAPE_REPRESENTATION(#16475,#16477);
#16479=DIRECTION('',(0.000000000,0.000000000,0.035000000));
#16480=DIRECTION('',(0.000000000,0.000000000,-0.035000000));
#16481=DIRECTION('',(0.550000000,0.000000000,0.000000000));
#16482=CARTESIAN_POINT('',(10.795000000,28.655000000,0.835000000));
#16483=AXIS2_PLACEMENT_3D('',#16482,#16479,#16481);
#16484=CIRCLE('',#16483,0.550000000);
#16485=CARTESIAN_POINT('',(10.795000000,28.655000000,0.800000000));
#16486=AXIS2_PLACEMENT_3D('',#16485,#16480,#16481);
#16487=CIRCLE('',#16486,0.550000000);
#16488=CARTESIAN_POINT('',(11.345000000,28.655000000,0.835000000));
#16489=VERTEX_POINT('',#16488);
#16490=CARTESIAN_POINT('',(10.245000000,28.655000000,0.835000000));
#16491=VERTEX_POINT('',#16490);
#16492=CARTESIAN_POINT('',(11.345000000,28.655000000,0.800000000));
#16493=VERTEX_POINT('',#16492);
#16494=CARTESIAN_POINT('',(10.245000000,28.655000000,0.800000000));
#16495=VERTEX_POINT('',#16494);
#16496=EDGE_CURVE('',#16489,#16491,#16484,.T.);
#16497=ORIENTED_EDGE('',*,*,#16496,.T.);
#16498=ORIENTED_EDGE('',*,*,#16496,.F.);
#16499=EDGE_CURVE('',#16491,#16489,#16484,.T.);
#16500=ORIENTED_EDGE('',*,*,#16499,.T.);
#16501=ORIENTED_EDGE('',*,*,#16499,.F.);
#16502=EDGE_LOOP('',(#16498,#16501));
#16503=FACE_BOUND('',#16502,.T.);
#16504=DIRECTION('',(0.000000000,0.000000000,0.035000000));
#16505=VECTOR('',#16504,1.);
#16506=LINE('',#16492,#16505);
#16507=EDGE_CURVE('',#16493,#16489,#16506,.T.);
#16508=ORIENTED_EDGE('',*,*,#16507,.T.);
#16509=ORIENTED_EDGE('',*,*,#16507,.F.);
#16510=LINE('',#16494,#16505);
#16511=EDGE_CURVE('',#16495,#16491,#16510,.T.);
#16512=ORIENTED_EDGE('',*,*,#16511,.T.);
#16513=ORIENTED_EDGE('',*,*,#16511,.F.);
#16514=EDGE_CURVE('',#16493,#16495,#16487,.T.);
#16515=ORIENTED_EDGE('',*,*,#16514,.T.);
#16516=ORIENTED_EDGE('',*,*,#16514,.F.);
#16517=EDGE_CURVE('',#16495,#16493,#16487,.T.);
#16518=ORIENTED_EDGE('',*,*,#16517,.T.);
#16519=ORIENTED_EDGE('',*,*,#16517,.F.);
#16520=EDGE_LOOP('',(#16516,#16519));
#16521=FACE_BOUND('',#16520,.T.);
#16522=EDGE_LOOP('',(#16497,#16513,#16518,#16508));
#16523=FACE_BOUND('',#16522,.T.);
#16524=CYLINDRICAL_SURFACE('',#16486,0.550000000);
#16525=ADVANCED_FACE('',(#16523),#16524,.F.);
#16526=EDGE_LOOP('',(#16500,#16509,#16515,#16512));
#16527=FACE_BOUND('',#16526,.T.);
#16528=CYLINDRICAL_SURFACE('',#16486,0.550000000);
#16529=ADVANCED_FACE('',(#16527),#16528,.F.);
#16530=DIRECTION('',(0.000000000,0.000000000,0.035000000));
#16531=DIRECTION('',(0.000000000,0.000000000,-0.035000000));
#16532=DIRECTION('',(0.825000000,0.000000000,0.000000000));
#16533=CARTESIAN_POINT('',(10.795000000,28.655000000,0.835000000));
#16534=AXIS2_PLACEMENT_3D('',#16533,#16530,#16532);
#16535=CIRCLE('',#16534,0.825000000);
#16536=CARTESIAN_POINT('',(10.795000000,28.655000000,0.800000000));
#16537=AXIS2_PLACEMENT_3D('',#16536,#16531,#16532);
#16538=CIRCLE('',#16537,0.825000000);
#16539=CARTESIAN_POINT('',(11.620000000,28.655000000,0.835000000));
#16540=VERTEX_POINT('',#16539);
#16541=CARTESIAN_POINT('',(9.970000000,28.655000000,0.835000000));
#16542=VERTEX_POINT('',#16541);
#16543=CARTESIAN_POINT('',(11.620000000,28.655000000,0.800000000));
#16544=VERTEX_POINT('',#16543);
#16545=CARTESIAN_POINT('',(9.970000000,28.655000000,0.800000000));
#16546=VERTEX_POINT('',#16545);
#16547=EDGE_CURVE('',#16540,#16542,#16535,.T.);
#16548=ORIENTED_EDGE('',*,*,#16547,.T.);
#16549=ORIENTED_EDGE('',*,*,#16547,.F.);
#16550=EDGE_CURVE('',#16542,#16540,#16535,.T.);
#16551=ORIENTED_EDGE('',*,*,#16550,.T.);
#16552=ORIENTED_EDGE('',*,*,#16550,.F.);
#16553=EDGE_LOOP('',(#16548,#16551));
#16554=FACE_OUTER_BOUND('',#16553,.T.);
#16555=DIRECTION('',(0.000000000,0.000000000,0.035000000));
#16556=VECTOR('',#16555,1.);
#16557=LINE('',#16543,#16556);
#16558=EDGE_CURVE('',#16544,#16540,#16557,.T.);
#16559=ORIENTED_EDGE('',*,*,#16558,.T.);
#16560=ORIENTED_EDGE('',*,*,#16558,.F.);
#16561=LINE('',#16545,#16556);
#16562=EDGE_CURVE('',#16546,#16542,#16561,.T.);
#16563=ORIENTED_EDGE('',*,*,#16562,.T.);
#16564=ORIENTED_EDGE('',*,*,#16562,.F.);
#16565=EDGE_CURVE('',#16544,#16546,#16538,.T.);
#16566=ORIENTED_EDGE('',*,*,#16565,.T.);
#16567=ORIENTED_EDGE('',*,*,#16565,.F.);
#16568=EDGE_CURVE('',#16546,#16544,#16538,.T.);
#16569=ORIENTED_EDGE('',*,*,#16568,.T.);
#16570=ORIENTED_EDGE('',*,*,#16568,.F.);
#16571=EDGE_LOOP('',(#16566,#16569));
#16572=FACE_OUTER_BOUND('',#16571,.T.);
#16573=EDGE_LOOP('',(#16549,#16560,#16570,#16563));
#16574=FACE_BOUND('',#16573,.T.);
#16575=CYLINDRICAL_SURFACE('',#16537,0.825000000);
#16576=ADVANCED_FACE('',(#16574),#16575,.T.);
#16577=EDGE_LOOP('',(#16552,#16564,#16567,#16559));
#16578=FACE_BOUND('',#16577,.T.);
#16579=CYLINDRICAL_SURFACE('',#16537,0.825000000);
#16580=ADVANCED_FACE('',(#16578),#16579,.T.);
#16581=PLANE('',#16537);
#16582=ADVANCED_FACE('',(#16521,#16572),#16581,.T.);
#16583=PLANE('',#16534);
#16584=ADVANCED_FACE('',(#16503,#16554),#16583,.T.);
#16585=CLOSED_SHELL('NONE',(#16525,#16529,#16576,#16580,#16582,#16584));
#16586=MANIFOLD_SOLID_BREP('Combinateur_LR_Copperplane_16_AN_IN_L_1',#16585);
#16587=STYLED_ITEM('',(#2035),#16586);
#16588=MECHANICAL_DESIGN_GEOMETRIC_PRESENTATION_REPRESENTATION('',(#16587),#90);
#16589=DIRECTION('',(0.000000000,0.000000000,0.035000000));
#16590=DIRECTION('',(0.000000000,0.000000000,-0.035000000));
#16591=DIRECTION('',(0.550000000,0.000000000,0.000000000));
#16592=CARTESIAN_POINT('',(18.415000000,20.240000000,0.835000000));
#16593=AXIS2_PLACEMENT_3D('',#16592,#16589,#16591);
#16594=CIRCLE('',#16593,0.550000000);
#16595=CARTESIAN_POINT('',(18.415000000,20.240000000,0.800000000));
#16596=AXIS2_PLACEMENT_3D('',#16595,#16590,#16591);
#16597=CIRCLE('',#16596,0.550000000);
#16598=CARTESIAN_POINT('',(18.965000000,20.240000000,0.835000000));
#16599=VERTEX_POINT('',#16598);
#16600=CARTESIAN_POINT('',(17.865000000,20.240000000,0.835000000));
#16601=VERTEX_POINT('',#16600);
#16602=CARTESIAN_POINT('',(18.965000000,20.240000000,0.800000000));
#16603=VERTEX_POINT('',#16602);
#16604=CARTESIAN_POINT('',(17.865000000,20.240000000,0.800000000));
#16605=VERTEX_POINT('',#16604);
#16606=EDGE_CURVE('',#16599,#16601,#16594,.T.);
#16607=ORIENTED_EDGE('',*,*,#16606,.T.);
#16608=ORIENTED_EDGE('',*,*,#16606,.F.);
#16609=EDGE_CURVE('',#16601,#16599,#16594,.T.);
#16610=ORIENTED_EDGE('',*,*,#16609,.T.);
#16611=ORIENTED_EDGE('',*,*,#16609,.F.);
#16612=EDGE_LOOP('',(#16608,#16611));
#16613=FACE_BOUND('',#16612,.T.);
#16614=DIRECTION('',(0.000000000,0.000000000,0.035000000));
#16615=VECTOR('',#16614,1.);
#16616=LINE('',#16602,#16615);
#16617=EDGE_CURVE('',#16603,#16599,#16616,.T.);
#16618=ORIENTED_EDGE('',*,*,#16617,.T.);
#16619=ORIENTED_EDGE('',*,*,#16617,.F.);
#16620=LINE('',#16604,#16615);
#16621=EDGE_CURVE('',#16605,#16601,#16620,.T.);
#16622=ORIENTED_EDGE('',*,*,#16621,.T.);
#16623=ORIENTED_EDGE('',*,*,#16621,.F.);
#16624=EDGE_CURVE('',#16603,#16605,#16597,.T.);
#16625=ORIENTED_EDGE('',*,*,#16624,.T.);
#16626=ORIENTED_EDGE('',*,*,#16624,.F.);
#16627=EDGE_CURVE('',#16605,#16603,#16597,.T.);
#16628=ORIENTED_EDGE('',*,*,#16627,.T.);
#16629=ORIENTED_EDGE('',*,*,#16627,.F.);
#16630=EDGE_LOOP('',(#16626,#16629));
#16631=FACE_BOUND('',#16630,.T.);
#16632=EDGE_LOOP('',(#16607,#16623,#16628,#16618));
#16633=FACE_BOUND('',#16632,.T.);
#16634=CYLINDRICAL_SURFACE('',#16596,0.550000000);
#16635=ADVANCED_FACE('',(#16633),#16634,.F.);
#16636=EDGE_LOOP('',(#16610,#16619,#16625,#16622));
#16637=FACE_BOUND('',#16636,.T.);
#16638=CYLINDRICAL_SURFACE('',#16596,0.550000000);
#16639=ADVANCED_FACE('',(#16637),#16638,.F.);
#16640=DIRECTION('',(0.000000000,0.000000000,0.035000000));
#16641=DIRECTION('',(0.000000000,0.000000000,-0.035000000));
#16642=DIRECTION('',(0.825000000,0.000000000,0.000000000));
#16643=CARTESIAN_POINT('',(18.415000000,20.240000000,0.835000000));
#16644=AXIS2_PLACEMENT_3D('',#16643,#16640,#16642);
#16645=CIRCLE('',#16644,0.825000000);
#16646=CARTESIAN_POINT('',(18.415000000,20.240000000,0.800000000));
#16647=AXIS2_PLACEMENT_3D('',#16646,#16641,#16642);
#16648=CIRCLE('',#16647,0.825000000);
#16649=CARTESIAN_POINT('',(19.240000000,20.240000000,0.835000000));
#16650=VERTEX_POINT('',#16649);
#16651=CARTESIAN_POINT('',(17.590000000,20.240000000,0.835000000));
#16652=VERTEX_POINT('',#16651);
#16653=CARTESIAN_POINT('',(19.240000000,20.240000000,0.800000000));
#16654=VERTEX_POINT('',#16653);
#16655=CARTESIAN_POINT('',(17.590000000,20.240000000,0.800000000));
#16656=VERTEX_POINT('',#16655);
#16657=EDGE_CURVE('',#16650,#16652,#16645,.T.);
#16658=ORIENTED_EDGE('',*,*,#16657,.T.);
#16659=ORIENTED_EDGE('',*,*,#16657,.F.);
#16660=EDGE_CURVE('',#16652,#16650,#16645,.T.);
#16661=ORIENTED_EDGE('',*,*,#16660,.T.);
#16662=ORIENTED_EDGE('',*,*,#16660,.F.);
#16663=EDGE_LOOP('',(#16658,#16661));
#16664=FACE_OUTER_BOUND('',#16663,.T.);
#16665=DIRECTION('',(0.000000000,0.000000000,0.035000000));
#16666=VECTOR('',#16665,1.);
#16667=LINE('',#16653,#16666);
#16668=EDGE_CURVE('',#16654,#16650,#16667,.T.);
#16669=ORIENTED_EDGE('',*,*,#16668,.T.);
#16670=ORIENTED_EDGE('',*,*,#16668,.F.);
#16671=LINE('',#16655,#16666);
#16672=EDGE_CURVE('',#16656,#16652,#16671,.T.);
#16673=ORIENTED_EDGE('',*,*,#16672,.T.);
#16674=ORIENTED_EDGE('',*,*,#16672,.F.);
#16675=EDGE_CURVE('',#16654,#16656,#16648,.T.);
#16676=ORIENTED_EDGE('',*,*,#16675,.T.);
#16677=ORIENTED_EDGE('',*,*,#16675,.F.);
#16678=EDGE_CURVE('',#16656,#16654,#16648,.T.);
#16679=ORIENTED_EDGE('',*,*,#16678,.T.);
#16680=ORIENTED_EDGE('',*,*,#16678,.F.);
#16681=EDGE_LOOP('',(#16676,#16679));
#16682=FACE_OUTER_BOUND('',#16681,.T.);
#16683=EDGE_LOOP('',(#16659,#16670,#16680,#16673));
#16684=FACE_BOUND('',#16683,.T.);
#16685=CYLINDRICAL_SURFACE('',#16647,0.825000000);
#16686=ADVANCED_FACE('',(#16684),#16685,.T.);
#16687=EDGE_LOOP('',(#16662,#16674,#16677,#16669));
#16688=FACE_BOUND('',#16687,.T.);
#16689=CYLINDRICAL_SURFACE('',#16647,0.825000000);
#16690=ADVANCED_FACE('',(#16688),#16689,.T.);
#16691=PLANE('',#16647);
#16692=ADVANCED_FACE('',(#16631,#16682),#16691,.T.);
#16693=PLANE('',#16644);
#16694=ADVANCED_FACE('',(#16613,#16664),#16693,.T.);
#16695=CLOSED_SHELL('NONE',(#16635,#16639,#16686,#16690,#16692,#16694));
#16696=MANIFOLD_SOLID_BREP('Combinateur_LR_Copperplane_16_AN_IN_L_2',#16695);
#16697=STYLED_ITEM('',(#2035),#16696);
#16698=MECHANICAL_DESIGN_GEOMETRIC_PRESENTATION_REPRESENTATION('',(#16697),#90);
#16699=DIRECTION('',(0.000000000,0.000000000,0.035000000));
#16700=DIRECTION('',(0.000000000,0.000000000,-0.035000000));
#16701=DIRECTION('',(0.550000000,0.000000000,0.000000000));
#16702=CARTESIAN_POINT('',(10.795000000,28.655000000,-0.800000000));
#16703=AXIS2_PLACEMENT_3D('',#16702,#16699,#16701);
#16704=CIRCLE('',#16703,0.550000000);
#16705=CARTESIAN_POINT('',(10.795000000,28.655000000,-0.835000000));
#16706=AXIS2_PLACEMENT_3D('',#16705,#16700,#16701);
#16707=CIRCLE('',#16706,0.550000000);
#16708=CARTESIAN_POINT('',(11.345000000,28.655000000,-0.800000000));
#16709=VERTEX_POINT('',#16708);
#16710=CARTESIAN_POINT('',(10.245000000,28.655000000,-0.800000000));
#16711=VERTEX_POINT('',#16710);
#16712=CARTESIAN_POINT('',(11.345000000,28.655000000,-0.835000000));
#16713=VERTEX_POINT('',#16712);
#16714=CARTESIAN_POINT('',(10.245000000,28.655000000,-0.835000000));
#16715=VERTEX_POINT('',#16714);
#16716=EDGE_CURVE('',#16709,#16711,#16704,.T.);
#16717=ORIENTED_EDGE('',*,*,#16716,.T.);
#16718=ORIENTED_EDGE('',*,*,#16716,.F.);
#16719=EDGE_CURVE('',#16711,#16709,#16704,.T.);
#16720=ORIENTED_EDGE('',*,*,#16719,.T.);
#16721=ORIENTED_EDGE('',*,*,#16719,.F.);
#16722=EDGE_LOOP('',(#16718,#16721));
#16723=FACE_BOUND('',#16722,.T.);
#16724=DIRECTION('',(0.000000000,0.000000000,0.035000000));
#16725=VECTOR('',#16724,1.);
#16726=LINE('',#16712,#16725);
#16727=EDGE_CURVE('',#16713,#16709,#16726,.T.);
#16728=ORIENTED_EDGE('',*,*,#16727,.T.);
#16729=ORIENTED_EDGE('',*,*,#16727,.F.);
#16730=LINE('',#16714,#16725);
#16731=EDGE_CURVE('',#16715,#16711,#16730,.T.);
#16732=ORIENTED_EDGE('',*,*,#16731,.T.);
#16733=ORIENTED_EDGE('',*,*,#16731,.F.);
#16734=EDGE_CURVE('',#16713,#16715,#16707,.T.);
#16735=ORIENTED_EDGE('',*,*,#16734,.T.);
#16736=ORIENTED_EDGE('',*,*,#16734,.F.);
#16737=EDGE_CURVE('',#16715,#16713,#16707,.T.);
#16738=ORIENTED_EDGE('',*,*,#16737,.T.);
#16739=ORIENTED_EDGE('',*,*,#16737,.F.);
#16740=EDGE_LOOP('',(#16736,#16739));
#16741=FACE_BOUND('',#16740,.T.);
#16742=EDGE_LOOP('',(#16717,#16733,#16738,#16728));
#16743=FACE_BOUND('',#16742,.T.);
#16744=CYLINDRICAL_SURFACE('',#16706,0.550000000);
#16745=ADVANCED_FACE('',(#16743),#16744,.F.);
#16746=EDGE_LOOP('',(#16720,#16729,#16735,#16732));
#16747=FACE_BOUND('',#16746,.T.);
#16748=CYLINDRICAL_SURFACE('',#16706,0.550000000);
#16749=ADVANCED_FACE('',(#16747),#16748,.F.);
#16750=DIRECTION('',(0.000000000,0.000000000,0.035000000));
#16751=DIRECTION('',(0.000000000,0.000000000,-0.035000000));
#16752=DIRECTION('',(0.550000000,0.000000000,0.000000000));
#16753=CARTESIAN_POINT('',(18.415000000,20.240000000,-0.800000000));
#16754=AXIS2_PLACEMENT_3D('',#16753,#16750,#16752);
#16755=CIRCLE('',#16754,0.550000000);
#16756=CARTESIAN_POINT('',(18.415000000,20.240000000,-0.835000000));
#16757=AXIS2_PLACEMENT_3D('',#16756,#16751,#16752);
#16758=CIRCLE('',#16757,0.550000000);
#16759=CARTESIAN_POINT('',(18.965000000,20.240000000,-0.800000000));
#16760=VERTEX_POINT('',#16759);
#16761=CARTESIAN_POINT('',(17.865000000,20.240000000,-0.800000000));
#16762=VERTEX_POINT('',#16761);
#16763=CARTESIAN_POINT('',(18.965000000,20.240000000,-0.835000000));
#16764=VERTEX_POINT('',#16763);
#16765=CARTESIAN_POINT('',(17.865000000,20.240000000,-0.835000000));
#16766=VERTEX_POINT('',#16765);
#16767=EDGE_CURVE('',#16760,#16762,#16755,.T.);
#16768=ORIENTED_EDGE('',*,*,#16767,.T.);
#16769=ORIENTED_EDGE('',*,*,#16767,.F.);
#16770=EDGE_CURVE('',#16762,#16760,#16755,.T.);
#16771=ORIENTED_EDGE('',*,*,#16770,.T.);
#16772=ORIENTED_EDGE('',*,*,#16770,.F.);
#16773=EDGE_LOOP('',(#16769,#16772));
#16774=FACE_BOUND('',#16773,.T.);
#16775=DIRECTION('',(0.000000000,0.000000000,0.035000000));
#16776=VECTOR('',#16775,1.);
#16777=LINE('',#16763,#16776);
#16778=EDGE_CURVE('',#16764,#16760,#16777,.T.);
#16779=ORIENTED_EDGE('',*,*,#16778,.T.);
#16780=ORIENTED_EDGE('',*,*,#16778,.F.);
#16781=LINE('',#16765,#16776);
#16782=EDGE_CURVE('',#16766,#16762,#16781,.T.);
#16783=ORIENTED_EDGE('',*,*,#16782,.T.);
#16784=ORIENTED_EDGE('',*,*,#16782,.F.);
#16785=EDGE_CURVE('',#16764,#16766,#16758,.T.);
#16786=ORIENTED_EDGE('',*,*,#16785,.T.);
#16787=ORIENTED_EDGE('',*,*,#16785,.F.);
#16788=EDGE_CURVE('',#16766,#16764,#16758,.T.);
#16789=ORIENTED_EDGE('',*,*,#16788,.T.);
#16790=ORIENTED_EDGE('',*,*,#16788,.F.);
#16791=EDGE_LOOP('',(#16787,#16790));
#16792=FACE_BOUND('',#16791,.T.);
#16793=EDGE_LOOP('',(#16768,#16784,#16789,#16779));
#16794=FACE_BOUND('',#16793,.T.);
#16795=CYLINDRICAL_SURFACE('',#16757,0.550000000);
#16796=ADVANCED_FACE('',(#16794),#16795,.F.);
#16797=EDGE_LOOP('',(#16771,#16780,#16786,#16783));
#16798=FACE_BOUND('',#16797,.T.);
#16799=CYLINDRICAL_SURFACE('',#16757,0.550000000);
#16800=ADVANCED_FACE('',(#16798),#16799,.F.);
#16801=CARTESIAN_POINT('',(19.149631616,20.615421616,-0.835000000));
#16802=VERTEX_POINT('',#16801);
#16803=CARTESIAN_POINT('',(19.149631616,20.615421616,-0.800000000));
#16804=VERTEX_POINT('',#16803);
#16805=CARTESIAN_POINT('',(20.499395298,21.965185298,-0.835000000));
#16806=VERTEX_POINT('',#16805);
#16807=CARTESIAN_POINT('',(20.499395298,21.965185298,-0.800000000));
#16808=VERTEX_POINT('',#16807);
#16809=CARTESIAN_POINT('',(20.574000000,22.145000000,-0.835000000));
#16810=VERTEX_POINT('',#16809);
#16811=CARTESIAN_POINT('',(20.574000000,22.145000000,-0.800000000));
#16812=VERTEX_POINT('',#16811);
#16813=CARTESIAN_POINT('',(20.574000000,26.670000000,-0.835000000));
#16814=VERTEX_POINT('',#16813);
#16815=CARTESIAN_POINT('',(20.574000000,26.670000000,-0.800000000));
#16816=VERTEX_POINT('',#16815);
#16817=CARTESIAN_POINT('',(20.499814702,26.849395298,-0.835000000));
#16818=VERTEX_POINT('',#16817);
#16819=CARTESIAN_POINT('',(20.499814702,26.849395298,-0.800000000));
#16820=VERTEX_POINT('',#16819);
#16821=CARTESIAN_POINT('',(18.594814702,28.754395298,-0.835000000));
#16822=VERTEX_POINT('',#16821);
#16823=CARTESIAN_POINT('',(18.594814702,28.754395298,-0.800000000));
#16824=VERTEX_POINT('',#16823);
#16825=CARTESIAN_POINT('',(18.415000000,28.829000000,-0.835000000));
#16826=VERTEX_POINT('',#16825);
#16827=CARTESIAN_POINT('',(18.415000000,28.829000000,-0.800000000));
#16828=VERTEX_POINT('',#16827);
#16829=CARTESIAN_POINT('',(11.601442186,28.829000000,-0.835000000));
#16830=VERTEX_POINT('',#16829);
#16831=CARTESIAN_POINT('',(11.601442186,28.829000000,-0.800000000));
#16832=VERTEX_POINT('',#16831);
#16833=CARTESIAN_POINT('',(11.549366622,28.321000000,-0.835000000));
#16834=VERTEX_POINT('',#16833);
#16835=CARTESIAN_POINT('',(11.549366622,28.321000000,-0.800000000));
#16836=VERTEX_POINT('',#16835);
#16837=CARTESIAN_POINT('',(18.309790000,28.321000000,-0.835000000));
#16838=VERTEX_POINT('',#16837);
#16839=CARTESIAN_POINT('',(18.309790000,28.321000000,-0.800000000));
#16840=VERTEX_POINT('',#16839);
#16841=CARTESIAN_POINT('',(20.066000000,26.564790000,-0.835000000));
#16842=VERTEX_POINT('',#16841);
#16843=CARTESIAN_POINT('',(20.066000000,26.564790000,-0.800000000));
#16844=VERTEX_POINT('',#16843);
#16845=CARTESIAN_POINT('',(20.066000000,22.250210000,-0.835000000));
#16846=VERTEX_POINT('',#16845);
#16847=CARTESIAN_POINT('',(20.066000000,22.250210000,-0.800000000));
#16848=VERTEX_POINT('',#16847);
#16849=CARTESIAN_POINT('',(18.790421616,20.974631616,-0.835000000));
#16850=VERTEX_POINT('',#16849);
#16851=CARTESIAN_POINT('',(18.790421616,20.974631616,-0.800000000));
#16852=VERTEX_POINT('',#16851);
#16853=DIRECTION('',(1.349763682,1.349763682,0.000000000));
#16854=VECTOR('',#16853,1.);
#16855=LINE('',#16801,#16854);
#16856=DIRECTION('',(1.349763682,1.349763682,0.000000000));
#16857=VECTOR('',#16856,1.);
#16858=LINE('',#16803,#16857);
#16859=CARTESIAN_POINT('',(20.320000000,22.145000000,-0.835000000));
#16860=DIRECTION('',(0.,0.,1.));
#16861=DIRECTION('',(1.,0.,0.));
#16862=AXIS2_PLACEMENT_3D('',#16859,#16860,#16861);
#16863=CIRCLE('',#16862,0.254000000);
#16864=CARTESIAN_POINT('',(20.320000000,22.145000000,-0.800000000));
#16865=DIRECTION('',(0.,0.,1.));
#16866=DIRECTION('',(1.,0.,0.));
#16867=AXIS2_PLACEMENT_3D('',#16864,#16865,#16866);
#16868=CIRCLE('',#16867,0.254000000);
#16869=DIRECTION('',(0.000000000,4.525000000,0.000000000));
#16870=VECTOR('',#16869,1.);
#16871=LINE('',#16809,#16870);
#16872=DIRECTION('',(0.000000000,4.525000000,0.000000000));
#16873=VECTOR('',#16872,1.);
#16874=LINE('',#16811,#16873);
#16875=CARTESIAN_POINT('',(20.320000000,26.670000000,-0.835000000));
#16876=DIRECTION('',(0.,0.,1.));
#16877=DIRECTION('',(1.,0.,0.));
#16878=AXIS2_PLACEMENT_3D('',#16875,#16876,#16877);
#16879=CIRCLE('',#16878,0.254000000);
#16880=CARTESIAN_POINT('',(20.320000000,26.670000000,-0.800000000));
#16881=DIRECTION('',(0.,0.,1.));
#16882=DIRECTION('',(1.,0.,0.));
#16883=AXIS2_PLACEMENT_3D('',#16880,#16881,#16882);
#16884=CIRCLE('',#16883,0.254000000);
#16885=DIRECTION('',(-1.905000000,1.905000000,0.000000000));
#16886=VECTOR('',#16885,1.);
#16887=LINE('',#16817,#16886);
#16888=DIRECTION('',(-1.905000000,1.905000000,0.000000000));
#16889=VECTOR('',#16888,1.);
#16890=LINE('',#16819,#16889);
#16891=CARTESIAN_POINT('',(18.415000000,28.575000000,-0.835000000));
#16892=DIRECTION('',(0.,0.,1.));
#16893=DIRECTION('',(1.,0.,0.));
#16894=AXIS2_PLACEMENT_3D('',#16891,#16892,#16893);
#16895=CIRCLE('',#16894,0.254000000);
#16896=CARTESIAN_POINT('',(18.415000000,28.575000000,-0.800000000));
#16897=DIRECTION('',(0.,0.,1.));
#16898=DIRECTION('',(1.,0.,0.));
#16899=AXIS2_PLACEMENT_3D('',#16896,#16897,#16898);
#16900=CIRCLE('',#16899,0.254000000);
#16901=DIRECTION('',(-6.813557814,0.000000000,0.000000000));
#16902=VECTOR('',#16901,1.);
#16903=LINE('',#16825,#16902);
#16904=DIRECTION('',(-6.813557814,0.000000000,0.000000000));
#16905=VECTOR('',#16904,1.);
#16906=LINE('',#16827,#16905);
#16907=CARTESIAN_POINT('',(10.795000000,28.655000000,-0.835000000));
#16908=DIRECTION('',(0.,0.,1.));
#16909=DIRECTION('',(1.,0.,0.));
#16910=AXIS2_PLACEMENT_3D('',#16907,#16908,#16909);
#16911=CIRCLE('',#16910,0.825000000);
#16912=CARTESIAN_POINT('',(10.795000000,28.655000000,-0.800000000));
#16913=DIRECTION('',(0.,0.,1.));
#16914=DIRECTION('',(1.,0.,0.));
#16915=AXIS2_PLACEMENT_3D('',#16912,#16913,#16914);
#16916=CIRCLE('',#16915,0.825000000);
#16917=DIRECTION('',(6.760423378,0.000000000,0.000000000));
#16918=VECTOR('',#16917,1.);
#16919=LINE('',#16833,#16918);
#16920=DIRECTION('',(6.760423378,0.000000000,0.000000000));
#16921=VECTOR('',#16920,1.);
#16922=LINE('',#16835,#16921);
#16923=DIRECTION('',(1.756210000,-1.756210000,0.000000000));
#16924=VECTOR('',#16923,1.);
#16925=LINE('',#16837,#16924);
#16926=DIRECTION('',(1.756210000,-1.756210000,0.000000000));
#16927=VECTOR('',#16926,1.);
#16928=LINE('',#16839,#16927);
#16929=DIRECTION('',(0.000000000,-4.314580000,0.000000000));
#16930=VECTOR('',#16929,1.);
#16931=LINE('',#16841,#16930);
#16932=DIRECTION('',(0.000000000,-4.314580000,0.000000000));
#16933=VECTOR('',#16932,1.);
#16934=LINE('',#16843,#16933);
#16935=DIRECTION('',(-1.275578384,-1.275578384,0.000000000));
#16936=VECTOR('',#16935,1.);
#16937=LINE('',#16845,#16936);
#16938=DIRECTION('',(-1.275578384,-1.275578384,0.000000000));
#16939=VECTOR('',#16938,1.);
#16940=LINE('',#16847,#16939);
#16941=CARTESIAN_POINT('',(18.415000000,20.240000000,-0.835000000));
#16942=DIRECTION('',(0.,0.,1.));
#16943=DIRECTION('',(1.,0.,0.));
#16944=AXIS2_PLACEMENT_3D('',#16941,#16942,#16943);
#16945=CIRCLE('',#16944,0.825000000);
#16946=CARTESIAN_POINT('',(18.415000000,20.240000000,-0.800000000));
#16947=DIRECTION('',(0.,0.,1.));
#16948=DIRECTION('',(1.,0.,0.));
#16949=AXIS2_PLACEMENT_3D('',#16946,#16947,#16948);
#16950=CIRCLE('',#16949,0.825000000);
#16951=DIRECTION('',(0.000000000,0.000000000,0.035000000));
#16952=VECTOR('',#16951,1.);
#16953=LINE('',#16801,#16952);
#16954=DIRECTION('',(0.000000000,0.000000000,0.035000000));
#16955=VECTOR('',#16954,1.);
#16956=LINE('',#16805,#16955);
#16957=DIRECTION('',(0.000000000,0.000000000,0.035000000));
#16958=VECTOR('',#16957,1.);
#16959=LINE('',#16809,#16958);
#16960=DIRECTION('',(0.000000000,0.000000000,0.035000000));
#16961=VECTOR('',#16960,1.);
#16962=LINE('',#16813,#16961);
#16963=DIRECTION('',(0.000000000,0.000000000,0.035000000));
#16964=VECTOR('',#16963,1.);
#16965=LINE('',#16817,#16964);
#16966=DIRECTION('',(0.000000000,0.000000000,0.035000000));
#16967=VECTOR('',#16966,1.);
#16968=LINE('',#16821,#16967);
#16969=DIRECTION('',(0.000000000,0.000000000,0.035000000));
#16970=VECTOR('',#16969,1.);
#16971=LINE('',#16825,#16970);
#16972=DIRECTION('',(0.000000000,0.000000000,0.035000000));
#16973=VECTOR('',#16972,1.);
#16974=LINE('',#16829,#16973);
#16975=DIRECTION('',(0.000000000,0.000000000,0.035000000));
#16976=VECTOR('',#16975,1.);
#16977=LINE('',#16833,#16976);
#16978=DIRECTION('',(0.000000000,0.000000000,0.035000000));
#16979=VECTOR('',#16978,1.);
#16980=LINE('',#16837,#16979);
#16981=DIRECTION('',(0.000000000,0.000000000,0.035000000));
#16982=VECTOR('',#16981,1.);
#16983=LINE('',#16841,#16982);
#16984=DIRECTION('',(0.000000000,0.000000000,0.035000000));
#16985=VECTOR('',#16984,1.);
#16986=LINE('',#16845,#16985);
#16987=DIRECTION('',(0.000000000,0.000000000,0.035000000));
#16988=VECTOR('',#16987,1.);
#16989=LINE('',#16849,#16988);
#16990=EDGE_CURVE('',#16802,#16806,#16855,.T.);
#16991=ORIENTED_EDGE('',*,*,#16990,.T.);
#16992=ORIENTED_EDGE('',*,*,#16990,.F.);
#16993=EDGE_CURVE('',#16804,#16808,#16858,.T.);
#16994=ORIENTED_EDGE('',*,*,#16993,.T.);
#16995=ORIENTED_EDGE('',*,*,#16993,.F.);
#16996=EDGE_CURVE('',#16802,#16804,#16953,.T.);
#16997=ORIENTED_EDGE('',*,*,#16996,.T.);
#16998=ORIENTED_EDGE('',*,*,#16996,.F.);
#16999=EDGE_CURVE('',#16806,#16810,#16863,.T.);
#17000=ORIENTED_EDGE('',*,*,#16999,.T.);
#17001=ORIENTED_EDGE('',*,*,#16999,.F.);
#17002=EDGE_CURVE('',#16808,#16812,#16868,.T.);
#17003=ORIENTED_EDGE('',*,*,#17002,.T.);
#17004=ORIENTED_EDGE('',*,*,#17002,.F.);
#17005=EDGE_CURVE('',#16806,#16808,#16956,.T.);
#17006=ORIENTED_EDGE('',*,*,#17005,.T.);
#17007=ORIENTED_EDGE('',*,*,#17005,.F.);
#17008=EDGE_CURVE('',#16810,#16814,#16871,.T.);
#17009=ORIENTED_EDGE('',*,*,#17008,.T.);
#17010=ORIENTED_EDGE('',*,*,#17008,.F.);
#17011=EDGE_CURVE('',#16812,#16816,#16874,.T.);
#17012=ORIENTED_EDGE('',*,*,#17011,.T.);
#17013=ORIENTED_EDGE('',*,*,#17011,.F.);
#17014=EDGE_CURVE('',#16810,#16812,#16959,.T.);
#17015=ORIENTED_EDGE('',*,*,#17014,.T.);
#17016=ORIENTED_EDGE('',*,*,#17014,.F.);
#17017=EDGE_CURVE('',#16814,#16818,#16879,.T.);
#17018=ORIENTED_EDGE('',*,*,#17017,.T.);
#17019=ORIENTED_EDGE('',*,*,#17017,.F.);
#17020=EDGE_CURVE('',#16816,#16820,#16884,.T.);
#17021=ORIENTED_EDGE('',*,*,#17020,.T.);
#17022=ORIENTED_EDGE('',*,*,#17020,.F.);
#17023=EDGE_CURVE('',#16814,#16816,#16962,.T.);
#17024=ORIENTED_EDGE('',*,*,#17023,.T.);
#17025=ORIENTED_EDGE('',*,*,#17023,.F.);
#17026=EDGE_CURVE('',#16818,#16822,#16887,.T.);
#17027=ORIENTED_EDGE('',*,*,#17026,.T.);
#17028=ORIENTED_EDGE('',*,*,#17026,.F.);
#17029=EDGE_CURVE('',#16820,#16824,#16890,.T.);
#17030=ORIENTED_EDGE('',*,*,#17029,.T.);
#17031=ORIENTED_EDGE('',*,*,#17029,.F.);
#17032=EDGE_CURVE('',#16818,#16820,#16965,.T.);
#17033=ORIENTED_EDGE('',*,*,#17032,.T.);
#17034=ORIENTED_EDGE('',*,*,#17032,.F.);
#17035=EDGE_CURVE('',#16822,#16826,#16895,.T.);
#17036=ORIENTED_EDGE('',*,*,#17035,.T.);
#17037=ORIENTED_EDGE('',*,*,#17035,.F.);
#17038=EDGE_CURVE('',#16824,#16828,#16900,.T.);
#17039=ORIENTED_EDGE('',*,*,#17038,.T.);
#17040=ORIENTED_EDGE('',*,*,#17038,.F.);
#17041=EDGE_CURVE('',#16822,#16824,#16968,.T.);
#17042=ORIENTED_EDGE('',*,*,#17041,.T.);
#17043=ORIENTED_EDGE('',*,*,#17041,.F.);
#17044=EDGE_CURVE('',#16826,#16830,#16903,.T.);
#17045=ORIENTED_EDGE('',*,*,#17044,.T.);
#17046=ORIENTED_EDGE('',*,*,#17044,.F.);
#17047=EDGE_CURVE('',#16828,#16832,#16906,.T.);
#17048=ORIENTED_EDGE('',*,*,#17047,.T.);
#17049=ORIENTED_EDGE('',*,*,#17047,.F.);
#17050=EDGE_CURVE('',#16826,#16828,#16971,.T.);
#17051=ORIENTED_EDGE('',*,*,#17050,.T.);
#17052=ORIENTED_EDGE('',*,*,#17050,.F.);
#17053=EDGE_CURVE('',#16830,#16834,#16911,.T.);
#17054=ORIENTED_EDGE('',*,*,#17053,.T.);
#17055=ORIENTED_EDGE('',*,*,#17053,.F.);
#17056=EDGE_CURVE('',#16832,#16836,#16916,.T.);
#17057=ORIENTED_EDGE('',*,*,#17056,.T.);
#17058=ORIENTED_EDGE('',*,*,#17056,.F.);
#17059=EDGE_CURVE('',#16830,#16832,#16974,.T.);
#17060=ORIENTED_EDGE('',*,*,#17059,.T.);
#17061=ORIENTED_EDGE('',*,*,#17059,.F.);
#17062=EDGE_CURVE('',#16834,#16838,#16919,.T.);
#17063=ORIENTED_EDGE('',*,*,#17062,.T.);
#17064=ORIENTED_EDGE('',*,*,#17062,.F.);
#17065=EDGE_CURVE('',#16836,#16840,#16922,.T.);
#17066=ORIENTED_EDGE('',*,*,#17065,.T.);
#17067=ORIENTED_EDGE('',*,*,#17065,.F.);
#17068=EDGE_CURVE('',#16834,#16836,#16977,.T.);
#17069=ORIENTED_EDGE('',*,*,#17068,.T.);
#17070=ORIENTED_EDGE('',*,*,#17068,.F.);
#17071=EDGE_CURVE('',#16838,#16842,#16925,.T.);
#17072=ORIENTED_EDGE('',*,*,#17071,.T.);
#17073=ORIENTED_EDGE('',*,*,#17071,.F.);
#17074=EDGE_CURVE('',#16840,#16844,#16928,.T.);
#17075=ORIENTED_EDGE('',*,*,#17074,.T.);
#17076=ORIENTED_EDGE('',*,*,#17074,.F.);
#17077=EDGE_CURVE('',#16838,#16840,#16980,.T.);
#17078=ORIENTED_EDGE('',*,*,#17077,.T.);
#17079=ORIENTED_EDGE('',*,*,#17077,.F.);
#17080=EDGE_CURVE('',#16842,#16846,#16931,.T.);
#17081=ORIENTED_EDGE('',*,*,#17080,.T.);
#17082=ORIENTED_EDGE('',*,*,#17080,.F.);
#17083=EDGE_CURVE('',#16844,#16848,#16934,.T.);
#17084=ORIENTED_EDGE('',*,*,#17083,.T.);
#17085=ORIENTED_EDGE('',*,*,#17083,.F.);
#17086=EDGE_CURVE('',#16842,#16844,#16983,.T.);
#17087=ORIENTED_EDGE('',*,*,#17086,.T.);
#17088=ORIENTED_EDGE('',*,*,#17086,.F.);
#17089=EDGE_CURVE('',#16846,#16850,#16937,.T.);
#17090=ORIENTED_EDGE('',*,*,#17089,.T.);
#17091=ORIENTED_EDGE('',*,*,#17089,.F.);
#17092=EDGE_CURVE('',#16848,#16852,#16940,.T.);
#17093=ORIENTED_EDGE('',*,*,#17092,.T.);
#17094=ORIENTED_EDGE('',*,*,#17092,.F.);
#17095=EDGE_CURVE('',#16846,#16848,#16986,.T.);
#17096=ORIENTED_EDGE('',*,*,#17095,.T.);
#17097=ORIENTED_EDGE('',*,*,#17095,.F.);
#17098=EDGE_CURVE('',#16850,#16802,#16945,.T.);
#17099=ORIENTED_EDGE('',*,*,#17098,.T.);
#17100=ORIENTED_EDGE('',*,*,#17098,.F.);
#17101=EDGE_CURVE('',#16852,#16804,#16950,.T.);
#17102=ORIENTED_EDGE('',*,*,#17101,.T.);
#17103=ORIENTED_EDGE('',*,*,#17101,.F.);
#17104=EDGE_CURVE('',#16850,#16852,#16989,.T.);
#17105=ORIENTED_EDGE('',*,*,#17104,.T.);
#17106=ORIENTED_EDGE('',*,*,#17104,.F.);
#17107=EDGE_LOOP('',(#16998,#16991,#17006,#16995));
#17108=FACE_OUTER_BOUND('',#17107,.T.);
#17109=DIRECTION('',(2576501.946330000,-2576501.946330000,0.000000000));
#17110=AXIS2_PLACEMENT_3D('',#16801,#17109,$);
#17111=PLANE('',#17110);
#17112=ADVANCED_FACE('',(#17108),#17111,.T.);
#17113=EDGE_LOOP('',(#17007,#17000,#17015,#17004));
#17114=FACE_OUTER_BOUND('',#17113,.T.);
#17115=CARTESIAN_POINT('',(20.320000000,22.145000000,-0.835000000));
#17116=DIRECTION('',(0.,0.,1.));
#17117=AXIS2_PLACEMENT_3D('',#17115,#17116,#16948);
#17118=CYLINDRICAL_SURFACE('',#17117,0.254000000);
#17119=ADVANCED_FACE('',(#17114),#17118,.T.);
#17120=EDGE_LOOP('',(#17016,#17009,#17024,#17013));
#17121=FACE_OUTER_BOUND('',#17120,.T.);
#17122=DIRECTION('',(20475625.000000000,0.000000000,0.000000000));
#17123=AXIS2_PLACEMENT_3D('',#16809,#17122,$);
#17124=PLANE('',#17123);
#17125=ADVANCED_FACE('',(#17121),#17124,.T.);
#17126=EDGE_LOOP('',(#17025,#17018,#17033,#17022));
#17127=FACE_OUTER_BOUND('',#17126,.T.);
#17128=CARTESIAN_POINT('',(20.320000000,26.670000000,-0.835000000));
#17129=DIRECTION('',(0.,0.,1.));
#17130=AXIS2_PLACEMENT_3D('',#17128,#17129,#16948);
#17131=CYLINDRICAL_SURFACE('',#17130,0.254000000);
#17132=ADVANCED_FACE('',(#17127),#17131,.T.);
#17133=EDGE_LOOP('',(#17034,#17027,#17042,#17031));
#17134=FACE_OUTER_BOUND('',#17133,.T.);
#17135=DIRECTION('',(5132216.373200000,5132216.373200000,0.000000000));
#17136=AXIS2_PLACEMENT_3D('',#16817,#17135,$);
#17137=PLANE('',#17136);
#17138=ADVANCED_FACE('',(#17134),#17137,.T.);
#17139=EDGE_LOOP('',(#17043,#17036,#17051,#17040));
#17140=FACE_OUTER_BOUND('',#17139,.T.);
#17141=CARTESIAN_POINT('',(18.415000000,28.575000000,-0.835000000));
#17142=DIRECTION('',(0.,0.,1.));
#17143=AXIS2_PLACEMENT_3D('',#17141,#17142,#16948);
#17144=CYLINDRICAL_SURFACE('',#17143,0.254000000);
#17145=ADVANCED_FACE('',(#17140),#17144,.T.);
#17146=EDGE_LOOP('',(#17052,#17045,#17060,#17049));
#17147=FACE_OUTER_BOUND('',#17146,.T.);
#17148=DIRECTION('',(0.000000000,46424570.079300000,0.000000000));
#17149=AXIS2_PLACEMENT_3D('',#16825,#17148,$);
#17150=PLANE('',#17149);
#17151=ADVANCED_FACE('',(#17147),#17150,.T.);
#17152=EDGE_LOOP('',(#17061,#17054,#17069,#17058));
#17153=FACE_OUTER_BOUND('',#17152,.T.);
#17154=CARTESIAN_POINT('',(10.795000000,28.655000000,-0.835000000));
#17155=DIRECTION('',(0.,0.,1.));
#17156=AXIS2_PLACEMENT_3D('',#17154,#17155,#16948);
#17157=CYLINDRICAL_SURFACE('',#17156,0.825000000);
#17158=ADVANCED_FACE('',(#17153),#17157,.T.);
#17159=EDGE_LOOP('',(#17070,#17063,#17078,#17067));
#17160=FACE_OUTER_BOUND('',#17159,.T.);
#17161=DIRECTION('',(0.000000000,-45703324.253300000,0.000000000));
#17162=AXIS2_PLACEMENT_3D('',#16833,#17161,$);
#17163=PLANE('',#17162);
#17164=ADVANCED_FACE('',(#17160),#17163,.T.);
#17165=EDGE_LOOP('',(#17079,#17072,#17087,#17076));
#17166=FACE_OUTER_BOUND('',#17165,.T.);
#17167=DIRECTION('',(-4361821.504420000,-4361821.504420000,0.000000000));
#17168=AXIS2_PLACEMENT_3D('',#16837,#17167,$);
#17169=PLANE('',#17168);
#17170=ADVANCED_FACE('',(#17166),#17169,.T.);
#17171=EDGE_LOOP('',(#17088,#17081,#17096,#17085));
#17172=FACE_OUTER_BOUND('',#17171,.T.);
#17173=DIRECTION('',(-18615600.576400000,0.000000000,0.000000000));
#17174=AXIS2_PLACEMENT_3D('',#16841,#17173,$);
#17175=PLANE('',#17174);
#17176=ADVANCED_FACE('',(#17172),#17175,.T.);
#17177=EDGE_LOOP('',(#17097,#17090,#17105,#17094));
#17178=FACE_OUTER_BOUND('',#17177,.T.);
#17179=DIRECTION('',(-2301067.191200000,2301067.191200000,0.000000000));
#17180=AXIS2_PLACEMENT_3D('',#16845,#17179,$);
#17181=PLANE('',#17180);
#17182=ADVANCED_FACE('',(#17178),#17181,.T.);
#17183=EDGE_LOOP('',(#17106,#17099,#16997,#17103));
#17184=FACE_OUTER_BOUND('',#17183,.T.);
#17185=CARTESIAN_POINT('',(18.415000000,20.240000000,-0.835000000));
#17186=DIRECTION('',(0.,0.,1.));
#17187=AXIS2_PLACEMENT_3D('',#17185,#17186,#16948);
#17188=CYLINDRICAL_SURFACE('',#17187,0.825000000);
#17189=ADVANCED_FACE('',(#17184),#17188,.T.);
#17190=EDGE_LOOP('',(#17100,#17091,#17082,#17073,#17064,#17055,#17046,#17037,#17028,#17019,#17010,#17001,#16992));
#17191=FACE_OUTER_BOUND('',#17190,.T.);
#17192=DIRECTION('',(0.,0.,-1.));
#17193=AXIS2_PLACEMENT_3D('',#16801,#17192,$);
#17194=PLANE('',#17193);
#17195=ADVANCED_FACE('',(#16741,#16792,#17191),#17194,.T.);
#17196=EDGE_LOOP('',(#16994,#17003,#17012,#17021,#17030,#17039,#17048,#17057,#17066,#17075,#17084,#17093,#17102));
#17197=FACE_OUTER_BOUND('',#17196,.T.);
#17198=DIRECTION('',(0.,0.,1.));
#17199=AXIS2_PLACEMENT_3D('',#16803,#17198,$);
#17200=PLANE('',#17199);
#17201=ADVANCED_FACE('',(#16723,#16774,#17197),#17200,.T.);
#17202=CLOSED_SHELL('NONE',(#16745,#16749,#16796,#16800,#17112,#17119,#17125,#17132,#17138,#17145,#17151,#17158,#17164,#17170,#17176,#17182,#17189,#17195,#17201));
#17203=MANIFOLD_SOLID_BREP('Combinateur_LR_Copperplane_2_AN_IN_L_1',#17202);
#17204=STYLED_ITEM('',(#2035),#17203);
#17205=MECHANICAL_DESIGN_GEOMETRIC_PRESENTATION_REPRESENTATION('',(#17204),#90);
#17206=PRODUCT('Copper_AN_IN_L_assembly','Copper_AN_IN_L_assembly','',(#2074));
#17207=PRODUCT_DEFINITION_FORMATION_WITH_SPECIFIED_SOURCE('NONE','',#17206,.NOT_KNOWN.);
#17208=PRODUCT_DEFINITION('NONE','',#17207,#2075);
#17209=SHAPE_REPRESENTATION('SR_Copper_AN_IN_L_assembly',(#2079),#90);
#17210=PRODUCT_DEFINITION_SHAPE('PDS_Copper_AN_IN_L_assembly','',#17208);
#17211=SHAPE_DEFINITION_REPRESENTATION(#17210,#17209);
#17212=PRODUCT('Copper_AN_IN_L','Copper_AN_IN_L','',(#2074));
#17213=PRODUCT_DEFINITION_FORMATION_WITH_SPECIFIED_SOURCE('NONE','',#17212,.NOT_KNOWN.);
#17214=PRODUCT_DEFINITION('NONE','',#17213,#2075);
#17215=SHAPE_REPRESENTATION('SR_Copper_AN_IN_L',(#2079),#90);
#17216=PRODUCT_DEFINITION_SHAPE('PDS_Copper_AN_IN_L','',#17214);
#17217=SHAPE_DEFINITION_REPRESENTATION(#17216,#17215);
#17218=ADVANCED_BREP_SHAPE_REPRESENTATION('Copper_AN_IN_L',(#16586,#16696,#17203),#90);
#17219=SHAPE_REPRESENTATION_RELATIONSHIP('SRR_Copper_AN_IN_L','',#17218,#17215);
#17220=ITEM_DEFINED_TRANSFORMATION('IDT_Copper_AN_IN_L','',#2079,#2079);
#17221=(REPRESENTATION_RELATIONSHIP(' ',$,#17215,#17209)REPRESENTATION_RELATIONSHIP_WITH_TRANSFORMATION(#17220)SHAPE_REPRESENTATION_RELATIONSHIP());
#17222=NEXT_ASSEMBLY_USAGE_OCCURRENCE('NAUO_Copper_AN_IN_L','Copper_AN_IN_L','Copper_AN_IN_L',#17208,#17214,$);
#17223=PRODUCT_DEFINITION_SHAPE('PDS_NAUO_Copper_AN_IN_L','',#17222);
#17224=CONTEXT_DEPENDENT_SHAPE_REPRESENTATION(#17221,#17223);
#17225=ITEM_DEFINED_TRANSFORMATION('IDT_Copper_AN_IN_L_1','',#2079,#2079);
#17226=(REPRESENTATION_RELATIONSHIP(' ',$,#17209,#3210)REPRESENTATION_RELATIONSHIP_WITH_TRANSFORMATION(#17225)SHAPE_REPRESENTATION_RELATIONSHIP());
#17227=NEXT_ASSEMBLY_USAGE_OCCURRENCE('NAUO_Copper_AN_IN_L_1','Copper_AN_IN_L_1','Copper_AN_IN_L_1',#3209,#17208,$);
#17228=PRODUCT_DEFINITION_SHAPE('PDS_NAUO_Copper_AN_IN_L_1','',#17227);
#17229=CONTEXT_DEPENDENT_SHAPE_REPRESENTATION(#17226,#17228);
#17230=DIRECTION('',(0.000000000,0.000000000,0.035000000));
#17231=DIRECTION('',(0.000000000,0.000000000,-0.035000000));
#17232=DIRECTION('',(0.550000000,0.000000000,0.000000000));
#17233=CARTESIAN_POINT('',(18.415000000,22.740000000,0.835000000));
#17234=AXIS2_PLACEMENT_3D('',#17233,#17230,#17232);
#17235=CIRCLE('',#17234,0.550000000);
#17236=CARTESIAN_POINT('',(18.415000000,22.740000000,0.800000000));
#17237=AXIS2_PLACEMENT_3D('',#17236,#17231,#17232);
#17238=CIRCLE('',#17237,0.550000000);
#17239=CARTESIAN_POINT('',(18.965000000,22.740000000,0.835000000));
#17240=VERTEX_POINT('',#17239);
#17241=CARTESIAN_POINT('',(17.865000000,22.740000000,0.835000000));
#17242=VERTEX_POINT('',#17241);
#17243=CARTESIAN_POINT('',(18.965000000,22.740000000,0.800000000));
#17244=VERTEX_POINT('',#17243);
#17245=CARTESIAN_POINT('',(17.865000000,22.740000000,0.800000000));
#17246=VERTEX_POINT('',#17245);
#17247=EDGE_CURVE('',#17240,#17242,#17235,.T.);
#17248=ORIENTED_EDGE('',*,*,#17247,.T.);
#17249=ORIENTED_EDGE('',*,*,#17247,.F.);
#17250=EDGE_CURVE('',#17242,#17240,#17235,.T.);
#17251=ORIENTED_EDGE('',*,*,#17250,.T.);
#17252=ORIENTED_EDGE('',*,*,#17250,.F.);
#17253=EDGE_LOOP('',(#17249,#17252));
#17254=FACE_BOUND('',#17253,.T.);
#17255=DIRECTION('',(0.000000000,0.000000000,0.035000000));
#17256=VECTOR('',#17255,1.);
#17257=LINE('',#17243,#17256);
#17258=EDGE_CURVE('',#17244,#17240,#17257,.T.);
#17259=ORIENTED_EDGE('',*,*,#17258,.T.);
#17260=ORIENTED_EDGE('',*,*,#17258,.F.);
#17261=LINE('',#17245,#17256);
#17262=EDGE_CURVE('',#17246,#17242,#17261,.T.);
#17263=ORIENTED_EDGE('',*,*,#17262,.T.);
#17264=ORIENTED_EDGE('',*,*,#17262,.F.);
#17265=EDGE_CURVE('',#17244,#17246,#17238,.T.);
#17266=ORIENTED_EDGE('',*,*,#17265,.T.);
#17267=ORIENTED_EDGE('',*,*,#17265,.F.);
#17268=EDGE_CURVE('',#17246,#17244,#17238,.T.);
#17269=ORIENTED_EDGE('',*,*,#17268,.T.);
#17270=ORIENTED_EDGE('',*,*,#17268,.F.);
#17271=EDGE_LOOP('',(#17267,#17270));
#17272=FACE_BOUND('',#17271,.T.);
#17273=EDGE_LOOP('',(#17248,#17264,#17269,#17259));
#17274=FACE_BOUND('',#17273,.T.);
#17275=CYLINDRICAL_SURFACE('',#17237,0.550000000);
#17276=ADVANCED_FACE('',(#17274),#17275,.F.);
#17277=EDGE_LOOP('',(#17251,#17260,#17266,#17263));
#17278=FACE_BOUND('',#17277,.T.);
#17279=CYLINDRICAL_SURFACE('',#17237,0.550000000);
#17280=ADVANCED_FACE('',(#17278),#17279,.F.);
#17281=DIRECTION('',(0.000000000,0.000000000,0.035000000));
#17282=DIRECTION('',(0.000000000,0.000000000,-0.035000000));
#17283=DIRECTION('',(0.825000000,0.000000000,0.000000000));
#17284=CARTESIAN_POINT('',(18.415000000,22.740000000,0.835000000));
#17285=AXIS2_PLACEMENT_3D('',#17284,#17281,#17283);
#17286=CIRCLE('',#17285,0.825000000);
#17287=CARTESIAN_POINT('',(18.415000000,22.740000000,0.800000000));
#17288=AXIS2_PLACEMENT_3D('',#17287,#17282,#17283);
#17289=CIRCLE('',#17288,0.825000000);
#17290=CARTESIAN_POINT('',(19.240000000,22.740000000,0.835000000));
#17291=VERTEX_POINT('',#17290);
#17292=CARTESIAN_POINT('',(17.590000000,22.740000000,0.835000000));
#17293=VERTEX_POINT('',#17292);
#17294=CARTESIAN_POINT('',(19.240000000,22.740000000,0.800000000));
#17295=VERTEX_POINT('',#17294);
#17296=CARTESIAN_POINT('',(17.590000000,22.740000000,0.800000000));
#17297=VERTEX_POINT('',#17296);
#17298=EDGE_CURVE('',#17291,#17293,#17286,.T.);
#17299=ORIENTED_EDGE('',*,*,#17298,.T.);
#17300=ORIENTED_EDGE('',*,*,#17298,.F.);
#17301=EDGE_CURVE('',#17293,#17291,#17286,.T.);
#17302=ORIENTED_EDGE('',*,*,#17301,.T.);
#17303=ORIENTED_EDGE('',*,*,#17301,.F.);
#17304=EDGE_LOOP('',(#17299,#17302));
#17305=FACE_OUTER_BOUND('',#17304,.T.);
#17306=DIRECTION('',(0.000000000,0.000000000,0.035000000));
#17307=VECTOR('',#17306,1.);
#17308=LINE('',#17294,#17307);
#17309=EDGE_CURVE('',#17295,#17291,#17308,.T.);
#17310=ORIENTED_EDGE('',*,*,#17309,.T.);
#17311=ORIENTED_EDGE('',*,*,#17309,.F.);
#17312=LINE('',#17296,#17307);
#17313=EDGE_CURVE('',#17297,#17293,#17312,.T.);
#17314=ORIENTED_EDGE('',*,*,#17313,.T.);
#17315=ORIENTED_EDGE('',*,*,#17313,.F.);
#17316=EDGE_CURVE('',#17295,#17297,#17289,.T.);
#17317=ORIENTED_EDGE('',*,*,#17316,.T.);
#17318=ORIENTED_EDGE('',*,*,#17316,.F.);
#17319=EDGE_CURVE('',#17297,#17295,#17289,.T.);
#17320=ORIENTED_EDGE('',*,*,#17319,.T.);
#17321=ORIENTED_EDGE('',*,*,#17319,.F.);
#17322=EDGE_LOOP('',(#17317,#17320));
#17323=FACE_OUTER_BOUND('',#17322,.T.);
#17324=EDGE_LOOP('',(#17300,#17311,#17321,#17314));
#17325=FACE_BOUND('',#17324,.T.);
#17326=CYLINDRICAL_SURFACE('',#17288,0.825000000);
#17327=ADVANCED_FACE('',(#17325),#17326,.T.);
#17328=EDGE_LOOP('',(#17303,#17315,#17318,#17310));
#17329=FACE_BOUND('',#17328,.T.);
#17330=CYLINDRICAL_SURFACE('',#17288,0.825000000);
#17331=ADVANCED_FACE('',(#17329),#17330,.T.);
#17332=PLANE('',#17288);
#17333=ADVANCED_FACE('',(#17272,#17323),#17332,.T.);
#17334=PLANE('',#17285);
#17335=ADVANCED_FACE('',(#17254,#17305),#17334,.T.);
#17336=CLOSED_SHELL('NONE',(#17276,#17280,#17327,#17331,#17333,#17335));
#17337=MANIFOLD_SOLID_BREP('Combinateur_LR_Copperplane_16_AN_IN_R_1',#17336);
#17338=STYLED_ITEM('',(#2035),#17337);
#17339=MECHANICAL_DESIGN_GEOMETRIC_PRESENTATION_REPRESENTATION('',(#17338),#90);
#17340=DIRECTION('',(0.000000000,0.000000000,0.035000000));
#17341=DIRECTION('',(0.000000000,0.000000000,-0.035000000));
#17342=DIRECTION('',(0.550000000,0.000000000,0.000000000));
#17343=CARTESIAN_POINT('',(10.795000000,12.145000000,0.835000000));
#17344=AXIS2_PLACEMENT_3D('',#17343,#17340,#17342);
#17345=CIRCLE('',#17344,0.550000000);
#17346=CARTESIAN_POINT('',(10.795000000,12.145000000,0.800000000));
#17347=AXIS2_PLACEMENT_3D('',#17346,#17341,#17342);
#17348=CIRCLE('',#17347,0.550000000);
#17349=CARTESIAN_POINT('',(11.345000000,12.145000000,0.835000000));
#17350=VERTEX_POINT('',#17349);
#17351=CARTESIAN_POINT('',(10.245000000,12.145000000,0.835000000));
#17352=VERTEX_POINT('',#17351);
#17353=CARTESIAN_POINT('',(11.345000000,12.145000000,0.800000000));
#17354=VERTEX_POINT('',#17353);
#17355=CARTESIAN_POINT('',(10.245000000,12.145000000,0.800000000));
#17356=VERTEX_POINT('',#17355);
#17357=EDGE_CURVE('',#17350,#17352,#17345,.T.);
#17358=ORIENTED_EDGE('',*,*,#17357,.T.);
#17359=ORIENTED_EDGE('',*,*,#17357,.F.);
#17360=EDGE_CURVE('',#17352,#17350,#17345,.T.);
#17361=ORIENTED_EDGE('',*,*,#17360,.T.);
#17362=ORIENTED_EDGE('',*,*,#17360,.F.);
#17363=EDGE_LOOP('',(#17359,#17362));
#17364=FACE_BOUND('',#17363,.T.);
#17365=DIRECTION('',(0.000000000,0.000000000,0.035000000));
#17366=VECTOR('',#17365,1.);
#17367=LINE('',#17353,#17366);
#17368=EDGE_CURVE('',#17354,#17350,#17367,.T.);
#17369=ORIENTED_EDGE('',*,*,#17368,.T.);
#17370=ORIENTED_EDGE('',*,*,#17368,.F.);
#17371=LINE('',#17355,#17366);
#17372=EDGE_CURVE('',#17356,#17352,#17371,.T.);
#17373=ORIENTED_EDGE('',*,*,#17372,.T.);
#17374=ORIENTED_EDGE('',*,*,#17372,.F.);
#17375=EDGE_CURVE('',#17354,#17356,#17348,.T.);
#17376=ORIENTED_EDGE('',*,*,#17375,.T.);
#17377=ORIENTED_EDGE('',*,*,#17375,.F.);
#17378=EDGE_CURVE('',#17356,#17354,#17348,.T.);
#17379=ORIENTED_EDGE('',*,*,#17378,.T.);
#17380=ORIENTED_EDGE('',*,*,#17378,.F.);
#17381=EDGE_LOOP('',(#17377,#17380));
#17382=FACE_BOUND('',#17381,.T.);
#17383=EDGE_LOOP('',(#17358,#17374,#17379,#17369));
#17384=FACE_BOUND('',#17383,.T.);
#17385=CYLINDRICAL_SURFACE('',#17347,0.550000000);
#17386=ADVANCED_FACE('',(#17384),#17385,.F.);
#17387=EDGE_LOOP('',(#17361,#17370,#17376,#17373));
#17388=FACE_BOUND('',#17387,.T.);
#17389=CYLINDRICAL_SURFACE('',#17347,0.550000000);
#17390=ADVANCED_FACE('',(#17388),#17389,.F.);
#17391=DIRECTION('',(0.000000000,0.000000000,0.035000000));
#17392=DIRECTION('',(0.000000000,0.000000000,-0.035000000));
#17393=DIRECTION('',(0.825000000,0.000000000,0.000000000));
#17394=CARTESIAN_POINT('',(10.795000000,12.145000000,0.835000000));
#17395=AXIS2_PLACEMENT_3D('',#17394,#17391,#17393);
#17396=CIRCLE('',#17395,0.825000000);
#17397=CARTESIAN_POINT('',(10.795000000,12.145000000,0.800000000));
#17398=AXIS2_PLACEMENT_3D('',#17397,#17392,#17393);
#17399=CIRCLE('',#17398,0.825000000);
#17400=CARTESIAN_POINT('',(11.620000000,12.145000000,0.835000000));
#17401=VERTEX_POINT('',#17400);
#17402=CARTESIAN_POINT('',(9.970000000,12.145000000,0.835000000));
#17403=VERTEX_POINT('',#17402);
#17404=CARTESIAN_POINT('',(11.620000000,12.145000000,0.800000000));
#17405=VERTEX_POINT('',#17404);
#17406=CARTESIAN_POINT('',(9.970000000,12.145000000,0.800000000));
#17407=VERTEX_POINT('',#17406);
#17408=EDGE_CURVE('',#17401,#17403,#17396,.T.);
#17409=ORIENTED_EDGE('',*,*,#17408,.T.);
#17410=ORIENTED_EDGE('',*,*,#17408,.F.);
#17411=EDGE_CURVE('',#17403,#17401,#17396,.T.);
#17412=ORIENTED_EDGE('',*,*,#17411,.T.);
#17413=ORIENTED_EDGE('',*,*,#17411,.F.);
#17414=EDGE_LOOP('',(#17409,#17412));
#17415=FACE_OUTER_BOUND('',#17414,.T.);
#17416=DIRECTION('',(0.000000000,0.000000000,0.035000000));
#17417=VECTOR('',#17416,1.);
#17418=LINE('',#17404,#17417);
#17419=EDGE_CURVE('',#17405,#17401,#17418,.T.);
#17420=ORIENTED_EDGE('',*,*,#17419,.T.);
#17421=ORIENTED_EDGE('',*,*,#17419,.F.);
#17422=LINE('',#17406,#17417);
#17423=EDGE_CURVE('',#17407,#17403,#17422,.T.);
#17424=ORIENTED_EDGE('',*,*,#17423,.T.);
#17425=ORIENTED_EDGE('',*,*,#17423,.F.);
#17426=EDGE_CURVE('',#17405,#17407,#17399,.T.);
#17427=ORIENTED_EDGE('',*,*,#17426,.T.);
#17428=ORIENTED_EDGE('',*,*,#17426,.F.);
#17429=EDGE_CURVE('',#17407,#17405,#17399,.T.);
#17430=ORIENTED_EDGE('',*,*,#17429,.T.);
#17431=ORIENTED_EDGE('',*,*,#17429,.F.);
#17432=EDGE_LOOP('',(#17427,#17430));
#17433=FACE_OUTER_BOUND('',#17432,.T.);
#17434=EDGE_LOOP('',(#17410,#17421,#17431,#17424));
#17435=FACE_BOUND('',#17434,.T.);
#17436=CYLINDRICAL_SURFACE('',#17398,0.825000000);
#17437=ADVANCED_FACE('',(#17435),#17436,.T.);
#17438=EDGE_LOOP('',(#17413,#17425,#17428,#17420));
#17439=FACE_BOUND('',#17438,.T.);
#17440=CYLINDRICAL_SURFACE('',#17398,0.825000000);
#17441=ADVANCED_FACE('',(#17439),#17440,.T.);
#17442=PLANE('',#17398);
#17443=ADVANCED_FACE('',(#17382,#17433),#17442,.T.);
#17444=PLANE('',#17395);
#17445=ADVANCED_FACE('',(#17364,#17415),#17444,.T.);
#17446=CLOSED_SHELL('NONE',(#17386,#17390,#17437,#17441,#17443,#17445));
#17447=MANIFOLD_SOLID_BREP('Combinateur_LR_Copperplane_16_AN_IN_R_2',#17446);
#17448=STYLED_ITEM('',(#2035),#17447);
#17449=MECHANICAL_DESIGN_GEOMETRIC_PRESENTATION_REPRESENTATION('',(#17448),#90);
#17450=DIRECTION('',(0.000000000,0.000000000,0.035000000));
#17451=DIRECTION('',(0.000000000,0.000000000,-0.035000000));
#17452=DIRECTION('',(0.550000000,0.000000000,0.000000000));
#17453=CARTESIAN_POINT('',(18.415000000,22.740000000,-0.800000000));
#17454=AXIS2_PLACEMENT_3D('',#17453,#17450,#17452);
#17455=CIRCLE('',#17454,0.550000000);
#17456=CARTESIAN_POINT('',(18.415000000,22.740000000,-0.835000000));
#17457=AXIS2_PLACEMENT_3D('',#17456,#17451,#17452);
#17458=CIRCLE('',#17457,0.550000000);
#17459=CARTESIAN_POINT('',(18.965000000,22.740000000,-0.800000000));
#17460=VERTEX_POINT('',#17459);
#17461=CARTESIAN_POINT('',(17.865000000,22.740000000,-0.800000000));
#17462=VERTEX_POINT('',#17461);
#17463=CARTESIAN_POINT('',(18.965000000,22.740000000,-0.835000000));
#17464=VERTEX_POINT('',#17463);
#17465=CARTESIAN_POINT('',(17.865000000,22.740000000,-0.835000000));
#17466=VERTEX_POINT('',#17465);
#17467=EDGE_CURVE('',#17460,#17462,#17455,.T.);
#17468=ORIENTED_EDGE('',*,*,#17467,.T.);
#17469=ORIENTED_EDGE('',*,*,#17467,.F.);
#17470=EDGE_CURVE('',#17462,#17460,#17455,.T.);
#17471=ORIENTED_EDGE('',*,*,#17470,.T.);
#17472=ORIENTED_EDGE('',*,*,#17470,.F.);
#17473=EDGE_LOOP('',(#17469,#17472));
#17474=FACE_BOUND('',#17473,.T.);
#17475=DIRECTION('',(0.000000000,0.000000000,0.035000000));
#17476=VECTOR('',#17475,1.);
#17477=LINE('',#17463,#17476);
#17478=EDGE_CURVE('',#17464,#17460,#17477,.T.);
#17479=ORIENTED_EDGE('',*,*,#17478,.T.);
#17480=ORIENTED_EDGE('',*,*,#17478,.F.);
#17481=LINE('',#17465,#17476);
#17482=EDGE_CURVE('',#17466,#17462,#17481,.T.);
#17483=ORIENTED_EDGE('',*,*,#17482,.T.);
#17484=ORIENTED_EDGE('',*,*,#17482,.F.);
#17485=EDGE_CURVE('',#17464,#17466,#17458,.T.);
#17486=ORIENTED_EDGE('',*,*,#17485,.T.);
#17487=ORIENTED_EDGE('',*,*,#17485,.F.);
#17488=EDGE_CURVE('',#17466,#17464,#17458,.T.);
#17489=ORIENTED_EDGE('',*,*,#17488,.T.);
#17490=ORIENTED_EDGE('',*,*,#17488,.F.);
#17491=EDGE_LOOP('',(#17487,#17490));
#17492=FACE_BOUND('',#17491,.T.);
#17493=EDGE_LOOP('',(#17468,#17484,#17489,#17479));
#17494=FACE_BOUND('',#17493,.T.);
#17495=CYLINDRICAL_SURFACE('',#17457,0.550000000);
#17496=ADVANCED_FACE('',(#17494),#17495,.F.);
#17497=EDGE_LOOP('',(#17471,#17480,#17486,#17483));
#17498=FACE_BOUND('',#17497,.T.);
#17499=CYLINDRICAL_SURFACE('',#17457,0.550000000);
#17500=ADVANCED_FACE('',(#17498),#17499,.F.);
#17501=DIRECTION('',(0.000000000,0.000000000,0.035000000));
#17502=DIRECTION('',(0.000000000,0.000000000,-0.035000000));
#17503=DIRECTION('',(0.550000000,0.000000000,0.000000000));
#17504=CARTESIAN_POINT('',(10.795000000,12.145000000,-0.800000000));
#17505=AXIS2_PLACEMENT_3D('',#17504,#17501,#17503);
#17506=CIRCLE('',#17505,0.550000000);
#17507=CARTESIAN_POINT('',(10.795000000,12.145000000,-0.835000000));
#17508=AXIS2_PLACEMENT_3D('',#17507,#17502,#17503);
#17509=CIRCLE('',#17508,0.550000000);
#17510=CARTESIAN_POINT('',(11.345000000,12.145000000,-0.800000000));
#17511=VERTEX_POINT('',#17510);
#17512=CARTESIAN_POINT('',(10.245000000,12.145000000,-0.800000000));
#17513=VERTEX_POINT('',#17512);
#17514=CARTESIAN_POINT('',(11.345000000,12.145000000,-0.835000000));
#17515=VERTEX_POINT('',#17514);
#17516=CARTESIAN_POINT('',(10.245000000,12.145000000,-0.835000000));
#17517=VERTEX_POINT('',#17516);
#17518=EDGE_CURVE('',#17511,#17513,#17506,.T.);
#17519=ORIENTED_EDGE('',*,*,#17518,.T.);
#17520=ORIENTED_EDGE('',*,*,#17518,.F.);
#17521=EDGE_CURVE('',#17513,#17511,#17506,.T.);
#17522=ORIENTED_EDGE('',*,*,#17521,.T.);
#17523=ORIENTED_EDGE('',*,*,#17521,.F.);
#17524=EDGE_LOOP('',(#17520,#17523));
#17525=FACE_BOUND('',#17524,.T.);
#17526=DIRECTION('',(0.000000000,0.000000000,0.035000000));
#17527=VECTOR('',#17526,1.);
#17528=LINE('',#17514,#17527);
#17529=EDGE_CURVE('',#17515,#17511,#17528,.T.);
#17530=ORIENTED_EDGE('',*,*,#17529,.T.);
#17531=ORIENTED_EDGE('',*,*,#17529,.F.);
#17532=LINE('',#17516,#17527);
#17533=EDGE_CURVE('',#17517,#17513,#17532,.T.);
#17534=ORIENTED_EDGE('',*,*,#17533,.T.);
#17535=ORIENTED_EDGE('',*,*,#17533,.F.);
#17536=EDGE_CURVE('',#17515,#17517,#17509,.T.);
#17537=ORIENTED_EDGE('',*,*,#17536,.T.);
#17538=ORIENTED_EDGE('',*,*,#17536,.F.);
#17539=EDGE_CURVE('',#17517,#17515,#17509,.T.);
#17540=ORIENTED_EDGE('',*,*,#17539,.T.);
#17541=ORIENTED_EDGE('',*,*,#17539,.F.);
#17542=EDGE_LOOP('',(#17538,#17541));
#17543=FACE_BOUND('',#17542,.T.);
#17544=EDGE_LOOP('',(#17519,#17535,#17540,#17530));
#17545=FACE_BOUND('',#17544,.T.);
#17546=CYLINDRICAL_SURFACE('',#17508,0.550000000);
#17547=ADVANCED_FACE('',(#17545),#17546,.F.);
#17548=EDGE_LOOP('',(#17522,#17531,#17537,#17534));
#17549=FACE_BOUND('',#17548,.T.);
#17550=CYLINDRICAL_SURFACE('',#17508,0.550000000);
#17551=ADVANCED_FACE('',(#17549),#17550,.F.);
#17552=CARTESIAN_POINT('',(10.419578384,12.879631616,-0.835000000));
#17553=VERTEX_POINT('',#17552);
#17554=CARTESIAN_POINT('',(10.419578384,12.879631616,-0.800000000));
#17555=VERTEX_POINT('',#17554);
#17556=CARTESIAN_POINT('',(9.144000000,14.155210000,-0.835000000));
#17557=VERTEX_POINT('',#17556);
#17558=CARTESIAN_POINT('',(9.144000000,14.155210000,-0.800000000));
#17559=VERTEX_POINT('',#17558);
#17560=CARTESIAN_POINT('',(9.144000000,18.309790000,-0.835000000));
#17561=VERTEX_POINT('',#17560);
#17562=CARTESIAN_POINT('',(9.144000000,18.309790000,-0.800000000));
#17563=VERTEX_POINT('',#17562);
#17564=CARTESIAN_POINT('',(13.320210000,22.486000000,-0.835000000));
#17565=VERTEX_POINT('',#17564);
#17566=CARTESIAN_POINT('',(13.320210000,22.486000000,-0.800000000));
#17567=VERTEX_POINT('',#17566);
#17568=CARTESIAN_POINT('',(17.630073889,22.486000000,-0.835000000));
#17569=VERTEX_POINT('',#17568);
#17570=CARTESIAN_POINT('',(17.630073889,22.486000000,-0.800000000));
#17571=VERTEX_POINT('',#17570);
#17572=CARTESIAN_POINT('',(17.630073889,22.994000000,-0.835000000));
#17573=VERTEX_POINT('',#17572);
#17574=CARTESIAN_POINT('',(17.630073889,22.994000000,-0.800000000));
#17575=VERTEX_POINT('',#17574);
#17576=CARTESIAN_POINT('',(13.215000000,22.994000000,-0.835000000));
#17577=VERTEX_POINT('',#17576);
#17578=CARTESIAN_POINT('',(13.215000000,22.994000000,-0.800000000));
#17579=VERTEX_POINT('',#17578);
#17580=CARTESIAN_POINT('',(13.035604702,22.919814702,-0.835000000));
#17581=VERTEX_POINT('',#17580);
#17582=CARTESIAN_POINT('',(13.035604702,22.919814702,-0.800000000));
#17583=VERTEX_POINT('',#17582);
#17584=CARTESIAN_POINT('',(8.710604702,18.594814702,-0.835000000));
#17585=VERTEX_POINT('',#17584);
#17586=CARTESIAN_POINT('',(8.710604702,18.594814702,-0.800000000));
#17587=VERTEX_POINT('',#17586);
#17588=CARTESIAN_POINT('',(8.636000000,18.415000000,-0.835000000));
#17589=VERTEX_POINT('',#17588);
#17590=CARTESIAN_POINT('',(8.636000000,18.415000000,-0.800000000));
#17591=VERTEX_POINT('',#17590);
#17592=CARTESIAN_POINT('',(8.636000000,14.050000000,-0.835000000));
#17593=VERTEX_POINT('',#17592);
#17594=CARTESIAN_POINT('',(8.636000000,14.050000000,-0.800000000));
#17595=VERTEX_POINT('',#17594);
#17596=CARTESIAN_POINT('',(8.710185298,13.870604702,-0.835000000));
#17597=VERTEX_POINT('',#17596);
#17598=CARTESIAN_POINT('',(8.710185298,13.870604702,-0.800000000));
#17599=VERTEX_POINT('',#17598);
#17600=CARTESIAN_POINT('',(10.060368384,12.520421616,-0.835000000));
#17601=VERTEX_POINT('',#17600);
#17602=CARTESIAN_POINT('',(10.060368384,12.520421616,-0.800000000));
#17603=VERTEX_POINT('',#17602);
#17604=DIRECTION('',(-1.275578384,1.275578384,0.000000000));
#17605=VECTOR('',#17604,1.);
#17606=LINE('',#17552,#17605);
#17607=DIRECTION('',(-1.275578384,1.275578384,0.000000000));
#17608=VECTOR('',#17607,1.);
#17609=LINE('',#17554,#17608);
#17610=DIRECTION('',(0.000000000,4.154580000,0.000000000));
#17611=VECTOR('',#17610,1.);
#17612=LINE('',#17556,#17611);
#17613=DIRECTION('',(0.000000000,4.154580000,0.000000000));
#17614=VECTOR('',#17613,1.);
#17615=LINE('',#17558,#17614);
#17616=DIRECTION('',(4.176210000,4.176210000,0.000000000));
#17617=VECTOR('',#17616,1.);
#17618=LINE('',#17560,#17617);
#17619=DIRECTION('',(4.176210000,4.176210000,0.000000000));
#17620=VECTOR('',#17619,1.);
#17621=LINE('',#17562,#17620);
#17622=DIRECTION('',(4.309863889,0.000000000,0.000000000));
#17623=VECTOR('',#17622,1.);
#17624=LINE('',#17564,#17623);
#17625=DIRECTION('',(4.309863889,0.000000000,0.000000000));
#17626=VECTOR('',#17625,1.);
#17627=LINE('',#17566,#17626);
#17628=CARTESIAN_POINT('',(18.415000000,22.740000000,-0.835000000));
#17629=DIRECTION('',(0.,0.,1.));
#17630=DIRECTION('',(1.,0.,0.));
#17631=AXIS2_PLACEMENT_3D('',#17628,#17629,#17630);
#17632=CIRCLE('',#17631,0.825000000);
#17633=CARTESIAN_POINT('',(18.415000000,22.740000000,-0.800000000));
#17634=DIRECTION('',(0.,0.,1.));
#17635=DIRECTION('',(1.,0.,0.));
#17636=AXIS2_PLACEMENT_3D('',#17633,#17634,#17635);
#17637=CIRCLE('',#17636,0.825000000);
#17638=DIRECTION('',(-4.415073889,0.000000000,0.000000000));
#17639=VECTOR('',#17638,1.);
#17640=LINE('',#17572,#17639);
#17641=DIRECTION('',(-4.415073889,0.000000000,0.000000000));
#17642=VECTOR('',#17641,1.);
#17643=LINE('',#17574,#17642);
#17644=CARTESIAN_POINT('',(13.215000000,22.740000000,-0.835000000));
#17645=DIRECTION('',(0.,0.,1.));
#17646=DIRECTION('',(1.,0.,0.));
#17647=AXIS2_PLACEMENT_3D('',#17644,#17645,#17646);
#17648=CIRCLE('',#17647,0.254000000);
#17649=CARTESIAN_POINT('',(13.215000000,22.740000000,-0.800000000));
#17650=DIRECTION('',(0.,0.,1.));
#17651=DIRECTION('',(1.,0.,0.));
#17652=AXIS2_PLACEMENT_3D('',#17649,#17650,#17651);
#17653=CIRCLE('',#17652,0.254000000);
#17654=DIRECTION('',(-4.325000000,-4.325000000,0.000000000));
#17655=VECTOR('',#17654,1.);
#17656=LINE('',#17580,#17655);
#17657=DIRECTION('',(-4.325000000,-4.325000000,0.000000000));
#17658=VECTOR('',#17657,1.);
#17659=LINE('',#17582,#17658);
#17660=CARTESIAN_POINT('',(8.890000000,18.415000000,-0.835000000));
#17661=DIRECTION('',(0.,0.,1.));
#17662=DIRECTION('',(1.,0.,0.));
#17663=AXIS2_PLACEMENT_3D('',#17660,#17661,#17662);
#17664=CIRCLE('',#17663,0.254000000);
#17665=CARTESIAN_POINT('',(8.890000000,18.415000000,-0.800000000));
#17666=DIRECTION('',(0.,0.,1.));
#17667=DIRECTION('',(1.,0.,0.));
#17668=AXIS2_PLACEMENT_3D('',#17665,#17666,#17667);
#17669=CIRCLE('',#17668,0.254000000);
#17670=DIRECTION('',(0.000000000,-4.365000000,0.000000000));
#17671=VECTOR('',#17670,1.);
#17672=LINE('',#17588,#17671);
#17673=DIRECTION('',(0.000000000,-4.365000000,0.000000000));
#17674=VECTOR('',#17673,1.);
#17675=LINE('',#17590,#17674);
#17676=CARTESIAN_POINT('',(8.890000000,14.050000000,-0.835000000));
#17677=DIRECTION('',(0.,0.,1.));
#17678=DIRECTION('',(1.,0.,0.));
#17679=AXIS2_PLACEMENT_3D('',#17676,#17677,#17678);
#17680=CIRCLE('',#17679,0.254000000);
#17681=CARTESIAN_POINT('',(8.890000000,14.050000000,-0.800000000));
#17682=DIRECTION('',(0.,0.,1.));
#17683=DIRECTION('',(1.,0.,0.));
#17684=AXIS2_PLACEMENT_3D('',#17681,#17682,#17683);
#17685=CIRCLE('',#17684,0.254000000);
#17686=DIRECTION('',(1.350183087,-1.350183087,0.000000000));
#17687=VECTOR('',#17686,1.);
#17688=LINE('',#17596,#17687);
#17689=DIRECTION('',(1.350183087,-1.350183087,0.000000000));
#17690=VECTOR('',#17689,1.);
#17691=LINE('',#17598,#17690);
#17692=CARTESIAN_POINT('',(10.795000000,12.145000000,-0.835000000));
#17693=DIRECTION('',(0.,0.,1.));
#17694=DIRECTION('',(1.,0.,0.));
#17695=AXIS2_PLACEMENT_3D('',#17692,#17693,#17694);
#17696=CIRCLE('',#17695,0.825000000);
#17697=CARTESIAN_POINT('',(10.795000000,12.145000000,-0.800000000));
#17698=DIRECTION('',(0.,0.,1.));
#17699=DIRECTION('',(1.,0.,0.));
#17700=AXIS2_PLACEMENT_3D('',#17697,#17698,#17699);
#17701=CIRCLE('',#17700,0.825000000);
#17702=DIRECTION('',(0.000000000,0.000000000,0.035000000));
#17703=VECTOR('',#17702,1.);
#17704=LINE('',#17552,#17703);
#17705=DIRECTION('',(0.000000000,0.000000000,0.035000000));
#17706=VECTOR('',#17705,1.);
#17707=LINE('',#17556,#17706);
#17708=DIRECTION('',(0.000000000,0.000000000,0.035000000));
#17709=VECTOR('',#17708,1.);
#17710=LINE('',#17560,#17709);
#17711=DIRECTION('',(0.000000000,0.000000000,0.035000000));
#17712=VECTOR('',#17711,1.);
#17713=LINE('',#17564,#17712);
#17714=DIRECTION('',(0.000000000,0.000000000,0.035000000));
#17715=VECTOR('',#17714,1.);
#17716=LINE('',#17568,#17715);
#17717=DIRECTION('',(0.000000000,0.000000000,0.035000000));
#17718=VECTOR('',#17717,1.);
#17719=LINE('',#17572,#17718);
#17720=DIRECTION('',(0.000000000,0.000000000,0.035000000));
#17721=VECTOR('',#17720,1.);
#17722=LINE('',#17576,#17721);
#17723=DIRECTION('',(0.000000000,0.000000000,0.035000000));
#17724=VECTOR('',#17723,1.);
#17725=LINE('',#17580,#17724);
#17726=DIRECTION('',(0.000000000,0.000000000,0.035000000));
#17727=VECTOR('',#17726,1.);
#17728=LINE('',#17584,#17727);
#17729=DIRECTION('',(0.000000000,0.000000000,0.035000000));
#17730=VECTOR('',#17729,1.);
#17731=LINE('',#17588,#17730);
#17732=DIRECTION('',(0.000000000,0.000000000,0.035000000));
#17733=VECTOR('',#17732,1.);
#17734=LINE('',#17592,#17733);
#17735=DIRECTION('',(0.000000000,0.000000000,0.035000000));
#17736=VECTOR('',#17735,1.);
#17737=LINE('',#17596,#17736);
#17738=DIRECTION('',(0.000000000,0.000000000,0.035000000));
#17739=VECTOR('',#17738,1.);
#17740=LINE('',#17600,#17739);
#17741=EDGE_CURVE('',#17553,#17557,#17606,.T.);
#17742=ORIENTED_EDGE('',*,*,#17741,.T.);
#17743=ORIENTED_EDGE('',*,*,#17741,.F.);
#17744=EDGE_CURVE('',#17555,#17559,#17609,.T.);
#17745=ORIENTED_EDGE('',*,*,#17744,.T.);
#17746=ORIENTED_EDGE('',*,*,#17744,.F.);
#17747=EDGE_CURVE('',#17553,#17555,#17704,.T.);
#17748=ORIENTED_EDGE('',*,*,#17747,.T.);
#17749=ORIENTED_EDGE('',*,*,#17747,.F.);
#17750=EDGE_CURVE('',#17557,#17561,#17612,.T.);
#17751=ORIENTED_EDGE('',*,*,#17750,.T.);
#17752=ORIENTED_EDGE('',*,*,#17750,.F.);
#17753=EDGE_CURVE('',#17559,#17563,#17615,.T.);
#17754=ORIENTED_EDGE('',*,*,#17753,.T.);
#17755=ORIENTED_EDGE('',*,*,#17753,.F.);
#17756=EDGE_CURVE('',#17557,#17559,#17707,.T.);
#17757=ORIENTED_EDGE('',*,*,#17756,.T.);
#17758=ORIENTED_EDGE('',*,*,#17756,.F.);
#17759=EDGE_CURVE('',#17561,#17565,#17618,.T.);
#17760=ORIENTED_EDGE('',*,*,#17759,.T.);
#17761=ORIENTED_EDGE('',*,*,#17759,.F.);
#17762=EDGE_CURVE('',#17563,#17567,#17621,.T.);
#17763=ORIENTED_EDGE('',*,*,#17762,.T.);
#17764=ORIENTED_EDGE('',*,*,#17762,.F.);
#17765=EDGE_CURVE('',#17561,#17563,#17710,.T.);
#17766=ORIENTED_EDGE('',*,*,#17765,.T.);
#17767=ORIENTED_EDGE('',*,*,#17765,.F.);
#17768=EDGE_CURVE('',#17565,#17569,#17624,.T.);
#17769=ORIENTED_EDGE('',*,*,#17768,.T.);
#17770=ORIENTED_EDGE('',*,*,#17768,.F.);
#17771=EDGE_CURVE('',#17567,#17571,#17627,.T.);
#17772=ORIENTED_EDGE('',*,*,#17771,.T.);
#17773=ORIENTED_EDGE('',*,*,#17771,.F.);
#17774=EDGE_CURVE('',#17565,#17567,#17713,.T.);
#17775=ORIENTED_EDGE('',*,*,#17774,.T.);
#17776=ORIENTED_EDGE('',*,*,#17774,.F.);
#17777=EDGE_CURVE('',#17569,#17573,#17632,.T.);
#17778=ORIENTED_EDGE('',*,*,#17777,.T.);
#17779=ORIENTED_EDGE('',*,*,#17777,.F.);
#17780=EDGE_CURVE('',#17571,#17575,#17637,.T.);
#17781=ORIENTED_EDGE('',*,*,#17780,.T.);
#17782=ORIENTED_EDGE('',*,*,#17780,.F.);
#17783=EDGE_CURVE('',#17569,#17571,#17716,.T.);
#17784=ORIENTED_EDGE('',*,*,#17783,.T.);
#17785=ORIENTED_EDGE('',*,*,#17783,.F.);
#17786=EDGE_CURVE('',#17573,#17577,#17640,.T.);
#17787=ORIENTED_EDGE('',*,*,#17786,.T.);
#17788=ORIENTED_EDGE('',*,*,#17786,.F.);
#17789=EDGE_CURVE('',#17575,#17579,#17643,.T.);
#17790=ORIENTED_EDGE('',*,*,#17789,.T.);
#17791=ORIENTED_EDGE('',*,*,#17789,.F.);
#17792=EDGE_CURVE('',#17573,#17575,#17719,.T.);
#17793=ORIENTED_EDGE('',*,*,#17792,.T.);
#17794=ORIENTED_EDGE('',*,*,#17792,.F.);
#17795=EDGE_CURVE('',#17577,#17581,#17648,.T.);
#17796=ORIENTED_EDGE('',*,*,#17795,.T.);
#17797=ORIENTED_EDGE('',*,*,#17795,.F.);
#17798=EDGE_CURVE('',#17579,#17583,#17653,.T.);
#17799=ORIENTED_EDGE('',*,*,#17798,.T.);
#17800=ORIENTED_EDGE('',*,*,#17798,.F.);
#17801=EDGE_CURVE('',#17577,#17579,#17722,.T.);
#17802=ORIENTED_EDGE('',*,*,#17801,.T.);
#17803=ORIENTED_EDGE('',*,*,#17801,.F.);
#17804=EDGE_CURVE('',#17581,#17585,#17656,.T.);
#17805=ORIENTED_EDGE('',*,*,#17804,.T.);
#17806=ORIENTED_EDGE('',*,*,#17804,.F.);
#17807=EDGE_CURVE('',#17583,#17587,#17659,.T.);
#17808=ORIENTED_EDGE('',*,*,#17807,.T.);
#17809=ORIENTED_EDGE('',*,*,#17807,.F.);
#17810=EDGE_CURVE('',#17581,#17583,#17725,.T.);
#17811=ORIENTED_EDGE('',*,*,#17810,.T.);
#17812=ORIENTED_EDGE('',*,*,#17810,.F.);
#17813=EDGE_CURVE('',#17585,#17589,#17664,.T.);
#17814=ORIENTED_EDGE('',*,*,#17813,.T.);
#17815=ORIENTED_EDGE('',*,*,#17813,.F.);
#17816=EDGE_CURVE('',#17587,#17591,#17669,.T.);
#17817=ORIENTED_EDGE('',*,*,#17816,.T.);
#17818=ORIENTED_EDGE('',*,*,#17816,.F.);
#17819=EDGE_CURVE('',#17585,#17587,#17728,.T.);
#17820=ORIENTED_EDGE('',*,*,#17819,.T.);
#17821=ORIENTED_EDGE('',*,*,#17819,.F.);
#17822=EDGE_CURVE('',#17589,#17593,#17672,.T.);
#17823=ORIENTED_EDGE('',*,*,#17822,.T.);
#17824=ORIENTED_EDGE('',*,*,#17822,.F.);
#17825=EDGE_CURVE('',#17591,#17595,#17675,.T.);
#17826=ORIENTED_EDGE('',*,*,#17825,.T.);
#17827=ORIENTED_EDGE('',*,*,#17825,.F.);
#17828=EDGE_CURVE('',#17589,#17591,#17731,.T.);
#17829=ORIENTED_EDGE('',*,*,#17828,.T.);
#17830=ORIENTED_EDGE('',*,*,#17828,.F.);
#17831=EDGE_CURVE('',#17593,#17597,#17680,.T.);
#17832=ORIENTED_EDGE('',*,*,#17831,.T.);
#17833=ORIENTED_EDGE('',*,*,#17831,.F.);
#17834=EDGE_CURVE('',#17595,#17599,#17685,.T.);
#17835=ORIENTED_EDGE('',*,*,#17834,.T.);
#17836=ORIENTED_EDGE('',*,*,#17834,.F.);
#17837=EDGE_CURVE('',#17593,#17595,#17734,.T.);
#17838=ORIENTED_EDGE('',*,*,#17837,.T.);
#17839=ORIENTED_EDGE('',*,*,#17837,.F.);
#17840=EDGE_CURVE('',#17597,#17601,#17688,.T.);
#17841=ORIENTED_EDGE('',*,*,#17840,.T.);
#17842=ORIENTED_EDGE('',*,*,#17840,.F.);
#17843=EDGE_CURVE('',#17599,#17603,#17691,.T.);
#17844=ORIENTED_EDGE('',*,*,#17843,.T.);
#17845=ORIENTED_EDGE('',*,*,#17843,.F.);
#17846=EDGE_CURVE('',#17597,#17599,#17737,.T.);
#17847=ORIENTED_EDGE('',*,*,#17846,.T.);
#17848=ORIENTED_EDGE('',*,*,#17846,.F.);
#17849=EDGE_CURVE('',#17601,#17553,#17696,.T.);
#17850=ORIENTED_EDGE('',*,*,#17849,.T.);
#17851=ORIENTED_EDGE('',*,*,#17849,.F.);
#17852=EDGE_CURVE('',#17603,#17555,#17701,.T.);
#17853=ORIENTED_EDGE('',*,*,#17852,.T.);
#17854=ORIENTED_EDGE('',*,*,#17852,.F.);
#17855=EDGE_CURVE('',#17601,#17603,#17740,.T.);
#17856=ORIENTED_EDGE('',*,*,#17855,.T.);
#17857=ORIENTED_EDGE('',*,*,#17855,.F.);
#17858=EDGE_LOOP('',(#17749,#17742,#17757,#17746));
#17859=FACE_OUTER_BOUND('',#17858,.T.);
#17860=DIRECTION('',(2301067.191200000,2301067.191200000,0.000000000));
#17861=AXIS2_PLACEMENT_3D('',#17552,#17860,$);
#17862=PLANE('',#17861);
#17863=ADVANCED_FACE('',(#17859),#17862,.T.);
#17864=EDGE_LOOP('',(#17758,#17751,#17766,#17755));
#17865=FACE_OUTER_BOUND('',#17864,.T.);
#17866=DIRECTION('',(17260534.976400000,0.000000000,0.000000000));
#17867=AXIS2_PLACEMENT_3D('',#17556,#17866,$);
#17868=PLANE('',#17867);
#17869=ADVANCED_FACE('',(#17865),#17868,.T.);
#17870=EDGE_LOOP('',(#17767,#17760,#17775,#17764));
#17871=FACE_OUTER_BOUND('',#17870,.T.);
#17872=DIRECTION('',(24664916.852900000,-24664916.852900000,0.000000000));
#17873=AXIS2_PLACEMENT_3D('',#17560,#17872,$);
#17874=PLANE('',#17873);
#17875=ADVANCED_FACE('',(#17871),#17874,.T.);
#17876=EDGE_LOOP('',(#17776,#17769,#17784,#17773));
#17877=FACE_OUTER_BOUND('',#17876,.T.);
#17878=DIRECTION('',(0.000000000,-18574926.740200000,0.000000000));
#17879=AXIS2_PLACEMENT_3D('',#17564,#17878,$);
#17880=PLANE('',#17879);
#17881=ADVANCED_FACE('',(#17877),#17880,.T.);
#17882=EDGE_LOOP('',(#17785,#17778,#17793,#17782));
#17883=FACE_OUTER_BOUND('',#17882,.T.);
#17884=CARTESIAN_POINT('',(18.415000000,22.740000000,-0.835000000));
#17885=DIRECTION('',(0.,0.,1.));
#17886=AXIS2_PLACEMENT_3D('',#17884,#17885,#17699);
#17887=CYLINDRICAL_SURFACE('',#17886,0.825000000);
#17888=ADVANCED_FACE('',(#17883),#17887,.T.);
#17889=EDGE_LOOP('',(#17794,#17787,#17802,#17791));
#17890=FACE_OUTER_BOUND('',#17889,.T.);
#17891=DIRECTION('',(0.000000000,19492877.443800000,0.000000000));
#17892=AXIS2_PLACEMENT_3D('',#17572,#17891,$);
#17893=PLANE('',#17892);
#17894=ADVANCED_FACE('',(#17890),#17893,.T.);
#17895=EDGE_LOOP('',(#17803,#17796,#17811,#17800));
#17896=FACE_OUTER_BOUND('',#17895,.T.);
#17897=CARTESIAN_POINT('',(13.215000000,22.740000000,-0.835000000));
#17898=DIRECTION('',(0.,0.,1.));
#17899=AXIS2_PLACEMENT_3D('',#17897,#17898,#17699);
#17900=CYLINDRICAL_SURFACE('',#17899,0.254000000);
#17901=ADVANCED_FACE('',(#17896),#17900,.T.);
#17902=EDGE_LOOP('',(#17812,#17805,#17820,#17809));
#17903=FACE_OUTER_BOUND('',#17902,.T.);
#17904=DIRECTION('',(-26453748.567700000,26453748.567700000,0.000000000));
#17905=AXIS2_PLACEMENT_3D('',#17580,#17904,$);
#17906=PLANE('',#17905);
#17907=ADVANCED_FACE('',(#17903),#17906,.T.);
#17908=EDGE_LOOP('',(#17821,#17814,#17829,#17818));
#17909=FACE_OUTER_BOUND('',#17908,.T.);
#17910=CARTESIAN_POINT('',(8.890000000,18.415000000,-0.835000000));
#17911=DIRECTION('',(0.,0.,1.));
#17912=AXIS2_PLACEMENT_3D('',#17910,#17911,#17699);
#17913=CYLINDRICAL_SURFACE('',#17912,0.254000000);
#17914=ADVANCED_FACE('',(#17909),#17913,.T.);
#17915=EDGE_LOOP('',(#17830,#17823,#17838,#17827));
#17916=FACE_OUTER_BOUND('',#17915,.T.);
#17917=DIRECTION('',(-19053225.000000000,0.000000000,0.000000000));
#17918=AXIS2_PLACEMENT_3D('',#17588,#17917,$);
#17919=PLANE('',#17918);
#17920=ADVANCED_FACE('',(#17916),#17919,.T.);
#17921=EDGE_LOOP('',(#17839,#17832,#17847,#17836));
#17922=FACE_OUTER_BOUND('',#17921,.T.);
#17923=CARTESIAN_POINT('',(8.890000000,14.050000000,-0.835000000));
#17924=DIRECTION('',(0.,0.,1.));
#17925=AXIS2_PLACEMENT_3D('',#17923,#17924,#17699);
#17926=CYLINDRICAL_SURFACE('',#17925,0.254000000);
#17927=ADVANCED_FACE('',(#17922),#17926,.T.);
#17928=EDGE_LOOP('',(#17848,#17841,#17856,#17845));
#17929=FACE_OUTER_BOUND('',#17928,.T.);
#17930=DIRECTION('',(-2578103.358480000,-2578103.358480000,0.000000000));
#17931=AXIS2_PLACEMENT_3D('',#17596,#17930,$);
#17932=PLANE('',#17931);
#17933=ADVANCED_FACE('',(#17929),#17932,.T.);
#17934=EDGE_LOOP('',(#17857,#17850,#17748,#17854));
#17935=FACE_OUTER_BOUND('',#17934,.T.);
#17936=CARTESIAN_POINT('',(10.795000000,12.145000000,-0.835000000));
#17937=DIRECTION('',(0.,0.,1.));
#17938=AXIS2_PLACEMENT_3D('',#17936,#17937,#17699);
#17939=CYLINDRICAL_SURFACE('',#17938,0.825000000);
#17940=ADVANCED_FACE('',(#17935),#17939,.T.);
#17941=EDGE_LOOP('',(#17851,#17842,#17833,#17824,#17815,#17806,#17797,#17788,#17779,#17770,#17761,#17752,#17743));
#17942=FACE_OUTER_BOUND('',#17941,.T.);
#17943=DIRECTION('',(0.,0.,-1.));
#17944=AXIS2_PLACEMENT_3D('',#17552,#17943,$);
#17945=PLANE('',#17944);
#17946=ADVANCED_FACE('',(#17492,#17543,#17942),#17945,.T.);
#17947=EDGE_LOOP('',(#17745,#17754,#17763,#17772,#17781,#17790,#17799,#17808,#17817,#17826,#17835,#17844,#17853));
#17948=FACE_OUTER_BOUND('',#17947,.T.);
#17949=DIRECTION('',(0.,0.,1.));
#17950=AXIS2_PLACEMENT_3D('',#17554,#17949,$);
#17951=PLANE('',#17950);
#17952=ADVANCED_FACE('',(#17474,#17525,#17948),#17951,.T.);
#17953=CLOSED_SHELL('NONE',(#17496,#17500,#17547,#17551,#17863,#17869,#17875,#17881,#17888,#17894,#17901,#17907,#17914,#17920,#17927,#17933,#17940,#17946,#17952));
#17954=MANIFOLD_SOLID_BREP('Combinateur_LR_Copperplane_2_AN_IN_R_1',#17953);
#17955=STYLED_ITEM('',(#2035),#17954);
#17956=MECHANICAL_DESIGN_GEOMETRIC_PRESENTATION_REPRESENTATION('',(#17955),#90);
#17957=PRODUCT('Copper_AN_IN_R_assembly','Copper_AN_IN_R_assembly','',(#2074));
#17958=PRODUCT_DEFINITION_FORMATION_WITH_SPECIFIED_SOURCE('NONE','',#17957,.NOT_KNOWN.);
#17959=PRODUCT_DEFINITION('NONE','',#17958,#2075);
#17960=SHAPE_REPRESENTATION('SR_Copper_AN_IN_R_assembly',(#2079),#90);
#17961=PRODUCT_DEFINITION_SHAPE('PDS_Copper_AN_IN_R_assembly','',#17959);
#17962=SHAPE_DEFINITION_REPRESENTATION(#17961,#17960);
#17963=PRODUCT('Copper_AN_IN_R','Copper_AN_IN_R','',(#2074));
#17964=PRODUCT_DEFINITION_FORMATION_WITH_SPECIFIED_SOURCE('NONE','',#17963,.NOT_KNOWN.);
#17965=PRODUCT_DEFINITION('NONE','',#17964,#2075);
#17966=SHAPE_REPRESENTATION('SR_Copper_AN_IN_R',(#2079),#90);
#17967=PRODUCT_DEFINITION_SHAPE('PDS_Copper_AN_IN_R','',#17965);
#17968=SHAPE_DEFINITION_REPRESENTATION(#17967,#17966);
#17969=ADVANCED_BREP_SHAPE_REPRESENTATION('Copper_AN_IN_R',(#17337,#17447,#17954),#90);
#17970=SHAPE_REPRESENTATION_RELATIONSHIP('SRR_Copper_AN_IN_R','',#17969,#17966);
#17971=ITEM_DEFINED_TRANSFORMATION('IDT_Copper_AN_IN_R','',#2079,#2079);
#17972=(REPRESENTATION_RELATIONSHIP(' ',$,#17966,#17960)REPRESENTATION_RELATIONSHIP_WITH_TRANSFORMATION(#17971)SHAPE_REPRESENTATION_RELATIONSHIP());
#17973=NEXT_ASSEMBLY_USAGE_OCCURRENCE('NAUO_Copper_AN_IN_R','Copper_AN_IN_R','Copper_AN_IN_R',#17959,#17965,$);
#17974=PRODUCT_DEFINITION_SHAPE('PDS_NAUO_Copper_AN_IN_R','',#17973);
#17975=CONTEXT_DEPENDENT_SHAPE_REPRESENTATION(#17972,#17974);
#17976=ITEM_DEFINED_TRANSFORMATION('IDT_Copper_AN_IN_R_1','',#2079,#2079);
#17977=(REPRESENTATION_RELATIONSHIP(' ',$,#17960,#3210)REPRESENTATION_RELATIONSHIP_WITH_TRANSFORMATION(#17976)SHAPE_REPRESENTATION_RELATIONSHIP());
#17978=NEXT_ASSEMBLY_USAGE_OCCURRENCE('NAUO_Copper_AN_IN_R_1','Copper_AN_IN_R_1','Copper_AN_IN_R_1',#3209,#17959,$);
#17979=PRODUCT_DEFINITION_SHAPE('PDS_NAUO_Copper_AN_IN_R_1','',#17978);
#17980=CONTEXT_DEPENDENT_SHAPE_REPRESENTATION(#17977,#17979);
#17981=CARTESIAN_POINT('',(19.685000000,37.195000000,0.800000000));
#17982=VERTEX_POINT('',#17981);
#17983=CARTESIAN_POINT('',(19.685000000,37.195000000,0.835000000));
#17984=VERTEX_POINT('',#17983);
#17985=CARTESIAN_POINT('',(19.685000000,39.195000000,0.800000000));
#17986=VERTEX_POINT('',#17985);
#17987=CARTESIAN_POINT('',(19.685000000,39.195000000,0.835000000));
#17988=VERTEX_POINT('',#17987);
#17989=CARTESIAN_POINT('',(1.245000000,39.195000000,0.800000000));
#17990=VERTEX_POINT('',#17989);
#17991=CARTESIAN_POINT('',(1.245000000,39.195000000,0.835000000));
#17992=VERTEX_POINT('',#17991);
#17993=CARTESIAN_POINT('',(1.245000000,37.195000000,0.800000000));
#17994=VERTEX_POINT('',#17993);
#17995=CARTESIAN_POINT('',(1.245000000,37.195000000,0.835000000));
#17996=VERTEX_POINT('',#17995);
#17997=DIRECTION('',(0.000000000,2.000000000,0.000000000));
#17998=VECTOR('',#17997,1.);
#17999=LINE('',#17981,#17998);
#18000=DIRECTION('',(0.000000000,2.000000000,0.000000000));
#18001=VECTOR('',#18000,1.);
#18002=LINE('',#17983,#18001);
#18003=DIRECTION('',(-18.440000000,0.000000000,0.000000000));
#18004=VECTOR('',#18003,1.);
#18005=LINE('',#17985,#18004);
#18006=DIRECTION('',(-18.440000000,0.000000000,0.000000000));
#18007=VECTOR('',#18006,1.);
#18008=LINE('',#17987,#18007);
#18009=DIRECTION('',(0.000000000,-2.000000000,0.000000000));
#18010=VECTOR('',#18009,1.);
#18011=LINE('',#17989,#18010);
#18012=DIRECTION('',(0.000000000,-2.000000000,0.000000000));
#18013=VECTOR('',#18012,1.);
#18014=LINE('',#17991,#18013);
#18015=DIRECTION('',(18.440000000,0.000000000,0.000000000));
#18016=VECTOR('',#18015,1.);
#18017=LINE('',#17993,#18016);
#18018=DIRECTION('',(18.440000000,0.000000000,0.000000000));
#18019=VECTOR('',#18018,1.);
#18020=LINE('',#17995,#18019);
#18021=DIRECTION('',(0.000000000,0.000000000,0.035000000));
#18022=VECTOR('',#18021,1.);
#18023=LINE('',#17981,#18022);
#18024=DIRECTION('',(0.000000000,0.000000000,0.035000000));
#18025=VECTOR('',#18024,1.);
#18026=LINE('',#17985,#18025);
#18027=DIRECTION('',(0.000000000,0.000000000,0.035000000));
#18028=VECTOR('',#18027,1.);
#18029=LINE('',#17989,#18028);
#18030=DIRECTION('',(0.000000000,0.000000000,0.035000000));
#18031=VECTOR('',#18030,1.);
#18032=LINE('',#17993,#18031);
#18033=EDGE_CURVE('',#17982,#17986,#17999,.T.);
#18034=ORIENTED_EDGE('',*,*,#18033,.T.);
#18035=ORIENTED_EDGE('',*,*,#18033,.F.);
#18036=EDGE_CURVE('',#17984,#17988,#18002,.T.);
#18037=ORIENTED_EDGE('',*,*,#18036,.T.);
#18038=ORIENTED_EDGE('',*,*,#18036,.F.);
#18039=EDGE_CURVE('',#17982,#17984,#18023,.T.);
#18040=ORIENTED_EDGE('',*,*,#18039,.T.);
#18041=ORIENTED_EDGE('',*,*,#18039,.F.);
#18042=EDGE_CURVE('',#17986,#17990,#18005,.T.);
#18043=ORIENTED_EDGE('',*,*,#18042,.T.);
#18044=ORIENTED_EDGE('',*,*,#18042,.F.);
#18045=EDGE_CURVE('',#17988,#17992,#18008,.T.);
#18046=ORIENTED_EDGE('',*,*,#18045,.T.);
#18047=ORIENTED_EDGE('',*,*,#18045,.F.);
#18048=EDGE_CURVE('',#17986,#17988,#18026,.T.);
#18049=ORIENTED_EDGE('',*,*,#18048,.T.);
#18050=ORIENTED_EDGE('',*,*,#18048,.F.);
#18051=EDGE_CURVE('',#17990,#17994,#18011,.T.);
#18052=ORIENTED_EDGE('',*,*,#18051,.T.);
#18053=ORIENTED_EDGE('',*,*,#18051,.F.);
#18054=EDGE_CURVE('',#17992,#17996,#18014,.T.);
#18055=ORIENTED_EDGE('',*,*,#18054,.T.);
#18056=ORIENTED_EDGE('',*,*,#18054,.F.);
#18057=EDGE_CURVE('',#17990,#17992,#18029,.T.);
#18058=ORIENTED_EDGE('',*,*,#18057,.T.);
#18059=ORIENTED_EDGE('',*,*,#18057,.F.);
#18060=EDGE_CURVE('',#17994,#17982,#18017,.T.);
#18061=ORIENTED_EDGE('',*,*,#18060,.T.);
#18062=ORIENTED_EDGE('',*,*,#18060,.F.);
#18063=EDGE_CURVE('',#17996,#17984,#18020,.T.);
#18064=ORIENTED_EDGE('',*,*,#18063,.T.);
#18065=ORIENTED_EDGE('',*,*,#18063,.F.);
#18066=EDGE_CURVE('',#17994,#17996,#18032,.T.);
#18067=ORIENTED_EDGE('',*,*,#18066,.T.);
#18068=ORIENTED_EDGE('',*,*,#18066,.F.);
#18069=EDGE_LOOP('',(#18041,#18034,#18049,#18038));
#18070=FACE_OUTER_BOUND('',#18069,.T.);
#18071=DIRECTION('',(4000000.000000000,0.000000000,0.000000000));
#18072=AXIS2_PLACEMENT_3D('',#17981,#18071,$);
#18073=PLANE('',#18072);
#18074=ADVANCED_FACE('',(#18070),#18073,.T.);
#18075=EDGE_LOOP('',(#18050,#18043,#18058,#18047));
#18076=FACE_OUTER_BOUND('',#18075,.T.);
#18077=DIRECTION('',(0.000000000,340033600.000000000,0.000000000));
#18078=AXIS2_PLACEMENT_3D('',#17985,#18077,$);
#18079=PLANE('',#18078);
#18080=ADVANCED_FACE('',(#18076),#18079,.T.);
#18081=EDGE_LOOP('',(#18059,#18052,#18067,#18056));
#18082=FACE_OUTER_BOUND('',#18081,.T.);
#18083=DIRECTION('',(-4000000.000000000,0.000000000,0.000000000));
#18084=AXIS2_PLACEMENT_3D('',#17989,#18083,$);
#18085=PLANE('',#18084);
#18086=ADVANCED_FACE('',(#18082),#18085,.T.);
#18087=EDGE_LOOP('',(#18068,#18061,#18040,#18065));
#18088=FACE_OUTER_BOUND('',#18087,.T.);
#18089=DIRECTION('',(0.000000000,-340033600.000000000,0.000000000));
#18090=AXIS2_PLACEMENT_3D('',#17993,#18089,$);
#18091=PLANE('',#18090);
#18092=ADVANCED_FACE('',(#18088),#18091,.T.);
#18093=EDGE_LOOP('',(#18062,#18053,#18044,#18035));
#18094=FACE_OUTER_BOUND('',#18093,.T.);
#18095=DIRECTION('',(0.,0.,-1.));
#18096=AXIS2_PLACEMENT_3D('',#17981,#18095,$);
#18097=PLANE('',#18096);
#18098=ADVANCED_FACE('',(#18094),#18097,.T.);
#18099=EDGE_LOOP('',(#18037,#18046,#18055,#18064));
#18100=FACE_OUTER_BOUND('',#18099,.T.);
#18101=DIRECTION('',(0.,0.,1.));
#18102=AXIS2_PLACEMENT_3D('',#17983,#18101,$);
#18103=PLANE('',#18102);
#18104=ADVANCED_FACE('',(#18100),#18103,.T.);
#18105=CLOSED_SHELL('NONE',(#18074,#18080,#18086,#18092,#18098,#18104));
#18106=MANIFOLD_SOLID_BREP('Combinateur_LR_Copperplane_16_1',#18105);
#18107=STYLED_ITEM('',(#2035),#18106);
#18108=MECHANICAL_DESIGN_GEOMETRIC_PRESENTATION_REPRESENTATION('',(#18107),#90);
#18109=CARTESIAN_POINT('',(29.495000000,12.065000000,0.800000000));
#18110=VERTEX_POINT('',#18109);
#18111=CARTESIAN_POINT('',(29.495000000,12.065000000,0.835000000));
#18112=VERTEX_POINT('',#18111);
#18113=CARTESIAN_POINT('',(29.495000000,29.005000000,0.800000000));
#18114=VERTEX_POINT('',#18113);
#18115=CARTESIAN_POINT('',(29.495000000,29.005000000,0.835000000));
#18116=VERTEX_POINT('',#18115);
#18117=CARTESIAN_POINT('',(27.495000000,29.005000000,0.800000000));
#18118=VERTEX_POINT('',#18117);
#18119=CARTESIAN_POINT('',(27.495000000,29.005000000,0.835000000));
#18120=VERTEX_POINT('',#18119);
#18121=CARTESIAN_POINT('',(27.495000000,12.065000000,0.800000000));
#18122=VERTEX_POINT('',#18121);
#18123=CARTESIAN_POINT('',(27.495000000,12.065000000,0.835000000));
#18124=VERTEX_POINT('',#18123);
#18125=DIRECTION('',(0.000000000,16.940000000,0.000000000));
#18126=VECTOR('',#18125,1.);
#18127=LINE('',#18109,#18126);
#18128=DIRECTION('',(0.000000000,16.940000000,0.000000000));
#18129=VECTOR('',#18128,1.);
#18130=LINE('',#18111,#18129);
#18131=DIRECTION('',(-2.000000000,0.000000000,0.000000000));
#18132=VECTOR('',#18131,1.);
#18133=LINE('',#18113,#18132);
#18134=DIRECTION('',(-2.000000000,0.000000000,0.000000000));
#18135=VECTOR('',#18134,1.);
#18136=LINE('',#18115,#18135);
#18137=DIRECTION('',(0.000000000,-16.940000000,0.000000000));
#18138=VECTOR('',#18137,1.);
#18139=LINE('',#18117,#18138);
#18140=DIRECTION('',(0.000000000,-16.940000000,0.000000000));
#18141=VECTOR('',#18140,1.);
#18142=LINE('',#18119,#18141);
#18143=DIRECTION('',(2.000000000,0.000000000,0.000000000));
#18144=VECTOR('',#18143,1.);
#18145=LINE('',#18121,#18144);
#18146=DIRECTION('',(2.000000000,0.000000000,0.000000000));
#18147=VECTOR('',#18146,1.);
#18148=LINE('',#18123,#18147);
#18149=DIRECTION('',(0.000000000,0.000000000,0.035000000));
#18150=VECTOR('',#18149,1.);
#18151=LINE('',#18109,#18150);
#18152=DIRECTION('',(0.000000000,0.000000000,0.035000000));
#18153=VECTOR('',#18152,1.);
#18154=LINE('',#18113,#18153);
#18155=DIRECTION('',(0.000000000,0.000000000,0.035000000));
#18156=VECTOR('',#18155,1.);
#18157=LINE('',#18117,#18156);
#18158=DIRECTION('',(0.000000000,0.000000000,0.035000000));
#18159=VECTOR('',#18158,1.);
#18160=LINE('',#18121,#18159);
#18161=EDGE_CURVE('',#18110,#18114,#18127,.T.);
#18162=ORIENTED_EDGE('',*,*,#18161,.T.);
#18163=ORIENTED_EDGE('',*,*,#18161,.F.);
#18164=EDGE_CURVE('',#18112,#18116,#18130,.T.);
#18165=ORIENTED_EDGE('',*,*,#18164,.T.);
#18166=ORIENTED_EDGE('',*,*,#18164,.F.);
#18167=EDGE_CURVE('',#18110,#18112,#18151,.T.);
#18168=ORIENTED_EDGE('',*,*,#18167,.T.);
#18169=ORIENTED_EDGE('',*,*,#18167,.F.);
#18170=EDGE_CURVE('',#18114,#18118,#18133,.T.);
#18171=ORIENTED_EDGE('',*,*,#18170,.T.);
#18172=ORIENTED_EDGE('',*,*,#18170,.F.);
#18173=EDGE_CURVE('',#18116,#18120,#18136,.T.);
#18174=ORIENTED_EDGE('',*,*,#18173,.T.);
#18175=ORIENTED_EDGE('',*,*,#18173,.F.);
#18176=EDGE_CURVE('',#18114,#18116,#18154,.T.);
#18177=ORIENTED_EDGE('',*,*,#18176,.T.);
#18178=ORIENTED_EDGE('',*,*,#18176,.F.);
#18179=EDGE_CURVE('',#18118,#18122,#18139,.T.);
#18180=ORIENTED_EDGE('',*,*,#18179,.T.);
#18181=ORIENTED_EDGE('',*,*,#18179,.F.);
#18182=EDGE_CURVE('',#18120,#18124,#18142,.T.);
#18183=ORIENTED_EDGE('',*,*,#18182,.T.);
#18184=ORIENTED_EDGE('',*,*,#18182,.F.);
#18185=EDGE_CURVE('',#18118,#18120,#18157,.T.);
#18186=ORIENTED_EDGE('',*,*,#18185,.T.);
#18187=ORIENTED_EDGE('',*,*,#18185,.F.);
#18188=EDGE_CURVE('',#18122,#18110,#18145,.T.);
#18189=ORIENTED_EDGE('',*,*,#18188,.T.);
#18190=ORIENTED_EDGE('',*,*,#18188,.F.);
#18191=EDGE_CURVE('',#18124,#18112,#18148,.T.);
#18192=ORIENTED_EDGE('',*,*,#18191,.T.);
#18193=ORIENTED_EDGE('',*,*,#18191,.F.);
#18194=EDGE_CURVE('',#18122,#18124,#18160,.T.);
#18195=ORIENTED_EDGE('',*,*,#18194,.T.);
#18196=ORIENTED_EDGE('',*,*,#18194,.F.);
#18197=EDGE_LOOP('',(#18169,#18162,#18177,#18166));
#18198=FACE_OUTER_BOUND('',#18197,.T.);
#18199=DIRECTION('',(286963600.000000000,0.000000000,0.000000000));
#18200=AXIS2_PLACEMENT_3D('',#18109,#18199,$);
#18201=PLANE('',#18200);
#18202=ADVANCED_FACE('',(#18198),#18201,.T.);
#18203=EDGE_LOOP('',(#18178,#18171,#18186,#18175));
#18204=FACE_OUTER_BOUND('',#18203,.T.);
#18205=DIRECTION('',(0.000000000,4000000.000000000,0.000000000));
#18206=AXIS2_PLACEMENT_3D('',#18113,#18205,$);
#18207=PLANE('',#18206);
#18208=ADVANCED_FACE('',(#18204),#18207,.T.);
#18209=EDGE_LOOP('',(#18187,#18180,#18195,#18184));
#18210=FACE_OUTER_BOUND('',#18209,.T.);
#18211=DIRECTION('',(-286963600.000000000,0.000000000,0.000000000));
#18212=AXIS2_PLACEMENT_3D('',#18117,#18211,$);
#18213=PLANE('',#18212);
#18214=ADVANCED_FACE('',(#18210),#18213,.T.);
#18215=EDGE_LOOP('',(#18196,#18189,#18168,#18193));
#18216=FACE_OUTER_BOUND('',#18215,.T.);
#18217=DIRECTION('',(0.000000000,-4000000.000000000,0.000000000));
#18218=AXIS2_PLACEMENT_3D('',#18121,#18217,$);
#18219=PLANE('',#18218);
#18220=ADVANCED_FACE('',(#18216),#18219,.T.);
#18221=EDGE_LOOP('',(#18190,#18181,#18172,#18163));
#18222=FACE_OUTER_BOUND('',#18221,.T.);
#18223=DIRECTION('',(0.,0.,-1.));
#18224=AXIS2_PLACEMENT_3D('',#18109,#18223,$);
#18225=PLANE('',#18224);
#18226=ADVANCED_FACE('',(#18222),#18225,.T.);
#18227=EDGE_LOOP('',(#18165,#18174,#18183,#18192));
#18228=FACE_OUTER_BOUND('',#18227,.T.);
#18229=DIRECTION('',(0.,0.,1.));
#18230=AXIS2_PLACEMENT_3D('',#18111,#18229,$);
#18231=PLANE('',#18230);
#18232=ADVANCED_FACE('',(#18228),#18231,.T.);
#18233=CLOSED_SHELL('NONE',(#18202,#18208,#18214,#18220,#18226,#18232));
#18234=MANIFOLD_SOLID_BREP('Combinateur_LR_Copperplane_16_2',#18233);
#18235=STYLED_ITEM('',(#2035),#18234);
#18236=MECHANICAL_DESIGN_GEOMETRIC_PRESENTATION_REPRESENTATION('',(#18235),#90);
#18237=CARTESIAN_POINT('',(17.145000000,1.810000000,0.800000000));
#18238=VERTEX_POINT('',#18237);
#18239=CARTESIAN_POINT('',(17.145000000,1.810000000,0.835000000));
#18240=VERTEX_POINT('',#18239);
#18241=CARTESIAN_POINT('',(17.145000000,3.810000000,0.800000000));
#18242=VERTEX_POINT('',#18241);
#18243=CARTESIAN_POINT('',(17.145000000,3.810000000,0.835000000));
#18244=VERTEX_POINT('',#18243);
#18245=CARTESIAN_POINT('',(2.945000000,3.810000000,0.800000000));
#18246=VERTEX_POINT('',#18245);
#18247=CARTESIAN_POINT('',(2.945000000,3.810000000,0.835000000));
#18248=VERTEX_POINT('',#18247);
#18249=CARTESIAN_POINT('',(2.945000000,1.810000000,0.800000000));
#18250=VERTEX_POINT('',#18249);
#18251=CARTESIAN_POINT('',(2.945000000,1.810000000,0.835000000));
#18252=VERTEX_POINT('',#18251);
#18253=DIRECTION('',(0.000000000,2.000000000,0.000000000));
#18254=VECTOR('',#18253,1.);
#18255=LINE('',#18237,#18254);
#18256=DIRECTION('',(0.000000000,2.000000000,0.000000000));
#18257=VECTOR('',#18256,1.);
#18258=LINE('',#18239,#18257);
#18259=DIRECTION('',(-14.200000000,0.000000000,0.000000000));
#18260=VECTOR('',#18259,1.);
#18261=LINE('',#18241,#18260);
#18262=DIRECTION('',(-14.200000000,0.000000000,0.000000000));
#18263=VECTOR('',#18262,1.);
#18264=LINE('',#18243,#18263);
#18265=DIRECTION('',(0.000000000,-2.000000000,0.000000000));
#18266=VECTOR('',#18265,1.);
#18267=LINE('',#18245,#18266);
#18268=DIRECTION('',(0.000000000,-2.000000000,0.000000000));
#18269=VECTOR('',#18268,1.);
#18270=LINE('',#18247,#18269);
#18271=DIRECTION('',(14.200000000,0.000000000,0.000000000));
#18272=VECTOR('',#18271,1.);
#18273=LINE('',#18249,#18272);
#18274=DIRECTION('',(14.200000000,0.000000000,0.000000000));
#18275=VECTOR('',#18274,1.);
#18276=LINE('',#18251,#18275);
#18277=DIRECTION('',(0.000000000,0.000000000,0.035000000));
#18278=VECTOR('',#18277,1.);
#18279=LINE('',#18237,#18278);
#18280=DIRECTION('',(0.000000000,0.000000000,0.035000000));
#18281=VECTOR('',#18280,1.);
#18282=LINE('',#18241,#18281);
#18283=DIRECTION('',(0.000000000,0.000000000,0.035000000));
#18284=VECTOR('',#18283,1.);
#18285=LINE('',#18245,#18284);
#18286=DIRECTION('',(0.000000000,0.000000000,0.035000000));
#18287=VECTOR('',#18286,1.);
#18288=LINE('',#18249,#18287);
#18289=EDGE_CURVE('',#18238,#18242,#18255,.T.);
#18290=ORIENTED_EDGE('',*,*,#18289,.T.);
#18291=ORIENTED_EDGE('',*,*,#18289,.F.);
#18292=EDGE_CURVE('',#18240,#18244,#18258,.T.);
#18293=ORIENTED_EDGE('',*,*,#18292,.T.);
#18294=ORIENTED_EDGE('',*,*,#18292,.F.);
#18295=EDGE_CURVE('',#18238,#18240,#18279,.T.);
#18296=ORIENTED_EDGE('',*,*,#18295,.T.);
#18297=ORIENTED_EDGE('',*,*,#18295,.F.);
#18298=EDGE_CURVE('',#18242,#18246,#18261,.T.);
#18299=ORIENTED_EDGE('',*,*,#18298,.T.);
#18300=ORIENTED_EDGE('',*,*,#18298,.F.);
#18301=EDGE_CURVE('',#18244,#18248,#18264,.T.);
#18302=ORIENTED_EDGE('',*,*,#18301,.T.);
#18303=ORIENTED_EDGE('',*,*,#18301,.F.);
#18304=EDGE_CURVE('',#18242,#18244,#18282,.T.);
#18305=ORIENTED_EDGE('',*,*,#18304,.T.);
#18306=ORIENTED_EDGE('',*,*,#18304,.F.);
#18307=EDGE_CURVE('',#18246,#18250,#18267,.T.);
#18308=ORIENTED_EDGE('',*,*,#18307,.T.);
#18309=ORIENTED_EDGE('',*,*,#18307,.F.);
#18310=EDGE_CURVE('',#18248,#18252,#18270,.T.);
#18311=ORIENTED_EDGE('',*,*,#18310,.T.);
#18312=ORIENTED_EDGE('',*,*,#18310,.F.);
#18313=EDGE_CURVE('',#18246,#18248,#18285,.T.);
#18314=ORIENTED_EDGE('',*,*,#18313,.T.);
#18315=ORIENTED_EDGE('',*,*,#18313,.F.);
#18316=EDGE_CURVE('',#18250,#18238,#18273,.T.);
#18317=ORIENTED_EDGE('',*,*,#18316,.T.);
#18318=ORIENTED_EDGE('',*,*,#18316,.F.);
#18319=EDGE_CURVE('',#18252,#18240,#18276,.T.);
#18320=ORIENTED_EDGE('',*,*,#18319,.T.);
#18321=ORIENTED_EDGE('',*,*,#18319,.F.);
#18322=EDGE_CURVE('',#18250,#18252,#18288,.T.);
#18323=ORIENTED_EDGE('',*,*,#18322,.T.);
#18324=ORIENTED_EDGE('',*,*,#18322,.F.);
#18325=EDGE_LOOP('',(#18297,#18290,#18305,#18294));
#18326=FACE_OUTER_BOUND('',#18325,.T.);
#18327=DIRECTION('',(4000000.000000000,0.000000000,0.000000000));
#18328=AXIS2_PLACEMENT_3D('',#18237,#18327,$);
#18329=PLANE('',#18328);
#18330=ADVANCED_FACE('',(#18326),#18329,.T.);
#18331=EDGE_LOOP('',(#18306,#18299,#18314,#18303));
#18332=FACE_OUTER_BOUND('',#18331,.T.);
#18333=DIRECTION('',(0.000000000,201640000.000000000,0.000000000));
#18334=AXIS2_PLACEMENT_3D('',#18241,#18333,$);
#18335=PLANE('',#18334);
#18336=ADVANCED_FACE('',(#18332),#18335,.T.);
#18337=EDGE_LOOP('',(#18315,#18308,#18323,#18312));
#18338=FACE_OUTER_BOUND('',#18337,.T.);
#18339=DIRECTION('',(-4000000.000000000,0.000000000,0.000000000));
#18340=AXIS2_PLACEMENT_3D('',#18245,#18339,$);
#18341=PLANE('',#18340);
#18342=ADVANCED_FACE('',(#18338),#18341,.T.);
#18343=EDGE_LOOP('',(#18324,#18317,#18296,#18321));
#18344=FACE_OUTER_BOUND('',#18343,.T.);
#18345=DIRECTION('',(0.000000000,-201640000.000000000,0.000000000));
#18346=AXIS2_PLACEMENT_3D('',#18249,#18345,$);
#18347=PLANE('',#18346);
#18348=ADVANCED_FACE('',(#18344),#18347,.T.);
#18349=EDGE_LOOP('',(#18318,#18309,#18300,#18291));
#18350=FACE_OUTER_BOUND('',#18349,.T.);
#18351=DIRECTION('',(0.,0.,-1.));
#18352=AXIS2_PLACEMENT_3D('',#18237,#18351,$);
#18353=PLANE('',#18352);
#18354=ADVANCED_FACE('',(#18350),#18353,.T.);
#18355=EDGE_LOOP('',(#18293,#18302,#18311,#18320));
#18356=FACE_OUTER_BOUND('',#18355,.T.);
#18357=DIRECTION('',(0.,0.,1.));
#18358=AXIS2_PLACEMENT_3D('',#18239,#18357,$);
#18359=PLANE('',#18358);
#18360=ADVANCED_FACE('',(#18356),#18359,.T.);
#18361=CLOSED_SHELL('NONE',(#18330,#18336,#18342,#18348,#18354,#18360));
#18362=MANIFOLD_SOLID_BREP('Combinateur_LR_Copperplane_16_3',#18361);
#18363=STYLED_ITEM('',(#2035),#18362);
#18364=MECHANICAL_DESIGN_GEOMETRIC_PRESENTATION_REPRESENTATION('',(#18363),#90);
#18365=PRODUCT('Copper_freie_assembly','Copper_freie_assembly','',(#2074));
#18366=PRODUCT_DEFINITION_FORMATION_WITH_SPECIFIED_SOURCE('NONE','',#18365,.NOT_KNOWN.);
#18367=PRODUCT_DEFINITION('NONE','',#18366,#2075);
#18368=SHAPE_REPRESENTATION('SR_Copper_freie_assembly',(#2079),#90);
#18369=PRODUCT_DEFINITION_SHAPE('PDS_Copper_freie_assembly','',#18367);
#18370=SHAPE_DEFINITION_REPRESENTATION(#18369,#18368);
#18371=PRODUCT('Copper_freie','Copper_freie','',(#2074));
#18372=PRODUCT_DEFINITION_FORMATION_WITH_SPECIFIED_SOURCE('NONE','',#18371,.NOT_KNOWN.);
#18373=PRODUCT_DEFINITION('NONE','',#18372,#2075);
#18374=SHAPE_REPRESENTATION('SR_Copper_freie',(#2079),#90);
#18375=PRODUCT_DEFINITION_SHAPE('PDS_Copper_freie','',#18373);
#18376=SHAPE_DEFINITION_REPRESENTATION(#18375,#18374);
#18377=ADVANCED_BREP_SHAPE_REPRESENTATION('Copper_freie',(#18106,#18234,#18362),#90);
#18378=SHAPE_REPRESENTATION_RELATIONSHIP('SRR_Copper_freie','',#18377,#18374);
#18379=ITEM_DEFINED_TRANSFORMATION('IDT_Copper_freie','',#2079,#2079);
#18380=(REPRESENTATION_RELATIONSHIP(' ',$,#18374,#18368)REPRESENTATION_RELATIONSHIP_WITH_TRANSFORMATION(#18379)SHAPE_REPRESENTATION_RELATIONSHIP());
#18381=NEXT_ASSEMBLY_USAGE_OCCURRENCE('NAUO_Copper_freie','Copper_freie','Copper_freie',#18367,#18373,$);
#18382=PRODUCT_DEFINITION_SHAPE('PDS_NAUO_Copper_freie','',#18381);
#18383=CONTEXT_DEPENDENT_SHAPE_REPRESENTATION(#18380,#18382);
#18384=ITEM_DEFINED_TRANSFORMATION('IDT_Copper_freie_1','',#2079,#2079);
#18385=(REPRESENTATION_RELATIONSHIP(' ',$,#18368,#3210)REPRESENTATION_RELATIONSHIP_WITH_TRANSFORMATION(#18384)SHAPE_REPRESENTATION_RELATIONSHIP());
#18386=NEXT_ASSEMBLY_USAGE_OCCURRENCE('NAUO_Copper_freie_1','Copper_freie_1','Copper_freie_1',#3209,#18367,$);
#18387=PRODUCT_DEFINITION_SHAPE('PDS_NAUO_Copper_freie_1','',#18386);
#18388=CONTEXT_DEPENDENT_SHAPE_REPRESENTATION(#18385,#18387);
#18389=CARTESIAN_POINT('',(22.300000000,6.500000000,-1.335000000));
#18390=VERTEX_POINT('',#18389);
#18391=CARTESIAN_POINT('',(22.300000000,6.500000000,-3.835000000));
#18392=VERTEX_POINT('',#18391);
#18393=CARTESIAN_POINT('',(25.000000000,8.100000000,-1.335000000));
#18394=VERTEX_POINT('',#18393);
#18395=CARTESIAN_POINT('',(25.000000000,8.100000000,-3.835000000));
#18396=VERTEX_POINT('',#18395);
#18397=CARTESIAN_POINT('',(27.700000000,6.500000000,-1.335000000));
#18398=VERTEX_POINT('',#18397);
#18399=CARTESIAN_POINT('',(27.700000000,6.500000000,-3.835000000));
#18400=VERTEX_POINT('',#18399);
#18401=CARTESIAN_POINT('',(27.700000000,3.500000000,-1.335000000));
#18402=VERTEX_POINT('',#18401);
#18403=CARTESIAN_POINT('',(27.700000000,3.500000000,-3.835000000));
#18404=VERTEX_POINT('',#18403);
#18405=CARTESIAN_POINT('',(25.000000000,1.900000000,-1.335000000));
#18406=VERTEX_POINT('',#18405);
#18407=CARTESIAN_POINT('',(25.000000000,1.900000000,-3.835000000));
#18408=VERTEX_POINT('',#18407);
#18409=CARTESIAN_POINT('',(22.300000000,3.500000000,-1.335000000));
#18410=VERTEX_POINT('',#18409);
#18411=CARTESIAN_POINT('',(22.300000000,3.500000000,-3.835000000));
#18412=VERTEX_POINT('',#18411);
#18413=DIRECTION('',(2.700000000,1.600000000,0.000000000));
#18414=VECTOR('',#18413,1.);
#18415=LINE('',#18389,#18414);
#18416=DIRECTION('',(2.700000000,1.600000000,0.000000000));
#18417=VECTOR('',#18416,1.);
#18418=LINE('',#18391,#18417);
#18419=DIRECTION('',(2.700000000,-1.600000000,0.000000000));
#18420=VECTOR('',#18419,1.);
#18421=LINE('',#18393,#18420);
#18422=DIRECTION('',(2.700000000,-1.600000000,0.000000000));
#18423=VECTOR('',#18422,1.);
#18424=LINE('',#18395,#18423);
#18425=DIRECTION('',(0.000000000,-3.000000000,0.000000000));
#18426=VECTOR('',#18425,1.);
#18427=LINE('',#18397,#18426);
#18428=DIRECTION('',(0.000000000,-3.000000000,0.000000000));
#18429=VECTOR('',#18428,1.);
#18430=LINE('',#18399,#18429);
#18431=DIRECTION('',(-2.700000000,-1.600000000,0.000000000));
#18432=VECTOR('',#18431,1.);
#18433=LINE('',#18401,#18432);
#18434=DIRECTION('',(-2.700000000,-1.600000000,0.000000000));
#18435=VECTOR('',#18434,1.);
#18436=LINE('',#18403,#18435);
#18437=DIRECTION('',(-2.700000000,1.600000000,0.000000000));
#18438=VECTOR('',#18437,1.);
#18439=LINE('',#18405,#18438);
#18440=DIRECTION('',(-2.700000000,1.600000000,0.000000000));
#18441=VECTOR('',#18440,1.);
#18442=LINE('',#18407,#18441);
#18443=DIRECTION('',(0.000000000,3.000000000,0.000000000));
#18444=VECTOR('',#18443,1.);
#18445=LINE('',#18409,#18444);
#18446=DIRECTION('',(0.000000000,3.000000000,0.000000000));
#18447=VECTOR('',#18446,1.);
#18448=LINE('',#18411,#18447);
#18449=DIRECTION('',(0.000000000,0.000000000,-2.500000000));
#18450=VECTOR('',#18449,1.);
#18451=LINE('',#18389,#18450);
#18452=DIRECTION('',(0.000000000,0.000000000,-2.500000000));
#18453=VECTOR('',#18452,1.);
#18454=LINE('',#18393,#18453);
#18455=DIRECTION('',(0.000000000,0.000000000,-2.500000000));
#18456=VECTOR('',#18455,1.);
#18457=LINE('',#18397,#18456);
#18458=DIRECTION('',(0.000000000,0.000000000,-2.500000000));
#18459=VECTOR('',#18458,1.);
#18460=LINE('',#18401,#18459);
#18461=DIRECTION('',(0.000000000,0.000000000,-2.500000000));
#18462=VECTOR('',#18461,1.);
#18463=LINE('',#18405,#18462);
#18464=DIRECTION('',(0.000000000,0.000000000,-2.500000000));
#18465=VECTOR('',#18464,1.);
#18466=LINE('',#18409,#18465);
#18467=EDGE_CURVE('',#18390,#18394,#18415,.T.);
#18468=ORIENTED_EDGE('',*,*,#18467,.T.);
#18469=ORIENTED_EDGE('',*,*,#18467,.F.);
#18470=EDGE_CURVE('',#18392,#18396,#18418,.T.);
#18471=ORIENTED_EDGE('',*,*,#18470,.T.);
#18472=ORIENTED_EDGE('',*,*,#18470,.F.);
#18473=EDGE_CURVE('',#18390,#18392,#18451,.T.);
#18474=ORIENTED_EDGE('',*,*,#18473,.T.);
#18475=ORIENTED_EDGE('',*,*,#18473,.F.);
#18476=EDGE_CURVE('',#18394,#18398,#18421,.T.);
#18477=ORIENTED_EDGE('',*,*,#18476,.T.);
#18478=ORIENTED_EDGE('',*,*,#18476,.F.);
#18479=EDGE_CURVE('',#18396,#18400,#18424,.T.);
#18480=ORIENTED_EDGE('',*,*,#18479,.T.);
#18481=ORIENTED_EDGE('',*,*,#18479,.F.);
#18482=EDGE_CURVE('',#18394,#18396,#18454,.T.);
#18483=ORIENTED_EDGE('',*,*,#18482,.T.);
#18484=ORIENTED_EDGE('',*,*,#18482,.F.);
#18485=EDGE_CURVE('',#18398,#18402,#18427,.T.);
#18486=ORIENTED_EDGE('',*,*,#18485,.T.);
#18487=ORIENTED_EDGE('',*,*,#18485,.F.);
#18488=EDGE_CURVE('',#18400,#18404,#18430,.T.);
#18489=ORIENTED_EDGE('',*,*,#18488,.T.);
#18490=ORIENTED_EDGE('',*,*,#18488,.F.);
#18491=EDGE_CURVE('',#18398,#18400,#18457,.T.);
#18492=ORIENTED_EDGE('',*,*,#18491,.T.);
#18493=ORIENTED_EDGE('',*,*,#18491,.F.);
#18494=EDGE_CURVE('',#18402,#18406,#18433,.T.);
#18495=ORIENTED_EDGE('',*,*,#18494,.T.);
#18496=ORIENTED_EDGE('',*,*,#18494,.F.);
#18497=EDGE_CURVE('',#18404,#18408,#18436,.T.);
#18498=ORIENTED_EDGE('',*,*,#18497,.T.);
#18499=ORIENTED_EDGE('',*,*,#18497,.F.);
#18500=EDGE_CURVE('',#18402,#18404,#18460,.T.);
#18501=ORIENTED_EDGE('',*,*,#18500,.T.);
#18502=ORIENTED_EDGE('',*,*,#18500,.F.);
#18503=EDGE_CURVE('',#18406,#18410,#18439,.T.);
#18504=ORIENTED_EDGE('',*,*,#18503,.T.);
#18505=ORIENTED_EDGE('',*,*,#18503,.F.);
#18506=EDGE_CURVE('',#18408,#18412,#18442,.T.);
#18507=ORIENTED_EDGE('',*,*,#18506,.T.);
#18508=ORIENTED_EDGE('',*,*,#18506,.F.);
#18509=EDGE_CURVE('',#18406,#18408,#18463,.T.);
#18510=ORIENTED_EDGE('',*,*,#18509,.T.);
#18511=ORIENTED_EDGE('',*,*,#18509,.F.);
#18512=EDGE_CURVE('',#18410,#18390,#18445,.T.);
#18513=ORIENTED_EDGE('',*,*,#18512,.T.);
#18514=ORIENTED_EDGE('',*,*,#18512,.F.);
#18515=EDGE_CURVE('',#18412,#18392,#18448,.T.);
#18516=ORIENTED_EDGE('',*,*,#18515,.T.);
#18517=ORIENTED_EDGE('',*,*,#18515,.F.);
#18518=EDGE_CURVE('',#18410,#18412,#18466,.T.);
#18519=ORIENTED_EDGE('',*,*,#18518,.T.);
#18520=ORIENTED_EDGE('',*,*,#18518,.F.);
#18521=EDGE_LOOP('',(#18474,#18471,#18484,#18469));
#18522=FACE_OUTER_BOUND('',#18521,.T.);
#18523=DIRECTION('',(-5021553.544470000,8473871.606300000,0.000000000));
#18524=AXIS2_PLACEMENT_3D('',#18389,#18523,$);
#18525=PLANE('',#18524);
#18526=ADVANCED_FACE('',(#18522),#18525,.T.);
#18527=EDGE_LOOP('',(#18483,#18480,#18493,#18478));
#18528=FACE_OUTER_BOUND('',#18527,.T.);
#18529=DIRECTION('',(5021553.544470000,8473871.606300000,0.000000000));
#18530=AXIS2_PLACEMENT_3D('',#18393,#18529,$);
#18531=PLANE('',#18530);
#18532=ADVANCED_FACE('',(#18528),#18531,.T.);
#18533=EDGE_LOOP('',(#18492,#18489,#18502,#18487));
#18534=FACE_OUTER_BOUND('',#18533,.T.);
#18535=DIRECTION('',(9000000.000000000,0.000000000,0.000000000));
#18536=AXIS2_PLACEMENT_3D('',#18397,#18535,$);
#18537=PLANE('',#18536);
#18538=ADVANCED_FACE('',(#18534),#18537,.T.);
#18539=EDGE_LOOP('',(#18501,#18498,#18511,#18496));
#18540=FACE_OUTER_BOUND('',#18539,.T.);
#18541=DIRECTION('',(5021553.544470000,-8473871.606300000,0.000000000));
#18542=AXIS2_PLACEMENT_3D('',#18401,#18541,$);
#18543=PLANE('',#18542);
#18544=ADVANCED_FACE('',(#18540),#18543,.T.);
#18545=EDGE_LOOP('',(#18510,#18507,#18520,#18505));
#18546=FACE_OUTER_BOUND('',#18545,.T.);
#18547=DIRECTION('',(-5021553.544470000,-8473871.606300000,0.000000000));
#18548=AXIS2_PLACEMENT_3D('',#18405,#18547,$);
#18549=PLANE('',#18548);
#18550=ADVANCED_FACE('',(#18546),#18549,.T.);
#18551=EDGE_LOOP('',(#18519,#18516,#18475,#18514));
#18552=FACE_OUTER_BOUND('',#18551,.T.);
#18553=DIRECTION('',(-9000000.000000000,0.000000000,0.000000000));
#18554=AXIS2_PLACEMENT_3D('',#18409,#18553,$);
#18555=PLANE('',#18554);
#18556=ADVANCED_FACE('',(#18552),#18555,.T.);
#18557=EDGE_LOOP('',(#18468,#18477,#18486,#18495,#18504,#18513));
#18558=FACE_OUTER_BOUND('',#18557,.T.);
#18559=DIRECTION('',(0.,0.,-1.));
#18560=AXIS2_PLACEMENT_3D('',#18389,#18559,$);
#18561=PLANE('',#18560);
#18562=ADVANCED_FACE('',(#18558),#18561,.T.);
#18563=EDGE_LOOP('',(#18517,#18508,#18499,#18490,#18481,#18472));
#18564=FACE_OUTER_BOUND('',#18563,.T.);
#18565=DIRECTION('',(0.,0.,1.));
#18566=AXIS2_PLACEMENT_3D('',#18391,#18565,$);
#18567=PLANE('',#18566);
#18568=ADVANCED_FACE('',(#18564),#18567,.T.);
#18569=CLOSED_SHELL('NONE',(#18526,#18532,#18538,#18544,#18550,#18556,#18562,#18568));
#18570=MANIFOLD_SOLID_BREP('Combinateur_LR_Components_X2_1',#18569);
#18571=STYLED_ITEM('',(#2071),#18570);
#18572=MECHANICAL_DESIGN_GEOMETRIC_PRESENTATION_REPRESENTATION('',(#18571),#90);
#18573=DIRECTION('',(0.000000000,0.000000000,-3.000000000));
#18574=DIRECTION('',(0.000000000,0.000000000,3.000000000));
#18575=DIRECTION('',(1.500000000,0.000000000,0.000000000));
#18576=CARTESIAN_POINT('',(25.000000000,5.000000000,-6.835000000));
#18577=AXIS2_PLACEMENT_3D('',#18576,#18573,#18575);
#18578=CIRCLE('',#18577,1.500000000);
#18579=CARTESIAN_POINT('',(25.000000000,5.000000000,-3.835000000));
#18580=AXIS2_PLACEMENT_3D('',#18579,#18574,#18575);
#18581=CIRCLE('',#18580,1.500000000);
#18582=CARTESIAN_POINT('',(26.500000000,5.000000000,-6.835000000));
#18583=VERTEX_POINT('',#18582);
#18584=CARTESIAN_POINT('',(23.500000000,5.000000000,-6.835000000));
#18585=VERTEX_POINT('',#18584);
#18586=CARTESIAN_POINT('',(26.500000000,5.000000000,-3.835000000));
#18587=VERTEX_POINT('',#18586);
#18588=CARTESIAN_POINT('',(23.500000000,5.000000000,-3.835000000));
#18589=VERTEX_POINT('',#18588);
#18590=EDGE_CURVE('',#18583,#18585,#18578,.T.);
#18591=ORIENTED_EDGE('',*,*,#18590,.T.);
#18592=ORIENTED_EDGE('',*,*,#18590,.F.);
#18593=EDGE_CURVE('',#18585,#18583,#18578,.T.);
#18594=ORIENTED_EDGE('',*,*,#18593,.T.);
#18595=ORIENTED_EDGE('',*,*,#18593,.F.);
#18596=EDGE_LOOP('',(#18591,#18594));
#18597=FACE_BOUND('',#18596,.T.);
#18598=DIRECTION('',(0.000000000,0.000000000,-3.000000000));
#18599=VECTOR('',#18598,1.);
#18600=LINE('',#18586,#18599);
#18601=EDGE_CURVE('',#18587,#18583,#18600,.T.);
#18602=ORIENTED_EDGE('',*,*,#18601,.T.);
#18603=ORIENTED_EDGE('',*,*,#18601,.F.);
#18604=LINE('',#18588,#18599);
#18605=EDGE_CURVE('',#18589,#18585,#18604,.T.);
#18606=ORIENTED_EDGE('',*,*,#18605,.T.);
#18607=ORIENTED_EDGE('',*,*,#18605,.F.);
#18608=EDGE_CURVE('',#18587,#18589,#18581,.T.);
#18609=ORIENTED_EDGE('',*,*,#18608,.T.);
#18610=ORIENTED_EDGE('',*,*,#18608,.F.);
#18611=EDGE_CURVE('',#18589,#18587,#18581,.T.);
#18612=ORIENTED_EDGE('',*,*,#18611,.T.);
#18613=ORIENTED_EDGE('',*,*,#18611,.F.);
#18614=EDGE_LOOP('',(#18609,#18612));
#18615=FACE_BOUND('',#18614,.T.);
#18616=EDGE_LOOP('',(#18592,#18603,#18613,#18606));
#18617=FACE_BOUND('',#18616,.T.);
#18618=CYLINDRICAL_SURFACE('',#18580,1.500000000);
#18619=ADVANCED_FACE('',(#18617),#18618,.T.);
#18620=EDGE_LOOP('',(#18595,#18607,#18610,#18602));
#18621=FACE_BOUND('',#18620,.T.);
#18622=CYLINDRICAL_SURFACE('',#18580,1.500000000);
#18623=ADVANCED_FACE('',(#18621),#18622,.T.);
#18624=PLANE('',#18580);
#18625=ADVANCED_FACE('',(#18615),#18624,.T.);
#18626=PLANE('',#18577);
#18627=ADVANCED_FACE('',(#18597),#18626,.T.);
#18628=CLOSED_SHELL('NONE',(#18619,#18623,#18625,#18627));
#18629=MANIFOLD_SOLID_BREP('Combinateur_LR_Components_X2_2',#18628);
#18630=STYLED_ITEM('',(#2071),#18629);
#18631=MECHANICAL_DESIGN_GEOMETRIC_PRESENTATION_REPRESENTATION('',(#18630),#90);
#18632=DIRECTION('',(0.000000000,0.000000000,-0.500000000));
#18633=DIRECTION('',(0.000000000,0.000000000,0.500000000));
#18634=DIRECTION('',(4.000000000,0.000000000,0.000000000));
#18635=CARTESIAN_POINT('',(25.000000000,5.000000000,-1.335000000));
#18636=AXIS2_PLACEMENT_3D('',#18635,#18632,#18634);
#18637=CIRCLE('',#18636,4.000000000);
#18638=CARTESIAN_POINT('',(25.000000000,5.000000000,-0.835000000));
#18639=AXIS2_PLACEMENT_3D('',#18638,#18633,#18634);
#18640=CIRCLE('',#18639,4.000000000);
#18641=CARTESIAN_POINT('',(29.000000000,5.000000000,-1.335000000));
#18642=VERTEX_POINT('',#18641);
#18643=CARTESIAN_POINT('',(21.000000000,5.000000000,-1.335000000));
#18644=VERTEX_POINT('',#18643);
#18645=CARTESIAN_POINT('',(29.000000000,5.000000000,-0.835000000));
#18646=VERTEX_POINT('',#18645);
#18647=CARTESIAN_POINT('',(21.000000000,5.000000000,-0.835000000));
#18648=VERTEX_POINT('',#18647);
#18649=EDGE_CURVE('',#18642,#18644,#18637,.T.);
#18650=ORIENTED_EDGE('',*,*,#18649,.T.);
#18651=ORIENTED_EDGE('',*,*,#18649,.F.);
#18652=EDGE_CURVE('',#18644,#18642,#18637,.T.);
#18653=ORIENTED_EDGE('',*,*,#18652,.T.);
#18654=ORIENTED_EDGE('',*,*,#18652,.F.);
#18655=EDGE_LOOP('',(#18650,#18653));
#18656=FACE_BOUND('',#18655,.T.);
#18657=DIRECTION('',(0.000000000,0.000000000,-0.500000000));
#18658=VECTOR('',#18657,1.);
#18659=LINE('',#18645,#18658);
#18660=EDGE_CURVE('',#18646,#18642,#18659,.T.);
#18661=ORIENTED_EDGE('',*,*,#18660,.T.);
#18662=ORIENTED_EDGE('',*,*,#18660,.F.);
#18663=LINE('',#18647,#18658);
#18664=EDGE_CURVE('',#18648,#18644,#18663,.T.);
#18665=ORIENTED_EDGE('',*,*,#18664,.T.);
#18666=ORIENTED_EDGE('',*,*,#18664,.F.);
#18667=EDGE_CURVE('',#18646,#18648,#18640,.T.);
#18668=ORIENTED_EDGE('',*,*,#18667,.T.);
#18669=ORIENTED_EDGE('',*,*,#18667,.F.);
#18670=EDGE_CURVE('',#18648,#18646,#18640,.T.);
#18671=ORIENTED_EDGE('',*,*,#18670,.T.);
#18672=ORIENTED_EDGE('',*,*,#18670,.F.);
#18673=EDGE_LOOP('',(#18668,#18671));
#18674=FACE_BOUND('',#18673,.T.);
#18675=EDGE_LOOP('',(#18651,#18662,#18672,#18665));
#18676=FACE_BOUND('',#18675,.T.);
#18677=CYLINDRICAL_SURFACE('',#18639,4.000000000);
#18678=ADVANCED_FACE('',(#18676),#18677,.T.);
#18679=EDGE_LOOP('',(#18654,#18666,#18669,#18661));
#18680=FACE_BOUND('',#18679,.T.);
#18681=CYLINDRICAL_SURFACE('',#18639,4.000000000);
#18682=ADVANCED_FACE('',(#18680),#18681,.T.);
#18683=PLANE('',#18639);
#18684=ADVANCED_FACE('',(#18674),#18683,.T.);
#18685=PLANE('',#18636);
#18686=ADVANCED_FACE('',(#18656),#18685,.T.);
#18687=CLOSED_SHELL('NONE',(#18678,#18682,#18684,#18686));
#18688=MANIFOLD_SOLID_BREP('Combinateur_LR_Components_X2_3',#18687);
#18689=STYLED_ITEM('',(#2071),#18688);
#18690=MECHANICAL_DESIGN_GEOMETRIC_PRESENTATION_REPRESENTATION('',(#18689),#90);
#18691=CARTESIAN_POINT('',(22.300000000,6.500000000,10.765000000));
#18692=VERTEX_POINT('',#18691);
#18693=CARTESIAN_POINT('',(22.300000000,6.500000000,0.765000000));
#18694=VERTEX_POINT('',#18693);
#18695=CARTESIAN_POINT('',(25.000000000,8.100000000,10.765000000));
#18696=VERTEX_POINT('',#18695);
#18697=CARTESIAN_POINT('',(25.000000000,8.100000000,0.765000000));
#18698=VERTEX_POINT('',#18697);
#18699=CARTESIAN_POINT('',(27.700000000,6.500000000,10.765000000));
#18700=VERTEX_POINT('',#18699);
#18701=CARTESIAN_POINT('',(27.700000000,6.500000000,0.765000000));
#18702=VERTEX_POINT('',#18701);
#18703=CARTESIAN_POINT('',(27.700000000,3.500000000,10.765000000));
#18704=VERTEX_POINT('',#18703);
#18705=CARTESIAN_POINT('',(27.700000000,3.500000000,0.765000000));
#18706=VERTEX_POINT('',#18705);
#18707=CARTESIAN_POINT('',(25.000000000,1.900000000,10.765000000));
#18708=VERTEX_POINT('',#18707);
#18709=CARTESIAN_POINT('',(25.000000000,1.900000000,0.765000000));
#18710=VERTEX_POINT('',#18709);
#18711=CARTESIAN_POINT('',(22.300000000,3.500000000,10.765000000));
#18712=VERTEX_POINT('',#18711);
#18713=CARTESIAN_POINT('',(22.300000000,3.500000000,0.765000000));
#18714=VERTEX_POINT('',#18713);
#18715=DIRECTION('',(2.700000000,1.600000000,0.000000000));
#18716=VECTOR('',#18715,1.);
#18717=LINE('',#18691,#18716);
#18718=DIRECTION('',(2.700000000,1.600000000,0.000000000));
#18719=VECTOR('',#18718,1.);
#18720=LINE('',#18693,#18719);
#18721=DIRECTION('',(2.700000000,-1.600000000,0.000000000));
#18722=VECTOR('',#18721,1.);
#18723=LINE('',#18695,#18722);
#18724=DIRECTION('',(2.700000000,-1.600000000,0.000000000));
#18725=VECTOR('',#18724,1.);
#18726=LINE('',#18697,#18725);
#18727=DIRECTION('',(0.000000000,-3.000000000,0.000000000));
#18728=VECTOR('',#18727,1.);
#18729=LINE('',#18699,#18728);
#18730=DIRECTION('',(0.000000000,-3.000000000,0.000000000));
#18731=VECTOR('',#18730,1.);
#18732=LINE('',#18701,#18731);
#18733=DIRECTION('',(-2.700000000,-1.600000000,0.000000000));
#18734=VECTOR('',#18733,1.);
#18735=LINE('',#18703,#18734);
#18736=DIRECTION('',(-2.700000000,-1.600000000,0.000000000));
#18737=VECTOR('',#18736,1.);
#18738=LINE('',#18705,#18737);
#18739=DIRECTION('',(-2.700000000,1.600000000,0.000000000));
#18740=VECTOR('',#18739,1.);
#18741=LINE('',#18707,#18740);
#18742=DIRECTION('',(-2.700000000,1.600000000,0.000000000));
#18743=VECTOR('',#18742,1.);
#18744=LINE('',#18709,#18743);
#18745=DIRECTION('',(0.000000000,3.000000000,0.000000000));
#18746=VECTOR('',#18745,1.);
#18747=LINE('',#18711,#18746);
#18748=DIRECTION('',(0.000000000,3.000000000,0.000000000));
#18749=VECTOR('',#18748,1.);
#18750=LINE('',#18713,#18749);
#18751=DIRECTION('',(0.000000000,0.000000000,-10.000000000));
#18752=VECTOR('',#18751,1.);
#18753=LINE('',#18691,#18752);
#18754=DIRECTION('',(0.000000000,0.000000000,-10.000000000));
#18755=VECTOR('',#18754,1.);
#18756=LINE('',#18695,#18755);
#18757=DIRECTION('',(0.000000000,0.000000000,-10.000000000));
#18758=VECTOR('',#18757,1.);
#18759=LINE('',#18699,#18758);
#18760=DIRECTION('',(0.000000000,0.000000000,-10.000000000));
#18761=VECTOR('',#18760,1.);
#18762=LINE('',#18703,#18761);
#18763=DIRECTION('',(0.000000000,0.000000000,-10.000000000));
#18764=VECTOR('',#18763,1.);
#18765=LINE('',#18707,#18764);
#18766=DIRECTION('',(0.000000000,0.000000000,-10.000000000));
#18767=VECTOR('',#18766,1.);
#18768=LINE('',#18711,#18767);
#18769=EDGE_CURVE('',#18692,#18696,#18717,.T.);
#18770=ORIENTED_EDGE('',*,*,#18769,.T.);
#18771=ORIENTED_EDGE('',*,*,#18769,.F.);
#18772=EDGE_CURVE('',#18694,#18698,#18720,.T.);
#18773=ORIENTED_EDGE('',*,*,#18772,.T.);
#18774=ORIENTED_EDGE('',*,*,#18772,.F.);
#18775=EDGE_CURVE('',#18692,#18694,#18753,.T.);
#18776=ORIENTED_EDGE('',*,*,#18775,.T.);
#18777=ORIENTED_EDGE('',*,*,#18775,.F.);
#18778=EDGE_CURVE('',#18696,#18700,#18723,.T.);
#18779=ORIENTED_EDGE('',*,*,#18778,.T.);
#18780=ORIENTED_EDGE('',*,*,#18778,.F.);
#18781=EDGE_CURVE('',#18698,#18702,#18726,.T.);
#18782=ORIENTED_EDGE('',*,*,#18781,.T.);
#18783=ORIENTED_EDGE('',*,*,#18781,.F.);
#18784=EDGE_CURVE('',#18696,#18698,#18756,.T.);
#18785=ORIENTED_EDGE('',*,*,#18784,.T.);
#18786=ORIENTED_EDGE('',*,*,#18784,.F.);
#18787=EDGE_CURVE('',#18700,#18704,#18729,.T.);
#18788=ORIENTED_EDGE('',*,*,#18787,.T.);
#18789=ORIENTED_EDGE('',*,*,#18787,.F.);
#18790=EDGE_CURVE('',#18702,#18706,#18732,.T.);
#18791=ORIENTED_EDGE('',*,*,#18790,.T.);
#18792=ORIENTED_EDGE('',*,*,#18790,.F.);
#18793=EDGE_CURVE('',#18700,#18702,#18759,.T.);
#18794=ORIENTED_EDGE('',*,*,#18793,.T.);
#18795=ORIENTED_EDGE('',*,*,#18793,.F.);
#18796=EDGE_CURVE('',#18704,#18708,#18735,.T.);
#18797=ORIENTED_EDGE('',*,*,#18796,.T.);
#18798=ORIENTED_EDGE('',*,*,#18796,.F.);
#18799=EDGE_CURVE('',#18706,#18710,#18738,.T.);
#18800=ORIENTED_EDGE('',*,*,#18799,.T.);
#18801=ORIENTED_EDGE('',*,*,#18799,.F.);
#18802=EDGE_CURVE('',#18704,#18706,#18762,.T.);
#18803=ORIENTED_EDGE('',*,*,#18802,.T.);
#18804=ORIENTED_EDGE('',*,*,#18802,.F.);
#18805=EDGE_CURVE('',#18708,#18712,#18741,.T.);
#18806=ORIENTED_EDGE('',*,*,#18805,.T.);
#18807=ORIENTED_EDGE('',*,*,#18805,.F.);
#18808=EDGE_CURVE('',#18710,#18714,#18744,.T.);
#18809=ORIENTED_EDGE('',*,*,#18808,.T.);
#18810=ORIENTED_EDGE('',*,*,#18808,.F.);
#18811=EDGE_CURVE('',#18708,#18710,#18765,.T.);
#18812=ORIENTED_EDGE('',*,*,#18811,.T.);
#18813=ORIENTED_EDGE('',*,*,#18811,.F.);
#18814=EDGE_CURVE('',#18712,#18692,#18747,.T.);
#18815=ORIENTED_EDGE('',*,*,#18814,.T.);
#18816=ORIENTED_EDGE('',*,*,#18814,.F.);
#18817=EDGE_CURVE('',#18714,#18694,#18750,.T.);
#18818=ORIENTED_EDGE('',*,*,#18817,.T.);
#18819=ORIENTED_EDGE('',*,*,#18817,.F.);
#18820=EDGE_CURVE('',#18712,#18714,#18768,.T.);
#18821=ORIENTED_EDGE('',*,*,#18820,.T.);
#18822=ORIENTED_EDGE('',*,*,#18820,.F.);
#18823=EDGE_LOOP('',(#18776,#18773,#18786,#18771));
#18824=FACE_OUTER_BOUND('',#18823,.T.);
#18825=DIRECTION('',(-5021553.544470000,8473871.606300000,0.000000000));
#18826=AXIS2_PLACEMENT_3D('',#18691,#18825,$);
#18827=PLANE('',#18826);
#18828=ADVANCED_FACE('',(#18824),#18827,.T.);
#18829=EDGE_LOOP('',(#18785,#18782,#18795,#18780));
#18830=FACE_OUTER_BOUND('',#18829,.T.);
#18831=DIRECTION('',(5021553.544470000,8473871.606300000,0.000000000));
#18832=AXIS2_PLACEMENT_3D('',#18695,#18831,$);
#18833=PLANE('',#18832);
#18834=ADVANCED_FACE('',(#18830),#18833,.T.);
#18835=EDGE_LOOP('',(#18794,#18791,#18804,#18789));
#18836=FACE_OUTER_BOUND('',#18835,.T.);
#18837=DIRECTION('',(9000000.000000000,0.000000000,0.000000000));
#18838=AXIS2_PLACEMENT_3D('',#18699,#18837,$);
#18839=PLANE('',#18838);
#18840=ADVANCED_FACE('',(#18836),#18839,.T.);
#18841=EDGE_LOOP('',(#18803,#18800,#18813,#18798));
#18842=FACE_OUTER_BOUND('',#18841,.T.);
#18843=DIRECTION('',(5021553.544470000,-8473871.606300000,0.000000000));
#18844=AXIS2_PLACEMENT_3D('',#18703,#18843,$);
#18845=PLANE('',#18844);
#18846=ADVANCED_FACE('',(#18842),#18845,.T.);
#18847=EDGE_LOOP('',(#18812,#18809,#18822,#18807));
#18848=FACE_OUTER_BOUND('',#18847,.T.);
#18849=DIRECTION('',(-5021553.544470000,-8473871.606300000,0.000000000));
#18850=AXIS2_PLACEMENT_3D('',#18707,#18849,$);
#18851=PLANE('',#18850);
#18852=ADVANCED_FACE('',(#18848),#18851,.T.);
#18853=EDGE_LOOP('',(#18821,#18818,#18777,#18816));
#18854=FACE_OUTER_BOUND('',#18853,.T.);
#18855=DIRECTION('',(-9000000.000000000,0.000000000,0.000000000));
#18856=AXIS2_PLACEMENT_3D('',#18711,#18855,$);
#18857=PLANE('',#18856);
#18858=ADVANCED_FACE('',(#18854),#18857,.T.);
#18859=EDGE_LOOP('',(#18770,#18779,#18788,#18797,#18806,#18815));
#18860=FACE_OUTER_BOUND('',#18859,.T.);
#18861=DIRECTION('',(0.,0.,-1.));
#18862=AXIS2_PLACEMENT_3D('',#18691,#18861,$);
#18863=PLANE('',#18862);
#18864=ADVANCED_FACE('',(#18860),#18863,.T.);
#18865=EDGE_LOOP('',(#18819,#18810,#18801,#18792,#18783,#18774));
#18866=FACE_OUTER_BOUND('',#18865,.T.);
#18867=DIRECTION('',(0.,0.,1.));
#18868=AXIS2_PLACEMENT_3D('',#18693,#18867,$);
#18869=PLANE('',#18868);
#18870=ADVANCED_FACE('',(#18866),#18869,.T.);
#18871=CLOSED_SHELL('NONE',(#18828,#18834,#18840,#18846,#18852,#18858,#18864,#18870));
#18872=MANIFOLD_SOLID_BREP('Combinateur_LR_Components_X2_4',#18871);
#18873=STYLED_ITEM('',(#2071),#18872);
#18874=MECHANICAL_DESIGN_GEOMETRIC_PRESENTATION_REPRESENTATION('',(#18873),#90);
#18875=DIRECTION('',(0.000000000,0.000000000,-0.110000000));
#18876=DIRECTION('',(0.000000000,0.000000000,0.110000000));
#18877=DIRECTION('',(1.500000000,0.000000000,0.000000000));
#18878=CARTESIAN_POINT('',(25.000000000,5.000000000,10.665000000));
#18879=AXIS2_PLACEMENT_3D('',#18878,#18875,#18877);
#18880=CIRCLE('',#18879,1.500000000);
#18881=CARTESIAN_POINT('',(25.000000000,5.000000000,10.775000000));
#18882=AXIS2_PLACEMENT_3D('',#18881,#18876,#18877);
#18883=CIRCLE('',#18882,1.500000000);
#18884=CARTESIAN_POINT('',(26.500000000,5.000000000,10.665000000));
#18885=VERTEX_POINT('',#18884);
#18886=CARTESIAN_POINT('',(23.500000000,5.000000000,10.665000000));
#18887=VERTEX_POINT('',#18886);
#18888=CARTESIAN_POINT('',(26.500000000,5.000000000,10.775000000));
#18889=VERTEX_POINT('',#18888);
#18890=CARTESIAN_POINT('',(23.500000000,5.000000000,10.775000000));
#18891=VERTEX_POINT('',#18890);
#18892=EDGE_CURVE('',#18885,#18887,#18880,.T.);
#18893=ORIENTED_EDGE('',*,*,#18892,.T.);
#18894=ORIENTED_EDGE('',*,*,#18892,.F.);
#18895=EDGE_CURVE('',#18887,#18885,#18880,.T.);
#18896=ORIENTED_EDGE('',*,*,#18895,.T.);
#18897=ORIENTED_EDGE('',*,*,#18895,.F.);
#18898=EDGE_LOOP('',(#18893,#18896));
#18899=FACE_BOUND('',#18898,.T.);
#18900=DIRECTION('',(0.000000000,0.000000000,-0.110000000));
#18901=VECTOR('',#18900,1.);
#18902=LINE('',#18888,#18901);
#18903=EDGE_CURVE('',#18889,#18885,#18902,.T.);
#18904=ORIENTED_EDGE('',*,*,#18903,.T.);
#18905=ORIENTED_EDGE('',*,*,#18903,.F.);
#18906=LINE('',#18890,#18901);
#18907=EDGE_CURVE('',#18891,#18887,#18906,.T.);
#18908=ORIENTED_EDGE('',*,*,#18907,.T.);
#18909=ORIENTED_EDGE('',*,*,#18907,.F.);
#18910=EDGE_CURVE('',#18889,#18891,#18883,.T.);
#18911=ORIENTED_EDGE('',*,*,#18910,.T.);
#18912=ORIENTED_EDGE('',*,*,#18910,.F.);
#18913=EDGE_CURVE('',#18891,#18889,#18883,.T.);
#18914=ORIENTED_EDGE('',*,*,#18913,.T.);
#18915=ORIENTED_EDGE('',*,*,#18913,.F.);
#18916=EDGE_LOOP('',(#18911,#18914));
#18917=FACE_BOUND('',#18916,.T.);
#18918=EDGE_LOOP('',(#18894,#18905,#18915,#18908));
#18919=FACE_BOUND('',#18918,.T.);
#18920=CYLINDRICAL_SURFACE('',#18882,1.500000000);
#18921=ADVANCED_FACE('',(#18919),#18920,.T.);
#18922=EDGE_LOOP('',(#18897,#18909,#18912,#18904));
#18923=FACE_BOUND('',#18922,.T.);
#18924=CYLINDRICAL_SURFACE('',#18882,1.500000000);
#18925=ADVANCED_FACE('',(#18923),#18924,.T.);
#18926=PLANE('',#18882);
#18927=ADVANCED_FACE('',(#18917),#18926,.T.);
#18928=PLANE('',#18879);
#18929=ADVANCED_FACE('',(#18899),#18928,.T.);
#18930=CLOSED_SHELL('NONE',(#18921,#18925,#18927,#18929));
#18931=MANIFOLD_SOLID_BREP('Combinateur_LR_Components_X2_5',#18930);
#18932=STYLED_ITEM('',(#2062),#18931);
#18933=MECHANICAL_DESIGN_GEOMETRIC_PRESENTATION_REPRESENTATION('',(#18932),#90);
#18934=PRODUCT('X2_assembly','X2_assembly','',(#2074));
#18935=PRODUCT_DEFINITION_FORMATION_WITH_SPECIFIED_SOURCE('NONE','',#18934,.NOT_KNOWN.);
#18936=PRODUCT_DEFINITION('NONE','',#18935,#2075);
#18937=SHAPE_REPRESENTATION('SR_X2_assembly',(#2079),#90);
#18938=PRODUCT_DEFINITION_SHAPE('PDS_X2_assembly','',#18936);
#18939=SHAPE_DEFINITION_REPRESENTATION(#18938,#18937);
#18940=PRODUCT('X2','X2','',(#2074));
#18941=PRODUCT_DEFINITION_FORMATION_WITH_SPECIFIED_SOURCE('NONE','',#18940,.NOT_KNOWN.);
#18942=PRODUCT_DEFINITION('NONE','',#18941,#2075);
#18943=SHAPE_REPRESENTATION('SR_X2',(#2079),#90);
#18944=PRODUCT_DEFINITION_SHAPE('PDS_X2','',#18942);
#18945=SHAPE_DEFINITION_REPRESENTATION(#18944,#18943);
#18946=ADVANCED_BREP_SHAPE_REPRESENTATION('X2',(#18570,#18629,#18688,#18872,#18931),#90);
#18947=SHAPE_REPRESENTATION_RELATIONSHIP('SRR_X2','',#18946,#18943);
#18948=ITEM_DEFINED_TRANSFORMATION('IDT_X2','',#2079,#2079);
#18949=(REPRESENTATION_RELATIONSHIP(' ',$,#18943,#18937)REPRESENTATION_RELATIONSHIP_WITH_TRANSFORMATION(#18948)SHAPE_REPRESENTATION_RELATIONSHIP());
#18950=NEXT_ASSEMBLY_USAGE_OCCURRENCE('NAUO_X2','X2','X2',#18936,#18942,$);
#18951=PRODUCT_DEFINITION_SHAPE('PDS_NAUO_X2','',#18950);
#18952=CONTEXT_DEPENDENT_SHAPE_REPRESENTATION(#18949,#18951);
#18953=ITEM_DEFINED_TRANSFORMATION('IDT_X2_1','',#2079,#2079);
#18954=(REPRESENTATION_RELATIONSHIP(' ',$,#18937,#2083)REPRESENTATION_RELATIONSHIP_WITH_TRANSFORMATION(#18953)SHAPE_REPRESENTATION_RELATIONSHIP());
#18955=NEXT_ASSEMBLY_USAGE_OCCURRENCE('NAUO_X2_1','X2_1','X2_1',#2082,#18936,$);
#18956=PRODUCT_DEFINITION_SHAPE('PDS_NAUO_X2_1','',#18955);
#18957=CONTEXT_DEPENDENT_SHAPE_REPRESENTATION(#18954,#18956);
#18958=CARTESIAN_POINT('',(22.300000000,36.500000000,-1.335000000));
#18959=VERTEX_POINT('',#18958);
#18960=CARTESIAN_POINT('',(22.300000000,36.500000000,-3.835000000));
#18961=VERTEX_POINT('',#18960);
#18962=CARTESIAN_POINT('',(25.000000000,38.100000000,-1.335000000));
#18963=VERTEX_POINT('',#18962);
#18964=CARTESIAN_POINT('',(25.000000000,38.100000000,-3.835000000));
#18965=VERTEX_POINT('',#18964);
#18966=CARTESIAN_POINT('',(27.700000000,36.500000000,-1.335000000));
#18967=VERTEX_POINT('',#18966);
#18968=CARTESIAN_POINT('',(27.700000000,36.500000000,-3.835000000));
#18969=VERTEX_POINT('',#18968);
#18970=CARTESIAN_POINT('',(27.700000000,33.500000000,-1.335000000));
#18971=VERTEX_POINT('',#18970);
#18972=CARTESIAN_POINT('',(27.700000000,33.500000000,-3.835000000));
#18973=VERTEX_POINT('',#18972);
#18974=CARTESIAN_POINT('',(25.000000000,31.900000000,-1.335000000));
#18975=VERTEX_POINT('',#18974);
#18976=CARTESIAN_POINT('',(25.000000000,31.900000000,-3.835000000));
#18977=VERTEX_POINT('',#18976);
#18978=CARTESIAN_POINT('',(22.300000000,33.500000000,-1.335000000));
#18979=VERTEX_POINT('',#18978);
#18980=CARTESIAN_POINT('',(22.300000000,33.500000000,-3.835000000));
#18981=VERTEX_POINT('',#18980);
#18982=DIRECTION('',(2.700000000,1.600000000,0.000000000));
#18983=VECTOR('',#18982,1.);
#18984=LINE('',#18958,#18983);
#18985=DIRECTION('',(2.700000000,1.600000000,0.000000000));
#18986=VECTOR('',#18985,1.);
#18987=LINE('',#18960,#18986);
#18988=DIRECTION('',(2.700000000,-1.600000000,0.000000000));
#18989=VECTOR('',#18988,1.);
#18990=LINE('',#18962,#18989);
#18991=DIRECTION('',(2.700000000,-1.600000000,0.000000000));
#18992=VECTOR('',#18991,1.);
#18993=LINE('',#18964,#18992);
#18994=DIRECTION('',(0.000000000,-3.000000000,0.000000000));
#18995=VECTOR('',#18994,1.);
#18996=LINE('',#18966,#18995);
#18997=DIRECTION('',(0.000000000,-3.000000000,0.000000000));
#18998=VECTOR('',#18997,1.);
#18999=LINE('',#18968,#18998);
#19000=DIRECTION('',(-2.700000000,-1.600000000,0.000000000));
#19001=VECTOR('',#19000,1.);
#19002=LINE('',#18970,#19001);
#19003=DIRECTION('',(-2.700000000,-1.600000000,0.000000000));
#19004=VECTOR('',#19003,1.);
#19005=LINE('',#18972,#19004);
#19006=DIRECTION('',(-2.700000000,1.600000000,0.000000000));
#19007=VECTOR('',#19006,1.);
#19008=LINE('',#18974,#19007);
#19009=DIRECTION('',(-2.700000000,1.600000000,0.000000000));
#19010=VECTOR('',#19009,1.);
#19011=LINE('',#18976,#19010);
#19012=DIRECTION('',(0.000000000,3.000000000,0.000000000));
#19013=VECTOR('',#19012,1.);
#19014=LINE('',#18978,#19013);
#19015=DIRECTION('',(0.000000000,3.000000000,0.000000000));
#19016=VECTOR('',#19015,1.);
#19017=LINE('',#18980,#19016);
#19018=DIRECTION('',(0.000000000,0.000000000,-2.500000000));
#19019=VECTOR('',#19018,1.);
#19020=LINE('',#18958,#19019);
#19021=DIRECTION('',(0.000000000,0.000000000,-2.500000000));
#19022=VECTOR('',#19021,1.);
#19023=LINE('',#18962,#19022);
#19024=DIRECTION('',(0.000000000,0.000000000,-2.500000000));
#19025=VECTOR('',#19024,1.);
#19026=LINE('',#18966,#19025);
#19027=DIRECTION('',(0.000000000,0.000000000,-2.500000000));
#19028=VECTOR('',#19027,1.);
#19029=LINE('',#18970,#19028);
#19030=DIRECTION('',(0.000000000,0.000000000,-2.500000000));
#19031=VECTOR('',#19030,1.);
#19032=LINE('',#18974,#19031);
#19033=DIRECTION('',(0.000000000,0.000000000,-2.500000000));
#19034=VECTOR('',#19033,1.);
#19035=LINE('',#18978,#19034);
#19036=EDGE_CURVE('',#18959,#18963,#18984,.T.);
#19037=ORIENTED_EDGE('',*,*,#19036,.T.);
#19038=ORIENTED_EDGE('',*,*,#19036,.F.);
#19039=EDGE_CURVE('',#18961,#18965,#18987,.T.);
#19040=ORIENTED_EDGE('',*,*,#19039,.T.);
#19041=ORIENTED_EDGE('',*,*,#19039,.F.);
#19042=EDGE_CURVE('',#18959,#18961,#19020,.T.);
#19043=ORIENTED_EDGE('',*,*,#19042,.T.);
#19044=ORIENTED_EDGE('',*,*,#19042,.F.);
#19045=EDGE_CURVE('',#18963,#18967,#18990,.T.);
#19046=ORIENTED_EDGE('',*,*,#19045,.T.);
#19047=ORIENTED_EDGE('',*,*,#19045,.F.);
#19048=EDGE_CURVE('',#18965,#18969,#18993,.T.);
#19049=ORIENTED_EDGE('',*,*,#19048,.T.);
#19050=ORIENTED_EDGE('',*,*,#19048,.F.);
#19051=EDGE_CURVE('',#18963,#18965,#19023,.T.);
#19052=ORIENTED_EDGE('',*,*,#19051,.T.);
#19053=ORIENTED_EDGE('',*,*,#19051,.F.);
#19054=EDGE_CURVE('',#18967,#18971,#18996,.T.);
#19055=ORIENTED_EDGE('',*,*,#19054,.T.);
#19056=ORIENTED_EDGE('',*,*,#19054,.F.);
#19057=EDGE_CURVE('',#18969,#18973,#18999,.T.);
#19058=ORIENTED_EDGE('',*,*,#19057,.T.);
#19059=ORIENTED_EDGE('',*,*,#19057,.F.);
#19060=EDGE_CURVE('',#18967,#18969,#19026,.T.);
#19061=ORIENTED_EDGE('',*,*,#19060,.T.);
#19062=ORIENTED_EDGE('',*,*,#19060,.F.);
#19063=EDGE_CURVE('',#18971,#18975,#19002,.T.);
#19064=ORIENTED_EDGE('',*,*,#19063,.T.);
#19065=ORIENTED_EDGE('',*,*,#19063,.F.);
#19066=EDGE_CURVE('',#18973,#18977,#19005,.T.);
#19067=ORIENTED_EDGE('',*,*,#19066,.T.);
#19068=ORIENTED_EDGE('',*,*,#19066,.F.);
#19069=EDGE_CURVE('',#18971,#18973,#19029,.T.);
#19070=ORIENTED_EDGE('',*,*,#19069,.T.);
#19071=ORIENTED_EDGE('',*,*,#19069,.F.);
#19072=EDGE_CURVE('',#18975,#18979,#19008,.T.);
#19073=ORIENTED_EDGE('',*,*,#19072,.T.);
#19074=ORIENTED_EDGE('',*,*,#19072,.F.);
#19075=EDGE_CURVE('',#18977,#18981,#19011,.T.);
#19076=ORIENTED_EDGE('',*,*,#19075,.T.);
#19077=ORIENTED_EDGE('',*,*,#19075,.F.);
#19078=EDGE_CURVE('',#18975,#18977,#19032,.T.);
#19079=ORIENTED_EDGE('',*,*,#19078,.T.);
#19080=ORIENTED_EDGE('',*,*,#19078,.F.);
#19081=EDGE_CURVE('',#18979,#18959,#19014,.T.);
#19082=ORIENTED_EDGE('',*,*,#19081,.T.);
#19083=ORIENTED_EDGE('',*,*,#19081,.F.);
#19084=EDGE_CURVE('',#18981,#18961,#19017,.T.);
#19085=ORIENTED_EDGE('',*,*,#19084,.T.);
#19086=ORIENTED_EDGE('',*,*,#19084,.F.);
#19087=EDGE_CURVE('',#18979,#18981,#19035,.T.);
#19088=ORIENTED_EDGE('',*,*,#19087,.T.);
#19089=ORIENTED_EDGE('',*,*,#19087,.F.);
#19090=EDGE_LOOP('',(#19043,#19040,#19053,#19038));
#19091=FACE_OUTER_BOUND('',#19090,.T.);
#19092=DIRECTION('',(-5021553.544470000,8473871.606300000,0.000000000));
#19093=AXIS2_PLACEMENT_3D('',#18958,#19092,$);
#19094=PLANE('',#19093);
#19095=ADVANCED_FACE('',(#19091),#19094,.T.);
#19096=EDGE_LOOP('',(#19052,#19049,#19062,#19047));
#19097=FACE_OUTER_BOUND('',#19096,.T.);
#19098=DIRECTION('',(5021553.544470000,8473871.606300000,0.000000000));
#19099=AXIS2_PLACEMENT_3D('',#18962,#19098,$);
#19100=PLANE('',#19099);
#19101=ADVANCED_FACE('',(#19097),#19100,.T.);
#19102=EDGE_LOOP('',(#19061,#19058,#19071,#19056));
#19103=FACE_OUTER_BOUND('',#19102,.T.);
#19104=DIRECTION('',(9000000.000000000,0.000000000,0.000000000));
#19105=AXIS2_PLACEMENT_3D('',#18966,#19104,$);
#19106=PLANE('',#19105);
#19107=ADVANCED_FACE('',(#19103),#19106,.T.);
#19108=EDGE_LOOP('',(#19070,#19067,#19080,#19065));
#19109=FACE_OUTER_BOUND('',#19108,.T.);
#19110=DIRECTION('',(5021553.544470000,-8473871.606300000,0.000000000));
#19111=AXIS2_PLACEMENT_3D('',#18970,#19110,$);
#19112=PLANE('',#19111);
#19113=ADVANCED_FACE('',(#19109),#19112,.T.);
#19114=EDGE_LOOP('',(#19079,#19076,#19089,#19074));
#19115=FACE_OUTER_BOUND('',#19114,.T.);
#19116=DIRECTION('',(-5021553.544470000,-8473871.606300000,0.000000000));
#19117=AXIS2_PLACEMENT_3D('',#18974,#19116,$);
#19118=PLANE('',#19117);
#19119=ADVANCED_FACE('',(#19115),#19118,.T.);
#19120=EDGE_LOOP('',(#19088,#19085,#19044,#19083));
#19121=FACE_OUTER_BOUND('',#19120,.T.);
#19122=DIRECTION('',(-9000000.000000000,0.000000000,0.000000000));
#19123=AXIS2_PLACEMENT_3D('',#18978,#19122,$);
#19124=PLANE('',#19123);
#19125=ADVANCED_FACE('',(#19121),#19124,.T.);
#19126=EDGE_LOOP('',(#19037,#19046,#19055,#19064,#19073,#19082));
#19127=FACE_OUTER_BOUND('',#19126,.T.);
#19128=DIRECTION('',(0.,0.,-1.));
#19129=AXIS2_PLACEMENT_3D('',#18958,#19128,$);
#19130=PLANE('',#19129);
#19131=ADVANCED_FACE('',(#19127),#19130,.T.);
#19132=EDGE_LOOP('',(#19086,#19077,#19068,#19059,#19050,#19041));
#19133=FACE_OUTER_BOUND('',#19132,.T.);
#19134=DIRECTION('',(0.,0.,1.));
#19135=AXIS2_PLACEMENT_3D('',#18960,#19134,$);
#19136=PLANE('',#19135);
#19137=ADVANCED_FACE('',(#19133),#19136,.T.);
#19138=CLOSED_SHELL('NONE',(#19095,#19101,#19107,#19113,#19119,#19125,#19131,#19137));
#19139=MANIFOLD_SOLID_BREP('Combinateur_LR_Components_X3_1',#19138);
#19140=STYLED_ITEM('',(#2071),#19139);
#19141=MECHANICAL_DESIGN_GEOMETRIC_PRESENTATION_REPRESENTATION('',(#19140),#90);
#19142=DIRECTION('',(0.000000000,0.000000000,-3.000000000));
#19143=DIRECTION('',(0.000000000,0.000000000,3.000000000));
#19144=DIRECTION('',(1.500000000,0.000000000,0.000000000));
#19145=CARTESIAN_POINT('',(25.000000000,35.000000000,-6.835000000));
#19146=AXIS2_PLACEMENT_3D('',#19145,#19142,#19144);
#19147=CIRCLE('',#19146,1.500000000);
#19148=CARTESIAN_POINT('',(25.000000000,35.000000000,-3.835000000));
#19149=AXIS2_PLACEMENT_3D('',#19148,#19143,#19144);
#19150=CIRCLE('',#19149,1.500000000);
#19151=CARTESIAN_POINT('',(26.500000000,35.000000000,-6.835000000));
#19152=VERTEX_POINT('',#19151);
#19153=CARTESIAN_POINT('',(23.500000000,35.000000000,-6.835000000));
#19154=VERTEX_POINT('',#19153);
#19155=CARTESIAN_POINT('',(26.500000000,35.000000000,-3.835000000));
#19156=VERTEX_POINT('',#19155);
#19157=CARTESIAN_POINT('',(23.500000000,35.000000000,-3.835000000));
#19158=VERTEX_POINT('',#19157);
#19159=EDGE_CURVE('',#19152,#19154,#19147,.T.);
#19160=ORIENTED_EDGE('',*,*,#19159,.T.);
#19161=ORIENTED_EDGE('',*,*,#19159,.F.);
#19162=EDGE_CURVE('',#19154,#19152,#19147,.T.);
#19163=ORIENTED_EDGE('',*,*,#19162,.T.);
#19164=ORIENTED_EDGE('',*,*,#19162,.F.);
#19165=EDGE_LOOP('',(#19160,#19163));
#19166=FACE_BOUND('',#19165,.T.);
#19167=DIRECTION('',(0.000000000,0.000000000,-3.000000000));
#19168=VECTOR('',#19167,1.);
#19169=LINE('',#19155,#19168);
#19170=EDGE_CURVE('',#19156,#19152,#19169,.T.);
#19171=ORIENTED_EDGE('',*,*,#19170,.T.);
#19172=ORIENTED_EDGE('',*,*,#19170,.F.);
#19173=LINE('',#19157,#19168);
#19174=EDGE_CURVE('',#19158,#19154,#19173,.T.);
#19175=ORIENTED_EDGE('',*,*,#19174,.T.);
#19176=ORIENTED_EDGE('',*,*,#19174,.F.);
#19177=EDGE_CURVE('',#19156,#19158,#19150,.T.);
#19178=ORIENTED_EDGE('',*,*,#19177,.T.);
#19179=ORIENTED_EDGE('',*,*,#19177,.F.);
#19180=EDGE_CURVE('',#19158,#19156,#19150,.T.);
#19181=ORIENTED_EDGE('',*,*,#19180,.T.);
#19182=ORIENTED_EDGE('',*,*,#19180,.F.);
#19183=EDGE_LOOP('',(#19178,#19181));
#19184=FACE_BOUND('',#19183,.T.);
#19185=EDGE_LOOP('',(#19161,#19172,#19182,#19175));
#19186=FACE_BOUND('',#19185,.T.);
#19187=CYLINDRICAL_SURFACE('',#19149,1.500000000);
#19188=ADVANCED_FACE('',(#19186),#19187,.T.);
#19189=EDGE_LOOP('',(#19164,#19176,#19179,#19171));
#19190=FACE_BOUND('',#19189,.T.);
#19191=CYLINDRICAL_SURFACE('',#19149,1.500000000);
#19192=ADVANCED_FACE('',(#19190),#19191,.T.);
#19193=PLANE('',#19149);
#19194=ADVANCED_FACE('',(#19184),#19193,.T.);
#19195=PLANE('',#19146);
#19196=ADVANCED_FACE('',(#19166),#19195,.T.);
#19197=CLOSED_SHELL('NONE',(#19188,#19192,#19194,#19196));
#19198=MANIFOLD_SOLID_BREP('Combinateur_LR_Components_X3_2',#19197);
#19199=STYLED_ITEM('',(#2071),#19198);
#19200=MECHANICAL_DESIGN_GEOMETRIC_PRESENTATION_REPRESENTATION('',(#19199),#90);
#19201=DIRECTION('',(0.000000000,0.000000000,-0.500000000));
#19202=DIRECTION('',(0.000000000,0.000000000,0.500000000));
#19203=DIRECTION('',(4.000000000,0.000000000,0.000000000));
#19204=CARTESIAN_POINT('',(25.000000000,35.000000000,-1.335000000));
#19205=AXIS2_PLACEMENT_3D('',#19204,#19201,#19203);
#19206=CIRCLE('',#19205,4.000000000);
#19207=CARTESIAN_POINT('',(25.000000000,35.000000000,-0.835000000));
#19208=AXIS2_PLACEMENT_3D('',#19207,#19202,#19203);
#19209=CIRCLE('',#19208,4.000000000);
#19210=CARTESIAN_POINT('',(29.000000000,35.000000000,-1.335000000));
#19211=VERTEX_POINT('',#19210);
#19212=CARTESIAN_POINT('',(21.000000000,35.000000000,-1.335000000));
#19213=VERTEX_POINT('',#19212);
#19214=CARTESIAN_POINT('',(29.000000000,35.000000000,-0.835000000));
#19215=VERTEX_POINT('',#19214);
#19216=CARTESIAN_POINT('',(21.000000000,35.000000000,-0.835000000));
#19217=VERTEX_POINT('',#19216);
#19218=EDGE_CURVE('',#19211,#19213,#19206,.T.);
#19219=ORIENTED_EDGE('',*,*,#19218,.T.);
#19220=ORIENTED_EDGE('',*,*,#19218,.F.);
#19221=EDGE_CURVE('',#19213,#19211,#19206,.T.);
#19222=ORIENTED_EDGE('',*,*,#19221,.T.);
#19223=ORIENTED_EDGE('',*,*,#19221,.F.);
#19224=EDGE_LOOP('',(#19219,#19222));
#19225=FACE_BOUND('',#19224,.T.);
#19226=DIRECTION('',(0.000000000,0.000000000,-0.500000000));
#19227=VECTOR('',#19226,1.);
#19228=LINE('',#19214,#19227);
#19229=EDGE_CURVE('',#19215,#19211,#19228,.T.);
#19230=ORIENTED_EDGE('',*,*,#19229,.T.);
#19231=ORIENTED_EDGE('',*,*,#19229,.F.);
#19232=LINE('',#19216,#19227);
#19233=EDGE_CURVE('',#19217,#19213,#19232,.T.);
#19234=ORIENTED_EDGE('',*,*,#19233,.T.);
#19235=ORIENTED_EDGE('',*,*,#19233,.F.);
#19236=EDGE_CURVE('',#19215,#19217,#19209,.T.);
#19237=ORIENTED_EDGE('',*,*,#19236,.T.);
#19238=ORIENTED_EDGE('',*,*,#19236,.F.);
#19239=EDGE_CURVE('',#19217,#19215,#19209,.T.);
#19240=ORIENTED_EDGE('',*,*,#19239,.T.);
#19241=ORIENTED_EDGE('',*,*,#19239,.F.);
#19242=EDGE_LOOP('',(#19237,#19240));
#19243=FACE_BOUND('',#19242,.T.);
#19244=EDGE_LOOP('',(#19220,#19231,#19241,#19234));
#19245=FACE_BOUND('',#19244,.T.);
#19246=CYLINDRICAL_SURFACE('',#19208,4.000000000);
#19247=ADVANCED_FACE('',(#19245),#19246,.T.);
#19248=EDGE_LOOP('',(#19223,#19235,#19238,#19230));
#19249=FACE_BOUND('',#19248,.T.);
#19250=CYLINDRICAL_SURFACE('',#19208,4.000000000);
#19251=ADVANCED_FACE('',(#19249),#19250,.T.);
#19252=PLANE('',#19208);
#19253=ADVANCED_FACE('',(#19243),#19252,.T.);
#19254=PLANE('',#19205);
#19255=ADVANCED_FACE('',(#19225),#19254,.T.);
#19256=CLOSED_SHELL('NONE',(#19247,#19251,#19253,#19255));
#19257=MANIFOLD_SOLID_BREP('Combinateur_LR_Components_X3_3',#19256);
#19258=STYLED_ITEM('',(#2071),#19257);
#19259=MECHANICAL_DESIGN_GEOMETRIC_PRESENTATION_REPRESENTATION('',(#19258),#90);
#19260=CARTESIAN_POINT('',(22.300000000,36.500000000,10.765000000));
#19261=VERTEX_POINT('',#19260);
#19262=CARTESIAN_POINT('',(22.300000000,36.500000000,0.765000000));
#19263=VERTEX_POINT('',#19262);
#19264=CARTESIAN_POINT('',(25.000000000,38.100000000,10.765000000));
#19265=VERTEX_POINT('',#19264);
#19266=CARTESIAN_POINT('',(25.000000000,38.100000000,0.765000000));
#19267=VERTEX_POINT('',#19266);
#19268=CARTESIAN_POINT('',(27.700000000,36.500000000,10.765000000));
#19269=VERTEX_POINT('',#19268);
#19270=CARTESIAN_POINT('',(27.700000000,36.500000000,0.765000000));
#19271=VERTEX_POINT('',#19270);
#19272=CARTESIAN_POINT('',(27.700000000,33.500000000,10.765000000));
#19273=VERTEX_POINT('',#19272);
#19274=CARTESIAN_POINT('',(27.700000000,33.500000000,0.765000000));
#19275=VERTEX_POINT('',#19274);
#19276=CARTESIAN_POINT('',(25.000000000,31.900000000,10.765000000));
#19277=VERTEX_POINT('',#19276);
#19278=CARTESIAN_POINT('',(25.000000000,31.900000000,0.765000000));
#19279=VERTEX_POINT('',#19278);
#19280=CARTESIAN_POINT('',(22.300000000,33.500000000,10.765000000));
#19281=VERTEX_POINT('',#19280);
#19282=CARTESIAN_POINT('',(22.300000000,33.500000000,0.765000000));
#19283=VERTEX_POINT('',#19282);
#19284=DIRECTION('',(2.700000000,1.600000000,0.000000000));
#19285=VECTOR('',#19284,1.);
#19286=LINE('',#19260,#19285);
#19287=DIRECTION('',(2.700000000,1.600000000,0.000000000));
#19288=VECTOR('',#19287,1.);
#19289=LINE('',#19262,#19288);
#19290=DIRECTION('',(2.700000000,-1.600000000,0.000000000));
#19291=VECTOR('',#19290,1.);
#19292=LINE('',#19264,#19291);
#19293=DIRECTION('',(2.700000000,-1.600000000,0.000000000));
#19294=VECTOR('',#19293,1.);
#19295=LINE('',#19266,#19294);
#19296=DIRECTION('',(0.000000000,-3.000000000,0.000000000));
#19297=VECTOR('',#19296,1.);
#19298=LINE('',#19268,#19297);
#19299=DIRECTION('',(0.000000000,-3.000000000,0.000000000));
#19300=VECTOR('',#19299,1.);
#19301=LINE('',#19270,#19300);
#19302=DIRECTION('',(-2.700000000,-1.600000000,0.000000000));
#19303=VECTOR('',#19302,1.);
#19304=LINE('',#19272,#19303);
#19305=DIRECTION('',(-2.700000000,-1.600000000,0.000000000));
#19306=VECTOR('',#19305,1.);
#19307=LINE('',#19274,#19306);
#19308=DIRECTION('',(-2.700000000,1.600000000,0.000000000));
#19309=VECTOR('',#19308,1.);
#19310=LINE('',#19276,#19309);
#19311=DIRECTION('',(-2.700000000,1.600000000,0.000000000));
#19312=VECTOR('',#19311,1.);
#19313=LINE('',#19278,#19312);
#19314=DIRECTION('',(0.000000000,3.000000000,0.000000000));
#19315=VECTOR('',#19314,1.);
#19316=LINE('',#19280,#19315);
#19317=DIRECTION('',(0.000000000,3.000000000,0.000000000));
#19318=VECTOR('',#19317,1.);
#19319=LINE('',#19282,#19318);
#19320=DIRECTION('',(0.000000000,0.000000000,-10.000000000));
#19321=VECTOR('',#19320,1.);
#19322=LINE('',#19260,#19321);
#19323=DIRECTION('',(0.000000000,0.000000000,-10.000000000));
#19324=VECTOR('',#19323,1.);
#19325=LINE('',#19264,#19324);
#19326=DIRECTION('',(0.000000000,0.000000000,-10.000000000));
#19327=VECTOR('',#19326,1.);
#19328=LINE('',#19268,#19327);
#19329=DIRECTION('',(0.000000000,0.000000000,-10.000000000));
#19330=VECTOR('',#19329,1.);
#19331=LINE('',#19272,#19330);
#19332=DIRECTION('',(0.000000000,0.000000000,-10.000000000));
#19333=VECTOR('',#19332,1.);
#19334=LINE('',#19276,#19333);
#19335=DIRECTION('',(0.000000000,0.000000000,-10.000000000));
#19336=VECTOR('',#19335,1.);
#19337=LINE('',#19280,#19336);
#19338=EDGE_CURVE('',#19261,#19265,#19286,.T.);
#19339=ORIENTED_EDGE('',*,*,#19338,.T.);
#19340=ORIENTED_EDGE('',*,*,#19338,.F.);
#19341=EDGE_CURVE('',#19263,#19267,#19289,.T.);
#19342=ORIENTED_EDGE('',*,*,#19341,.T.);
#19343=ORIENTED_EDGE('',*,*,#19341,.F.);
#19344=EDGE_CURVE('',#19261,#19263,#19322,.T.);
#19345=ORIENTED_EDGE('',*,*,#19344,.T.);
#19346=ORIENTED_EDGE('',*,*,#19344,.F.);
#19347=EDGE_CURVE('',#19265,#19269,#19292,.T.);
#19348=ORIENTED_EDGE('',*,*,#19347,.T.);
#19349=ORIENTED_EDGE('',*,*,#19347,.F.);
#19350=EDGE_CURVE('',#19267,#19271,#19295,.T.);
#19351=ORIENTED_EDGE('',*,*,#19350,.T.);
#19352=ORIENTED_EDGE('',*,*,#19350,.F.);
#19353=EDGE_CURVE('',#19265,#19267,#19325,.T.);
#19354=ORIENTED_EDGE('',*,*,#19353,.T.);
#19355=ORIENTED_EDGE('',*,*,#19353,.F.);
#19356=EDGE_CURVE('',#19269,#19273,#19298,.T.);
#19357=ORIENTED_EDGE('',*,*,#19356,.T.);
#19358=ORIENTED_EDGE('',*,*,#19356,.F.);
#19359=EDGE_CURVE('',#19271,#19275,#19301,.T.);
#19360=ORIENTED_EDGE('',*,*,#19359,.T.);
#19361=ORIENTED_EDGE('',*,*,#19359,.F.);
#19362=EDGE_CURVE('',#19269,#19271,#19328,.T.);
#19363=ORIENTED_EDGE('',*,*,#19362,.T.);
#19364=ORIENTED_EDGE('',*,*,#19362,.F.);
#19365=EDGE_CURVE('',#19273,#19277,#19304,.T.);
#19366=ORIENTED_EDGE('',*,*,#19365,.T.);
#19367=ORIENTED_EDGE('',*,*,#19365,.F.);
#19368=EDGE_CURVE('',#19275,#19279,#19307,.T.);
#19369=ORIENTED_EDGE('',*,*,#19368,.T.);
#19370=ORIENTED_EDGE('',*,*,#19368,.F.);
#19371=EDGE_CURVE('',#19273,#19275,#19331,.T.);
#19372=ORIENTED_EDGE('',*,*,#19371,.T.);
#19373=ORIENTED_EDGE('',*,*,#19371,.F.);
#19374=EDGE_CURVE('',#19277,#19281,#19310,.T.);
#19375=ORIENTED_EDGE('',*,*,#19374,.T.);
#19376=ORIENTED_EDGE('',*,*,#19374,.F.);
#19377=EDGE_CURVE('',#19279,#19283,#19313,.T.);
#19378=ORIENTED_EDGE('',*,*,#19377,.T.);
#19379=ORIENTED_EDGE('',*,*,#19377,.F.);
#19380=EDGE_CURVE('',#19277,#19279,#19334,.T.);
#19381=ORIENTED_EDGE('',*,*,#19380,.T.);
#19382=ORIENTED_EDGE('',*,*,#19380,.F.);
#19383=EDGE_CURVE('',#19281,#19261,#19316,.T.);
#19384=ORIENTED_EDGE('',*,*,#19383,.T.);
#19385=ORIENTED_EDGE('',*,*,#19383,.F.);
#19386=EDGE_CURVE('',#19283,#19263,#19319,.T.);
#19387=ORIENTED_EDGE('',*,*,#19386,.T.);
#19388=ORIENTED_EDGE('',*,*,#19386,.F.);
#19389=EDGE_CURVE('',#19281,#19283,#19337,.T.);
#19390=ORIENTED_EDGE('',*,*,#19389,.T.);
#19391=ORIENTED_EDGE('',*,*,#19389,.F.);
#19392=EDGE_LOOP('',(#19345,#19342,#19355,#19340));
#19393=FACE_OUTER_BOUND('',#19392,.T.);
#19394=DIRECTION('',(-5021553.544470000,8473871.606300000,0.000000000));
#19395=AXIS2_PLACEMENT_3D('',#19260,#19394,$);
#19396=PLANE('',#19395);
#19397=ADVANCED_FACE('',(#19393),#19396,.T.);
#19398=EDGE_LOOP('',(#19354,#19351,#19364,#19349));
#19399=FACE_OUTER_BOUND('',#19398,.T.);
#19400=DIRECTION('',(5021553.544470000,8473871.606300000,0.000000000));
#19401=AXIS2_PLACEMENT_3D('',#19264,#19400,$);
#19402=PLANE('',#19401);
#19403=ADVANCED_FACE('',(#19399),#19402,.T.);
#19404=EDGE_LOOP('',(#19363,#19360,#19373,#19358));
#19405=FACE_OUTER_BOUND('',#19404,.T.);
#19406=DIRECTION('',(9000000.000000000,0.000000000,0.000000000));
#19407=AXIS2_PLACEMENT_3D('',#19268,#19406,$);
#19408=PLANE('',#19407);
#19409=ADVANCED_FACE('',(#19405),#19408,.T.);
#19410=EDGE_LOOP('',(#19372,#19369,#19382,#19367));
#19411=FACE_OUTER_BOUND('',#19410,.T.);
#19412=DIRECTION('',(5021553.544470000,-8473871.606300000,0.000000000));
#19413=AXIS2_PLACEMENT_3D('',#19272,#19412,$);
#19414=PLANE('',#19413);
#19415=ADVANCED_FACE('',(#19411),#19414,.T.);
#19416=EDGE_LOOP('',(#19381,#19378,#19391,#19376));
#19417=FACE_OUTER_BOUND('',#19416,.T.);
#19418=DIRECTION('',(-5021553.544470000,-8473871.606300000,0.000000000));
#19419=AXIS2_PLACEMENT_3D('',#19276,#19418,$);
#19420=PLANE('',#19419);
#19421=ADVANCED_FACE('',(#19417),#19420,.T.);
#19422=EDGE_LOOP('',(#19390,#19387,#19346,#19385));
#19423=FACE_OUTER_BOUND('',#19422,.T.);
#19424=DIRECTION('',(-9000000.000000000,0.000000000,0.000000000));
#19425=AXIS2_PLACEMENT_3D('',#19280,#19424,$);
#19426=PLANE('',#19425);
#19427=ADVANCED_FACE('',(#19423),#19426,.T.);
#19428=EDGE_LOOP('',(#19339,#19348,#19357,#19366,#19375,#19384));
#19429=FACE_OUTER_BOUND('',#19428,.T.);
#19430=DIRECTION('',(0.,0.,-1.));
#19431=AXIS2_PLACEMENT_3D('',#19260,#19430,$);
#19432=PLANE('',#19431);
#19433=ADVANCED_FACE('',(#19429),#19432,.T.);
#19434=EDGE_LOOP('',(#19388,#19379,#19370,#19361,#19352,#19343));
#19435=FACE_OUTER_BOUND('',#19434,.T.);
#19436=DIRECTION('',(0.,0.,1.));
#19437=AXIS2_PLACEMENT_3D('',#19262,#19436,$);
#19438=PLANE('',#19437);
#19439=ADVANCED_FACE('',(#19435),#19438,.T.);
#19440=CLOSED_SHELL('NONE',(#19397,#19403,#19409,#19415,#19421,#19427,#19433,#19439));
#19441=MANIFOLD_SOLID_BREP('Combinateur_LR_Components_X3_4',#19440);
#19442=STYLED_ITEM('',(#2071),#19441);
#19443=MECHANICAL_DESIGN_GEOMETRIC_PRESENTATION_REPRESENTATION('',(#19442),#90);
#19444=DIRECTION('',(0.000000000,0.000000000,-0.110000000));
#19445=DIRECTION('',(0.000000000,0.000000000,0.110000000));
#19446=DIRECTION('',(1.500000000,0.000000000,0.000000000));
#19447=CARTESIAN_POINT('',(25.000000000,35.000000000,10.665000000));
#19448=AXIS2_PLACEMENT_3D('',#19447,#19444,#19446);
#19449=CIRCLE('',#19448,1.500000000);
#19450=CARTESIAN_POINT('',(25.000000000,35.000000000,10.775000000));
#19451=AXIS2_PLACEMENT_3D('',#19450,#19445,#19446);
#19452=CIRCLE('',#19451,1.500000000);
#19453=CARTESIAN_POINT('',(26.500000000,35.000000000,10.665000000));
#19454=VERTEX_POINT('',#19453);
#19455=CARTESIAN_POINT('',(23.500000000,35.000000000,10.665000000));
#19456=VERTEX_POINT('',#19455);
#19457=CARTESIAN_POINT('',(26.500000000,35.000000000,10.775000000));
#19458=VERTEX_POINT('',#19457);
#19459=CARTESIAN_POINT('',(23.500000000,35.000000000,10.775000000));
#19460=VERTEX_POINT('',#19459);
#19461=EDGE_CURVE('',#19454,#19456,#19449,.T.);
#19462=ORIENTED_EDGE('',*,*,#19461,.T.);
#19463=ORIENTED_EDGE('',*,*,#19461,.F.);
#19464=EDGE_CURVE('',#19456,#19454,#19449,.T.);
#19465=ORIENTED_EDGE('',*,*,#19464,.T.);
#19466=ORIENTED_EDGE('',*,*,#19464,.F.);
#19467=EDGE_LOOP('',(#19462,#19465));
#19468=FACE_BOUND('',#19467,.T.);
#19469=DIRECTION('',(0.000000000,0.000000000,-0.110000000));
#19470=VECTOR('',#19469,1.);
#19471=LINE('',#19457,#19470);
#19472=EDGE_CURVE('',#19458,#19454,#19471,.T.);
#19473=ORIENTED_EDGE('',*,*,#19472,.T.);
#19474=ORIENTED_EDGE('',*,*,#19472,.F.);
#19475=LINE('',#19459,#19470);
#19476=EDGE_CURVE('',#19460,#19456,#19475,.T.);
#19477=ORIENTED_EDGE('',*,*,#19476,.T.);
#19478=ORIENTED_EDGE('',*,*,#19476,.F.);
#19479=EDGE_CURVE('',#19458,#19460,#19452,.T.);
#19480=ORIENTED_EDGE('',*,*,#19479,.T.);
#19481=ORIENTED_EDGE('',*,*,#19479,.F.);
#19482=EDGE_CURVE('',#19460,#19458,#19452,.T.);
#19483=ORIENTED_EDGE('',*,*,#19482,.T.);
#19484=ORIENTED_EDGE('',*,*,#19482,.F.);
#19485=EDGE_LOOP('',(#19480,#19483));
#19486=FACE_BOUND('',#19485,.T.);
#19487=EDGE_LOOP('',(#19463,#19474,#19484,#19477));
#19488=FACE_BOUND('',#19487,.T.);
#19489=CYLINDRICAL_SURFACE('',#19451,1.500000000);
#19490=ADVANCED_FACE('',(#19488),#19489,.T.);
#19491=EDGE_LOOP('',(#19466,#19478,#19481,#19473));
#19492=FACE_BOUND('',#19491,.T.);
#19493=CYLINDRICAL_SURFACE('',#19451,1.500000000);
#19494=ADVANCED_FACE('',(#19492),#19493,.T.);
#19495=PLANE('',#19451);
#19496=ADVANCED_FACE('',(#19486),#19495,.T.);
#19497=PLANE('',#19448);
#19498=ADVANCED_FACE('',(#19468),#19497,.T.);
#19499=CLOSED_SHELL('NONE',(#19490,#19494,#19496,#19498));
#19500=MANIFOLD_SOLID_BREP('Combinateur_LR_Components_X3_5',#19499);
#19501=STYLED_ITEM('',(#2062),#19500);
#19502=MECHANICAL_DESIGN_GEOMETRIC_PRESENTATION_REPRESENTATION('',(#19501),#90);
#19503=PRODUCT('X3_assembly','X3_assembly','',(#2074));
#19504=PRODUCT_DEFINITION_FORMATION_WITH_SPECIFIED_SOURCE('NONE','',#19503,.NOT_KNOWN.);
#19505=PRODUCT_DEFINITION('NONE','',#19504,#2075);
#19506=SHAPE_REPRESENTATION('SR_X3_assembly',(#2079),#90);
#19507=PRODUCT_DEFINITION_SHAPE('PDS_X3_assembly','',#19505);
#19508=SHAPE_DEFINITION_REPRESENTATION(#19507,#19506);
#19509=PRODUCT('X3','X3','',(#2074));
#19510=PRODUCT_DEFINITION_FORMATION_WITH_SPECIFIED_SOURCE('NONE','',#19509,.NOT_KNOWN.);
#19511=PRODUCT_DEFINITION('NONE','',#19510,#2075);
#19512=SHAPE_REPRESENTATION('SR_X3',(#2079),#90);
#19513=PRODUCT_DEFINITION_SHAPE('PDS_X3','',#19511);
#19514=SHAPE_DEFINITION_REPRESENTATION(#19513,#19512);
#19515=ADVANCED_BREP_SHAPE_REPRESENTATION('X3',(#19139,#19198,#19257,#19441,#19500),#90);
#19516=SHAPE_REPRESENTATION_RELATIONSHIP('SRR_X3','',#19515,#19512);
#19517=ITEM_DEFINED_TRANSFORMATION('IDT_X3','',#2079,#2079);
#19518=(REPRESENTATION_RELATIONSHIP(' ',$,#19512,#19506)REPRESENTATION_RELATIONSHIP_WITH_TRANSFORMATION(#19517)SHAPE_REPRESENTATION_RELATIONSHIP());
#19519=NEXT_ASSEMBLY_USAGE_OCCURRENCE('NAUO_X3','X3','X3',#19505,#19511,$);
#19520=PRODUCT_DEFINITION_SHAPE('PDS_NAUO_X3','',#19519);
#19521=CONTEXT_DEPENDENT_SHAPE_REPRESENTATION(#19518,#19520);
#19522=ITEM_DEFINED_TRANSFORMATION('IDT_X3_1','',#2079,#2079);
#19523=(REPRESENTATION_RELATIONSHIP(' ',$,#19506,#2083)REPRESENTATION_RELATIONSHIP_WITH_TRANSFORMATION(#19522)SHAPE_REPRESENTATION_RELATIONSHIP());
#19524=NEXT_ASSEMBLY_USAGE_OCCURRENCE('NAUO_X3_1','X3_1','X3_1',#2082,#19505,$);
#19525=PRODUCT_DEFINITION_SHAPE('PDS_NAUO_X3_1','',#19524);
#19526=CONTEXT_DEPENDENT_SHAPE_REPRESENTATION(#19523,#19525);
#19527=PRODUCT_RELATED_PRODUCT_CATEGORY('part',$,(#2080,#3183,#3189,#3207,#5175,#5181,#6298,#6304,#16455,#16461,#17206,#17212,#17957,#17963,#18365,#18371,#18934,#18940,#19503,#19509));
#19528=PRODUCT_CATEGORY('part',$);
ENDSEC;
END-ISO-10303-21;
