ISO-10303-21;
HEADER;
/* Generated by software containing ST-Developer
 * from STEP Tools, Inc. (www.steptools.com) 
 */
/* OPTION: strings as raw bytes, not using required /X/ escapes */

FILE_DESCRIPTION(
/* description */ ('Unknown'),
/* implementation_level */ '2;1');

FILE_NAME(
/* name */ 'MCMRA-1-KKFTC',
/* time_stamp */ '2024-06-19T09:15:00+02:00',
/* author */ ('Unknown'),
/* organization */ ('Unknown'),
/* preprocessor_version */ 'ST-DEVELOPER v18.102',
/* originating_system */ 'Solid Edge',
/* authorisation */ 'Unknown');

FILE_SCHEMA (('AUTOMOTIVE_DESIGN {1 0 10303 214 3 1 1}'));
ENDSEC;

DATA;
#10=PROPERTY_DEFINITION_REPRESENTATION(#14,#12);
#11=PROPERTY_DEFINITION_REPRESENTATION(#15,#13);
#12=REPRESENTATION('',(#16),#7172);
#13=REPRESENTATION('',(#17),#7172);
#14=PROPERTY_DEFINITION('pmi validation property','',#7177);
#15=PROPERTY_DEFINITION('pmi validation property','',#7177);
#16=VALUE_REPRESENTATION_ITEM('number of annotations',COUNT_MEASURE(0.));
#17=VALUE_REPRESENTATION_ITEM('number of views',COUNT_MEASURE(0.));
#18=SHAPE_REPRESENTATION_RELATIONSHIP('','',#4906,#19);
#19=ADVANCED_BREP_SHAPE_REPRESENTATION('',(#4904),#7172);
#20=DEGENERATE_TOROIDAL_SURFACE('',#5135,0.0198351562500005,0.198351562500004,
 .T.);
#21=DEGENERATE_TOROIDAL_SURFACE('',#5139,0.0198351562500005,0.198351562500004,
 .T.);
#22=DEGENERATE_TOROIDAL_SURFACE('',#5140,0.0198351562500005,0.198351562500004,
 .T.);
#23=DEGENERATE_TOROIDAL_SURFACE('',#5144,0.0198351562500005,0.198351562500004,
 .T.);
#24=SPHERICAL_SURFACE('',#5121,0.198351562500004);
#25=SPHERICAL_SURFACE('',#5125,0.198351562500004);
#26=SPHERICAL_SURFACE('',#5128,0.198351562500004);
#27=SPHERICAL_SURFACE('',#5132,0.198351562500004);
#28=TOROIDAL_SURFACE('',#5099,8.92732931565424,0.198351562500004);
#29=TOROIDAL_SURFACE('',#5105,14.9024665661791,0.198351562500004);
#30=TOROIDAL_SURFACE('',#5110,8.92732931565424,0.198351562500004);
#31=TOROIDAL_SURFACE('',#5116,14.9024665661791,0.198351562500004);
#32=ELLIPSE('',#5020,0.354847009303831,0.250914726562505);
#33=ELLIPSE('',#5021,0.354847009303831,0.250914726562505);
#34=ELLIPSE('',#5023,0.354847009303831,0.250914726562505);
#35=ELLIPSE('',#5024,0.354847009303831,0.250914726562505);
#36=ELLIPSE('',#5026,0.354847009303831,0.250914726562505);
#37=ELLIPSE('',#5027,0.354847009303831,0.250914726562505);
#38=ELLIPSE('',#5029,0.354847009303831,0.250914726562505);
#39=ELLIPSE('',#5030,0.354847009303831,0.250914726562505);
#40=DRAUGHTING_PRE_DEFINED_COLOUR('black');
#41=DRAUGHTING_PRE_DEFINED_COLOUR('white');
#42=CIRCLE('',#4911,14.7241150036791);
#43=CIRCLE('',#4912,14.7041150036791);
#44=CIRCLE('',#4915,14.7241150036791);
#45=CIRCLE('',#4916,14.7041150036791);
#46=CIRCLE('',#4918,14.7041150036791);
#47=CIRCLE('',#4919,14.7041150036791);
#48=CIRCLE('',#4921,0.0198351562500005);
#49=CIRCLE('',#4922,0.0198351562500005);
#50=CIRCLE('',#4923,14.9024665661791);
#51=CIRCLE('',#4924,8.92732931565424);
#52=CIRCLE('',#4926,0.0198351562500005);
#53=CIRCLE('',#4927,8.92732931565424);
#54=CIRCLE('',#4928,14.9024665661791);
#55=CIRCLE('',#4929,0.0198351562500005);
#56=CIRCLE('',#4931,0.218186718750004);
#57=CIRCLE('',#4932,0.218186718750004);
#58=CIRCLE('',#4933,0.218186718750004);
#59=CIRCLE('',#4934,0.218186718750004);
#60=CIRCLE('',#4935,0.198351562500004);
#61=CIRCLE('',#4936,0.198351562500004);
#62=CIRCLE('',#4937,0.198351562500004);
#63=CIRCLE('',#4938,0.198351562500004);
#64=CIRCLE('',#4993,0.250914726562505);
#65=CIRCLE('',#4994,0.250914726562505);
#66=CIRCLE('',#4995,0.250914726562505);
#67=CIRCLE('',#4996,0.250914726562505);
#68=CIRCLE('',#5010,0.218186718750004);
#69=CIRCLE('',#5011,0.218186718750004);
#70=CIRCLE('',#5012,0.218186718750004);
#71=CIRCLE('',#5013,0.218186718750004);
#72=CIRCLE('',#5016,0.670258793088266);
#73=CIRCLE('',#5018,0.670258793088266);
#74=CIRCLE('',#5097,9.12568087815424);
#75=CIRCLE('',#5098,9.12568087815424);
#76=CIRCLE('',#5100,0.198351562500004);
#77=CIRCLE('',#5101,0.198351562500004);
#78=CIRCLE('',#5103,0.198351562500004);
#79=CIRCLE('',#5104,0.198351562500004);
#80=CIRCLE('',#5106,0.198351562500004);
#81=CIRCLE('',#5107,0.198351562500004);
#82=CIRCLE('',#5109,0.198351562500004);
#83=CIRCLE('',#5111,0.198351562500004);
#84=CIRCLE('',#5112,0.198351562500004);
#85=CIRCLE('',#5114,0.198351562500004);
#86=CIRCLE('',#5115,0.198351562500004);
#87=CIRCLE('',#5117,0.198351562500004);
#88=CIRCLE('',#5118,0.198351562500004);
#89=CIRCLE('',#5120,0.198351562500004);
#90=CIRCLE('',#5122,0.198351562500004);
#91=CIRCLE('',#5124,0.198351562500004);
#92=CIRCLE('',#5127,0.198351562500004);
#93=CIRCLE('',#5129,0.198351562500004);
#94=CIRCLE('',#5131,0.198351562500004);
#95=CIRCLE('',#5133,0.198351562500004);
#96=CIRCLE('',#5136,0.218186718750004);
#97=CIRCLE('',#5138,0.218186718750004);
#98=CIRCLE('',#5141,0.218186718750004);
#99=CIRCLE('',#5143,0.218186718750004);
#100=CIRCLE('',#5154,0.670258793088266);
#101=CIRCLE('',#5157,0.670258793088266);
#102=LINE('',#6134,#534);
#103=LINE('',#6137,#535);
#104=LINE('',#6139,#536);
#105=LINE('',#6141,#537);
#106=LINE('',#6147,#538);
#107=LINE('',#6149,#539);
#108=LINE('',#6151,#540);
#109=LINE('',#6153,#541);
#110=LINE('',#6161,#542);
#111=LINE('',#6165,#543);
#112=LINE('',#6170,#544);
#113=LINE('',#6176,#545);
#114=LINE('',#6178,#546);
#115=LINE('',#6180,#547);
#116=LINE('',#6189,#548);
#117=LINE('',#6191,#549);
#118=LINE('',#6193,#550);
#119=LINE('',#6199,#551);
#120=LINE('',#6201,#552);
#121=LINE('',#6206,#553);
#122=LINE('',#6210,#554);
#123=LINE('',#6214,#555);
#124=LINE('',#6217,#556);
#125=LINE('',#6223,#557);
#126=LINE('',#6228,#558);
#127=LINE('',#6231,#559);
#128=LINE('',#6233,#560);
#129=LINE('',#6235,#561);
#130=LINE('',#6237,#562);
#131=LINE('',#6240,#563);
#132=LINE('',#6242,#564);
#133=LINE('',#6244,#565);
#134=LINE('',#6246,#566);
#135=LINE('',#6247,#567);
#136=LINE('',#6249,#568);
#137=LINE('',#6252,#569);
#138=LINE('',#6254,#570);
#139=LINE('',#6256,#571);
#140=LINE('',#6258,#572);
#141=LINE('',#6261,#573);
#142=LINE('',#6263,#574);
#143=LINE('',#6265,#575);
#144=LINE('',#6267,#576);
#145=LINE('',#6268,#577);
#146=LINE('',#6270,#578);
#147=LINE('',#6273,#579);
#148=LINE('',#6275,#580);
#149=LINE('',#6277,#581);
#150=LINE('',#6279,#582);
#151=LINE('',#6281,#583);
#152=LINE('',#6283,#584);
#153=LINE('',#6285,#585);
#154=LINE('',#6286,#586);
#155=LINE('',#6288,#587);
#156=LINE('',#6290,#588);
#157=LINE('',#6292,#589);
#158=LINE('',#6294,#590);
#159=LINE('',#6297,#591);
#160=LINE('',#6299,#592);
#161=LINE('',#6301,#593);
#162=LINE('',#6303,#594);
#163=LINE('',#6304,#595);
#164=LINE('',#6306,#596);
#165=LINE('',#6309,#597);
#166=LINE('',#6311,#598);
#167=LINE('',#6313,#599);
#168=LINE('',#6315,#600);
#169=LINE('',#6317,#601);
#170=LINE('',#6319,#602);
#171=LINE('',#6321,#603);
#172=LINE('',#6322,#604);
#173=LINE('',#6324,#605);
#174=LINE('',#6326,#606);
#175=LINE('',#6328,#607);
#176=LINE('',#6330,#608);
#177=LINE('',#6333,#609);
#178=LINE('',#6335,#610);
#179=LINE('',#6337,#611);
#180=LINE('',#6339,#612);
#181=LINE('',#6340,#613);
#182=LINE('',#6342,#614);
#183=LINE('',#6345,#615);
#184=LINE('',#6347,#616);
#185=LINE('',#6349,#617);
#186=LINE('',#6351,#618);
#187=LINE('',#6353,#619);
#188=LINE('',#6355,#620);
#189=LINE('',#6357,#621);
#190=LINE('',#6358,#622);
#191=LINE('',#6360,#623);
#192=LINE('',#6362,#624);
#193=LINE('',#6364,#625);
#194=LINE('',#6366,#626);
#195=LINE('',#6369,#627);
#196=LINE('',#6371,#628);
#197=LINE('',#6373,#629);
#198=LINE('',#6375,#630);
#199=LINE('',#6376,#631);
#200=LINE('',#6378,#632);
#201=LINE('',#6381,#633);
#202=LINE('',#6383,#634);
#203=LINE('',#6385,#635);
#204=LINE('',#6387,#636);
#205=LINE('',#6389,#637);
#206=LINE('',#6391,#638);
#207=LINE('',#6393,#639);
#208=LINE('',#6395,#640);
#209=LINE('',#6397,#641);
#210=LINE('',#6399,#642);
#211=LINE('',#6402,#643);
#212=LINE('',#6404,#644);
#213=LINE('',#6406,#645);
#214=LINE('',#6408,#646);
#215=LINE('',#6410,#647);
#216=LINE('',#6412,#648);
#217=LINE('',#6414,#649);
#218=LINE('',#6416,#650);
#219=LINE('',#6418,#651);
#220=LINE('',#6420,#652);
#221=LINE('',#6423,#653);
#222=LINE('',#6425,#654);
#223=LINE('',#6427,#655);
#224=LINE('',#6429,#656);
#225=LINE('',#6431,#657);
#226=LINE('',#6433,#658);
#227=LINE('',#6435,#659);
#228=LINE('',#6436,#660);
#229=LINE('',#6438,#661);
#230=LINE('',#6440,#662);
#231=LINE('',#6442,#663);
#232=LINE('',#6444,#664);
#233=LINE('',#6446,#665);
#234=LINE('',#6448,#666);
#235=LINE('',#6450,#667);
#236=LINE('',#6452,#668);
#237=LINE('',#6454,#669);
#238=LINE('',#6456,#670);
#239=LINE('',#6459,#671);
#240=LINE('',#6461,#672);
#241=LINE('',#6463,#673);
#242=LINE('',#6465,#674);
#243=LINE('',#6467,#675);
#244=LINE('',#6469,#676);
#245=LINE('',#6471,#677);
#246=LINE('',#6472,#678);
#247=LINE('',#6474,#679);
#248=LINE('',#6476,#680);
#249=LINE('',#6478,#681);
#250=LINE('',#6480,#682);
#251=LINE('',#6482,#683);
#252=LINE('',#6484,#684);
#253=LINE('',#6486,#685);
#254=LINE('',#6488,#686);
#255=LINE('',#6490,#687);
#256=LINE('',#6492,#688);
#257=LINE('',#6495,#689);
#258=LINE('',#6497,#690);
#259=LINE('',#6499,#691);
#260=LINE('',#6501,#692);
#261=LINE('',#6503,#693);
#262=LINE('',#6505,#694);
#263=LINE('',#6507,#695);
#264=LINE('',#6508,#696);
#265=LINE('',#6510,#697);
#266=LINE('',#6512,#698);
#267=LINE('',#6514,#699);
#268=LINE('',#6516,#700);
#269=LINE('',#6518,#701);
#270=LINE('',#6520,#702);
#271=LINE('',#6522,#703);
#272=LINE('',#6524,#704);
#273=LINE('',#6526,#705);
#274=LINE('',#6528,#706);
#275=LINE('',#6530,#707);
#276=LINE('',#6532,#708);
#277=LINE('',#6534,#709);
#278=LINE('',#6536,#710);
#279=LINE('',#6538,#711);
#280=LINE('',#6540,#712);
#281=LINE('',#6542,#713);
#282=LINE('',#6543,#714);
#283=LINE('',#6545,#715);
#284=LINE('',#6547,#716);
#285=LINE('',#6549,#717);
#286=LINE('',#6551,#718);
#287=LINE('',#6553,#719);
#288=LINE('',#6555,#720);
#289=LINE('',#6557,#721);
#290=LINE('',#6559,#722);
#291=LINE('',#6561,#723);
#292=LINE('',#6563,#724);
#293=LINE('',#6565,#725);
#294=LINE('',#6567,#726);
#295=LINE('',#6568,#727);
#296=LINE('',#6570,#728);
#297=LINE('',#6572,#729);
#298=LINE('',#6574,#730);
#299=LINE('',#6576,#731);
#300=LINE('',#6578,#732);
#301=LINE('',#6580,#733);
#302=LINE('',#6581,#734);
#303=LINE('',#6586,#735);
#304=LINE('',#6590,#736);
#305=LINE('',#6594,#737);
#306=LINE('',#6597,#738);
#307=LINE('',#6599,#739);
#308=LINE('',#6600,#740);
#309=LINE('',#6603,#741);
#310=LINE('',#6605,#742);
#311=LINE('',#6607,#743);
#312=LINE('',#6609,#744);
#313=LINE('',#6611,#745);
#314=LINE('',#6613,#746);
#315=LINE('',#6615,#747);
#316=LINE('',#6617,#748);
#317=LINE('',#6619,#749);
#318=LINE('',#6621,#750);
#319=LINE('',#6623,#751);
#320=LINE('',#6625,#752);
#321=LINE('',#6627,#753);
#322=LINE('',#6629,#754);
#323=LINE('',#6631,#755);
#324=LINE('',#6633,#756);
#325=LINE('',#6635,#757);
#326=LINE('',#6637,#758);
#327=LINE('',#6639,#759);
#328=LINE('',#6641,#760);
#329=LINE('',#6644,#761);
#330=LINE('',#6646,#762);
#331=LINE('',#6648,#763);
#332=LINE('',#6650,#764);
#333=LINE('',#6652,#765);
#334=LINE('',#6653,#766);
#335=LINE('',#6656,#767);
#336=LINE('',#6658,#768);
#337=LINE('',#6660,#769);
#338=LINE('',#6662,#770);
#339=LINE('',#6665,#771);
#340=LINE('',#6667,#772);
#341=LINE('',#6669,#773);
#342=LINE('',#6671,#774);
#343=LINE('',#6673,#775);
#344=LINE('',#6674,#776);
#345=LINE('',#6677,#777);
#346=LINE('',#6679,#778);
#347=LINE('',#6681,#779);
#348=LINE('',#6683,#780);
#349=LINE('',#6686,#781);
#350=LINE('',#6688,#782);
#351=LINE('',#6690,#783);
#352=LINE('',#6692,#784);
#353=LINE('',#6694,#785);
#354=LINE('',#6695,#786);
#355=LINE('',#6698,#787);
#356=LINE('',#6700,#788);
#357=LINE('',#6702,#789);
#358=LINE('',#6704,#790);
#359=LINE('',#6707,#791);
#360=LINE('',#6709,#792);
#361=LINE('',#6711,#793);
#362=LINE('',#6713,#794);
#363=LINE('',#6715,#795);
#364=LINE('',#6716,#796);
#365=LINE('',#6719,#797);
#366=LINE('',#6721,#798);
#367=LINE('',#6723,#799);
#368=LINE('',#6725,#800);
#369=LINE('',#6727,#801);
#370=LINE('',#6729,#802);
#371=LINE('',#6731,#803);
#372=LINE('',#6733,#804);
#373=LINE('',#6735,#805);
#374=LINE('',#6737,#806);
#375=LINE('',#6739,#807);
#376=LINE('',#6741,#808);
#377=LINE('',#6743,#809);
#378=LINE('',#6745,#810);
#379=LINE('',#6747,#811);
#380=LINE('',#6749,#812);
#381=LINE('',#6751,#813);
#382=LINE('',#6753,#814);
#383=LINE('',#6755,#815);
#384=LINE('',#6757,#816);
#385=LINE('',#6758,#817);
#386=LINE('',#6760,#818);
#387=LINE('',#6762,#819);
#388=LINE('',#6764,#820);
#389=LINE('',#6765,#821);
#390=LINE('',#6767,#822);
#391=LINE('',#6769,#823);
#392=LINE('',#6771,#824);
#393=LINE('',#6773,#825);
#394=LINE('',#6775,#826);
#395=LINE('',#6777,#827);
#396=LINE('',#6780,#828);
#397=LINE('',#6781,#829);
#398=LINE('',#6783,#830);
#399=LINE('',#6786,#831);
#400=LINE('',#6787,#832);
#401=LINE('',#6789,#833);
#402=LINE('',#6792,#834);
#403=LINE('',#6793,#835);
#404=LINE('',#6795,#836);
#405=LINE('',#6800,#837);
#406=LINE('',#6804,#838);
#407=LINE('',#6808,#839);
#408=LINE('',#6811,#840);
#409=LINE('',#6814,#841);
#410=LINE('',#6816,#842);
#411=LINE('',#6818,#843);
#412=LINE('',#6820,#844);
#413=LINE('',#6823,#845);
#414=LINE('',#6825,#846);
#415=LINE('',#6827,#847);
#416=LINE('',#6828,#848);
#417=LINE('',#6829,#849);
#418=LINE('',#6830,#850);
#419=LINE('',#6831,#851);
#420=LINE('',#6832,#852);
#421=LINE('',#6833,#853);
#422=LINE('',#6837,#854);
#423=LINE('',#6839,#855);
#424=LINE('',#6841,#856);
#425=LINE('',#6842,#857);
#426=LINE('',#6844,#858);
#427=LINE('',#6846,#859);
#428=LINE('',#6847,#860);
#429=LINE('',#6848,#861);
#430=LINE('',#6852,#862);
#431=LINE('',#6854,#863);
#432=LINE('',#6855,#864);
#433=LINE('',#6856,#865);
#434=LINE('',#6858,#866);
#435=LINE('',#6860,#867);
#436=LINE('',#6861,#868);
#437=LINE('',#6863,#869);
#438=LINE('',#6865,#870);
#439=LINE('',#6870,#871);
#440=LINE('',#6875,#872);
#441=LINE('',#6878,#873);
#442=LINE('',#6887,#874);
#443=LINE('',#6889,#875);
#444=LINE('',#6890,#876);
#445=LINE('',#6891,#877);
#446=LINE('',#6893,#878);
#447=LINE('',#6895,#879);
#448=LINE('',#6899,#880);
#449=LINE('',#6901,#881);
#450=LINE('',#6903,#882);
#451=LINE('',#6904,#883);
#452=LINE('',#6906,#884);
#453=LINE('',#6907,#885);
#454=LINE('',#6909,#886);
#455=LINE('',#6912,#887);
#456=LINE('',#6915,#888);
#457=LINE('',#6917,#889);
#458=LINE('',#6920,#890);
#459=LINE('',#6922,#891);
#460=LINE('',#6924,#892);
#461=LINE('',#6926,#893);
#462=LINE('',#6928,#894);
#463=LINE('',#6930,#895);
#464=LINE('',#6932,#896);
#465=LINE('',#6935,#897);
#466=LINE('',#6937,#898);
#467=LINE('',#6939,#899);
#468=LINE('',#6941,#900);
#469=LINE('',#6943,#901);
#470=LINE('',#6945,#902);
#471=LINE('',#6947,#903);
#472=LINE('',#6949,#904);
#473=LINE('',#6951,#905);
#474=LINE('',#6953,#906);
#475=LINE('',#6955,#907);
#476=LINE('',#6958,#908);
#477=LINE('',#6959,#909);
#478=LINE('',#6961,#910);
#479=LINE('',#6962,#911);
#480=LINE('',#6964,#912);
#481=LINE('',#6965,#913);
#482=LINE('',#6967,#914);
#483=LINE('',#6968,#915);
#484=LINE('',#6974,#916);
#485=LINE('',#6975,#917);
#486=LINE('',#6977,#918);
#487=LINE('',#6979,#919);
#488=LINE('',#6982,#920);
#489=LINE('',#6983,#921);
#490=LINE('',#6985,#922);
#491=LINE('',#6987,#923);
#492=LINE('',#6990,#924);
#493=LINE('',#6992,#925);
#494=LINE('',#6994,#926);
#495=LINE('',#6996,#927);
#496=LINE('',#6998,#928);
#497=LINE('',#7000,#929);
#498=LINE('',#7002,#930);
#499=LINE('',#7004,#931);
#500=LINE('',#7006,#932);
#501=LINE('',#7008,#933);
#502=LINE('',#7010,#934);
#503=LINE('',#7012,#935);
#504=LINE('',#7014,#936);
#505=LINE('',#7016,#937);
#506=LINE('',#7018,#938);
#507=LINE('',#7020,#939);
#508=LINE('',#7022,#940);
#509=LINE('',#7024,#941);
#510=LINE('',#7026,#942);
#511=LINE('',#7028,#943);
#512=LINE('',#7034,#944);
#513=LINE('',#7037,#945);
#514=LINE('',#7040,#946);
#515=LINE('',#7041,#947);
#516=LINE('',#7043,#948);
#517=LINE('',#7044,#949);
#518=LINE('',#7046,#950);
#519=LINE('',#7047,#951);
#520=LINE('',#7049,#952);
#521=LINE('',#7050,#953);
#522=LINE('',#7052,#954);
#523=LINE('',#7055,#955);
#524=LINE('',#7057,#956);
#525=LINE('',#7059,#957);
#526=LINE('',#7061,#958);
#527=LINE('',#7063,#959);
#528=LINE('',#7065,#960);
#529=LINE('',#7067,#961);
#530=LINE('',#7070,#962);
#531=LINE('',#7071,#963);
#532=LINE('',#7076,#964);
#533=LINE('',#7080,#965);
#534=VECTOR('',#5169,1000.);
#535=VECTOR('',#5170,1000.);
#536=VECTOR('',#5171,1000.);
#537=VECTOR('',#5172,1000.);
#538=VECTOR('',#5179,1000.);
#539=VECTOR('',#5182,1000.);
#540=VECTOR('',#5183,1000.);
#541=VECTOR('',#5184,1000.);
#542=VECTOR('',#5195,1000.);
#543=VECTOR('',#5198,1000.);
#544=VECTOR('',#5203,1000.);
#545=VECTOR('',#5208,1000.);
#546=VECTOR('',#5209,1000.);
#547=VECTOR('',#5210,1000.);
#548=VECTOR('',#5219,1000.);
#549=VECTOR('',#5220,1000.);
#550=VECTOR('',#5221,1000.);
#551=VECTOR('',#5226,1000.);
#552=VECTOR('',#5229,1000.);
#553=VECTOR('',#5232,1000.);
#554=VECTOR('',#5235,1000.);
#555=VECTOR('',#5238,1000.);
#556=VECTOR('',#5241,1000.);
#557=VECTOR('',#5246,1000.);
#558=VECTOR('',#5253,1000.);
#559=VECTOR('',#5254,1000.);
#560=VECTOR('',#5255,1000.);
#561=VECTOR('',#5256,1000.);
#562=VECTOR('',#5259,1000.);
#563=VECTOR('',#5260,1000.);
#564=VECTOR('',#5261,1000.);
#565=VECTOR('',#5262,1000.);
#566=VECTOR('',#5265,1000.);
#567=VECTOR('',#5266,1000.);
#568=VECTOR('',#5269,1000.);
#569=VECTOR('',#5270,1000.);
#570=VECTOR('',#5271,1000.);
#571=VECTOR('',#5272,1000.);
#572=VECTOR('',#5275,1000.);
#573=VECTOR('',#5276,1000.);
#574=VECTOR('',#5277,1000.);
#575=VECTOR('',#5278,1000.);
#576=VECTOR('',#5281,1000.);
#577=VECTOR('',#5282,1000.);
#578=VECTOR('',#5285,1000.);
#579=VECTOR('',#5286,1000.);
#580=VECTOR('',#5287,1000.);
#581=VECTOR('',#5288,1000.);
#582=VECTOR('',#5291,1000.);
#583=VECTOR('',#5292,1000.);
#584=VECTOR('',#5293,1000.);
#585=VECTOR('',#5296,1000.);
#586=VECTOR('',#5297,1000.);
#587=VECTOR('',#5300,1000.);
#588=VECTOR('',#5301,1000.);
#589=VECTOR('',#5302,1000.);
#590=VECTOR('',#5305,1000.);
#591=VECTOR('',#5306,1000.);
#592=VECTOR('',#5307,1000.);
#593=VECTOR('',#5308,1000.);
#594=VECTOR('',#5311,1000.);
#595=VECTOR('',#5312,1000.);
#596=VECTOR('',#5315,1000.);
#597=VECTOR('',#5316,1000.);
#598=VECTOR('',#5317,1000.);
#599=VECTOR('',#5318,1000.);
#600=VECTOR('',#5321,1000.);
#601=VECTOR('',#5322,1000.);
#602=VECTOR('',#5323,1000.);
#603=VECTOR('',#5326,1000.);
#604=VECTOR('',#5327,1000.);
#605=VECTOR('',#5330,1000.);
#606=VECTOR('',#5331,1000.);
#607=VECTOR('',#5332,1000.);
#608=VECTOR('',#5335,1000.);
#609=VECTOR('',#5336,1000.);
#610=VECTOR('',#5337,1000.);
#611=VECTOR('',#5338,1000.);
#612=VECTOR('',#5341,1000.);
#613=VECTOR('',#5342,1000.);
#614=VECTOR('',#5345,1000.);
#615=VECTOR('',#5346,1000.);
#616=VECTOR('',#5347,1000.);
#617=VECTOR('',#5348,1000.);
#618=VECTOR('',#5351,1000.);
#619=VECTOR('',#5352,1000.);
#620=VECTOR('',#5353,1000.);
#621=VECTOR('',#5356,1000.);
#622=VECTOR('',#5357,1000.);
#623=VECTOR('',#5360,1000.);
#624=VECTOR('',#5361,1000.);
#625=VECTOR('',#5362,1000.);
#626=VECTOR('',#5365,1000.);
#627=VECTOR('',#5366,1000.);
#628=VECTOR('',#5367,1000.);
#629=VECTOR('',#5368,1000.);
#630=VECTOR('',#5371,1000.);
#631=VECTOR('',#5372,1000.);
#632=VECTOR('',#5375,1000.);
#633=VECTOR('',#5376,1000.);
#634=VECTOR('',#5377,1000.);
#635=VECTOR('',#5378,1000.);
#636=VECTOR('',#5381,1000.);
#637=VECTOR('',#5382,1000.);
#638=VECTOR('',#5383,1000.);
#639=VECTOR('',#5386,1000.);
#640=VECTOR('',#5387,1000.);
#641=VECTOR('',#5388,1000.);
#642=VECTOR('',#5391,1000.);
#643=VECTOR('',#5392,1000.);
#644=VECTOR('',#5393,1000.);
#645=VECTOR('',#5394,1000.);
#646=VECTOR('',#5397,1000.);
#647=VECTOR('',#5398,1000.);
#648=VECTOR('',#5399,1000.);
#649=VECTOR('',#5402,1000.);
#650=VECTOR('',#5403,1000.);
#651=VECTOR('',#5404,1000.);
#652=VECTOR('',#5407,1000.);
#653=VECTOR('',#5408,1000.);
#654=VECTOR('',#5409,1000.);
#655=VECTOR('',#5410,1000.);
#656=VECTOR('',#5413,1000.);
#657=VECTOR('',#5414,1000.);
#658=VECTOR('',#5415,1000.);
#659=VECTOR('',#5418,1000.);
#660=VECTOR('',#5419,1000.);
#661=VECTOR('',#5422,1000.);
#662=VECTOR('',#5423,1000.);
#663=VECTOR('',#5424,1000.);
#664=VECTOR('',#5427,1000.);
#665=VECTOR('',#5428,1000.);
#666=VECTOR('',#5429,1000.);
#667=VECTOR('',#5432,1000.);
#668=VECTOR('',#5433,1000.);
#669=VECTOR('',#5434,1000.);
#670=VECTOR('',#5437,1000.);
#671=VECTOR('',#5438,1000.);
#672=VECTOR('',#5439,1000.);
#673=VECTOR('',#5440,1000.);
#674=VECTOR('',#5443,1000.);
#675=VECTOR('',#5444,1000.);
#676=VECTOR('',#5445,1000.);
#677=VECTOR('',#5448,1000.);
#678=VECTOR('',#5449,1000.);
#679=VECTOR('',#5452,1000.);
#680=VECTOR('',#5453,1000.);
#681=VECTOR('',#5454,1000.);
#682=VECTOR('',#5457,1000.);
#683=VECTOR('',#5458,1000.);
#684=VECTOR('',#5459,1000.);
#685=VECTOR('',#5462,1000.);
#686=VECTOR('',#5463,1000.);
#687=VECTOR('',#5464,1000.);
#688=VECTOR('',#5467,1000.);
#689=VECTOR('',#5468,1000.);
#690=VECTOR('',#5469,1000.);
#691=VECTOR('',#5470,1000.);
#692=VECTOR('',#5473,1000.);
#693=VECTOR('',#5474,1000.);
#694=VECTOR('',#5475,1000.);
#695=VECTOR('',#5478,1000.);
#696=VECTOR('',#5479,1000.);
#697=VECTOR('',#5482,1000.);
#698=VECTOR('',#5483,1000.);
#699=VECTOR('',#5484,1000.);
#700=VECTOR('',#5487,1000.);
#701=VECTOR('',#5488,1000.);
#702=VECTOR('',#5489,1000.);
#703=VECTOR('',#5492,1000.);
#704=VECTOR('',#5493,1000.);
#705=VECTOR('',#5494,1000.);
#706=VECTOR('',#5497,1000.);
#707=VECTOR('',#5498,1000.);
#708=VECTOR('',#5499,1000.);
#709=VECTOR('',#5502,1000.);
#710=VECTOR('',#5503,1000.);
#711=VECTOR('',#5504,1000.);
#712=VECTOR('',#5507,1000.);
#713=VECTOR('',#5508,1000.);
#714=VECTOR('',#5509,1000.);
#715=VECTOR('',#5510,1000.);
#716=VECTOR('',#5511,1000.);
#717=VECTOR('',#5512,1000.);
#718=VECTOR('',#5513,1000.);
#719=VECTOR('',#5514,1000.);
#720=VECTOR('',#5517,1000.);
#721=VECTOR('',#5518,1000.);
#722=VECTOR('',#5519,1000.);
#723=VECTOR('',#5520,1000.);
#724=VECTOR('',#5521,1000.);
#725=VECTOR('',#5522,1000.);
#726=VECTOR('',#5523,1000.);
#727=VECTOR('',#5524,1000.);
#728=VECTOR('',#5525,1000.);
#729=VECTOR('',#5526,1000.);
#730=VECTOR('',#5529,1000.);
#731=VECTOR('',#5530,1000.);
#732=VECTOR('',#5533,1000.);
#733=VECTOR('',#5534,1000.);
#734=VECTOR('',#5535,1000.);
#735=VECTOR('',#5538,1000.);
#736=VECTOR('',#5541,1000.);
#737=VECTOR('',#5544,1000.);
#738=VECTOR('',#5547,1000.);
#739=VECTOR('',#5548,1000.);
#740=VECTOR('',#5549,1000.);
#741=VECTOR('',#5550,1000.);
#742=VECTOR('',#5551,1000.);
#743=VECTOR('',#5552,1000.);
#744=VECTOR('',#5553,1000.);
#745=VECTOR('',#5554,1000.);
#746=VECTOR('',#5555,1000.);
#747=VECTOR('',#5556,1000.);
#748=VECTOR('',#5557,1000.);
#749=VECTOR('',#5558,1000.);
#750=VECTOR('',#5559,1000.);
#751=VECTOR('',#5560,1000.);
#752=VECTOR('',#5561,1000.);
#753=VECTOR('',#5562,1000.);
#754=VECTOR('',#5563,1000.);
#755=VECTOR('',#5564,1000.);
#756=VECTOR('',#5565,1000.);
#757=VECTOR('',#5566,1000.);
#758=VECTOR('',#5567,1000.);
#759=VECTOR('',#5568,1000.);
#760=VECTOR('',#5571,1000.);
#761=VECTOR('',#5572,1000.);
#762=VECTOR('',#5573,1000.);
#763=VECTOR('',#5574,1000.);
#764=VECTOR('',#5575,1000.);
#765=VECTOR('',#5576,1000.);
#766=VECTOR('',#5577,1000.);
#767=VECTOR('',#5578,1000.);
#768=VECTOR('',#5579,1000.);
#769=VECTOR('',#5580,1000.);
#770=VECTOR('',#5583,1000.);
#771=VECTOR('',#5584,1000.);
#772=VECTOR('',#5585,1000.);
#773=VECTOR('',#5586,1000.);
#774=VECTOR('',#5587,1000.);
#775=VECTOR('',#5588,1000.);
#776=VECTOR('',#5589,1000.);
#777=VECTOR('',#5590,1000.);
#778=VECTOR('',#5591,1000.);
#779=VECTOR('',#5592,1000.);
#780=VECTOR('',#5595,1000.);
#781=VECTOR('',#5596,1000.);
#782=VECTOR('',#5597,1000.);
#783=VECTOR('',#5598,1000.);
#784=VECTOR('',#5599,1000.);
#785=VECTOR('',#5600,1000.);
#786=VECTOR('',#5601,1000.);
#787=VECTOR('',#5602,1000.);
#788=VECTOR('',#5603,1000.);
#789=VECTOR('',#5604,1000.);
#790=VECTOR('',#5607,1000.);
#791=VECTOR('',#5608,1000.);
#792=VECTOR('',#5609,1000.);
#793=VECTOR('',#5610,1000.);
#794=VECTOR('',#5611,1000.);
#795=VECTOR('',#5612,1000.);
#796=VECTOR('',#5613,1000.);
#797=VECTOR('',#5614,1000.);
#798=VECTOR('',#5615,1000.);
#799=VECTOR('',#5616,1000.);
#800=VECTOR('',#5619,1000.);
#801=VECTOR('',#5620,1000.);
#802=VECTOR('',#5621,1000.);
#803=VECTOR('',#5622,1000.);
#804=VECTOR('',#5623,1000.);
#805=VECTOR('',#5624,1000.);
#806=VECTOR('',#5625,1000.);
#807=VECTOR('',#5628,1000.);
#808=VECTOR('',#5629,1000.);
#809=VECTOR('',#5630,1000.);
#810=VECTOR('',#5631,1000.);
#811=VECTOR('',#5632,1000.);
#812=VECTOR('',#5633,1000.);
#813=VECTOR('',#5634,1000.);
#814=VECTOR('',#5637,1000.);
#815=VECTOR('',#5638,1000.);
#816=VECTOR('',#5639,1000.);
#817=VECTOR('',#5640,1000.);
#818=VECTOR('',#5641,1000.);
#819=VECTOR('',#5644,1000.);
#820=VECTOR('',#5645,1000.);
#821=VECTOR('',#5646,1000.);
#822=VECTOR('',#5647,1000.);
#823=VECTOR('',#5648,1000.);
#824=VECTOR('',#5651,1000.);
#825=VECTOR('',#5652,1000.);
#826=VECTOR('',#5653,1000.);
#827=VECTOR('',#5656,1000.);
#828=VECTOR('',#5657,1000.);
#829=VECTOR('',#5658,1000.);
#830=VECTOR('',#5661,1000.);
#831=VECTOR('',#5662,1000.);
#832=VECTOR('',#5663,1000.);
#833=VECTOR('',#5666,1000.);
#834=VECTOR('',#5667,1000.);
#835=VECTOR('',#5668,1000.);
#836=VECTOR('',#5671,1000.);
#837=VECTOR('',#5674,1000.);
#838=VECTOR('',#5677,1000.);
#839=VECTOR('',#5680,1000.);
#840=VECTOR('',#5683,1000.);
#841=VECTOR('',#5684,1000.);
#842=VECTOR('',#5685,1000.);
#843=VECTOR('',#5686,1000.);
#844=VECTOR('',#5689,1000.);
#845=VECTOR('',#5690,1000.);
#846=VECTOR('',#5691,1000.);
#847=VECTOR('',#5692,1000.);
#848=VECTOR('',#5693,1000.);
#849=VECTOR('',#5694,1000.);
#850=VECTOR('',#5695,1000.);
#851=VECTOR('',#5696,1000.);
#852=VECTOR('',#5697,1000.);
#853=VECTOR('',#5698,1000.);
#854=VECTOR('',#5703,1000.);
#855=VECTOR('',#5704,1000.);
#856=VECTOR('',#5705,1000.);
#857=VECTOR('',#5706,1000.);
#858=VECTOR('',#5707,1000.);
#859=VECTOR('',#5708,1000.);
#860=VECTOR('',#5709,1000.);
#861=VECTOR('',#5710,1000.);
#862=VECTOR('',#5715,1000.);
#863=VECTOR('',#5716,1000.);
#864=VECTOR('',#5717,1000.);
#865=VECTOR('',#5718,1000.);
#866=VECTOR('',#5719,1000.);
#867=VECTOR('',#5720,1000.);
#868=VECTOR('',#5721,1000.);
#869=VECTOR('',#5722,1000.);
#870=VECTOR('',#5725,1000.);
#871=VECTOR('',#5730,1000.);
#872=VECTOR('',#5737,1000.);
#873=VECTOR('',#5742,1000.);
#874=VECTOR('',#5757,1000.);
#875=VECTOR('',#5758,1000.);
#876=VECTOR('',#5759,1000.);
#877=VECTOR('',#5760,1000.);
#878=VECTOR('',#5761,1000.);
#879=VECTOR('',#5764,1000.);
#880=VECTOR('',#5771,1000.);
#881=VECTOR('',#5772,1000.);
#882=VECTOR('',#5773,1000.);
#883=VECTOR('',#5774,1000.);
#884=VECTOR('',#5775,1000.);
#885=VECTOR('',#5776,1000.);
#886=VECTOR('',#5779,1000.);
#887=VECTOR('',#5784,1000.);
#888=VECTOR('',#5789,1000.);
#889=VECTOR('',#5792,1000.);
#890=VECTOR('',#5793,1000.);
#891=VECTOR('',#5794,1000.);
#892=VECTOR('',#5795,1000.);
#893=VECTOR('',#5798,1000.);
#894=VECTOR('',#5801,1000.);
#895=VECTOR('',#5804,1000.);
#896=VECTOR('',#5807,1000.);
#897=VECTOR('',#5808,1000.);
#898=VECTOR('',#5809,1000.);
#899=VECTOR('',#5810,1000.);
#900=VECTOR('',#5813,1000.);
#901=VECTOR('',#5814,1000.);
#902=VECTOR('',#5815,1000.);
#903=VECTOR('',#5818,1000.);
#904=VECTOR('',#5819,1000.);
#905=VECTOR('',#5822,1000.);
#906=VECTOR('',#5823,1000.);
#907=VECTOR('',#5826,1000.);
#908=VECTOR('',#5831,1000.);
#909=VECTOR('',#5832,1000.);
#910=VECTOR('',#5835,1000.);
#911=VECTOR('',#5836,1000.);
#912=VECTOR('',#5839,1000.);
#913=VECTOR('',#5840,1000.);
#914=VECTOR('',#5843,1000.);
#915=VECTOR('',#5844,1000.);
#916=VECTOR('',#5855,1000.);
#917=VECTOR('',#5856,1000.);
#918=VECTOR('',#5859,1000.);
#919=VECTOR('',#5862,1000.);
#920=VECTOR('',#5867,1000.);
#921=VECTOR('',#5868,1000.);
#922=VECTOR('',#5871,1000.);
#923=VECTOR('',#5874,1000.);
#924=VECTOR('',#5879,1000.);
#925=VECTOR('',#5880,1000.);
#926=VECTOR('',#5881,1000.);
#927=VECTOR('',#5884,1000.);
#928=VECTOR('',#5887,1000.);
#929=VECTOR('',#5890,1000.);
#930=VECTOR('',#5891,1000.);
#931=VECTOR('',#5892,1000.);
#932=VECTOR('',#5895,1000.);
#933=VECTOR('',#5898,1000.);
#934=VECTOR('',#5901,1000.);
#935=VECTOR('',#5902,1000.);
#936=VECTOR('',#5903,1000.);
#937=VECTOR('',#5906,1000.);
#938=VECTOR('',#5909,1000.);
#939=VECTOR('',#5912,1000.);
#940=VECTOR('',#5913,1000.);
#941=VECTOR('',#5914,1000.);
#942=VECTOR('',#5917,1000.);
#943=VECTOR('',#5920,1000.);
#944=VECTOR('',#5931,1000.);
#945=VECTOR('',#5936,1000.);
#946=VECTOR('',#5941,1000.);
#947=VECTOR('',#5942,1000.);
#948=VECTOR('',#5945,1000.);
#949=VECTOR('',#5946,1000.);
#950=VECTOR('',#5949,1000.);
#951=VECTOR('',#5950,1000.);
#952=VECTOR('',#5953,1000.);
#953=VECTOR('',#5954,1000.);
#954=VECTOR('',#5957,1000.);
#955=VECTOR('',#5958,1000.);
#956=VECTOR('',#5959,1000.);
#957=VECTOR('',#5960,1000.);
#958=VECTOR('',#5963,1000.);
#959=VECTOR('',#5964,1000.);
#960=VECTOR('',#5965,1000.);
#961=VECTOR('',#5968,1000.);
#962=VECTOR('',#5969,1000.);
#963=VECTOR('',#5970,1000.);
#964=VECTOR('',#5975,1000.);
#965=VECTOR('',#5978,1000.);
#966=PLANE('',#4909);
#967=PLANE('',#4910);
#968=PLANE('',#4913);
#969=PLANE('',#4914);
#970=PLANE('',#4920);
#971=PLANE('',#4925);
#972=PLANE('',#4930);
#973=PLANE('',#4939);
#974=PLANE('',#4940);
#975=PLANE('',#4941);
#976=PLANE('',#4942);
#977=PLANE('',#4943);
#978=PLANE('',#4944);
#979=PLANE('',#4945);
#980=PLANE('',#4946);
#981=PLANE('',#4947);
#982=PLANE('',#4948);
#983=PLANE('',#4949);
#984=PLANE('',#4950);
#985=PLANE('',#4951);
#986=PLANE('',#4952);
#987=PLANE('',#4953);
#988=PLANE('',#4954);
#989=PLANE('',#4955);
#990=PLANE('',#4956);
#991=PLANE('',#4957);
#992=PLANE('',#4958);
#993=PLANE('',#4959);
#994=PLANE('',#4960);
#995=PLANE('',#4961);
#996=PLANE('',#4962);
#997=PLANE('',#4963);
#998=PLANE('',#4964);
#999=PLANE('',#4965);
#1000=PLANE('',#4966);
#1001=PLANE('',#4967);
#1002=PLANE('',#4968);
#1003=PLANE('',#4969);
#1004=PLANE('',#4970);
#1005=PLANE('',#4971);
#1006=PLANE('',#4972);
#1007=PLANE('',#4973);
#1008=PLANE('',#4974);
#1009=PLANE('',#4975);
#1010=PLANE('',#4976);
#1011=PLANE('',#4977);
#1012=PLANE('',#4978);
#1013=PLANE('',#4979);
#1014=PLANE('',#4980);
#1015=PLANE('',#4981);
#1016=PLANE('',#4982);
#1017=PLANE('',#4983);
#1018=PLANE('',#4984);
#1019=PLANE('',#4985);
#1020=PLANE('',#4986);
#1021=PLANE('',#4987);
#1022=PLANE('',#4988);
#1023=PLANE('',#4989);
#1024=PLANE('',#4990);
#1025=PLANE('',#4991);
#1026=PLANE('',#4992);
#1027=PLANE('',#4997);
#1028=PLANE('',#4998);
#1029=PLANE('',#4999);
#1030=PLANE('',#5000);
#1031=PLANE('',#5001);
#1032=PLANE('',#5002);
#1033=PLANE('',#5003);
#1034=PLANE('',#5004);
#1035=PLANE('',#5005);
#1036=PLANE('',#5006);
#1037=PLANE('',#5007);
#1038=PLANE('',#5008);
#1039=PLANE('',#5009);
#1040=PLANE('',#5014);
#1041=PLANE('',#5015);
#1042=PLANE('',#5017);
#1043=PLANE('',#5019);
#1044=PLANE('',#5022);
#1045=PLANE('',#5025);
#1046=PLANE('',#5028);
#1047=PLANE('',#5031);
#1048=PLANE('',#5032);
#1049=PLANE('',#5033);
#1050=PLANE('',#5034);
#1051=PLANE('',#5035);
#1052=PLANE('',#5036);
#1053=PLANE('',#5037);
#1054=PLANE('',#5038);
#1055=PLANE('',#5039);
#1056=PLANE('',#5040);
#1057=PLANE('',#5041);
#1058=PLANE('',#5042);
#1059=PLANE('',#5043);
#1060=PLANE('',#5044);
#1061=PLANE('',#5045);
#1062=PLANE('',#5046);
#1063=PLANE('',#5047);
#1064=PLANE('',#5048);
#1065=PLANE('',#5049);
#1066=PLANE('',#5050);
#1067=PLANE('',#5051);
#1068=PLANE('',#5052);
#1069=PLANE('',#5053);
#1070=PLANE('',#5054);
#1071=PLANE('',#5055);
#1072=PLANE('',#5056);
#1073=PLANE('',#5057);
#1074=PLANE('',#5058);
#1075=PLANE('',#5059);
#1076=PLANE('',#5060);
#1077=PLANE('',#5061);
#1078=PLANE('',#5062);
#1079=PLANE('',#5063);
#1080=PLANE('',#5064);
#1081=PLANE('',#5065);
#1082=PLANE('',#5066);
#1083=PLANE('',#5067);
#1084=PLANE('',#5068);
#1085=PLANE('',#5069);
#1086=PLANE('',#5070);
#1087=PLANE('',#5071);
#1088=PLANE('',#5072);
#1089=PLANE('',#5073);
#1090=PLANE('',#5074);
#1091=PLANE('',#5075);
#1092=PLANE('',#5076);
#1093=PLANE('',#5077);
#1094=PLANE('',#5078);
#1095=PLANE('',#5079);
#1096=PLANE('',#5080);
#1097=PLANE('',#5081);
#1098=PLANE('',#5082);
#1099=PLANE('',#5083);
#1100=PLANE('',#5084);
#1101=PLANE('',#5085);
#1102=PLANE('',#5086);
#1103=PLANE('',#5087);
#1104=PLANE('',#5088);
#1105=PLANE('',#5089);
#1106=PLANE('',#5090);
#1107=PLANE('',#5091);
#1108=PLANE('',#5092);
#1109=PLANE('',#5093);
#1110=PLANE('',#5094);
#1111=PLANE('',#5095);
#1112=PLANE('',#5155);
#1113=PLANE('',#5158);
#1114=ORIENTED_EDGE('',*,*,#2122,.F.);
#1115=ORIENTED_EDGE('',*,*,#2123,.T.);
#1116=ORIENTED_EDGE('',*,*,#2124,.F.);
#1117=ORIENTED_EDGE('',*,*,#2125,.T.);
#1118=ORIENTED_EDGE('',*,*,#2126,.T.);
#1119=ORIENTED_EDGE('',*,*,#2127,.F.);
#1120=ORIENTED_EDGE('',*,*,#2128,.F.);
#1121=ORIENTED_EDGE('',*,*,#2127,.T.);
#1122=ORIENTED_EDGE('',*,*,#2129,.T.);
#1123=ORIENTED_EDGE('',*,*,#2130,.F.);
#1124=ORIENTED_EDGE('',*,*,#2131,.F.);
#1125=ORIENTED_EDGE('',*,*,#2130,.T.);
#1126=ORIENTED_EDGE('',*,*,#2132,.T.);
#1127=ORIENTED_EDGE('',*,*,#2133,.F.);
#1128=ORIENTED_EDGE('',*,*,#2134,.F.);
#1129=ORIENTED_EDGE('',*,*,#2133,.T.);
#1130=ORIENTED_EDGE('',*,*,#2135,.T.);
#1131=ORIENTED_EDGE('',*,*,#2125,.F.);
#1132=ORIENTED_EDGE('',*,*,#2126,.F.);
#1133=ORIENTED_EDGE('',*,*,#2135,.F.);
#1134=ORIENTED_EDGE('',*,*,#2132,.F.);
#1135=ORIENTED_EDGE('',*,*,#2129,.F.);
#1136=ORIENTED_EDGE('',*,*,#2136,.T.);
#1137=ORIENTED_EDGE('',*,*,#2137,.T.);
#1138=ORIENTED_EDGE('',*,*,#2138,.T.);
#1139=ORIENTED_EDGE('',*,*,#2139,.T.);
#1140=ORIENTED_EDGE('',*,*,#2122,.T.);
#1141=ORIENTED_EDGE('',*,*,#2140,.F.);
#1142=ORIENTED_EDGE('',*,*,#2141,.T.);
#1143=ORIENTED_EDGE('',*,*,#2142,.F.);
#1144=ORIENTED_EDGE('',*,*,#2143,.T.);
#1145=ORIENTED_EDGE('',*,*,#2144,.T.);
#1146=ORIENTED_EDGE('',*,*,#2145,.T.);
#1147=ORIENTED_EDGE('',*,*,#2146,.T.);
#1148=ORIENTED_EDGE('',*,*,#2147,.T.);
#1149=ORIENTED_EDGE('',*,*,#2148,.F.);
#1150=ORIENTED_EDGE('',*,*,#2149,.T.);
#1151=ORIENTED_EDGE('',*,*,#2150,.T.);
#1152=ORIENTED_EDGE('',*,*,#2151,.F.);
#1153=ORIENTED_EDGE('',*,*,#2152,.T.);
#1154=ORIENTED_EDGE('',*,*,#2153,.T.);
#1155=ORIENTED_EDGE('',*,*,#2154,.F.);
#1156=ORIENTED_EDGE('',*,*,#2155,.T.);
#1157=ORIENTED_EDGE('',*,*,#2156,.T.);
#1158=ORIENTED_EDGE('',*,*,#2157,.T.);
#1159=ORIENTED_EDGE('',*,*,#2158,.T.);
#1160=ORIENTED_EDGE('',*,*,#2159,.T.);
#1161=ORIENTED_EDGE('',*,*,#2160,.T.);
#1162=ORIENTED_EDGE('',*,*,#2161,.T.);
#1163=ORIENTED_EDGE('',*,*,#2162,.T.);
#1164=ORIENTED_EDGE('',*,*,#2163,.T.);
#1165=ORIENTED_EDGE('',*,*,#2164,.F.);
#1166=ORIENTED_EDGE('',*,*,#2165,.T.);
#1167=ORIENTED_EDGE('',*,*,#2151,.T.);
#1168=ORIENTED_EDGE('',*,*,#2166,.T.);
#1169=ORIENTED_EDGE('',*,*,#2167,.T.);
#1170=ORIENTED_EDGE('',*,*,#2168,.T.);
#1171=ORIENTED_EDGE('',*,*,#2145,.F.);
#1172=ORIENTED_EDGE('',*,*,#2169,.T.);
#1173=ORIENTED_EDGE('',*,*,#2170,.T.);
#1174=ORIENTED_EDGE('',*,*,#2171,.T.);
#1175=ORIENTED_EDGE('',*,*,#2172,.F.);
#1176=ORIENTED_EDGE('',*,*,#2173,.T.);
#1177=ORIENTED_EDGE('',*,*,#2174,.F.);
#1178=ORIENTED_EDGE('',*,*,#2175,.F.);
#1179=ORIENTED_EDGE('',*,*,#2176,.F.);
#1180=ORIENTED_EDGE('',*,*,#2177,.F.);
#1181=ORIENTED_EDGE('',*,*,#2178,.F.);
#1182=ORIENTED_EDGE('',*,*,#2175,.T.);
#1183=ORIENTED_EDGE('',*,*,#2179,.F.);
#1184=ORIENTED_EDGE('',*,*,#2173,.F.);
#1185=ORIENTED_EDGE('',*,*,#2180,.T.);
#1186=ORIENTED_EDGE('',*,*,#2181,.T.);
#1187=ORIENTED_EDGE('',*,*,#2182,.F.);
#1188=ORIENTED_EDGE('',*,*,#2183,.T.);
#1189=ORIENTED_EDGE('',*,*,#2184,.F.);
#1190=ORIENTED_EDGE('',*,*,#2185,.F.);
#1191=ORIENTED_EDGE('',*,*,#2186,.F.);
#1192=ORIENTED_EDGE('',*,*,#2187,.F.);
#1193=ORIENTED_EDGE('',*,*,#2188,.F.);
#1194=ORIENTED_EDGE('',*,*,#2185,.T.);
#1195=ORIENTED_EDGE('',*,*,#2189,.F.);
#1196=ORIENTED_EDGE('',*,*,#2183,.F.);
#1197=ORIENTED_EDGE('',*,*,#2190,.T.);
#1198=ORIENTED_EDGE('',*,*,#2191,.T.);
#1199=ORIENTED_EDGE('',*,*,#2192,.F.);
#1200=ORIENTED_EDGE('',*,*,#2193,.T.);
#1201=ORIENTED_EDGE('',*,*,#2194,.F.);
#1202=ORIENTED_EDGE('',*,*,#2195,.F.);
#1203=ORIENTED_EDGE('',*,*,#2196,.F.);
#1204=ORIENTED_EDGE('',*,*,#2171,.F.);
#1205=ORIENTED_EDGE('',*,*,#2197,.F.);
#1206=ORIENTED_EDGE('',*,*,#2195,.T.);
#1207=ORIENTED_EDGE('',*,*,#2198,.F.);
#1208=ORIENTED_EDGE('',*,*,#2193,.F.);
#1209=ORIENTED_EDGE('',*,*,#2199,.T.);
#1210=ORIENTED_EDGE('',*,*,#2187,.T.);
#1211=ORIENTED_EDGE('',*,*,#2200,.F.);
#1212=ORIENTED_EDGE('',*,*,#2201,.T.);
#1213=ORIENTED_EDGE('',*,*,#2202,.F.);
#1214=ORIENTED_EDGE('',*,*,#2203,.F.);
#1215=ORIENTED_EDGE('',*,*,#2204,.F.);
#1216=ORIENTED_EDGE('',*,*,#2205,.F.);
#1217=ORIENTED_EDGE('',*,*,#2206,.F.);
#1218=ORIENTED_EDGE('',*,*,#2203,.T.);
#1219=ORIENTED_EDGE('',*,*,#2207,.F.);
#1220=ORIENTED_EDGE('',*,*,#2201,.F.);
#1221=ORIENTED_EDGE('',*,*,#2208,.T.);
#1222=ORIENTED_EDGE('',*,*,#2209,.T.);
#1223=ORIENTED_EDGE('',*,*,#2210,.F.);
#1224=ORIENTED_EDGE('',*,*,#2211,.T.);
#1225=ORIENTED_EDGE('',*,*,#2212,.F.);
#1226=ORIENTED_EDGE('',*,*,#2213,.F.);
#1227=ORIENTED_EDGE('',*,*,#2214,.F.);
#1228=ORIENTED_EDGE('',*,*,#2191,.F.);
#1229=ORIENTED_EDGE('',*,*,#2215,.F.);
#1230=ORIENTED_EDGE('',*,*,#2213,.T.);
#1231=ORIENTED_EDGE('',*,*,#2216,.F.);
#1232=ORIENTED_EDGE('',*,*,#2211,.F.);
#1233=ORIENTED_EDGE('',*,*,#2217,.T.);
#1234=ORIENTED_EDGE('',*,*,#2205,.T.);
#1235=ORIENTED_EDGE('',*,*,#2218,.F.);
#1236=ORIENTED_EDGE('',*,*,#2219,.T.);
#1237=ORIENTED_EDGE('',*,*,#2220,.F.);
#1238=ORIENTED_EDGE('',*,*,#2221,.F.);
#1239=ORIENTED_EDGE('',*,*,#2222,.F.);
#1240=ORIENTED_EDGE('',*,*,#2223,.F.);
#1241=ORIENTED_EDGE('',*,*,#2224,.F.);
#1242=ORIENTED_EDGE('',*,*,#2221,.T.);
#1243=ORIENTED_EDGE('',*,*,#2225,.F.);
#1244=ORIENTED_EDGE('',*,*,#2219,.F.);
#1245=ORIENTED_EDGE('',*,*,#2226,.T.);
#1246=ORIENTED_EDGE('',*,*,#2227,.T.);
#1247=ORIENTED_EDGE('',*,*,#2228,.F.);
#1248=ORIENTED_EDGE('',*,*,#2229,.T.);
#1249=ORIENTED_EDGE('',*,*,#2230,.F.);
#1250=ORIENTED_EDGE('',*,*,#2231,.F.);
#1251=ORIENTED_EDGE('',*,*,#2232,.F.);
#1252=ORIENTED_EDGE('',*,*,#2209,.F.);
#1253=ORIENTED_EDGE('',*,*,#2233,.F.);
#1254=ORIENTED_EDGE('',*,*,#2231,.T.);
#1255=ORIENTED_EDGE('',*,*,#2234,.F.);
#1256=ORIENTED_EDGE('',*,*,#2229,.F.);
#1257=ORIENTED_EDGE('',*,*,#2235,.T.);
#1258=ORIENTED_EDGE('',*,*,#2223,.T.);
#1259=ORIENTED_EDGE('',*,*,#2236,.F.);
#1260=ORIENTED_EDGE('',*,*,#2237,.T.);
#1261=ORIENTED_EDGE('',*,*,#2238,.F.);
#1262=ORIENTED_EDGE('',*,*,#2239,.F.);
#1263=ORIENTED_EDGE('',*,*,#2240,.F.);
#1264=ORIENTED_EDGE('',*,*,#2241,.F.);
#1265=ORIENTED_EDGE('',*,*,#2242,.F.);
#1266=ORIENTED_EDGE('',*,*,#2239,.T.);
#1267=ORIENTED_EDGE('',*,*,#2243,.F.);
#1268=ORIENTED_EDGE('',*,*,#2237,.F.);
#1269=ORIENTED_EDGE('',*,*,#2244,.F.);
#1270=ORIENTED_EDGE('',*,*,#2245,.F.);
#1271=ORIENTED_EDGE('',*,*,#2246,.T.);
#1272=ORIENTED_EDGE('',*,*,#2247,.F.);
#1273=ORIENTED_EDGE('',*,*,#2248,.T.);
#1274=ORIENTED_EDGE('',*,*,#2249,.T.);
#1275=ORIENTED_EDGE('',*,*,#2250,.T.);
#1276=ORIENTED_EDGE('',*,*,#2245,.T.);
#1277=ORIENTED_EDGE('',*,*,#2251,.T.);
#1278=ORIENTED_EDGE('',*,*,#2252,.T.);
#1279=ORIENTED_EDGE('',*,*,#2253,.T.);
#1280=ORIENTED_EDGE('',*,*,#2249,.F.);
#1281=ORIENTED_EDGE('',*,*,#2254,.F.);
#1282=ORIENTED_EDGE('',*,*,#2255,.F.);
#1283=ORIENTED_EDGE('',*,*,#2256,.T.);
#1284=ORIENTED_EDGE('',*,*,#2257,.T.);
#1285=ORIENTED_EDGE('',*,*,#2258,.T.);
#1286=ORIENTED_EDGE('',*,*,#2259,.T.);
#1287=ORIENTED_EDGE('',*,*,#2260,.T.);
#1288=ORIENTED_EDGE('',*,*,#2255,.T.);
#1289=ORIENTED_EDGE('',*,*,#2261,.T.);
#1290=ORIENTED_EDGE('',*,*,#2262,.T.);
#1291=ORIENTED_EDGE('',*,*,#2263,.T.);
#1292=ORIENTED_EDGE('',*,*,#2259,.F.);
#1293=ORIENTED_EDGE('',*,*,#2264,.F.);
#1294=ORIENTED_EDGE('',*,*,#2265,.F.);
#1295=ORIENTED_EDGE('',*,*,#2266,.T.);
#1296=ORIENTED_EDGE('',*,*,#2267,.F.);
#1297=ORIENTED_EDGE('',*,*,#2268,.T.);
#1298=ORIENTED_EDGE('',*,*,#2269,.T.);
#1299=ORIENTED_EDGE('',*,*,#2270,.T.);
#1300=ORIENTED_EDGE('',*,*,#2265,.T.);
#1301=ORIENTED_EDGE('',*,*,#2271,.T.);
#1302=ORIENTED_EDGE('',*,*,#2247,.T.);
#1303=ORIENTED_EDGE('',*,*,#2272,.T.);
#1304=ORIENTED_EDGE('',*,*,#2269,.F.);
#1305=ORIENTED_EDGE('',*,*,#2273,.F.);
#1306=ORIENTED_EDGE('',*,*,#2274,.F.);
#1307=ORIENTED_EDGE('',*,*,#2275,.T.);
#1308=ORIENTED_EDGE('',*,*,#2262,.F.);
#1309=ORIENTED_EDGE('',*,*,#2276,.T.);
#1310=ORIENTED_EDGE('',*,*,#2277,.T.);
#1311=ORIENTED_EDGE('',*,*,#2278,.T.);
#1312=ORIENTED_EDGE('',*,*,#2274,.T.);
#1313=ORIENTED_EDGE('',*,*,#2279,.T.);
#1314=ORIENTED_EDGE('',*,*,#2280,.T.);
#1315=ORIENTED_EDGE('',*,*,#2281,.T.);
#1316=ORIENTED_EDGE('',*,*,#2277,.F.);
#1317=ORIENTED_EDGE('',*,*,#2282,.F.);
#1318=ORIENTED_EDGE('',*,*,#2283,.F.);
#1319=ORIENTED_EDGE('',*,*,#2284,.T.);
#1320=ORIENTED_EDGE('',*,*,#2285,.F.);
#1321=ORIENTED_EDGE('',*,*,#2286,.T.);
#1322=ORIENTED_EDGE('',*,*,#2287,.T.);
#1323=ORIENTED_EDGE('',*,*,#2288,.T.);
#1324=ORIENTED_EDGE('',*,*,#2283,.T.);
#1325=ORIENTED_EDGE('',*,*,#2289,.T.);
#1326=ORIENTED_EDGE('',*,*,#2267,.T.);
#1327=ORIENTED_EDGE('',*,*,#2290,.T.);
#1328=ORIENTED_EDGE('',*,*,#2287,.F.);
#1329=ORIENTED_EDGE('',*,*,#2291,.F.);
#1330=ORIENTED_EDGE('',*,*,#2292,.F.);
#1331=ORIENTED_EDGE('',*,*,#2293,.T.);
#1332=ORIENTED_EDGE('',*,*,#2280,.F.);
#1333=ORIENTED_EDGE('',*,*,#2294,.T.);
#1334=ORIENTED_EDGE('',*,*,#2295,.T.);
#1335=ORIENTED_EDGE('',*,*,#2296,.T.);
#1336=ORIENTED_EDGE('',*,*,#2292,.T.);
#1337=ORIENTED_EDGE('',*,*,#2297,.T.);
#1338=ORIENTED_EDGE('',*,*,#2298,.T.);
#1339=ORIENTED_EDGE('',*,*,#2299,.T.);
#1340=ORIENTED_EDGE('',*,*,#2295,.F.);
#1341=ORIENTED_EDGE('',*,*,#2300,.F.);
#1342=ORIENTED_EDGE('',*,*,#2301,.F.);
#1343=ORIENTED_EDGE('',*,*,#2302,.T.);
#1344=ORIENTED_EDGE('',*,*,#2303,.F.);
#1345=ORIENTED_EDGE('',*,*,#2304,.T.);
#1346=ORIENTED_EDGE('',*,*,#2305,.T.);
#1347=ORIENTED_EDGE('',*,*,#2306,.T.);
#1348=ORIENTED_EDGE('',*,*,#2301,.T.);
#1349=ORIENTED_EDGE('',*,*,#2307,.T.);
#1350=ORIENTED_EDGE('',*,*,#2285,.T.);
#1351=ORIENTED_EDGE('',*,*,#2308,.T.);
#1352=ORIENTED_EDGE('',*,*,#2305,.F.);
#1353=ORIENTED_EDGE('',*,*,#2309,.F.);
#1354=ORIENTED_EDGE('',*,*,#2310,.F.);
#1355=ORIENTED_EDGE('',*,*,#2311,.T.);
#1356=ORIENTED_EDGE('',*,*,#2298,.F.);
#1357=ORIENTED_EDGE('',*,*,#2312,.T.);
#1358=ORIENTED_EDGE('',*,*,#2313,.T.);
#1359=ORIENTED_EDGE('',*,*,#2314,.T.);
#1360=ORIENTED_EDGE('',*,*,#2310,.T.);
#1361=ORIENTED_EDGE('',*,*,#2315,.T.);
#1362=ORIENTED_EDGE('',*,*,#2316,.T.);
#1363=ORIENTED_EDGE('',*,*,#2317,.T.);
#1364=ORIENTED_EDGE('',*,*,#2313,.F.);
#1365=ORIENTED_EDGE('',*,*,#2318,.T.);
#1366=ORIENTED_EDGE('',*,*,#2177,.T.);
#1367=ORIENTED_EDGE('',*,*,#2319,.F.);
#1368=ORIENTED_EDGE('',*,*,#2320,.F.);
#1369=ORIENTED_EDGE('',*,*,#2321,.T.);
#1370=ORIENTED_EDGE('',*,*,#2241,.T.);
#1371=ORIENTED_EDGE('',*,*,#2322,.F.);
#1372=ORIENTED_EDGE('',*,*,#2323,.T.);
#1373=ORIENTED_EDGE('',*,*,#2319,.T.);
#1374=ORIENTED_EDGE('',*,*,#2176,.T.);
#1375=ORIENTED_EDGE('',*,*,#2178,.T.);
#1376=ORIENTED_EDGE('',*,*,#2172,.T.);
#1377=ORIENTED_EDGE('',*,*,#2196,.T.);
#1378=ORIENTED_EDGE('',*,*,#2197,.T.);
#1379=ORIENTED_EDGE('',*,*,#2192,.T.);
#1380=ORIENTED_EDGE('',*,*,#2214,.T.);
#1381=ORIENTED_EDGE('',*,*,#2215,.T.);
#1382=ORIENTED_EDGE('',*,*,#2210,.T.);
#1383=ORIENTED_EDGE('',*,*,#2232,.T.);
#1384=ORIENTED_EDGE('',*,*,#2233,.T.);
#1385=ORIENTED_EDGE('',*,*,#2228,.T.);
#1386=ORIENTED_EDGE('',*,*,#2324,.T.);
#1387=ORIENTED_EDGE('',*,*,#2325,.T.);
#1388=ORIENTED_EDGE('',*,*,#2322,.T.);
#1389=ORIENTED_EDGE('',*,*,#2240,.T.);
#1390=ORIENTED_EDGE('',*,*,#2242,.T.);
#1391=ORIENTED_EDGE('',*,*,#2236,.T.);
#1392=ORIENTED_EDGE('',*,*,#2222,.T.);
#1393=ORIENTED_EDGE('',*,*,#2224,.T.);
#1394=ORIENTED_EDGE('',*,*,#2218,.T.);
#1395=ORIENTED_EDGE('',*,*,#2204,.T.);
#1396=ORIENTED_EDGE('',*,*,#2206,.T.);
#1397=ORIENTED_EDGE('',*,*,#2200,.T.);
#1398=ORIENTED_EDGE('',*,*,#2186,.T.);
#1399=ORIENTED_EDGE('',*,*,#2188,.T.);
#1400=ORIENTED_EDGE('',*,*,#2182,.T.);
#1401=ORIENTED_EDGE('',*,*,#2326,.T.);
#1402=ORIENTED_EDGE('',*,*,#2327,.T.);
#1403=ORIENTED_EDGE('',*,*,#2328,.F.);
#1404=ORIENTED_EDGE('',*,*,#2329,.T.);
#1405=ORIENTED_EDGE('',*,*,#2330,.T.);
#1406=ORIENTED_EDGE('',*,*,#2331,.T.);
#1407=ORIENTED_EDGE('',*,*,#2332,.F.);
#1408=ORIENTED_EDGE('',*,*,#2333,.F.);
#1409=ORIENTED_EDGE('',*,*,#2334,.F.);
#1410=ORIENTED_EDGE('',*,*,#2335,.T.);
#1411=ORIENTED_EDGE('',*,*,#2336,.F.);
#1412=ORIENTED_EDGE('',*,*,#2337,.F.);
#1413=ORIENTED_EDGE('',*,*,#2338,.F.);
#1414=ORIENTED_EDGE('',*,*,#2256,.F.);
#1415=ORIENTED_EDGE('',*,*,#2260,.F.);
#1416=ORIENTED_EDGE('',*,*,#2263,.F.);
#1417=ORIENTED_EDGE('',*,*,#2275,.F.);
#1418=ORIENTED_EDGE('',*,*,#2278,.F.);
#1419=ORIENTED_EDGE('',*,*,#2281,.F.);
#1420=ORIENTED_EDGE('',*,*,#2293,.F.);
#1421=ORIENTED_EDGE('',*,*,#2296,.F.);
#1422=ORIENTED_EDGE('',*,*,#2299,.F.);
#1423=ORIENTED_EDGE('',*,*,#2311,.F.);
#1424=ORIENTED_EDGE('',*,*,#2314,.F.);
#1425=ORIENTED_EDGE('',*,*,#2317,.F.);
#1426=ORIENTED_EDGE('',*,*,#2339,.F.);
#1427=ORIENTED_EDGE('',*,*,#2340,.F.);
#1428=ORIENTED_EDGE('',*,*,#2341,.F.);
#1429=ORIENTED_EDGE('',*,*,#2302,.F.);
#1430=ORIENTED_EDGE('',*,*,#2306,.F.);
#1431=ORIENTED_EDGE('',*,*,#2308,.F.);
#1432=ORIENTED_EDGE('',*,*,#2284,.F.);
#1433=ORIENTED_EDGE('',*,*,#2288,.F.);
#1434=ORIENTED_EDGE('',*,*,#2290,.F.);
#1435=ORIENTED_EDGE('',*,*,#2266,.F.);
#1436=ORIENTED_EDGE('',*,*,#2270,.F.);
#1437=ORIENTED_EDGE('',*,*,#2272,.F.);
#1438=ORIENTED_EDGE('',*,*,#2246,.F.);
#1439=ORIENTED_EDGE('',*,*,#2250,.F.);
#1440=ORIENTED_EDGE('',*,*,#2253,.F.);
#1441=ORIENTED_EDGE('',*,*,#2342,.F.);
#1442=ORIENTED_EDGE('',*,*,#2343,.F.);
#1443=ORIENTED_EDGE('',*,*,#2332,.T.);
#1444=ORIENTED_EDGE('',*,*,#2252,.F.);
#1445=ORIENTED_EDGE('',*,*,#2344,.T.);
#1446=ORIENTED_EDGE('',*,*,#2320,.T.);
#1447=ORIENTED_EDGE('',*,*,#2331,.F.);
#1448=ORIENTED_EDGE('',*,*,#2345,.F.);
#1449=ORIENTED_EDGE('',*,*,#2346,.F.);
#1450=ORIENTED_EDGE('',*,*,#2347,.T.);
#1451=ORIENTED_EDGE('',*,*,#2348,.F.);
#1452=ORIENTED_EDGE('',*,*,#2349,.T.);
#1453=ORIENTED_EDGE('',*,*,#2350,.F.);
#1454=ORIENTED_EDGE('',*,*,#2351,.T.);
#1455=ORIENTED_EDGE('',*,*,#2352,.F.);
#1456=ORIENTED_EDGE('',*,*,#2353,.T.);
#1457=ORIENTED_EDGE('',*,*,#2257,.F.);
#1458=ORIENTED_EDGE('',*,*,#2338,.T.);
#1459=ORIENTED_EDGE('',*,*,#2354,.T.);
#1460=ORIENTED_EDGE('',*,*,#2355,.F.);
#1461=ORIENTED_EDGE('',*,*,#2356,.F.);
#1462=ORIENTED_EDGE('',*,*,#2357,.F.);
#1463=ORIENTED_EDGE('',*,*,#2358,.T.);
#1464=ORIENTED_EDGE('',*,*,#2359,.F.);
#1465=ORIENTED_EDGE('',*,*,#2360,.F.);
#1466=ORIENTED_EDGE('',*,*,#2361,.F.);
#1467=ORIENTED_EDGE('',*,*,#2362,.T.);
#1468=ORIENTED_EDGE('',*,*,#2363,.F.);
#1469=ORIENTED_EDGE('',*,*,#2364,.F.);
#1470=ORIENTED_EDGE('',*,*,#2365,.T.);
#1471=ORIENTED_EDGE('',*,*,#2366,.F.);
#1472=ORIENTED_EDGE('',*,*,#2367,.T.);
#1473=ORIENTED_EDGE('',*,*,#2368,.T.);
#1474=ORIENTED_EDGE('',*,*,#2369,.T.);
#1475=ORIENTED_EDGE('',*,*,#2370,.F.);
#1476=ORIENTED_EDGE('',*,*,#2371,.T.);
#1477=ORIENTED_EDGE('',*,*,#2372,.T.);
#1478=ORIENTED_EDGE('',*,*,#2373,.T.);
#1479=ORIENTED_EDGE('',*,*,#2374,.T.);
#1480=ORIENTED_EDGE('',*,*,#2375,.F.);
#1481=ORIENTED_EDGE('',*,*,#2376,.T.);
#1482=ORIENTED_EDGE('',*,*,#2377,.T.);
#1483=ORIENTED_EDGE('',*,*,#2378,.T.);
#1484=ORIENTED_EDGE('',*,*,#2379,.F.);
#1485=ORIENTED_EDGE('',*,*,#2380,.F.);
#1486=ORIENTED_EDGE('',*,*,#2381,.T.);
#1487=ORIENTED_EDGE('',*,*,#2382,.T.);
#1488=ORIENTED_EDGE('',*,*,#2383,.T.);
#1489=ORIENTED_EDGE('',*,*,#2384,.T.);
#1490=ORIENTED_EDGE('',*,*,#2385,.T.);
#1491=ORIENTED_EDGE('',*,*,#2386,.T.);
#1492=ORIENTED_EDGE('',*,*,#2387,.T.);
#1493=ORIENTED_EDGE('',*,*,#2388,.T.);
#1494=ORIENTED_EDGE('',*,*,#2389,.T.);
#1495=ORIENTED_EDGE('',*,*,#2390,.T.);
#1496=ORIENTED_EDGE('',*,*,#2391,.F.);
#1497=ORIENTED_EDGE('',*,*,#2392,.T.);
#1498=ORIENTED_EDGE('',*,*,#2393,.T.);
#1499=ORIENTED_EDGE('',*,*,#2394,.T.);
#1500=ORIENTED_EDGE('',*,*,#2395,.T.);
#1501=ORIENTED_EDGE('',*,*,#2396,.T.);
#1502=ORIENTED_EDGE('',*,*,#2397,.T.);
#1503=ORIENTED_EDGE('',*,*,#2398,.T.);
#1504=ORIENTED_EDGE('',*,*,#2399,.T.);
#1505=ORIENTED_EDGE('',*,*,#2400,.T.);
#1506=ORIENTED_EDGE('',*,*,#2401,.F.);
#1507=ORIENTED_EDGE('',*,*,#2402,.T.);
#1508=ORIENTED_EDGE('',*,*,#2403,.T.);
#1509=ORIENTED_EDGE('',*,*,#2404,.T.);
#1510=ORIENTED_EDGE('',*,*,#2405,.T.);
#1511=ORIENTED_EDGE('',*,*,#2406,.T.);
#1512=ORIENTED_EDGE('',*,*,#2407,.T.);
#1513=ORIENTED_EDGE('',*,*,#2408,.T.);
#1514=ORIENTED_EDGE('',*,*,#2409,.F.);
#1515=ORIENTED_EDGE('',*,*,#2410,.F.);
#1516=ORIENTED_EDGE('',*,*,#2411,.T.);
#1517=ORIENTED_EDGE('',*,*,#2412,.T.);
#1518=ORIENTED_EDGE('',*,*,#2413,.T.);
#1519=ORIENTED_EDGE('',*,*,#2414,.T.);
#1520=ORIENTED_EDGE('',*,*,#2415,.T.);
#1521=ORIENTED_EDGE('',*,*,#2416,.F.);
#1522=ORIENTED_EDGE('',*,*,#2334,.T.);
#1523=ORIENTED_EDGE('',*,*,#2417,.T.);
#1524=ORIENTED_EDGE('',*,*,#2418,.F.);
#1525=ORIENTED_EDGE('',*,*,#2419,.F.);
#1526=ORIENTED_EDGE('',*,*,#2420,.F.);
#1527=ORIENTED_EDGE('',*,*,#2421,.F.);
#1528=ORIENTED_EDGE('',*,*,#2422,.T.);
#1529=ORIENTED_EDGE('',*,*,#2423,.F.);
#1530=ORIENTED_EDGE('',*,*,#2424,.T.);
#1531=ORIENTED_EDGE('',*,*,#2425,.F.);
#1532=ORIENTED_EDGE('',*,*,#2426,.T.);
#1533=ORIENTED_EDGE('',*,*,#2427,.T.);
#1534=ORIENTED_EDGE('',*,*,#2428,.F.);
#1535=ORIENTED_EDGE('',*,*,#2429,.F.);
#1536=ORIENTED_EDGE('',*,*,#2327,.F.);
#1537=ORIENTED_EDGE('',*,*,#2335,.F.);
#1538=ORIENTED_EDGE('',*,*,#2416,.T.);
#1539=ORIENTED_EDGE('',*,*,#2430,.F.);
#1540=ORIENTED_EDGE('',*,*,#2431,.T.);
#1541=ORIENTED_EDGE('',*,*,#2432,.T.);
#1542=ORIENTED_EDGE('',*,*,#2419,.T.);
#1543=ORIENTED_EDGE('',*,*,#2433,.T.);
#1544=ORIENTED_EDGE('',*,*,#2434,.F.);
#1545=ORIENTED_EDGE('',*,*,#2435,.F.);
#1546=ORIENTED_EDGE('',*,*,#2436,.T.);
#1547=ORIENTED_EDGE('',*,*,#2328,.T.);
#1548=ORIENTED_EDGE('',*,*,#2429,.T.);
#1549=ORIENTED_EDGE('',*,*,#2437,.T.);
#1550=ORIENTED_EDGE('',*,*,#2438,.F.);
#1551=ORIENTED_EDGE('',*,*,#2439,.F.);
#1552=ORIENTED_EDGE('',*,*,#2425,.T.);
#1553=ORIENTED_EDGE('',*,*,#2348,.T.);
#1554=ORIENTED_EDGE('',*,*,#2440,.T.);
#1555=ORIENTED_EDGE('',*,*,#2441,.T.);
#1556=ORIENTED_EDGE('',*,*,#2442,.T.);
#1557=ORIENTED_EDGE('',*,*,#2443,.T.);
#1558=ORIENTED_EDGE('',*,*,#2444,.T.);
#1559=ORIENTED_EDGE('',*,*,#2346,.T.);
#1560=ORIENTED_EDGE('',*,*,#2445,.T.);
#1561=ORIENTED_EDGE('',*,*,#2446,.T.);
#1562=ORIENTED_EDGE('',*,*,#2447,.T.);
#1563=ORIENTED_EDGE('',*,*,#2352,.T.);
#1564=ORIENTED_EDGE('',*,*,#2448,.T.);
#1565=ORIENTED_EDGE('',*,*,#2449,.T.);
#1566=ORIENTED_EDGE('',*,*,#2450,.T.);
#1567=ORIENTED_EDGE('',*,*,#2350,.T.);
#1568=ORIENTED_EDGE('',*,*,#2451,.T.);
#1569=ORIENTED_EDGE('',*,*,#2452,.F.);
#1570=ORIENTED_EDGE('',*,*,#2453,.T.);
#1571=ORIENTED_EDGE('',*,*,#2454,.F.);
#1572=ORIENTED_EDGE('',*,*,#2455,.T.);
#1573=ORIENTED_EDGE('',*,*,#2456,.F.);
#1574=ORIENTED_EDGE('',*,*,#2457,.T.);
#1575=ORIENTED_EDGE('',*,*,#2458,.F.);
#1576=ORIENTED_EDGE('',*,*,#2459,.T.);
#1577=ORIENTED_EDGE('',*,*,#2460,.T.);
#1578=ORIENTED_EDGE('',*,*,#2461,.T.);
#1579=ORIENTED_EDGE('',*,*,#2462,.T.);
#1580=ORIENTED_EDGE('',*,*,#2463,.T.);
#1581=ORIENTED_EDGE('',*,*,#2464,.F.);
#1582=ORIENTED_EDGE('',*,*,#2465,.F.);
#1583=ORIENTED_EDGE('',*,*,#2466,.T.);
#1584=ORIENTED_EDGE('',*,*,#2467,.T.);
#1585=ORIENTED_EDGE('',*,*,#2468,.F.);
#1586=ORIENTED_EDGE('',*,*,#2400,.F.);
#1587=ORIENTED_EDGE('',*,*,#2469,.T.);
#1588=ORIENTED_EDGE('',*,*,#2410,.T.);
#1589=ORIENTED_EDGE('',*,*,#2470,.F.);
#1590=ORIENTED_EDGE('',*,*,#2390,.F.);
#1591=ORIENTED_EDGE('',*,*,#2471,.T.);
#1592=ORIENTED_EDGE('',*,*,#2380,.T.);
#1593=ORIENTED_EDGE('',*,*,#2472,.F.);
#1594=ORIENTED_EDGE('',*,*,#2427,.F.);
#1595=ORIENTED_EDGE('',*,*,#2473,.T.);
#1596=ORIENTED_EDGE('',*,*,#2421,.T.);
#1597=ORIENTED_EDGE('',*,*,#2474,.T.);
#1598=ORIENTED_EDGE('',*,*,#2373,.F.);
#1599=ORIENTED_EDGE('',*,*,#2475,.T.);
#1600=ORIENTED_EDGE('',*,*,#2476,.T.);
#1601=ORIENTED_EDGE('',*,*,#2477,.T.);
#1602=ORIENTED_EDGE('',*,*,#2369,.F.);
#1603=ORIENTED_EDGE('',*,*,#2478,.T.);
#1604=ORIENTED_EDGE('',*,*,#2479,.T.);
#1605=ORIENTED_EDGE('',*,*,#2480,.T.);
#1606=ORIENTED_EDGE('',*,*,#2365,.F.);
#1607=ORIENTED_EDGE('',*,*,#2481,.T.);
#1608=ORIENTED_EDGE('',*,*,#2430,.T.);
#1609=ORIENTED_EDGE('',*,*,#2422,.F.);
#1610=ORIENTED_EDGE('',*,*,#2473,.F.);
#1611=ORIENTED_EDGE('',*,*,#2426,.F.);
#1612=ORIENTED_EDGE('',*,*,#2439,.T.);
#1613=ORIENTED_EDGE('',*,*,#2482,.T.);
#1614=ORIENTED_EDGE('',*,*,#2483,.F.);
#1615=ORIENTED_EDGE('',*,*,#2484,.F.);
#1616=ORIENTED_EDGE('',*,*,#2375,.T.);
#1617=ORIENTED_EDGE('',*,*,#2485,.F.);
#1618=ORIENTED_EDGE('',*,*,#2437,.F.);
#1619=ORIENTED_EDGE('',*,*,#2428,.T.);
#1620=ORIENTED_EDGE('',*,*,#2472,.T.);
#1621=ORIENTED_EDGE('',*,*,#2420,.T.);
#1622=ORIENTED_EDGE('',*,*,#2432,.F.);
#1623=ORIENTED_EDGE('',*,*,#2486,.F.);
#1624=ORIENTED_EDGE('',*,*,#2363,.T.);
#1625=ORIENTED_EDGE('',*,*,#2487,.F.);
#1626=ORIENTED_EDGE('',*,*,#2488,.F.);
#1627=ORIENTED_EDGE('',*,*,#2489,.F.);
#1628=ORIENTED_EDGE('',*,*,#2359,.T.);
#1629=ORIENTED_EDGE('',*,*,#2490,.F.);
#1630=ORIENTED_EDGE('',*,*,#2491,.F.);
#1631=ORIENTED_EDGE('',*,*,#2492,.F.);
#1632=ORIENTED_EDGE('',*,*,#2493,.T.);
#1633=ORIENTED_EDGE('',*,*,#2443,.F.);
#1634=ORIENTED_EDGE('',*,*,#2494,.T.);
#1635=ORIENTED_EDGE('',*,*,#2495,.F.);
#1636=ORIENTED_EDGE('',*,*,#2463,.F.);
#1637=ORIENTED_EDGE('',*,*,#2495,.T.);
#1638=ORIENTED_EDGE('',*,*,#2496,.T.);
#1639=ORIENTED_EDGE('',*,*,#2446,.F.);
#1640=ORIENTED_EDGE('',*,*,#2497,.T.);
#1641=ORIENTED_EDGE('',*,*,#2498,.F.);
#1642=ORIENTED_EDGE('',*,*,#2460,.F.);
#1643=ORIENTED_EDGE('',*,*,#2441,.F.);
#1644=ORIENTED_EDGE('',*,*,#2499,.T.);
#1645=ORIENTED_EDGE('',*,*,#2492,.T.);
#1646=ORIENTED_EDGE('',*,*,#2462,.F.);
#1647=ORIENTED_EDGE('',*,*,#2500,.F.);
#1648=ORIENTED_EDGE('',*,*,#2501,.T.);
#1649=ORIENTED_EDGE('',*,*,#2498,.T.);
#1650=ORIENTED_EDGE('',*,*,#2502,.T.);
#1651=ORIENTED_EDGE('',*,*,#2449,.F.);
#1652=ORIENTED_EDGE('',*,*,#2503,.T.);
#1653=ORIENTED_EDGE('',*,*,#2500,.T.);
#1654=ORIENTED_EDGE('',*,*,#2461,.F.);
#1655=ORIENTED_EDGE('',*,*,#2364,.T.);
#1656=ORIENTED_EDGE('',*,*,#2486,.T.);
#1657=ORIENTED_EDGE('',*,*,#2431,.F.);
#1658=ORIENTED_EDGE('',*,*,#2481,.F.);
#1659=ORIENTED_EDGE('',*,*,#2438,.T.);
#1660=ORIENTED_EDGE('',*,*,#2485,.T.);
#1661=ORIENTED_EDGE('',*,*,#2374,.F.);
#1662=ORIENTED_EDGE('',*,*,#2482,.F.);
#1663=ORIENTED_EDGE('',*,*,#2318,.F.);
#1664=ORIENTED_EDGE('',*,*,#2344,.F.);
#1665=ORIENTED_EDGE('',*,*,#2504,.F.);
#1666=ORIENTED_EDGE('',*,*,#2505,.F.);
#1667=ORIENTED_EDGE('',*,*,#2435,.T.);
#1668=ORIENTED_EDGE('',*,*,#2424,.F.);
#1669=ORIENTED_EDGE('',*,*,#2506,.F.);
#1670=ORIENTED_EDGE('',*,*,#2180,.F.);
#1671=ORIENTED_EDGE('',*,*,#2189,.T.);
#1672=ORIENTED_EDGE('',*,*,#2184,.T.);
#1673=ORIENTED_EDGE('',*,*,#2199,.F.);
#1674=ORIENTED_EDGE('',*,*,#2207,.T.);
#1675=ORIENTED_EDGE('',*,*,#2202,.T.);
#1676=ORIENTED_EDGE('',*,*,#2217,.F.);
#1677=ORIENTED_EDGE('',*,*,#2225,.T.);
#1678=ORIENTED_EDGE('',*,*,#2220,.T.);
#1679=ORIENTED_EDGE('',*,*,#2235,.F.);
#1680=ORIENTED_EDGE('',*,*,#2243,.T.);
#1681=ORIENTED_EDGE('',*,*,#2238,.T.);
#1682=ORIENTED_EDGE('',*,*,#2321,.F.);
#1683=ORIENTED_EDGE('',*,*,#2507,.T.);
#1684=ORIENTED_EDGE('',*,*,#2508,.T.);
#1685=ORIENTED_EDGE('',*,*,#2226,.F.);
#1686=ORIENTED_EDGE('',*,*,#2234,.T.);
#1687=ORIENTED_EDGE('',*,*,#2230,.T.);
#1688=ORIENTED_EDGE('',*,*,#2208,.F.);
#1689=ORIENTED_EDGE('',*,*,#2216,.T.);
#1690=ORIENTED_EDGE('',*,*,#2212,.T.);
#1691=ORIENTED_EDGE('',*,*,#2190,.F.);
#1692=ORIENTED_EDGE('',*,*,#2198,.T.);
#1693=ORIENTED_EDGE('',*,*,#2194,.T.);
#1694=ORIENTED_EDGE('',*,*,#2170,.F.);
#1695=ORIENTED_EDGE('',*,*,#2179,.T.);
#1696=ORIENTED_EDGE('',*,*,#2174,.T.);
#1697=ORIENTED_EDGE('',*,*,#2329,.F.);
#1698=ORIENTED_EDGE('',*,*,#2436,.F.);
#1699=ORIENTED_EDGE('',*,*,#2505,.T.);
#1700=ORIENTED_EDGE('',*,*,#2509,.T.);
#1701=ORIENTED_EDGE('',*,*,#2330,.F.);
#1702=ORIENTED_EDGE('',*,*,#2509,.F.);
#1703=ORIENTED_EDGE('',*,*,#2504,.T.);
#1704=ORIENTED_EDGE('',*,*,#2345,.T.);
#1705=ORIENTED_EDGE('',*,*,#2326,.F.);
#1706=ORIENTED_EDGE('',*,*,#2181,.F.);
#1707=ORIENTED_EDGE('',*,*,#2506,.T.);
#1708=ORIENTED_EDGE('',*,*,#2423,.T.);
#1709=ORIENTED_EDGE('',*,*,#2342,.T.);
#1710=ORIENTED_EDGE('',*,*,#2251,.F.);
#1711=ORIENTED_EDGE('',*,*,#2248,.F.);
#1712=ORIENTED_EDGE('',*,*,#2244,.T.);
#1713=ORIENTED_EDGE('',*,*,#2271,.F.);
#1714=ORIENTED_EDGE('',*,*,#2268,.F.);
#1715=ORIENTED_EDGE('',*,*,#2264,.T.);
#1716=ORIENTED_EDGE('',*,*,#2289,.F.);
#1717=ORIENTED_EDGE('',*,*,#2286,.F.);
#1718=ORIENTED_EDGE('',*,*,#2282,.T.);
#1719=ORIENTED_EDGE('',*,*,#2307,.F.);
#1720=ORIENTED_EDGE('',*,*,#2304,.F.);
#1721=ORIENTED_EDGE('',*,*,#2300,.T.);
#1722=ORIENTED_EDGE('',*,*,#2510,.F.);
#1723=ORIENTED_EDGE('',*,*,#2511,.F.);
#1724=ORIENTED_EDGE('',*,*,#2512,.T.);
#1725=ORIENTED_EDGE('',*,*,#2315,.F.);
#1726=ORIENTED_EDGE('',*,*,#2312,.F.);
#1727=ORIENTED_EDGE('',*,*,#2309,.T.);
#1728=ORIENTED_EDGE('',*,*,#2297,.F.);
#1729=ORIENTED_EDGE('',*,*,#2294,.F.);
#1730=ORIENTED_EDGE('',*,*,#2291,.T.);
#1731=ORIENTED_EDGE('',*,*,#2279,.F.);
#1732=ORIENTED_EDGE('',*,*,#2276,.F.);
#1733=ORIENTED_EDGE('',*,*,#2273,.T.);
#1734=ORIENTED_EDGE('',*,*,#2261,.F.);
#1735=ORIENTED_EDGE('',*,*,#2258,.F.);
#1736=ORIENTED_EDGE('',*,*,#2254,.T.);
#1737=ORIENTED_EDGE('',*,*,#2355,.T.);
#1738=ORIENTED_EDGE('',*,*,#2513,.T.);
#1739=ORIENTED_EDGE('',*,*,#2514,.T.);
#1740=ORIENTED_EDGE('',*,*,#2433,.F.);
#1741=ORIENTED_EDGE('',*,*,#2418,.T.);
#1742=ORIENTED_EDGE('',*,*,#2515,.T.);
#1743=ORIENTED_EDGE('',*,*,#2514,.F.);
#1744=ORIENTED_EDGE('',*,*,#2516,.F.);
#1745=ORIENTED_EDGE('',*,*,#2336,.T.);
#1746=ORIENTED_EDGE('',*,*,#2434,.T.);
#1747=ORIENTED_EDGE('',*,*,#2515,.F.);
#1748=ORIENTED_EDGE('',*,*,#2417,.F.);
#1749=ORIENTED_EDGE('',*,*,#2333,.T.);
#1750=ORIENTED_EDGE('',*,*,#2343,.T.);
#1751=ORIENTED_EDGE('',*,*,#2512,.F.);
#1752=ORIENTED_EDGE('',*,*,#2517,.F.);
#1753=ORIENTED_EDGE('',*,*,#2339,.T.);
#1754=ORIENTED_EDGE('',*,*,#2316,.F.);
#1755=ORIENTED_EDGE('',*,*,#2513,.F.);
#1756=ORIENTED_EDGE('',*,*,#2354,.F.);
#1757=ORIENTED_EDGE('',*,*,#2337,.T.);
#1758=ORIENTED_EDGE('',*,*,#2516,.T.);
#1759=ORIENTED_EDGE('',*,*,#2389,.F.);
#1760=ORIENTED_EDGE('',*,*,#2518,.T.);
#1761=ORIENTED_EDGE('',*,*,#2381,.F.);
#1762=ORIENTED_EDGE('',*,*,#2471,.F.);
#1763=ORIENTED_EDGE('',*,*,#2519,.T.);
#1764=ORIENTED_EDGE('',*,*,#2520,.T.);
#1765=ORIENTED_EDGE('',*,*,#2521,.T.);
#1766=ORIENTED_EDGE('',*,*,#2522,.T.);
#1767=ORIENTED_EDGE('',*,*,#2379,.T.);
#1768=ORIENTED_EDGE('',*,*,#2523,.T.);
#1769=ORIENTED_EDGE('',*,*,#2391,.T.);
#1770=ORIENTED_EDGE('',*,*,#2470,.T.);
#1771=ORIENTED_EDGE('',*,*,#2399,.F.);
#1772=ORIENTED_EDGE('',*,*,#2524,.T.);
#1773=ORIENTED_EDGE('',*,*,#2411,.F.);
#1774=ORIENTED_EDGE('',*,*,#2469,.F.);
#1775=ORIENTED_EDGE('',*,*,#2409,.T.);
#1776=ORIENTED_EDGE('',*,*,#2525,.T.);
#1777=ORIENTED_EDGE('',*,*,#2401,.T.);
#1778=ORIENTED_EDGE('',*,*,#2468,.T.);
#1779=ORIENTED_EDGE('',*,*,#2526,.T.);
#1780=ORIENTED_EDGE('',*,*,#2527,.T.);
#1781=ORIENTED_EDGE('',*,*,#2528,.T.);
#1782=ORIENTED_EDGE('',*,*,#2529,.T.);
#1783=ORIENTED_EDGE('',*,*,#2467,.F.);
#1784=ORIENTED_EDGE('',*,*,#2530,.T.);
#1785=ORIENTED_EDGE('',*,*,#2531,.T.);
#1786=ORIENTED_EDGE('',*,*,#2532,.F.);
#1787=ORIENTED_EDGE('',*,*,#2464,.T.);
#1788=ORIENTED_EDGE('',*,*,#2532,.T.);
#1789=ORIENTED_EDGE('',*,*,#2533,.T.);
#1790=ORIENTED_EDGE('',*,*,#2534,.F.);
#1791=ORIENTED_EDGE('',*,*,#2465,.T.);
#1792=ORIENTED_EDGE('',*,*,#2534,.T.);
#1793=ORIENTED_EDGE('',*,*,#2535,.T.);
#1794=ORIENTED_EDGE('',*,*,#2536,.F.);
#1795=ORIENTED_EDGE('',*,*,#2466,.F.);
#1796=ORIENTED_EDGE('',*,*,#2536,.T.);
#1797=ORIENTED_EDGE('',*,*,#2537,.T.);
#1798=ORIENTED_EDGE('',*,*,#2530,.F.);
#1799=ORIENTED_EDGE('',*,*,#2531,.F.);
#1800=ORIENTED_EDGE('',*,*,#2537,.F.);
#1801=ORIENTED_EDGE('',*,*,#2535,.F.);
#1802=ORIENTED_EDGE('',*,*,#2533,.F.);
#1803=ORIENTED_EDGE('',*,*,#2521,.F.);
#1804=ORIENTED_EDGE('',*,*,#2538,.T.);
#1805=ORIENTED_EDGE('',*,*,#2386,.F.);
#1806=ORIENTED_EDGE('',*,*,#2523,.F.);
#1807=ORIENTED_EDGE('',*,*,#2378,.F.);
#1808=ORIENTED_EDGE('',*,*,#2539,.T.);
#1809=ORIENTED_EDGE('',*,*,#2388,.F.);
#1810=ORIENTED_EDGE('',*,*,#2540,.T.);
#1811=ORIENTED_EDGE('',*,*,#2519,.F.);
#1812=ORIENTED_EDGE('',*,*,#2541,.T.);
#1813=ORIENTED_EDGE('',*,*,#2376,.F.);
#1814=ORIENTED_EDGE('',*,*,#2518,.F.);
#1815=ORIENTED_EDGE('',*,*,#2398,.F.);
#1816=ORIENTED_EDGE('',*,*,#2542,.T.);
#1817=ORIENTED_EDGE('',*,*,#2526,.F.);
#1818=ORIENTED_EDGE('',*,*,#2543,.T.);
#1819=ORIENTED_EDGE('',*,*,#2406,.F.);
#1820=ORIENTED_EDGE('',*,*,#2524,.F.);
#1821=ORIENTED_EDGE('',*,*,#2528,.F.);
#1822=ORIENTED_EDGE('',*,*,#2544,.T.);
#1823=ORIENTED_EDGE('',*,*,#2396,.F.);
#1824=ORIENTED_EDGE('',*,*,#2525,.F.);
#1825=ORIENTED_EDGE('',*,*,#2408,.F.);
#1826=ORIENTED_EDGE('',*,*,#2545,.T.);
#1827=ORIENTED_EDGE('',*,*,#2542,.F.);
#1828=ORIENTED_EDGE('',*,*,#2397,.F.);
#1829=ORIENTED_EDGE('',*,*,#2544,.F.);
#1830=ORIENTED_EDGE('',*,*,#2527,.F.);
#1831=ORIENTED_EDGE('',*,*,#2543,.F.);
#1832=ORIENTED_EDGE('',*,*,#2529,.F.);
#1833=ORIENTED_EDGE('',*,*,#2545,.F.);
#1834=ORIENTED_EDGE('',*,*,#2407,.F.);
#1835=ORIENTED_EDGE('',*,*,#2540,.F.);
#1836=ORIENTED_EDGE('',*,*,#2387,.F.);
#1837=ORIENTED_EDGE('',*,*,#2538,.F.);
#1838=ORIENTED_EDGE('',*,*,#2520,.F.);
#1839=ORIENTED_EDGE('',*,*,#2541,.F.);
#1840=ORIENTED_EDGE('',*,*,#2522,.F.);
#1841=ORIENTED_EDGE('',*,*,#2539,.F.);
#1842=ORIENTED_EDGE('',*,*,#2377,.F.);
#1843=ORIENTED_EDGE('',*,*,#2546,.F.);
#1844=ORIENTED_EDGE('',*,*,#2414,.F.);
#1845=ORIENTED_EDGE('',*,*,#2547,.T.);
#1846=ORIENTED_EDGE('',*,*,#2402,.F.);
#1847=ORIENTED_EDGE('',*,*,#2548,.F.);
#1848=ORIENTED_EDGE('',*,*,#2415,.F.);
#1849=ORIENTED_EDGE('',*,*,#2546,.T.);
#1850=ORIENTED_EDGE('',*,*,#2405,.F.);
#1851=ORIENTED_EDGE('',*,*,#2549,.F.);
#1852=ORIENTED_EDGE('',*,*,#2412,.F.);
#1853=ORIENTED_EDGE('',*,*,#2548,.T.);
#1854=ORIENTED_EDGE('',*,*,#2404,.F.);
#1855=ORIENTED_EDGE('',*,*,#2547,.F.);
#1856=ORIENTED_EDGE('',*,*,#2413,.F.);
#1857=ORIENTED_EDGE('',*,*,#2549,.T.);
#1858=ORIENTED_EDGE('',*,*,#2403,.F.);
#1859=ORIENTED_EDGE('',*,*,#2550,.T.);
#1860=ORIENTED_EDGE('',*,*,#2393,.F.);
#1861=ORIENTED_EDGE('',*,*,#2551,.F.);
#1862=ORIENTED_EDGE('',*,*,#2383,.F.);
#1863=ORIENTED_EDGE('',*,*,#2552,.T.);
#1864=ORIENTED_EDGE('',*,*,#2394,.F.);
#1865=ORIENTED_EDGE('',*,*,#2550,.F.);
#1866=ORIENTED_EDGE('',*,*,#2382,.F.);
#1867=ORIENTED_EDGE('',*,*,#2553,.T.);
#1868=ORIENTED_EDGE('',*,*,#2395,.F.);
#1869=ORIENTED_EDGE('',*,*,#2552,.F.);
#1870=ORIENTED_EDGE('',*,*,#2385,.F.);
#1871=ORIENTED_EDGE('',*,*,#2551,.T.);
#1872=ORIENTED_EDGE('',*,*,#2392,.F.);
#1873=ORIENTED_EDGE('',*,*,#2553,.F.);
#1874=ORIENTED_EDGE('',*,*,#2384,.F.);
#1875=ORIENTED_EDGE('',*,*,#2554,.F.);
#1876=ORIENTED_EDGE('',*,*,#2555,.T.);
#1877=ORIENTED_EDGE('',*,*,#2556,.F.);
#1878=ORIENTED_EDGE('',*,*,#2371,.F.);
#1879=ORIENTED_EDGE('',*,*,#2556,.T.);
#1880=ORIENTED_EDGE('',*,*,#2557,.T.);
#1881=ORIENTED_EDGE('',*,*,#2475,.F.);
#1882=ORIENTED_EDGE('',*,*,#2372,.F.);
#1883=ORIENTED_EDGE('',*,*,#2477,.F.);
#1884=ORIENTED_EDGE('',*,*,#2558,.T.);
#1885=ORIENTED_EDGE('',*,*,#2554,.T.);
#1886=ORIENTED_EDGE('',*,*,#2370,.T.);
#1887=ORIENTED_EDGE('',*,*,#2559,.F.);
#1888=ORIENTED_EDGE('',*,*,#2560,.T.);
#1889=ORIENTED_EDGE('',*,*,#2561,.F.);
#1890=ORIENTED_EDGE('',*,*,#2367,.F.);
#1891=ORIENTED_EDGE('',*,*,#2480,.F.);
#1892=ORIENTED_EDGE('',*,*,#2562,.T.);
#1893=ORIENTED_EDGE('',*,*,#2559,.T.);
#1894=ORIENTED_EDGE('',*,*,#2366,.T.);
#1895=ORIENTED_EDGE('',*,*,#2561,.T.);
#1896=ORIENTED_EDGE('',*,*,#2563,.T.);
#1897=ORIENTED_EDGE('',*,*,#2478,.F.);
#1898=ORIENTED_EDGE('',*,*,#2368,.F.);
#1899=ORIENTED_EDGE('',*,*,#2564,.T.);
#1900=ORIENTED_EDGE('',*,*,#2565,.T.);
#1901=ORIENTED_EDGE('',*,*,#2566,.T.);
#1902=ORIENTED_EDGE('',*,*,#2361,.T.);
#1903=ORIENTED_EDGE('',*,*,#2489,.T.);
#1904=ORIENTED_EDGE('',*,*,#2567,.T.);
#1905=ORIENTED_EDGE('',*,*,#2564,.F.);
#1906=ORIENTED_EDGE('',*,*,#2360,.T.);
#1907=ORIENTED_EDGE('',*,*,#2566,.F.);
#1908=ORIENTED_EDGE('',*,*,#2568,.T.);
#1909=ORIENTED_EDGE('',*,*,#2487,.T.);
#1910=ORIENTED_EDGE('',*,*,#2362,.F.);
#1911=ORIENTED_EDGE('',*,*,#2569,.T.);
#1912=ORIENTED_EDGE('',*,*,#2570,.T.);
#1913=ORIENTED_EDGE('',*,*,#2571,.T.);
#1914=ORIENTED_EDGE('',*,*,#2357,.T.);
#1915=ORIENTED_EDGE('',*,*,#2571,.F.);
#1916=ORIENTED_EDGE('',*,*,#2572,.T.);
#1917=ORIENTED_EDGE('',*,*,#2490,.T.);
#1918=ORIENTED_EDGE('',*,*,#2358,.F.);
#1919=ORIENTED_EDGE('',*,*,#2484,.T.);
#1920=ORIENTED_EDGE('',*,*,#2573,.T.);
#1921=ORIENTED_EDGE('',*,*,#2569,.F.);
#1922=ORIENTED_EDGE('',*,*,#2356,.T.);
#1923=ORIENTED_EDGE('',*,*,#2567,.F.);
#1924=ORIENTED_EDGE('',*,*,#2488,.T.);
#1925=ORIENTED_EDGE('',*,*,#2568,.F.);
#1926=ORIENTED_EDGE('',*,*,#2565,.F.);
#1927=ORIENTED_EDGE('',*,*,#2573,.F.);
#1928=ORIENTED_EDGE('',*,*,#2491,.T.);
#1929=ORIENTED_EDGE('',*,*,#2572,.F.);
#1930=ORIENTED_EDGE('',*,*,#2570,.F.);
#1931=ORIENTED_EDGE('',*,*,#2563,.F.);
#1932=ORIENTED_EDGE('',*,*,#2560,.F.);
#1933=ORIENTED_EDGE('',*,*,#2562,.F.);
#1934=ORIENTED_EDGE('',*,*,#2479,.F.);
#1935=ORIENTED_EDGE('',*,*,#2557,.F.);
#1936=ORIENTED_EDGE('',*,*,#2555,.F.);
#1937=ORIENTED_EDGE('',*,*,#2558,.F.);
#1938=ORIENTED_EDGE('',*,*,#2476,.F.);
#1939=ORIENTED_EDGE('',*,*,#2510,.T.);
#1940=ORIENTED_EDGE('',*,*,#2303,.T.);
#1941=ORIENTED_EDGE('',*,*,#2341,.T.);
#1942=ORIENTED_EDGE('',*,*,#2574,.F.);
#1943=ORIENTED_EDGE('',*,*,#2511,.T.);
#1944=ORIENTED_EDGE('',*,*,#2574,.T.);
#1945=ORIENTED_EDGE('',*,*,#2340,.T.);
#1946=ORIENTED_EDGE('',*,*,#2517,.T.);
#1947=ORIENTED_EDGE('',*,*,#2508,.F.);
#1948=ORIENTED_EDGE('',*,*,#2575,.F.);
#1949=ORIENTED_EDGE('',*,*,#2324,.F.);
#1950=ORIENTED_EDGE('',*,*,#2227,.F.);
#1951=ORIENTED_EDGE('',*,*,#2325,.F.);
#1952=ORIENTED_EDGE('',*,*,#2575,.T.);
#1953=ORIENTED_EDGE('',*,*,#2507,.F.);
#1954=ORIENTED_EDGE('',*,*,#2323,.F.);
#1955=ORIENTED_EDGE('',*,*,#2158,.F.);
#1956=ORIENTED_EDGE('',*,*,#2576,.T.);
#1957=ORIENTED_EDGE('',*,*,#2452,.T.);
#1958=ORIENTED_EDGE('',*,*,#2577,.T.);
#1959=ORIENTED_EDGE('',*,*,#2160,.F.);
#1960=ORIENTED_EDGE('',*,*,#2578,.T.);
#1961=ORIENTED_EDGE('',*,*,#2458,.T.);
#1962=ORIENTED_EDGE('',*,*,#2579,.T.);
#1963=ORIENTED_EDGE('',*,*,#2162,.F.);
#1964=ORIENTED_EDGE('',*,*,#2580,.T.);
#1965=ORIENTED_EDGE('',*,*,#2456,.T.);
#1966=ORIENTED_EDGE('',*,*,#2581,.T.);
#1967=ORIENTED_EDGE('',*,*,#2454,.T.);
#1968=ORIENTED_EDGE('',*,*,#2582,.T.);
#1969=ORIENTED_EDGE('',*,*,#2156,.F.);
#1970=ORIENTED_EDGE('',*,*,#2583,.T.);
#1971=ORIENTED_EDGE('',*,*,#2584,.T.);
#1972=ORIENTED_EDGE('',*,*,#2585,.T.);
#1973=ORIENTED_EDGE('',*,*,#2586,.T.);
#1974=ORIENTED_EDGE('',*,*,#2587,.T.);
#1975=ORIENTED_EDGE('',*,*,#2588,.T.);
#1976=ORIENTED_EDGE('',*,*,#2589,.T.);
#1977=ORIENTED_EDGE('',*,*,#2590,.T.);
#1978=ORIENTED_EDGE('',*,*,#2164,.T.);
#1979=ORIENTED_EDGE('',*,*,#2591,.T.);
#1980=ORIENTED_EDGE('',*,*,#2592,.T.);
#1981=ORIENTED_EDGE('',*,*,#2167,.F.);
#1982=ORIENTED_EDGE('',*,*,#2593,.T.);
#1983=ORIENTED_EDGE('',*,*,#2594,.T.);
#1984=ORIENTED_EDGE('',*,*,#2595,.T.);
#1985=ORIENTED_EDGE('',*,*,#2596,.T.);
#1986=ORIENTED_EDGE('',*,*,#2597,.T.);
#1987=ORIENTED_EDGE('',*,*,#2149,.F.);
#1988=ORIENTED_EDGE('',*,*,#2598,.T.);
#1989=ORIENTED_EDGE('',*,*,#2594,.F.);
#1990=ORIENTED_EDGE('',*,*,#2599,.T.);
#1991=ORIENTED_EDGE('',*,*,#2586,.F.);
#1992=ORIENTED_EDGE('',*,*,#2600,.T.);
#1993=ORIENTED_EDGE('',*,*,#2155,.F.);
#1994=ORIENTED_EDGE('',*,*,#2601,.T.);
#1995=ORIENTED_EDGE('',*,*,#2138,.F.);
#1996=ORIENTED_EDGE('',*,*,#2602,.T.);
#1997=ORIENTED_EDGE('',*,*,#2153,.F.);
#1998=ORIENTED_EDGE('',*,*,#2603,.T.);
#1999=ORIENTED_EDGE('',*,*,#2590,.F.);
#2000=ORIENTED_EDGE('',*,*,#2604,.T.);
#2001=ORIENTED_EDGE('',*,*,#2152,.F.);
#2002=ORIENTED_EDGE('',*,*,#2165,.F.);
#2003=ORIENTED_EDGE('',*,*,#2596,.F.);
#2004=ORIENTED_EDGE('',*,*,#2605,.T.);
#2005=ORIENTED_EDGE('',*,*,#2147,.F.);
#2006=ORIENTED_EDGE('',*,*,#2606,.T.);
#2007=ORIENTED_EDGE('',*,*,#2141,.F.);
#2008=ORIENTED_EDGE('',*,*,#2607,.T.);
#2009=ORIENTED_EDGE('',*,*,#2584,.F.);
#2010=ORIENTED_EDGE('',*,*,#2608,.T.);
#2011=ORIENTED_EDGE('',*,*,#2143,.F.);
#2012=ORIENTED_EDGE('',*,*,#2609,.T.);
#2013=ORIENTED_EDGE('',*,*,#2136,.F.);
#2014=ORIENTED_EDGE('',*,*,#2610,.T.);
#2015=ORIENTED_EDGE('',*,*,#2144,.F.);
#2016=ORIENTED_EDGE('',*,*,#2611,.T.);
#2017=ORIENTED_EDGE('',*,*,#2588,.F.);
#2018=ORIENTED_EDGE('',*,*,#2169,.F.);
#2019=ORIENTED_EDGE('',*,*,#2603,.F.);
#2020=ORIENTED_EDGE('',*,*,#2604,.F.);
#2021=ORIENTED_EDGE('',*,*,#2612,.F.);
#2022=ORIENTED_EDGE('',*,*,#2612,.T.);
#2023=ORIENTED_EDGE('',*,*,#2589,.F.);
#2024=ORIENTED_EDGE('',*,*,#2613,.F.);
#2025=ORIENTED_EDGE('',*,*,#2139,.F.);
#2026=ORIENTED_EDGE('',*,*,#2611,.F.);
#2027=ORIENTED_EDGE('',*,*,#2610,.F.);
#2028=ORIENTED_EDGE('',*,*,#2613,.T.);
#2029=ORIENTED_EDGE('',*,*,#2166,.F.);
#2030=ORIENTED_EDGE('',*,*,#2150,.F.);
#2031=ORIENTED_EDGE('',*,*,#2614,.F.);
#2032=ORIENTED_EDGE('',*,*,#2593,.F.);
#2033=ORIENTED_EDGE('',*,*,#2614,.T.);
#2034=ORIENTED_EDGE('',*,*,#2599,.F.);
#2035=ORIENTED_EDGE('',*,*,#2615,.F.);
#2036=ORIENTED_EDGE('',*,*,#2615,.T.);
#2037=ORIENTED_EDGE('',*,*,#2597,.F.);
#2038=ORIENTED_EDGE('',*,*,#2616,.F.);
#2039=ORIENTED_EDGE('',*,*,#2591,.F.);
#2040=ORIENTED_EDGE('',*,*,#2616,.T.);
#2041=ORIENTED_EDGE('',*,*,#2606,.F.);
#2042=ORIENTED_EDGE('',*,*,#2617,.F.);
#2043=ORIENTED_EDGE('',*,*,#2168,.F.);
#2044=ORIENTED_EDGE('',*,*,#2592,.F.);
#2045=ORIENTED_EDGE('',*,*,#2617,.T.);
#2046=ORIENTED_EDGE('',*,*,#2146,.F.);
#2047=ORIENTED_EDGE('',*,*,#2142,.T.);
#2048=ORIENTED_EDGE('',*,*,#2608,.F.);
#2049=ORIENTED_EDGE('',*,*,#2618,.F.);
#2050=ORIENTED_EDGE('',*,*,#2609,.F.);
#2051=ORIENTED_EDGE('',*,*,#2618,.T.);
#2052=ORIENTED_EDGE('',*,*,#2587,.F.);
#2053=ORIENTED_EDGE('',*,*,#2619,.F.);
#2054=ORIENTED_EDGE('',*,*,#2137,.F.);
#2055=ORIENTED_EDGE('',*,*,#2601,.F.);
#2056=ORIENTED_EDGE('',*,*,#2154,.T.);
#2057=ORIENTED_EDGE('',*,*,#2602,.F.);
#2058=ORIENTED_EDGE('',*,*,#2619,.T.);
#2059=ORIENTED_EDGE('',*,*,#2140,.T.);
#2060=ORIENTED_EDGE('',*,*,#2605,.F.);
#2061=ORIENTED_EDGE('',*,*,#2620,.F.);
#2062=ORIENTED_EDGE('',*,*,#2607,.F.);
#2063=ORIENTED_EDGE('',*,*,#2620,.T.);
#2064=ORIENTED_EDGE('',*,*,#2595,.F.);
#2065=ORIENTED_EDGE('',*,*,#2621,.F.);
#2066=ORIENTED_EDGE('',*,*,#2585,.F.);
#2067=ORIENTED_EDGE('',*,*,#2598,.F.);
#2068=ORIENTED_EDGE('',*,*,#2148,.T.);
#2069=ORIENTED_EDGE('',*,*,#2600,.F.);
#2070=ORIENTED_EDGE('',*,*,#2621,.T.);
#2071=ORIENTED_EDGE('',*,*,#2163,.F.);
#2072=ORIENTED_EDGE('',*,*,#2581,.F.);
#2073=ORIENTED_EDGE('',*,*,#2455,.F.);
#2074=ORIENTED_EDGE('',*,*,#2583,.F.);
#2075=ORIENTED_EDGE('',*,*,#2161,.F.);
#2076=ORIENTED_EDGE('',*,*,#2579,.F.);
#2077=ORIENTED_EDGE('',*,*,#2457,.F.);
#2078=ORIENTED_EDGE('',*,*,#2580,.F.);
#2079=ORIENTED_EDGE('',*,*,#2159,.F.);
#2080=ORIENTED_EDGE('',*,*,#2577,.F.);
#2081=ORIENTED_EDGE('',*,*,#2459,.F.);
#2082=ORIENTED_EDGE('',*,*,#2578,.F.);
#2083=ORIENTED_EDGE('',*,*,#2157,.F.);
#2084=ORIENTED_EDGE('',*,*,#2582,.F.);
#2085=ORIENTED_EDGE('',*,*,#2453,.F.);
#2086=ORIENTED_EDGE('',*,*,#2576,.F.);
#2087=ORIENTED_EDGE('',*,*,#2503,.F.);
#2088=ORIENTED_EDGE('',*,*,#2451,.F.);
#2089=ORIENTED_EDGE('',*,*,#2349,.F.);
#2090=ORIENTED_EDGE('',*,*,#2442,.F.);
#2091=ORIENTED_EDGE('',*,*,#2501,.F.);
#2092=ORIENTED_EDGE('',*,*,#2497,.F.);
#2093=ORIENTED_EDGE('',*,*,#2448,.F.);
#2094=ORIENTED_EDGE('',*,*,#2351,.F.);
#2095=ORIENTED_EDGE('',*,*,#2450,.F.);
#2096=ORIENTED_EDGE('',*,*,#2502,.F.);
#2097=ORIENTED_EDGE('',*,*,#2494,.F.);
#2098=ORIENTED_EDGE('',*,*,#2445,.F.);
#2099=ORIENTED_EDGE('',*,*,#2353,.F.);
#2100=ORIENTED_EDGE('',*,*,#2447,.F.);
#2101=ORIENTED_EDGE('',*,*,#2496,.F.);
#2102=ORIENTED_EDGE('',*,*,#2499,.F.);
#2103=ORIENTED_EDGE('',*,*,#2440,.F.);
#2104=ORIENTED_EDGE('',*,*,#2347,.F.);
#2105=ORIENTED_EDGE('',*,*,#2444,.F.);
#2106=ORIENTED_EDGE('',*,*,#2493,.F.);
#2107=ORIENTED_EDGE('',*,*,#2622,.T.);
#2108=ORIENTED_EDGE('',*,*,#2474,.F.);
#2109=ORIENTED_EDGE('',*,*,#2622,.F.);
#2110=ORIENTED_EDGE('',*,*,#2623,.F.);
#2111=ORIENTED_EDGE('',*,*,#2483,.T.);
#2112=ORIENTED_EDGE('',*,*,#2623,.T.);
#2113=ORIENTED_EDGE('',*,*,#2134,.T.);
#2114=ORIENTED_EDGE('',*,*,#2124,.T.);
#2115=ORIENTED_EDGE('',*,*,#2128,.T.);
#2116=ORIENTED_EDGE('',*,*,#2131,.T.);
#2117=ORIENTED_EDGE('',*,*,#2123,.F.);
#2118=ORIENTED_EDGE('',*,*,#2624,.T.);
#2119=ORIENTED_EDGE('',*,*,#2625,.F.);
#2120=ORIENTED_EDGE('',*,*,#2625,.T.);
#2121=ORIENTED_EDGE('',*,*,#2624,.F.);
#2122=EDGE_CURVE('',#2626,#2626,#2958,.T.);
#2123=EDGE_CURVE('',#2627,#2627,#2959,.T.);
#2124=EDGE_CURVE('',#2628,#2629,#102,.T.);
#2125=EDGE_CURVE('',#2628,#2630,#103,.T.);
#2126=EDGE_CURVE('',#2630,#2631,#104,.T.);
#2127=EDGE_CURVE('',#2629,#2631,#105,.T.);
#2128=EDGE_CURVE('',#2629,#2632,#42,.T.);
#2129=EDGE_CURVE('',#2631,#2633,#43,.T.);
#2130=EDGE_CURVE('',#2632,#2633,#106,.T.);
#2131=EDGE_CURVE('',#2632,#2634,#107,.F.);
#2132=EDGE_CURVE('',#2633,#2635,#108,.F.);
#2133=EDGE_CURVE('',#2634,#2635,#109,.T.);
#2134=EDGE_CURVE('',#2634,#2628,#44,.T.);
#2135=EDGE_CURVE('',#2635,#2630,#45,.T.);
#2136=EDGE_CURVE('',#2636,#2637,#46,.T.);
#2137=EDGE_CURVE('',#2637,#2638,#110,.F.);
#2138=EDGE_CURVE('',#2638,#2639,#47,.F.);
#2139=EDGE_CURVE('',#2639,#2636,#111,.T.);
#2140=EDGE_CURVE('',#2640,#2641,#48,.F.);
#2141=EDGE_CURVE('',#2640,#2642,#112,.T.);
#2142=EDGE_CURVE('',#2643,#2642,#49,.F.);
#2143=EDGE_CURVE('',#2643,#2644,#50,.F.);
#2144=EDGE_CURVE('',#2644,#2645,#113,.T.);
#2145=EDGE_CURVE('',#2645,#2646,#114,.T.);
#2146=EDGE_CURVE('',#2646,#2647,#115,.T.);
#2147=EDGE_CURVE('',#2647,#2641,#51,.T.);
#2148=EDGE_CURVE('',#2648,#2649,#52,.T.);
#2149=EDGE_CURVE('',#2648,#2650,#53,.F.);
#2150=EDGE_CURVE('',#2650,#2651,#116,.F.);
#2151=EDGE_CURVE('',#2652,#2651,#117,.T.);
#2152=EDGE_CURVE('',#2652,#2653,#118,.F.);
#2153=EDGE_CURVE('',#2653,#2654,#54,.T.);
#2154=EDGE_CURVE('',#2655,#2654,#55,.T.);
#2155=EDGE_CURVE('',#2655,#2649,#119,.F.);
#2156=EDGE_CURVE('',#2656,#2657,#120,.T.);
#2157=EDGE_CURVE('',#2657,#2658,#56,.T.);
#2158=EDGE_CURVE('',#2658,#2659,#121,.T.);
#2159=EDGE_CURVE('',#2659,#2660,#57,.T.);
#2160=EDGE_CURVE('',#2660,#2661,#122,.T.);
#2161=EDGE_CURVE('',#2661,#2662,#58,.T.);
#2162=EDGE_CURVE('',#2662,#2663,#123,.T.);
#2163=EDGE_CURVE('',#2663,#2656,#59,.T.);
#2164=EDGE_CURVE('',#2664,#2665,#124,.T.);
#2165=EDGE_CURVE('',#2664,#2652,#60,.F.);
#2166=EDGE_CURVE('',#2651,#2666,#61,.F.);
#2167=EDGE_CURVE('',#2666,#2667,#125,.T.);
#2168=EDGE_CURVE('',#2667,#2646,#62,.F.);
#2169=EDGE_CURVE('',#2645,#2665,#63,.F.);
#2170=EDGE_CURVE('',#2668,#2669,#126,.T.);
#2171=EDGE_CURVE('',#2669,#2670,#127,.T.);
#2172=EDGE_CURVE('',#2671,#2670,#128,.T.);
#2173=EDGE_CURVE('',#2671,#2668,#129,.T.);
#2174=EDGE_CURVE('',#2672,#2673,#130,.T.);
#2175=EDGE_CURVE('',#2674,#2672,#131,.T.);
#2176=EDGE_CURVE('',#2675,#2674,#132,.T.);
#2177=EDGE_CURVE('',#2673,#2675,#133,.T.);
#2178=EDGE_CURVE('',#2674,#2671,#134,.T.);
#2179=EDGE_CURVE('',#2668,#2672,#135,.T.);
#2180=EDGE_CURVE('',#2676,#2677,#136,.T.);
#2181=EDGE_CURVE('',#2677,#2678,#137,.T.);
#2182=EDGE_CURVE('',#2679,#2678,#138,.T.);
#2183=EDGE_CURVE('',#2679,#2676,#139,.T.);
#2184=EDGE_CURVE('',#2680,#2681,#140,.T.);
#2185=EDGE_CURVE('',#2682,#2680,#141,.T.);
#2186=EDGE_CURVE('',#2683,#2682,#142,.T.);
#2187=EDGE_CURVE('',#2681,#2683,#143,.T.);
#2188=EDGE_CURVE('',#2682,#2679,#144,.T.);
#2189=EDGE_CURVE('',#2676,#2680,#145,.T.);
#2190=EDGE_CURVE('',#2684,#2685,#146,.T.);
#2191=EDGE_CURVE('',#2685,#2686,#147,.T.);
#2192=EDGE_CURVE('',#2687,#2686,#148,.T.);
#2193=EDGE_CURVE('',#2687,#2684,#149,.T.);
#2194=EDGE_CURVE('',#2688,#2669,#150,.T.);
#2195=EDGE_CURVE('',#2689,#2688,#151,.T.);
#2196=EDGE_CURVE('',#2670,#2689,#152,.T.);
#2197=EDGE_CURVE('',#2689,#2687,#153,.T.);
#2198=EDGE_CURVE('',#2684,#2688,#154,.T.);
#2199=EDGE_CURVE('',#2690,#2681,#155,.T.);
#2200=EDGE_CURVE('',#2691,#2683,#156,.T.);
#2201=EDGE_CURVE('',#2691,#2690,#157,.T.);
#2202=EDGE_CURVE('',#2692,#2693,#158,.T.);
#2203=EDGE_CURVE('',#2694,#2692,#159,.T.);
#2204=EDGE_CURVE('',#2695,#2694,#160,.T.);
#2205=EDGE_CURVE('',#2693,#2695,#161,.T.);
#2206=EDGE_CURVE('',#2694,#2691,#162,.T.);
#2207=EDGE_CURVE('',#2690,#2692,#163,.T.);
#2208=EDGE_CURVE('',#2696,#2697,#164,.T.);
#2209=EDGE_CURVE('',#2697,#2698,#165,.T.);
#2210=EDGE_CURVE('',#2699,#2698,#166,.T.);
#2211=EDGE_CURVE('',#2699,#2696,#167,.T.);
#2212=EDGE_CURVE('',#2700,#2685,#168,.T.);
#2213=EDGE_CURVE('',#2701,#2700,#169,.T.);
#2214=EDGE_CURVE('',#2686,#2701,#170,.T.);
#2215=EDGE_CURVE('',#2701,#2699,#171,.T.);
#2216=EDGE_CURVE('',#2696,#2700,#172,.T.);
#2217=EDGE_CURVE('',#2702,#2693,#173,.T.);
#2218=EDGE_CURVE('',#2703,#2695,#174,.T.);
#2219=EDGE_CURVE('',#2703,#2702,#175,.T.);
#2220=EDGE_CURVE('',#2704,#2705,#176,.T.);
#2221=EDGE_CURVE('',#2706,#2704,#177,.T.);
#2222=EDGE_CURVE('',#2707,#2706,#178,.T.);
#2223=EDGE_CURVE('',#2705,#2707,#179,.T.);
#2224=EDGE_CURVE('',#2706,#2703,#180,.T.);
#2225=EDGE_CURVE('',#2702,#2704,#181,.T.);
#2226=EDGE_CURVE('',#2708,#2709,#182,.T.);
#2227=EDGE_CURVE('',#2709,#2710,#183,.T.);
#2228=EDGE_CURVE('',#2711,#2710,#184,.T.);
#2229=EDGE_CURVE('',#2711,#2708,#185,.T.);
#2230=EDGE_CURVE('',#2712,#2697,#186,.T.);
#2231=EDGE_CURVE('',#2713,#2712,#187,.T.);
#2232=EDGE_CURVE('',#2698,#2713,#188,.T.);
#2233=EDGE_CURVE('',#2713,#2711,#189,.T.);
#2234=EDGE_CURVE('',#2708,#2712,#190,.T.);
#2235=EDGE_CURVE('',#2714,#2705,#191,.T.);
#2236=EDGE_CURVE('',#2715,#2707,#192,.T.);
#2237=EDGE_CURVE('',#2715,#2714,#193,.T.);
#2238=EDGE_CURVE('',#2716,#2717,#194,.T.);
#2239=EDGE_CURVE('',#2718,#2716,#195,.T.);
#2240=EDGE_CURVE('',#2719,#2718,#196,.T.);
#2241=EDGE_CURVE('',#2717,#2719,#197,.T.);
#2242=EDGE_CURVE('',#2718,#2715,#198,.T.);
#2243=EDGE_CURVE('',#2714,#2716,#199,.T.);
#2244=EDGE_CURVE('',#2720,#2721,#200,.T.);
#2245=EDGE_CURVE('',#2722,#2720,#201,.T.);
#2246=EDGE_CURVE('',#2722,#2723,#202,.T.);
#2247=EDGE_CURVE('',#2721,#2723,#203,.T.);
#2248=EDGE_CURVE('',#2720,#2724,#204,.T.);
#2249=EDGE_CURVE('',#2724,#2725,#205,.T.);
#2250=EDGE_CURVE('',#2725,#2722,#206,.T.);
#2251=EDGE_CURVE('',#2724,#2726,#207,.T.);
#2252=EDGE_CURVE('',#2726,#2727,#208,.T.);
#2253=EDGE_CURVE('',#2727,#2725,#209,.T.);
#2254=EDGE_CURVE('',#2728,#2729,#210,.T.);
#2255=EDGE_CURVE('',#2730,#2728,#211,.T.);
#2256=EDGE_CURVE('',#2730,#2731,#212,.T.);
#2257=EDGE_CURVE('',#2731,#2729,#213,.T.);
#2258=EDGE_CURVE('',#2728,#2732,#214,.T.);
#2259=EDGE_CURVE('',#2732,#2733,#215,.T.);
#2260=EDGE_CURVE('',#2733,#2730,#216,.T.);
#2261=EDGE_CURVE('',#2732,#2734,#217,.T.);
#2262=EDGE_CURVE('',#2734,#2735,#218,.T.);
#2263=EDGE_CURVE('',#2735,#2733,#219,.T.);
#2264=EDGE_CURVE('',#2736,#2737,#220,.T.);
#2265=EDGE_CURVE('',#2738,#2736,#221,.T.);
#2266=EDGE_CURVE('',#2738,#2739,#222,.T.);
#2267=EDGE_CURVE('',#2737,#2739,#223,.T.);
#2268=EDGE_CURVE('',#2736,#2740,#224,.T.);
#2269=EDGE_CURVE('',#2740,#2741,#225,.T.);
#2270=EDGE_CURVE('',#2741,#2738,#226,.T.);
#2271=EDGE_CURVE('',#2740,#2721,#227,.T.);
#2272=EDGE_CURVE('',#2723,#2741,#228,.T.);
#2273=EDGE_CURVE('',#2742,#2734,#229,.T.);
#2274=EDGE_CURVE('',#2743,#2742,#230,.T.);
#2275=EDGE_CURVE('',#2743,#2735,#231,.T.);
#2276=EDGE_CURVE('',#2742,#2744,#232,.T.);
#2277=EDGE_CURVE('',#2744,#2745,#233,.T.);
#2278=EDGE_CURVE('',#2745,#2743,#234,.T.);
#2279=EDGE_CURVE('',#2744,#2746,#235,.T.);
#2280=EDGE_CURVE('',#2746,#2747,#236,.T.);
#2281=EDGE_CURVE('',#2747,#2745,#237,.T.);
#2282=EDGE_CURVE('',#2748,#2749,#238,.T.);
#2283=EDGE_CURVE('',#2750,#2748,#239,.T.);
#2284=EDGE_CURVE('',#2750,#2751,#240,.T.);
#2285=EDGE_CURVE('',#2749,#2751,#241,.T.);
#2286=EDGE_CURVE('',#2748,#2752,#242,.T.);
#2287=EDGE_CURVE('',#2752,#2753,#243,.T.);
#2288=EDGE_CURVE('',#2753,#2750,#244,.T.);
#2289=EDGE_CURVE('',#2752,#2737,#245,.T.);
#2290=EDGE_CURVE('',#2739,#2753,#246,.T.);
#2291=EDGE_CURVE('',#2754,#2746,#247,.T.);
#2292=EDGE_CURVE('',#2755,#2754,#248,.T.);
#2293=EDGE_CURVE('',#2755,#2747,#249,.T.);
#2294=EDGE_CURVE('',#2754,#2756,#250,.T.);
#2295=EDGE_CURVE('',#2756,#2757,#251,.T.);
#2296=EDGE_CURVE('',#2757,#2755,#252,.T.);
#2297=EDGE_CURVE('',#2756,#2758,#253,.T.);
#2298=EDGE_CURVE('',#2758,#2759,#254,.T.);
#2299=EDGE_CURVE('',#2759,#2757,#255,.T.);
#2300=EDGE_CURVE('',#2760,#2761,#256,.T.);
#2301=EDGE_CURVE('',#2762,#2760,#257,.T.);
#2302=EDGE_CURVE('',#2762,#2763,#258,.T.);
#2303=EDGE_CURVE('',#2761,#2763,#259,.T.);
#2304=EDGE_CURVE('',#2760,#2764,#260,.T.);
#2305=EDGE_CURVE('',#2764,#2765,#261,.T.);
#2306=EDGE_CURVE('',#2765,#2762,#262,.T.);
#2307=EDGE_CURVE('',#2764,#2749,#263,.T.);
#2308=EDGE_CURVE('',#2751,#2765,#264,.T.);
#2309=EDGE_CURVE('',#2766,#2758,#265,.T.);
#2310=EDGE_CURVE('',#2767,#2766,#266,.T.);
#2311=EDGE_CURVE('',#2767,#2759,#267,.T.);
#2312=EDGE_CURVE('',#2766,#2768,#268,.T.);
#2313=EDGE_CURVE('',#2768,#2769,#269,.T.);
#2314=EDGE_CURVE('',#2769,#2767,#270,.T.);
#2315=EDGE_CURVE('',#2768,#2770,#271,.T.);
#2316=EDGE_CURVE('',#2770,#2771,#272,.T.);
#2317=EDGE_CURVE('',#2771,#2769,#273,.T.);
#2318=EDGE_CURVE('',#2772,#2673,#274,.T.);
#2319=EDGE_CURVE('',#2773,#2675,#275,.T.);
#2320=EDGE_CURVE('',#2772,#2773,#276,.T.);
#2321=EDGE_CURVE('',#2774,#2717,#277,.T.);
#2322=EDGE_CURVE('',#2775,#2719,#278,.T.);
#2323=EDGE_CURVE('',#2775,#2774,#279,.T.);
#2324=EDGE_CURVE('',#2710,#2776,#280,.T.);
#2325=EDGE_CURVE('',#2776,#2775,#281,.T.);
#2326=EDGE_CURVE('',#2678,#2777,#282,.T.);
#2327=EDGE_CURVE('',#2777,#2778,#283,.T.);
#2328=EDGE_CURVE('',#2779,#2778,#284,.T.);
#2329=EDGE_CURVE('',#2779,#2780,#285,.T.);
#2330=EDGE_CURVE('',#2780,#2781,#286,.T.);
#2331=EDGE_CURVE('',#2781,#2773,#287,.T.);
#2332=EDGE_CURVE('',#2782,#2727,#288,.T.);
#2333=EDGE_CURVE('',#2783,#2782,#289,.T.);
#2334=EDGE_CURVE('',#2784,#2783,#290,.T.);
#2335=EDGE_CURVE('',#2784,#2785,#291,.T.);
#2336=EDGE_CURVE('',#2786,#2785,#292,.T.);
#2337=EDGE_CURVE('',#2787,#2786,#293,.T.);
#2338=EDGE_CURVE('',#2731,#2787,#294,.T.);
#2339=EDGE_CURVE('',#2788,#2771,#295,.T.);
#2340=EDGE_CURVE('',#2789,#2788,#296,.T.);
#2341=EDGE_CURVE('',#2763,#2789,#297,.T.);
#2342=EDGE_CURVE('',#2790,#2726,#298,.T.);
#2343=EDGE_CURVE('',#2782,#2790,#299,.T.);
#2344=EDGE_CURVE('',#2791,#2772,#300,.T.);
#2345=EDGE_CURVE('',#2791,#2781,#301,.T.);
#2346=EDGE_CURVE('',#2792,#2793,#302,.T.);
#2347=EDGE_CURVE('',#2792,#2794,#64,.F.);
#2348=EDGE_CURVE('',#2795,#2794,#303,.T.);
#2349=EDGE_CURVE('',#2795,#2796,#65,.F.);
#2350=EDGE_CURVE('',#2797,#2796,#304,.T.);
#2351=EDGE_CURVE('',#2797,#2798,#66,.F.);
#2352=EDGE_CURVE('',#2799,#2798,#305,.T.);
#2353=EDGE_CURVE('',#2799,#2793,#67,.F.);
#2354=EDGE_CURVE('',#2787,#2800,#306,.T.);
#2355=EDGE_CURVE('',#2729,#2800,#307,.T.);
#2356=EDGE_CURVE('',#2801,#2802,#308,.T.);
#2357=EDGE_CURVE('',#2803,#2801,#309,.T.);
#2358=EDGE_CURVE('',#2803,#2804,#310,.T.);
#2359=EDGE_CURVE('',#2805,#2804,#311,.T.);
#2360=EDGE_CURVE('',#2806,#2805,#312,.T.);
#2361=EDGE_CURVE('',#2807,#2806,#313,.T.);
#2362=EDGE_CURVE('',#2807,#2808,#314,.T.);
#2363=EDGE_CURVE('',#2809,#2808,#315,.T.);
#2364=EDGE_CURVE('',#2810,#2809,#316,.T.);
#2365=EDGE_CURVE('',#2810,#2811,#317,.T.);
#2366=EDGE_CURVE('',#2812,#2811,#318,.T.);
#2367=EDGE_CURVE('',#2812,#2813,#319,.T.);
#2368=EDGE_CURVE('',#2813,#2814,#320,.T.);
#2369=EDGE_CURVE('',#2814,#2815,#321,.T.);
#2370=EDGE_CURVE('',#2816,#2815,#322,.T.);
#2371=EDGE_CURVE('',#2816,#2817,#323,.T.);
#2372=EDGE_CURVE('',#2817,#2818,#324,.T.);
#2373=EDGE_CURVE('',#2818,#2819,#325,.T.);
#2374=EDGE_CURVE('',#2819,#2820,#326,.T.);
#2375=EDGE_CURVE('',#2802,#2820,#327,.T.);
#2376=EDGE_CURVE('',#2821,#2822,#328,.T.);
#2377=EDGE_CURVE('',#2822,#2823,#329,.T.);
#2378=EDGE_CURVE('',#2823,#2824,#330,.F.);
#2379=EDGE_CURVE('',#2825,#2824,#331,.T.);
#2380=EDGE_CURVE('',#2826,#2825,#332,.T.);
#2381=EDGE_CURVE('',#2826,#2821,#333,.T.);
#2382=EDGE_CURVE('',#2827,#2828,#334,.T.);
#2383=EDGE_CURVE('',#2828,#2829,#335,.T.);
#2384=EDGE_CURVE('',#2829,#2830,#336,.T.);
#2385=EDGE_CURVE('',#2830,#2827,#337,.T.);
#2386=EDGE_CURVE('',#2831,#2832,#338,.F.);
#2387=EDGE_CURVE('',#2832,#2833,#339,.T.);
#2388=EDGE_CURVE('',#2833,#2834,#340,.T.);
#2389=EDGE_CURVE('',#2834,#2835,#341,.T.);
#2390=EDGE_CURVE('',#2835,#2836,#342,.T.);
#2391=EDGE_CURVE('',#2831,#2836,#343,.T.);
#2392=EDGE_CURVE('',#2837,#2838,#344,.T.);
#2393=EDGE_CURVE('',#2838,#2839,#345,.T.);
#2394=EDGE_CURVE('',#2839,#2840,#346,.T.);
#2395=EDGE_CURVE('',#2840,#2837,#347,.T.);
#2396=EDGE_CURVE('',#2841,#2842,#348,.F.);
#2397=EDGE_CURVE('',#2842,#2843,#349,.T.);
#2398=EDGE_CURVE('',#2843,#2844,#350,.T.);
#2399=EDGE_CURVE('',#2844,#2845,#351,.T.);
#2400=EDGE_CURVE('',#2845,#2846,#352,.T.);
#2401=EDGE_CURVE('',#2841,#2846,#353,.T.);
#2402=EDGE_CURVE('',#2847,#2848,#354,.T.);
#2403=EDGE_CURVE('',#2848,#2849,#355,.T.);
#2404=EDGE_CURVE('',#2849,#2850,#356,.T.);
#2405=EDGE_CURVE('',#2850,#2847,#357,.T.);
#2406=EDGE_CURVE('',#2851,#2852,#358,.T.);
#2407=EDGE_CURVE('',#2852,#2853,#359,.T.);
#2408=EDGE_CURVE('',#2853,#2854,#360,.F.);
#2409=EDGE_CURVE('',#2855,#2854,#361,.T.);
#2410=EDGE_CURVE('',#2856,#2855,#362,.T.);
#2411=EDGE_CURVE('',#2856,#2851,#363,.T.);
#2412=EDGE_CURVE('',#2857,#2858,#364,.T.);
#2413=EDGE_CURVE('',#2858,#2859,#365,.T.);
#2414=EDGE_CURVE('',#2859,#2860,#366,.T.);
#2415=EDGE_CURVE('',#2860,#2857,#367,.T.);
#2416=EDGE_CURVE('',#2784,#2861,#368,.T.);
#2417=EDGE_CURVE('',#2783,#2862,#369,.T.);
#2418=EDGE_CURVE('',#2863,#2862,#370,.T.);
#2419=EDGE_CURVE('',#2864,#2863,#371,.T.);
#2420=EDGE_CURVE('',#2865,#2864,#372,.T.);
#2421=EDGE_CURVE('',#2866,#2865,#373,.T.);
#2422=EDGE_CURVE('',#2866,#2861,#374,.T.);
#2423=EDGE_CURVE('',#2867,#2777,#375,.T.);
#2424=EDGE_CURVE('',#2867,#2868,#376,.T.);
#2425=EDGE_CURVE('',#2869,#2868,#377,.T.);
#2426=EDGE_CURVE('',#2869,#2870,#378,.T.);
#2427=EDGE_CURVE('',#2870,#2871,#379,.T.);
#2428=EDGE_CURVE('',#2872,#2871,#380,.T.);
#2429=EDGE_CURVE('',#2778,#2872,#381,.T.);
#2430=EDGE_CURVE('',#2873,#2861,#382,.T.);
#2431=EDGE_CURVE('',#2873,#2874,#383,.T.);
#2432=EDGE_CURVE('',#2874,#2864,#384,.T.);
#2433=EDGE_CURVE('',#2863,#2875,#385,.T.);
#2434=EDGE_CURVE('',#2785,#2875,#386,.T.);
#2435=EDGE_CURVE('',#2876,#2868,#387,.T.);
#2436=EDGE_CURVE('',#2876,#2779,#388,.T.);
#2437=EDGE_CURVE('',#2872,#2877,#389,.T.);
#2438=EDGE_CURVE('',#2878,#2877,#390,.T.);
#2439=EDGE_CURVE('',#2869,#2878,#391,.T.);
#2440=EDGE_CURVE('',#2794,#2879,#392,.F.);
#2441=EDGE_CURVE('',#2879,#2880,#393,.T.);
#2442=EDGE_CURVE('',#2880,#2795,#394,.T.);
#2443=EDGE_CURVE('',#2881,#2882,#395,.T.);
#2444=EDGE_CURVE('',#2882,#2792,#396,.T.);
#2445=EDGE_CURVE('',#2793,#2881,#397,.F.);
#2446=EDGE_CURVE('',#2883,#2884,#398,.T.);
#2447=EDGE_CURVE('',#2884,#2799,#399,.T.);
#2448=EDGE_CURVE('',#2798,#2883,#400,.F.);
#2449=EDGE_CURVE('',#2885,#2886,#401,.T.);
#2450=EDGE_CURVE('',#2886,#2797,#402,.T.);
#2451=EDGE_CURVE('',#2796,#2885,#403,.F.);
#2452=EDGE_CURVE('',#2887,#2888,#404,.T.);
#2453=EDGE_CURVE('',#2887,#2889,#68,.F.);
#2454=EDGE_CURVE('',#2890,#2889,#405,.T.);
#2455=EDGE_CURVE('',#2890,#2891,#69,.F.);
#2456=EDGE_CURVE('',#2892,#2891,#406,.T.);
#2457=EDGE_CURVE('',#2892,#2893,#70,.F.);
#2458=EDGE_CURVE('',#2894,#2893,#407,.T.);
#2459=EDGE_CURVE('',#2894,#2888,#71,.F.);
#2460=EDGE_CURVE('',#2895,#2896,#408,.T.);
#2461=EDGE_CURVE('',#2896,#2897,#409,.T.);
#2462=EDGE_CURVE('',#2897,#2898,#410,.T.);
#2463=EDGE_CURVE('',#2898,#2895,#411,.T.);
#2464=EDGE_CURVE('',#2899,#2900,#412,.T.);
#2465=EDGE_CURVE('',#2901,#2899,#413,.T.);
#2466=EDGE_CURVE('',#2901,#2902,#414,.T.);
#2467=EDGE_CURVE('',#2902,#2900,#415,.T.);
#2468=EDGE_CURVE('',#2846,#2855,#416,.T.);
#2469=EDGE_CURVE('',#2845,#2856,#417,.T.);
#2470=EDGE_CURVE('',#2836,#2825,#418,.T.);
#2471=EDGE_CURVE('',#2835,#2826,#419,.T.);
#2472=EDGE_CURVE('',#2871,#2865,#420,.T.);
#2473=EDGE_CURVE('',#2870,#2866,#421,.T.);
#2474=EDGE_CURVE('',#2903,#2903,#72,.T.);
#2475=EDGE_CURVE('',#2818,#2904,#422,.T.);
#2476=EDGE_CURVE('',#2904,#2905,#423,.T.);
#2477=EDGE_CURVE('',#2905,#2815,#424,.T.);
#2478=EDGE_CURVE('',#2814,#2906,#425,.T.);
#2479=EDGE_CURVE('',#2906,#2907,#426,.T.);
#2480=EDGE_CURVE('',#2907,#2811,#427,.T.);
#2481=EDGE_CURVE('',#2810,#2873,#428,.T.);
#2482=EDGE_CURVE('',#2878,#2819,#429,.T.);
#2483=EDGE_CURVE('',#2908,#2908,#73,.T.);
#2484=EDGE_CURVE('',#2802,#2909,#430,.T.);
#2485=EDGE_CURVE('',#2877,#2820,#431,.T.);
#2486=EDGE_CURVE('',#2809,#2874,#432,.T.);
#2487=EDGE_CURVE('',#2910,#2808,#433,.T.);
#2488=EDGE_CURVE('',#2911,#2910,#434,.T.);
#2489=EDGE_CURVE('',#2805,#2911,#435,.T.);
#2490=EDGE_CURVE('',#2912,#2804,#436,.T.);
#2491=EDGE_CURVE('',#2909,#2912,#437,.T.);
#2492=EDGE_CURVE('',#2913,#2898,#438,.T.);
#2493=EDGE_CURVE('',#2913,#2882,#32,.T.);
#2494=EDGE_CURVE('',#2881,#2914,#33,.T.);
#2495=EDGE_CURVE('',#2895,#2914,#439,.F.);
#2496=EDGE_CURVE('',#2914,#2884,#34,.T.);
#2497=EDGE_CURVE('',#2883,#2915,#35,.T.);
#2498=EDGE_CURVE('',#2896,#2915,#440,.F.);
#2499=EDGE_CURVE('',#2879,#2913,#36,.T.);
#2500=EDGE_CURVE('',#2916,#2897,#441,.F.);
#2501=EDGE_CURVE('',#2916,#2880,#37,.T.);
#2502=EDGE_CURVE('',#2915,#2886,#38,.T.);
#2503=EDGE_CURVE('',#2885,#2916,#39,.T.);
#2504=EDGE_CURVE('',#2917,#2791,#442,.T.);
#2505=EDGE_CURVE('',#2876,#2917,#443,.T.);
#2506=EDGE_CURVE('',#2677,#2867,#444,.T.);
#2507=EDGE_CURVE('',#2774,#2918,#445,.T.);
#2508=EDGE_CURVE('',#2918,#2709,#446,.T.);
#2509=EDGE_CURVE('',#2917,#2780,#447,.T.);
#2510=EDGE_CURVE('',#2919,#2761,#448,.T.);
#2511=EDGE_CURVE('',#2920,#2919,#449,.T.);
#2512=EDGE_CURVE('',#2920,#2770,#450,.T.);
#2513=EDGE_CURVE('',#2800,#2921,#451,.T.);
#2514=EDGE_CURVE('',#2921,#2875,#452,.T.);
#2515=EDGE_CURVE('',#2862,#2790,#453,.T.);
#2516=EDGE_CURVE('',#2786,#2921,#454,.T.);
#2517=EDGE_CURVE('',#2788,#2920,#455,.T.);
#2518=EDGE_CURVE('',#2834,#2821,#456,.T.);
#2519=EDGE_CURVE('',#2922,#2923,#457,.T.);
#2520=EDGE_CURVE('',#2923,#2924,#458,.T.);
#2521=EDGE_CURVE('',#2924,#2925,#459,.T.);
#2522=EDGE_CURVE('',#2925,#2922,#460,.T.);
#2523=EDGE_CURVE('',#2824,#2831,#461,.T.);
#2524=EDGE_CURVE('',#2844,#2851,#462,.T.);
#2525=EDGE_CURVE('',#2854,#2841,#463,.T.);
#2526=EDGE_CURVE('',#2926,#2927,#464,.T.);
#2527=EDGE_CURVE('',#2927,#2928,#465,.T.);
#2528=EDGE_CURVE('',#2928,#2929,#466,.T.);
#2529=EDGE_CURVE('',#2929,#2926,#467,.T.);
#2530=EDGE_CURVE('',#2902,#2930,#468,.T.);
#2531=EDGE_CURVE('',#2930,#2931,#469,.T.);
#2532=EDGE_CURVE('',#2900,#2931,#470,.T.);
#2533=EDGE_CURVE('',#2931,#2932,#471,.T.);
#2534=EDGE_CURVE('',#2899,#2932,#472,.T.);
#2535=EDGE_CURVE('',#2932,#2933,#473,.T.);
#2536=EDGE_CURVE('',#2901,#2933,#474,.T.);
#2537=EDGE_CURVE('',#2933,#2930,#475,.T.);
#2538=EDGE_CURVE('',#2924,#2832,#476,.T.);
#2539=EDGE_CURVE('',#2823,#2925,#477,.T.);
#2540=EDGE_CURVE('',#2833,#2923,#478,.F.);
#2541=EDGE_CURVE('',#2922,#2822,#479,.F.);
#2542=EDGE_CURVE('',#2843,#2927,#480,.F.);
#2543=EDGE_CURVE('',#2926,#2852,#481,.F.);
#2544=EDGE_CURVE('',#2928,#2842,#482,.T.);
#2545=EDGE_CURVE('',#2853,#2929,#483,.T.);
#2546=EDGE_CURVE('',#2860,#2847,#484,.T.);
#2547=EDGE_CURVE('',#2859,#2848,#485,.T.);
#2548=EDGE_CURVE('',#2857,#2850,#486,.T.);
#2549=EDGE_CURVE('',#2858,#2849,#487,.T.);
#2550=EDGE_CURVE('',#2828,#2839,#488,.T.);
#2551=EDGE_CURVE('',#2829,#2838,#489,.T.);
#2552=EDGE_CURVE('',#2827,#2840,#490,.T.);
#2553=EDGE_CURVE('',#2830,#2837,#491,.T.);
#2554=EDGE_CURVE('',#2934,#2816,#492,.T.);
#2555=EDGE_CURVE('',#2934,#2935,#493,.T.);
#2556=EDGE_CURVE('',#2817,#2935,#494,.T.);
#2557=EDGE_CURVE('',#2935,#2904,#495,.T.);
#2558=EDGE_CURVE('',#2905,#2934,#496,.T.);
#2559=EDGE_CURVE('',#2936,#2812,#497,.T.);
#2560=EDGE_CURVE('',#2936,#2937,#498,.T.);
#2561=EDGE_CURVE('',#2813,#2937,#499,.T.);
#2562=EDGE_CURVE('',#2907,#2936,#500,.T.);
#2563=EDGE_CURVE('',#2937,#2906,#501,.T.);
#2564=EDGE_CURVE('',#2806,#2938,#502,.T.);
#2565=EDGE_CURVE('',#2938,#2939,#503,.T.);
#2566=EDGE_CURVE('',#2939,#2807,#504,.T.);
#2567=EDGE_CURVE('',#2911,#2938,#505,.T.);
#2568=EDGE_CURVE('',#2939,#2910,#506,.T.);
#2569=EDGE_CURVE('',#2801,#2940,#507,.T.);
#2570=EDGE_CURVE('',#2940,#2941,#508,.T.);
#2571=EDGE_CURVE('',#2941,#2803,#509,.T.);
#2572=EDGE_CURVE('',#2941,#2912,#510,.T.);
#2573=EDGE_CURVE('',#2909,#2940,#511,.T.);
#2574=EDGE_CURVE('',#2919,#2789,#512,.T.);
#2575=EDGE_CURVE('',#2776,#2918,#513,.T.);
#2576=EDGE_CURVE('',#2658,#2887,#514,.T.);
#2577=EDGE_CURVE('',#2888,#2659,#515,.F.);
#2578=EDGE_CURVE('',#2660,#2894,#516,.T.);
#2579=EDGE_CURVE('',#2893,#2661,#517,.F.);
#2580=EDGE_CURVE('',#2662,#2892,#518,.T.);
#2581=EDGE_CURVE('',#2891,#2663,#519,.F.);
#2582=EDGE_CURVE('',#2889,#2657,#520,.F.);
#2583=EDGE_CURVE('',#2656,#2890,#521,.T.);
#2584=EDGE_CURVE('',#2942,#2943,#522,.F.);
#2585=EDGE_CURVE('',#2943,#2944,#523,.F.);
#2586=EDGE_CURVE('',#2944,#2945,#524,.T.);
#2587=EDGE_CURVE('',#2945,#2942,#525,.T.);
#2588=EDGE_CURVE('',#2665,#2946,#526,.F.);
#2589=EDGE_CURVE('',#2946,#2947,#527,.F.);
#2590=EDGE_CURVE('',#2947,#2664,#528,.T.);
#2591=EDGE_CURVE('',#2948,#2949,#529,.T.);
#2592=EDGE_CURVE('',#2949,#2667,#530,.F.);
#2593=EDGE_CURVE('',#2666,#2948,#531,.T.);
#2594=EDGE_CURVE('',#2950,#2951,#74,.T.);
#2595=EDGE_CURVE('',#2951,#2952,#532,.T.);
#2596=EDGE_CURVE('',#2952,#2953,#75,.F.);
#2597=EDGE_CURVE('',#2953,#2950,#533,.F.);
#2598=EDGE_CURVE('',#2648,#2951,#76,.T.);
#2599=EDGE_CURVE('',#2950,#2650,#77,.T.);
#2600=EDGE_CURVE('',#2944,#2649,#78,.T.);
#2601=EDGE_CURVE('',#2655,#2945,#79,.T.);
#2602=EDGE_CURVE('',#2638,#2654,#80,.T.);
#2603=EDGE_CURVE('',#2653,#2639,#81,.T.);
#2604=EDGE_CURVE('',#2947,#2653,#82,.F.);
#2605=EDGE_CURVE('',#2952,#2641,#83,.T.);
#2606=EDGE_CURVE('',#2647,#2953,#84,.T.);
#2607=EDGE_CURVE('',#2640,#2943,#85,.T.);
#2608=EDGE_CURVE('',#2942,#2642,#86,.T.);
#2609=EDGE_CURVE('',#2643,#2637,#87,.T.);
#2610=EDGE_CURVE('',#2636,#2644,#88,.T.);
#2611=EDGE_CURVE('',#2644,#2946,#89,.T.);
#2612=EDGE_CURVE('',#2639,#2947,#90,.T.);
#2613=EDGE_CURVE('',#2636,#2946,#91,.T.);
#2614=EDGE_CURVE('',#2948,#2650,#92,.T.);
#2615=EDGE_CURVE('',#2948,#2950,#93,.T.);
#2616=EDGE_CURVE('',#2949,#2953,#94,.T.);
#2617=EDGE_CURVE('',#2949,#2647,#95,.T.);
#2618=EDGE_CURVE('',#2637,#2942,#96,.F.);
#2619=EDGE_CURVE('',#2638,#2945,#97,.F.);
#2620=EDGE_CURVE('',#2943,#2952,#98,.F.);
#2621=EDGE_CURVE('',#2944,#2951,#99,.F.);
#2622=EDGE_CURVE('',#2954,#2954,#100,.T.);
#2623=EDGE_CURVE('',#2955,#2955,#101,.T.);
#2624=EDGE_CURVE('',#2956,#2956,#2960,.T.);
#2625=EDGE_CURVE('',#2957,#2957,#2961,.T.);
#2626=VERTEX_POINT('',#6120);
#2627=VERTEX_POINT('',#6132);
#2628=VERTEX_POINT('',#6135);
#2629=VERTEX_POINT('',#6136);
#2630=VERTEX_POINT('',#6138);
#2631=VERTEX_POINT('',#6140);
#2632=VERTEX_POINT('',#6144);
#2633=VERTEX_POINT('',#6146);
#2634=VERTEX_POINT('',#6150);
#2635=VERTEX_POINT('',#6152);
#2636=VERTEX_POINT('',#6159);
#2637=VERTEX_POINT('',#6160);
#2638=VERTEX_POINT('',#6162);
#2639=VERTEX_POINT('',#6164);
#2640=VERTEX_POINT('',#6168);
#2641=VERTEX_POINT('',#6169);
#2642=VERTEX_POINT('',#6171);
#2643=VERTEX_POINT('',#6173);
#2644=VERTEX_POINT('',#6175);
#2645=VERTEX_POINT('',#6177);
#2646=VERTEX_POINT('',#6179);
#2647=VERTEX_POINT('',#6181);
#2648=VERTEX_POINT('',#6185);
#2649=VERTEX_POINT('',#6186);
#2650=VERTEX_POINT('',#6188);
#2651=VERTEX_POINT('',#6190);
#2652=VERTEX_POINT('',#6192);
#2653=VERTEX_POINT('',#6194);
#2654=VERTEX_POINT('',#6196);
#2655=VERTEX_POINT('',#6198);
#2656=VERTEX_POINT('',#6202);
#2657=VERTEX_POINT('',#6203);
#2658=VERTEX_POINT('',#6205);
#2659=VERTEX_POINT('',#6207);
#2660=VERTEX_POINT('',#6209);
#2661=VERTEX_POINT('',#6211);
#2662=VERTEX_POINT('',#6213);
#2663=VERTEX_POINT('',#6215);
#2664=VERTEX_POINT('',#6218);
#2665=VERTEX_POINT('',#6219);
#2666=VERTEX_POINT('',#6222);
#2667=VERTEX_POINT('',#6224);
#2668=VERTEX_POINT('',#6229);
#2669=VERTEX_POINT('',#6230);
#2670=VERTEX_POINT('',#6232);
#2671=VERTEX_POINT('',#6234);
#2672=VERTEX_POINT('',#6238);
#2673=VERTEX_POINT('',#6239);
#2674=VERTEX_POINT('',#6241);
#2675=VERTEX_POINT('',#6243);
#2676=VERTEX_POINT('',#6250);
#2677=VERTEX_POINT('',#6251);
#2678=VERTEX_POINT('',#6253);
#2679=VERTEX_POINT('',#6255);
#2680=VERTEX_POINT('',#6259);
#2681=VERTEX_POINT('',#6260);
#2682=VERTEX_POINT('',#6262);
#2683=VERTEX_POINT('',#6264);
#2684=VERTEX_POINT('',#6271);
#2685=VERTEX_POINT('',#6272);
#2686=VERTEX_POINT('',#6274);
#2687=VERTEX_POINT('',#6276);
#2688=VERTEX_POINT('',#6280);
#2689=VERTEX_POINT('',#6282);
#2690=VERTEX_POINT('',#6289);
#2691=VERTEX_POINT('',#6291);
#2692=VERTEX_POINT('',#6295);
#2693=VERTEX_POINT('',#6296);
#2694=VERTEX_POINT('',#6298);
#2695=VERTEX_POINT('',#6300);
#2696=VERTEX_POINT('',#6307);
#2697=VERTEX_POINT('',#6308);
#2698=VERTEX_POINT('',#6310);
#2699=VERTEX_POINT('',#6312);
#2700=VERTEX_POINT('',#6316);
#2701=VERTEX_POINT('',#6318);
#2702=VERTEX_POINT('',#6325);
#2703=VERTEX_POINT('',#6327);
#2704=VERTEX_POINT('',#6331);
#2705=VERTEX_POINT('',#6332);
#2706=VERTEX_POINT('',#6334);
#2707=VERTEX_POINT('',#6336);
#2708=VERTEX_POINT('',#6343);
#2709=VERTEX_POINT('',#6344);
#2710=VERTEX_POINT('',#6346);
#2711=VERTEX_POINT('',#6348);
#2712=VERTEX_POINT('',#6352);
#2713=VERTEX_POINT('',#6354);
#2714=VERTEX_POINT('',#6361);
#2715=VERTEX_POINT('',#6363);
#2716=VERTEX_POINT('',#6367);
#2717=VERTEX_POINT('',#6368);
#2718=VERTEX_POINT('',#6370);
#2719=VERTEX_POINT('',#6372);
#2720=VERTEX_POINT('',#6379);
#2721=VERTEX_POINT('',#6380);
#2722=VERTEX_POINT('',#6382);
#2723=VERTEX_POINT('',#6384);
#2724=VERTEX_POINT('',#6388);
#2725=VERTEX_POINT('',#6390);
#2726=VERTEX_POINT('',#6394);
#2727=VERTEX_POINT('',#6396);
#2728=VERTEX_POINT('',#6400);
#2729=VERTEX_POINT('',#6401);
#2730=VERTEX_POINT('',#6403);
#2731=VERTEX_POINT('',#6405);
#2732=VERTEX_POINT('',#6409);
#2733=VERTEX_POINT('',#6411);
#2734=VERTEX_POINT('',#6415);
#2735=VERTEX_POINT('',#6417);
#2736=VERTEX_POINT('',#6421);
#2737=VERTEX_POINT('',#6422);
#2738=VERTEX_POINT('',#6424);
#2739=VERTEX_POINT('',#6426);
#2740=VERTEX_POINT('',#6430);
#2741=VERTEX_POINT('',#6432);
#2742=VERTEX_POINT('',#6439);
#2743=VERTEX_POINT('',#6441);
#2744=VERTEX_POINT('',#6445);
#2745=VERTEX_POINT('',#6447);
#2746=VERTEX_POINT('',#6451);
#2747=VERTEX_POINT('',#6453);
#2748=VERTEX_POINT('',#6457);
#2749=VERTEX_POINT('',#6458);
#2750=VERTEX_POINT('',#6460);
#2751=VERTEX_POINT('',#6462);
#2752=VERTEX_POINT('',#6466);
#2753=VERTEX_POINT('',#6468);
#2754=VERTEX_POINT('',#6475);
#2755=VERTEX_POINT('',#6477);
#2756=VERTEX_POINT('',#6481);
#2757=VERTEX_POINT('',#6483);
#2758=VERTEX_POINT('',#6487);
#2759=VERTEX_POINT('',#6489);
#2760=VERTEX_POINT('',#6493);
#2761=VERTEX_POINT('',#6494);
#2762=VERTEX_POINT('',#6496);
#2763=VERTEX_POINT('',#6498);
#2764=VERTEX_POINT('',#6502);
#2765=VERTEX_POINT('',#6504);
#2766=VERTEX_POINT('',#6511);
#2767=VERTEX_POINT('',#6513);
#2768=VERTEX_POINT('',#6517);
#2769=VERTEX_POINT('',#6519);
#2770=VERTEX_POINT('',#6523);
#2771=VERTEX_POINT('',#6525);
#2772=VERTEX_POINT('',#6529);
#2773=VERTEX_POINT('',#6531);
#2774=VERTEX_POINT('',#6535);
#2775=VERTEX_POINT('',#6537);
#2776=VERTEX_POINT('',#6541);
#2777=VERTEX_POINT('',#6544);
#2778=VERTEX_POINT('',#6546);
#2779=VERTEX_POINT('',#6548);
#2780=VERTEX_POINT('',#6550);
#2781=VERTEX_POINT('',#6552);
#2782=VERTEX_POINT('',#6556);
#2783=VERTEX_POINT('',#6558);
#2784=VERTEX_POINT('',#6560);
#2785=VERTEX_POINT('',#6562);
#2786=VERTEX_POINT('',#6564);
#2787=VERTEX_POINT('',#6566);
#2788=VERTEX_POINT('',#6569);
#2789=VERTEX_POINT('',#6571);
#2790=VERTEX_POINT('',#6575);
#2791=VERTEX_POINT('',#6579);
#2792=VERTEX_POINT('',#6582);
#2793=VERTEX_POINT('',#6583);
#2794=VERTEX_POINT('',#6585);
#2795=VERTEX_POINT('',#6587);
#2796=VERTEX_POINT('',#6589);
#2797=VERTEX_POINT('',#6591);
#2798=VERTEX_POINT('',#6593);
#2799=VERTEX_POINT('',#6595);
#2800=VERTEX_POINT('',#6598);
#2801=VERTEX_POINT('',#6601);
#2802=VERTEX_POINT('',#6602);
#2803=VERTEX_POINT('',#6604);
#2804=VERTEX_POINT('',#6606);
#2805=VERTEX_POINT('',#6608);
#2806=VERTEX_POINT('',#6610);
#2807=VERTEX_POINT('',#6612);
#2808=VERTEX_POINT('',#6614);
#2809=VERTEX_POINT('',#6616);
#2810=VERTEX_POINT('',#6618);
#2811=VERTEX_POINT('',#6620);
#2812=VERTEX_POINT('',#6622);
#2813=VERTEX_POINT('',#6624);
#2814=VERTEX_POINT('',#6626);
#2815=VERTEX_POINT('',#6628);
#2816=VERTEX_POINT('',#6630);
#2817=VERTEX_POINT('',#6632);
#2818=VERTEX_POINT('',#6634);
#2819=VERTEX_POINT('',#6636);
#2820=VERTEX_POINT('',#6638);
#2821=VERTEX_POINT('',#6642);
#2822=VERTEX_POINT('',#6643);
#2823=VERTEX_POINT('',#6645);
#2824=VERTEX_POINT('',#6647);
#2825=VERTEX_POINT('',#6649);
#2826=VERTEX_POINT('',#6651);
#2827=VERTEX_POINT('',#6654);
#2828=VERTEX_POINT('',#6655);
#2829=VERTEX_POINT('',#6657);
#2830=VERTEX_POINT('',#6659);
#2831=VERTEX_POINT('',#6663);
#2832=VERTEX_POINT('',#6664);
#2833=VERTEX_POINT('',#6666);
#2834=VERTEX_POINT('',#6668);
#2835=VERTEX_POINT('',#6670);
#2836=VERTEX_POINT('',#6672);
#2837=VERTEX_POINT('',#6675);
#2838=VERTEX_POINT('',#6676);
#2839=VERTEX_POINT('',#6678);
#2840=VERTEX_POINT('',#6680);
#2841=VERTEX_POINT('',#6684);
#2842=VERTEX_POINT('',#6685);
#2843=VERTEX_POINT('',#6687);
#2844=VERTEX_POINT('',#6689);
#2845=VERTEX_POINT('',#6691);
#2846=VERTEX_POINT('',#6693);
#2847=VERTEX_POINT('',#6696);
#2848=VERTEX_POINT('',#6697);
#2849=VERTEX_POINT('',#6699);
#2850=VERTEX_POINT('',#6701);
#2851=VERTEX_POINT('',#6705);
#2852=VERTEX_POINT('',#6706);
#2853=VERTEX_POINT('',#6708);
#2854=VERTEX_POINT('',#6710);
#2855=VERTEX_POINT('',#6712);
#2856=VERTEX_POINT('',#6714);
#2857=VERTEX_POINT('',#6717);
#2858=VERTEX_POINT('',#6718);
#2859=VERTEX_POINT('',#6720);
#2860=VERTEX_POINT('',#6722);
#2861=VERTEX_POINT('',#6726);
#2862=VERTEX_POINT('',#6728);
#2863=VERTEX_POINT('',#6730);
#2864=VERTEX_POINT('',#6732);
#2865=VERTEX_POINT('',#6734);
#2866=VERTEX_POINT('',#6736);
#2867=VERTEX_POINT('',#6740);
#2868=VERTEX_POINT('',#6742);
#2869=VERTEX_POINT('',#6744);
#2870=VERTEX_POINT('',#6746);
#2871=VERTEX_POINT('',#6748);
#2872=VERTEX_POINT('',#6750);
#2873=VERTEX_POINT('',#6754);
#2874=VERTEX_POINT('',#6756);
#2875=VERTEX_POINT('',#6759);
#2876=VERTEX_POINT('',#6763);
#2877=VERTEX_POINT('',#6766);
#2878=VERTEX_POINT('',#6768);
#2879=VERTEX_POINT('',#6772);
#2880=VERTEX_POINT('',#6774);
#2881=VERTEX_POINT('',#6778);
#2882=VERTEX_POINT('',#6779);
#2883=VERTEX_POINT('',#6784);
#2884=VERTEX_POINT('',#6785);
#2885=VERTEX_POINT('',#6790);
#2886=VERTEX_POINT('',#6791);
#2887=VERTEX_POINT('',#6796);
#2888=VERTEX_POINT('',#6797);
#2889=VERTEX_POINT('',#6799);
#2890=VERTEX_POINT('',#6801);
#2891=VERTEX_POINT('',#6803);
#2892=VERTEX_POINT('',#6805);
#2893=VERTEX_POINT('',#6807);
#2894=VERTEX_POINT('',#6809);
#2895=VERTEX_POINT('',#6812);
#2896=VERTEX_POINT('',#6813);
#2897=VERTEX_POINT('',#6815);
#2898=VERTEX_POINT('',#6817);
#2899=VERTEX_POINT('',#6821);
#2900=VERTEX_POINT('',#6822);
#2901=VERTEX_POINT('',#6824);
#2902=VERTEX_POINT('',#6826);
#2903=VERTEX_POINT('',#6836);
#2904=VERTEX_POINT('',#6838);
#2905=VERTEX_POINT('',#6840);
#2906=VERTEX_POINT('',#6843);
#2907=VERTEX_POINT('',#6845);
#2908=VERTEX_POINT('',#6851);
#2909=VERTEX_POINT('',#6853);
#2910=VERTEX_POINT('',#6857);
#2911=VERTEX_POINT('',#6859);
#2912=VERTEX_POINT('',#6862);
#2913=VERTEX_POINT('',#6866);
#2914=VERTEX_POINT('',#6869);
#2915=VERTEX_POINT('',#6874);
#2916=VERTEX_POINT('',#6879);
#2917=VERTEX_POINT('',#6888);
#2918=VERTEX_POINT('',#6892);
#2919=VERTEX_POINT('',#6900);
#2920=VERTEX_POINT('',#6902);
#2921=VERTEX_POINT('',#6905);
#2922=VERTEX_POINT('',#6918);
#2923=VERTEX_POINT('',#6919);
#2924=VERTEX_POINT('',#6921);
#2925=VERTEX_POINT('',#6923);
#2926=VERTEX_POINT('',#6933);
#2927=VERTEX_POINT('',#6934);
#2928=VERTEX_POINT('',#6936);
#2929=VERTEX_POINT('',#6938);
#2930=VERTEX_POINT('',#6942);
#2931=VERTEX_POINT('',#6944);
#2932=VERTEX_POINT('',#6948);
#2933=VERTEX_POINT('',#6952);
#2934=VERTEX_POINT('',#6991);
#2935=VERTEX_POINT('',#6993);
#2936=VERTEX_POINT('',#7001);
#2937=VERTEX_POINT('',#7003);
#2938=VERTEX_POINT('',#7011);
#2939=VERTEX_POINT('',#7013);
#2940=VERTEX_POINT('',#7021);
#2941=VERTEX_POINT('',#7023);
#2942=VERTEX_POINT('',#7053);
#2943=VERTEX_POINT('',#7054);
#2944=VERTEX_POINT('',#7056);
#2945=VERTEX_POINT('',#7058);
#2946=VERTEX_POINT('',#7062);
#2947=VERTEX_POINT('',#7064);
#2948=VERTEX_POINT('',#7068);
#2949=VERTEX_POINT('',#7069);
#2950=VERTEX_POINT('',#7074);
#2951=VERTEX_POINT('',#7075);
#2952=VERTEX_POINT('',#7077);
#2953=VERTEX_POINT('',#7079);
#2954=VERTEX_POINT('',#7137);
#2955=VERTEX_POINT('',#7141);
#2956=VERTEX_POINT('',#7156);
#2957=VERTEX_POINT('',#7169);
#2958=B_SPLINE_CURVE_WITH_KNOTS('',3,(#6109,#6110,#6111,#6112,#6113,#6114,
#6115,#6116,#6117,#6118,#6119),.UNSPECIFIED.,.T.,.F.,(1,1,1,1,1,1,1,1,1,
1,1,1,1,1,1),(-0.00247558073260428,-0.00165038715506952,-0.000825193577534758,
0.,0.000825193577534758,0.00165038715506952,0.00247558073260428,0.00330077431013903,
0.00412596788767379,0.00495116146520855,0.00577635504274331,0.00660154862027807,
0.00742674219781283,0.00825193577534758,0.00907712935288234),
 .UNSPECIFIED.);
#2959=B_SPLINE_CURVE_WITH_KNOTS('',3,(#6121,#6122,#6123,#6124,#6125,#6126,
#6127,#6128,#6129,#6130,#6131),.UNSPECIFIED.,.T.,.F.,(1,1,1,1,1,1,1,1,1,
1,1,1,1,1,1),(-0.00247516305695455,-0.00165010870463637,-0.000825054352318185,
0.,0.000825054352318184,0.00165010870463637,0.00247516305695455,0.00330021740927274,
0.00412527176159092,0.00495032611390911,0.00577538046622729,0.00660043481854547,
0.00742548917086366,0.00825054352318184,0.00907559787550003),
 .UNSPECIFIED.);
#2960=B_SPLINE_CURVE_WITH_KNOTS('',3,(#7145,#7146,#7147,#7148,#7149,#7150,
#7151,#7152,#7153,#7154,#7155),.UNSPECIFIED.,.T.,.F.,(1,1,1,1,1,1,1,1,1,
1,1,1,1,1,1),(-0.00197972610095837,-0.00131981740063891,-0.000659908700319457,
0.,0.000659908700319457,0.00131981740063891,0.00197972610095837,0.00263963480127783,
0.00329954350159729,0.00395945220191674,0.0046193609022362,0.00527926960255566,
0.00593917830287511,0.00659908700319457,0.00725899570351403),
 .UNSPECIFIED.);
#2961=B_SPLINE_CURVE_WITH_KNOTS('',3,(#7158,#7159,#7160,#7161,#7162,#7163,
#7164,#7165,#7166,#7167,#7168),.UNSPECIFIED.,.T.,.F.,(1,1,1,1,1,1,1,1,1,
1,1,1,1,1,1),(-0.00198005824020431,-0.00132003882680288,-0.000660019413401438,
0.,0.000660019413401437,0.00132003882680287,0.00198005824020431,0.00264007765360575,
0.00330009706700719,0.00396011648040862,0.00462013589381006,0.0052801553072115,
0.00594017472061294,0.00660019413401437,0.00726021354741581),
 .UNSPECIFIED.);
#2962=EDGE_LOOP('',(#1114));
#2963=EDGE_LOOP('',(#1115));
#2964=EDGE_LOOP('',(#1116,#1117,#1118,#1119));
#2965=EDGE_LOOP('',(#1120,#1121,#1122,#1123));
#2966=EDGE_LOOP('',(#1124,#1125,#1126,#1127));
#2967=EDGE_LOOP('',(#1128,#1129,#1130,#1131));
#2968=EDGE_LOOP('',(#1132,#1133,#1134,#1135));
#2969=EDGE_LOOP('',(#1136,#1137,#1138,#1139));
#2970=EDGE_LOOP('',(#1140));
#2971=EDGE_LOOP('',(#1141,#1142,#1143,#1144,#1145,#1146,#1147,#1148));
#2972=EDGE_LOOP('',(#1149,#1150,#1151,#1152,#1153,#1154,#1155,#1156));
#2973=EDGE_LOOP('',(#1157,#1158,#1159,#1160,#1161,#1162,#1163,#1164));
#2974=EDGE_LOOP('',(#1165,#1166,#1167,#1168,#1169,#1170,#1171,#1172));
#2975=EDGE_LOOP('',(#1173,#1174,#1175,#1176));
#2976=EDGE_LOOP('',(#1177,#1178,#1179,#1180));
#2977=EDGE_LOOP('',(#1181,#1182,#1183,#1184));
#2978=EDGE_LOOP('',(#1185,#1186,#1187,#1188));
#2979=EDGE_LOOP('',(#1189,#1190,#1191,#1192));
#2980=EDGE_LOOP('',(#1193,#1194,#1195,#1196));
#2981=EDGE_LOOP('',(#1197,#1198,#1199,#1200));
#2982=EDGE_LOOP('',(#1201,#1202,#1203,#1204));
#2983=EDGE_LOOP('',(#1205,#1206,#1207,#1208));
#2984=EDGE_LOOP('',(#1209,#1210,#1211,#1212));
#2985=EDGE_LOOP('',(#1213,#1214,#1215,#1216));
#2986=EDGE_LOOP('',(#1217,#1218,#1219,#1220));
#2987=EDGE_LOOP('',(#1221,#1222,#1223,#1224));
#2988=EDGE_LOOP('',(#1225,#1226,#1227,#1228));
#2989=EDGE_LOOP('',(#1229,#1230,#1231,#1232));
#2990=EDGE_LOOP('',(#1233,#1234,#1235,#1236));
#2991=EDGE_LOOP('',(#1237,#1238,#1239,#1240));
#2992=EDGE_LOOP('',(#1241,#1242,#1243,#1244));
#2993=EDGE_LOOP('',(#1245,#1246,#1247,#1248));
#2994=EDGE_LOOP('',(#1249,#1250,#1251,#1252));
#2995=EDGE_LOOP('',(#1253,#1254,#1255,#1256));
#2996=EDGE_LOOP('',(#1257,#1258,#1259,#1260));
#2997=EDGE_LOOP('',(#1261,#1262,#1263,#1264));
#2998=EDGE_LOOP('',(#1265,#1266,#1267,#1268));
#2999=EDGE_LOOP('',(#1269,#1270,#1271,#1272));
#3000=EDGE_LOOP('',(#1273,#1274,#1275,#1276));
#3001=EDGE_LOOP('',(#1277,#1278,#1279,#1280));
#3002=EDGE_LOOP('',(#1281,#1282,#1283,#1284));
#3003=EDGE_LOOP('',(#1285,#1286,#1287,#1288));
#3004=EDGE_LOOP('',(#1289,#1290,#1291,#1292));
#3005=EDGE_LOOP('',(#1293,#1294,#1295,#1296));
#3006=EDGE_LOOP('',(#1297,#1298,#1299,#1300));
#3007=EDGE_LOOP('',(#1301,#1302,#1303,#1304));
#3008=EDGE_LOOP('',(#1305,#1306,#1307,#1308));
#3009=EDGE_LOOP('',(#1309,#1310,#1311,#1312));
#3010=EDGE_LOOP('',(#1313,#1314,#1315,#1316));
#3011=EDGE_LOOP('',(#1317,#1318,#1319,#1320));
#3012=EDGE_LOOP('',(#1321,#1322,#1323,#1324));
#3013=EDGE_LOOP('',(#1325,#1326,#1327,#1328));
#3014=EDGE_LOOP('',(#1329,#1330,#1331,#1332));
#3015=EDGE_LOOP('',(#1333,#1334,#1335,#1336));
#3016=EDGE_LOOP('',(#1337,#1338,#1339,#1340));
#3017=EDGE_LOOP('',(#1341,#1342,#1343,#1344));
#3018=EDGE_LOOP('',(#1345,#1346,#1347,#1348));
#3019=EDGE_LOOP('',(#1349,#1350,#1351,#1352));
#3020=EDGE_LOOP('',(#1353,#1354,#1355,#1356));
#3021=EDGE_LOOP('',(#1357,#1358,#1359,#1360));
#3022=EDGE_LOOP('',(#1361,#1362,#1363,#1364));
#3023=EDGE_LOOP('',(#1365,#1366,#1367,#1368));
#3024=EDGE_LOOP('',(#1369,#1370,#1371,#1372));
#3025=EDGE_LOOP('',(#1373,#1374,#1375,#1376,#1377,#1378,#1379,#1380,#1381,
#1382,#1383,#1384,#1385,#1386,#1387,#1388,#1389,#1390,#1391,#1392,#1393,
#1394,#1395,#1396,#1397,#1398,#1399,#1400,#1401,#1402,#1403,#1404,#1405,
#1406));
#3026=EDGE_LOOP('',(#1407,#1408,#1409,#1410,#1411,#1412,#1413,#1414,#1415,
#1416,#1417,#1418,#1419,#1420,#1421,#1422,#1423,#1424,#1425,#1426,#1427,
#1428,#1429,#1430,#1431,#1432,#1433,#1434,#1435,#1436,#1437,#1438,#1439,
#1440));
#3027=EDGE_LOOP('',(#1441,#1442,#1443,#1444));
#3028=EDGE_LOOP('',(#1445,#1446,#1447,#1448));
#3029=EDGE_LOOP('',(#1449,#1450,#1451,#1452,#1453,#1454,#1455,#1456));
#3030=EDGE_LOOP('',(#1457,#1458,#1459,#1460));
#3031=EDGE_LOOP('',(#1461,#1462,#1463,#1464,#1465,#1466,#1467,#1468,#1469,
#1470,#1471,#1472,#1473,#1474,#1475,#1476,#1477,#1478,#1479,#1480));
#3032=EDGE_LOOP('',(#1481,#1482,#1483,#1484,#1485,#1486));
#3033=EDGE_LOOP('',(#1487,#1488,#1489,#1490));
#3034=EDGE_LOOP('',(#1491,#1492,#1493,#1494,#1495,#1496));
#3035=EDGE_LOOP('',(#1497,#1498,#1499,#1500));
#3036=EDGE_LOOP('',(#1501,#1502,#1503,#1504,#1505,#1506));
#3037=EDGE_LOOP('',(#1507,#1508,#1509,#1510));
#3038=EDGE_LOOP('',(#1511,#1512,#1513,#1514,#1515,#1516));
#3039=EDGE_LOOP('',(#1517,#1518,#1519,#1520));
#3040=EDGE_LOOP('',(#1521,#1522,#1523,#1524,#1525,#1526,#1527,#1528));
#3041=EDGE_LOOP('',(#1529,#1530,#1531,#1532,#1533,#1534,#1535,#1536));
#3042=EDGE_LOOP('',(#1537,#1538,#1539,#1540,#1541,#1542,#1543,#1544));
#3043=EDGE_LOOP('',(#1545,#1546,#1547,#1548,#1549,#1550,#1551,#1552));
#3044=EDGE_LOOP('',(#1553,#1554,#1555,#1556));
#3045=EDGE_LOOP('',(#1557,#1558,#1559,#1560));
#3046=EDGE_LOOP('',(#1561,#1562,#1563,#1564));
#3047=EDGE_LOOP('',(#1565,#1566,#1567,#1568));
#3048=EDGE_LOOP('',(#1569,#1570,#1571,#1572,#1573,#1574,#1575,#1576));
#3049=EDGE_LOOP('',(#1577,#1578,#1579,#1580));
#3050=EDGE_LOOP('',(#1581,#1582,#1583,#1584));
#3051=EDGE_LOOP('',(#1585,#1586,#1587,#1588));
#3052=EDGE_LOOP('',(#1589,#1590,#1591,#1592));
#3053=EDGE_LOOP('',(#1593,#1594,#1595,#1596));
#3054=EDGE_LOOP('',(#1597));
#3055=EDGE_LOOP('',(#1598,#1599,#1600,#1601,#1602,#1603,#1604,#1605,#1606,
#1607,#1608,#1609,#1610,#1611,#1612,#1613));
#3056=EDGE_LOOP('',(#1614));
#3057=EDGE_LOOP('',(#1615,#1616,#1617,#1618,#1619,#1620,#1621,#1622,#1623,
#1624,#1625,#1626,#1627,#1628,#1629,#1630));
#3058=EDGE_LOOP('',(#1631,#1632,#1633,#1634,#1635,#1636));
#3059=EDGE_LOOP('',(#1637,#1638,#1639,#1640,#1641,#1642));
#3060=EDGE_LOOP('',(#1643,#1644,#1645,#1646,#1647,#1648));
#3061=EDGE_LOOP('',(#1649,#1650,#1651,#1652,#1653,#1654));
#3062=EDGE_LOOP('',(#1655,#1656,#1657,#1658));
#3063=EDGE_LOOP('',(#1659,#1660,#1661,#1662));
#3064=EDGE_LOOP('',(#1663,#1664,#1665,#1666,#1667,#1668,#1669,#1670,#1671,
#1672,#1673,#1674,#1675,#1676,#1677,#1678,#1679,#1680,#1681,#1682,#1683,
#1684,#1685,#1686,#1687,#1688,#1689,#1690,#1691,#1692,#1693,#1694,#1695,
#1696));
#3065=EDGE_LOOP('',(#1697,#1698,#1699,#1700));
#3066=EDGE_LOOP('',(#1701,#1702,#1703,#1704));
#3067=EDGE_LOOP('',(#1705,#1706,#1707,#1708));
#3068=EDGE_LOOP('',(#1709,#1710,#1711,#1712,#1713,#1714,#1715,#1716,#1717,
#1718,#1719,#1720,#1721,#1722,#1723,#1724,#1725,#1726,#1727,#1728,#1729,
#1730,#1731,#1732,#1733,#1734,#1735,#1736,#1737,#1738,#1739,#1740,#1741,
#1742));
#3069=EDGE_LOOP('',(#1743,#1744,#1745,#1746));
#3070=EDGE_LOOP('',(#1747,#1748,#1749,#1750));
#3071=EDGE_LOOP('',(#1751,#1752,#1753,#1754));
#3072=EDGE_LOOP('',(#1755,#1756,#1757,#1758));
#3073=EDGE_LOOP('',(#1759,#1760,#1761,#1762));
#3074=EDGE_LOOP('',(#1763,#1764,#1765,#1766));
#3075=EDGE_LOOP('',(#1767,#1768,#1769,#1770));
#3076=EDGE_LOOP('',(#1771,#1772,#1773,#1774));
#3077=EDGE_LOOP('',(#1775,#1776,#1777,#1778));
#3078=EDGE_LOOP('',(#1779,#1780,#1781,#1782));
#3079=EDGE_LOOP('',(#1783,#1784,#1785,#1786));
#3080=EDGE_LOOP('',(#1787,#1788,#1789,#1790));
#3081=EDGE_LOOP('',(#1791,#1792,#1793,#1794));
#3082=EDGE_LOOP('',(#1795,#1796,#1797,#1798));
#3083=EDGE_LOOP('',(#1799,#1800,#1801,#1802));
#3084=EDGE_LOOP('',(#1803,#1804,#1805,#1806,#1807,#1808));
#3085=EDGE_LOOP('',(#1809,#1810,#1811,#1812,#1813,#1814));
#3086=EDGE_LOOP('',(#1815,#1816,#1817,#1818,#1819,#1820));
#3087=EDGE_LOOP('',(#1821,#1822,#1823,#1824,#1825,#1826));
#3088=EDGE_LOOP('',(#1827,#1828,#1829,#1830));
#3089=EDGE_LOOP('',(#1831,#1832,#1833,#1834));
#3090=EDGE_LOOP('',(#1835,#1836,#1837,#1838));
#3091=EDGE_LOOP('',(#1839,#1840,#1841,#1842));
#3092=EDGE_LOOP('',(#1843,#1844,#1845,#1846));
#3093=EDGE_LOOP('',(#1847,#1848,#1849,#1850));
#3094=EDGE_LOOP('',(#1851,#1852,#1853,#1854));
#3095=EDGE_LOOP('',(#1855,#1856,#1857,#1858));
#3096=EDGE_LOOP('',(#1859,#1860,#1861,#1862));
#3097=EDGE_LOOP('',(#1863,#1864,#1865,#1866));
#3098=EDGE_LOOP('',(#1867,#1868,#1869,#1870));
#3099=EDGE_LOOP('',(#1871,#1872,#1873,#1874));
#3100=EDGE_LOOP('',(#1875,#1876,#1877,#1878));
#3101=EDGE_LOOP('',(#1879,#1880,#1881,#1882));
#3102=EDGE_LOOP('',(#1883,#1884,#1885,#1886));
#3103=EDGE_LOOP('',(#1887,#1888,#1889,#1890));
#3104=EDGE_LOOP('',(#1891,#1892,#1893,#1894));
#3105=EDGE_LOOP('',(#1895,#1896,#1897,#1898));
#3106=EDGE_LOOP('',(#1899,#1900,#1901,#1902));
#3107=EDGE_LOOP('',(#1903,#1904,#1905,#1906));
#3108=EDGE_LOOP('',(#1907,#1908,#1909,#1910));
#3109=EDGE_LOOP('',(#1911,#1912,#1913,#1914));
#3110=EDGE_LOOP('',(#1915,#1916,#1917,#1918));
#3111=EDGE_LOOP('',(#1919,#1920,#1921,#1922));
#3112=EDGE_LOOP('',(#1923,#1924,#1925,#1926));
#3113=EDGE_LOOP('',(#1927,#1928,#1929,#1930));
#3114=EDGE_LOOP('',(#1931,#1932,#1933,#1934));
#3115=EDGE_LOOP('',(#1935,#1936,#1937,#1938));
#3116=EDGE_LOOP('',(#1939,#1940,#1941,#1942));
#3117=EDGE_LOOP('',(#1943,#1944,#1945,#1946));
#3118=EDGE_LOOP('',(#1947,#1948,#1949,#1950));
#3119=EDGE_LOOP('',(#1951,#1952,#1953,#1954));
#3120=EDGE_LOOP('',(#1955,#1956,#1957,#1958));
#3121=EDGE_LOOP('',(#1959,#1960,#1961,#1962));
#3122=EDGE_LOOP('',(#1963,#1964,#1965,#1966));
#3123=EDGE_LOOP('',(#1967,#1968,#1969,#1970));
#3124=EDGE_LOOP('',(#1971,#1972,#1973,#1974));
#3125=EDGE_LOOP('',(#1975,#1976,#1977,#1978));
#3126=EDGE_LOOP('',(#1979,#1980,#1981,#1982));
#3127=EDGE_LOOP('',(#1983,#1984,#1985,#1986));
#3128=EDGE_LOOP('',(#1987,#1988,#1989,#1990));
#3129=EDGE_LOOP('',(#1991,#1992,#1993,#1994));
#3130=EDGE_LOOP('',(#1995,#1996,#1997,#1998));
#3131=EDGE_LOOP('',(#1999,#2000,#2001,#2002));
#3132=EDGE_LOOP('',(#2003,#2004,#2005,#2006));
#3133=EDGE_LOOP('',(#2007,#2008,#2009,#2010));
#3134=EDGE_LOOP('',(#2011,#2012,#2013,#2014));
#3135=EDGE_LOOP('',(#2015,#2016,#2017,#2018));
#3136=EDGE_LOOP('',(#2019,#2020,#2021));
#3137=EDGE_LOOP('',(#2022,#2023,#2024,#2025));
#3138=EDGE_LOOP('',(#2026,#2027,#2028));
#3139=EDGE_LOOP('',(#2029,#2030,#2031,#2032));
#3140=EDGE_LOOP('',(#2033,#2034,#2035));
#3141=EDGE_LOOP('',(#2036,#2037,#2038,#2039));
#3142=EDGE_LOOP('',(#2040,#2041,#2042));
#3143=EDGE_LOOP('',(#2043,#2044,#2045,#2046));
#3144=EDGE_LOOP('',(#2047,#2048,#2049,#2050));
#3145=EDGE_LOOP('',(#2051,#2052,#2053,#2054));
#3146=EDGE_LOOP('',(#2055,#2056,#2057,#2058));
#3147=EDGE_LOOP('',(#2059,#2060,#2061,#2062));
#3148=EDGE_LOOP('',(#2063,#2064,#2065,#2066));
#3149=EDGE_LOOP('',(#2067,#2068,#2069,#2070));
#3150=EDGE_LOOP('',(#2071,#2072,#2073,#2074));
#3151=EDGE_LOOP('',(#2075,#2076,#2077,#2078));
#3152=EDGE_LOOP('',(#2079,#2080,#2081,#2082));
#3153=EDGE_LOOP('',(#2083,#2084,#2085,#2086));
#3154=EDGE_LOOP('',(#2087,#2088,#2089,#2090,#2091));
#3155=EDGE_LOOP('',(#2092,#2093,#2094,#2095,#2096));
#3156=EDGE_LOOP('',(#2097,#2098,#2099,#2100,#2101));
#3157=EDGE_LOOP('',(#2102,#2103,#2104,#2105,#2106));
#3158=EDGE_LOOP('',(#2107));
#3159=EDGE_LOOP('',(#2108));
#3160=EDGE_LOOP('',(#2109));
#3161=EDGE_LOOP('',(#2110));
#3162=EDGE_LOOP('',(#2111));
#3163=EDGE_LOOP('',(#2112));
#3164=EDGE_LOOP('',(#2113,#2114,#2115,#2116));
#3165=EDGE_LOOP('',(#2117));
#3166=EDGE_LOOP('',(#2118));
#3167=EDGE_LOOP('',(#2119));
#3168=EDGE_LOOP('',(#2120));
#3169=EDGE_LOOP('',(#2121));
#3170=FACE_BOUND('',#2962,.T.);
#3171=FACE_BOUND('',#2963,.T.);
#3172=FACE_BOUND('',#2964,.T.);
#3173=FACE_BOUND('',#2965,.T.);
#3174=FACE_BOUND('',#2966,.T.);
#3175=FACE_BOUND('',#2967,.T.);
#3176=FACE_BOUND('',#2968,.T.);
#3177=FACE_BOUND('',#2969,.T.);
#3178=FACE_BOUND('',#2970,.T.);
#3179=FACE_BOUND('',#2971,.T.);
#3180=FACE_BOUND('',#2972,.T.);
#3181=FACE_BOUND('',#2973,.T.);
#3182=FACE_BOUND('',#2974,.T.);
#3183=FACE_BOUND('',#2975,.T.);
#3184=FACE_BOUND('',#2976,.T.);
#3185=FACE_BOUND('',#2977,.T.);
#3186=FACE_BOUND('',#2978,.T.);
#3187=FACE_BOUND('',#2979,.T.);
#3188=FACE_BOUND('',#2980,.T.);
#3189=FACE_BOUND('',#2981,.T.);
#3190=FACE_BOUND('',#2982,.T.);
#3191=FACE_BOUND('',#2983,.T.);
#3192=FACE_BOUND('',#2984,.T.);
#3193=FACE_BOUND('',#2985,.T.);
#3194=FACE_BOUND('',#2986,.T.);
#3195=FACE_BOUND('',#2987,.T.);
#3196=FACE_BOUND('',#2988,.T.);
#3197=FACE_BOUND('',#2989,.T.);
#3198=FACE_BOUND('',#2990,.T.);
#3199=FACE_BOUND('',#2991,.T.);
#3200=FACE_BOUND('',#2992,.T.);
#3201=FACE_BOUND('',#2993,.T.);
#3202=FACE_BOUND('',#2994,.T.);
#3203=FACE_BOUND('',#2995,.T.);
#3204=FACE_BOUND('',#2996,.T.);
#3205=FACE_BOUND('',#2997,.T.);
#3206=FACE_BOUND('',#2998,.T.);
#3207=FACE_BOUND('',#2999,.T.);
#3208=FACE_BOUND('',#3000,.T.);
#3209=FACE_BOUND('',#3001,.T.);
#3210=FACE_BOUND('',#3002,.T.);
#3211=FACE_BOUND('',#3003,.T.);
#3212=FACE_BOUND('',#3004,.T.);
#3213=FACE_BOUND('',#3005,.T.);
#3214=FACE_BOUND('',#3006,.T.);
#3215=FACE_BOUND('',#3007,.T.);
#3216=FACE_BOUND('',#3008,.T.);
#3217=FACE_BOUND('',#3009,.T.);
#3218=FACE_BOUND('',#3010,.T.);
#3219=FACE_BOUND('',#3011,.T.);
#3220=FACE_BOUND('',#3012,.T.);
#3221=FACE_BOUND('',#3013,.T.);
#3222=FACE_BOUND('',#3014,.T.);
#3223=FACE_BOUND('',#3015,.T.);
#3224=FACE_BOUND('',#3016,.T.);
#3225=FACE_BOUND('',#3017,.T.);
#3226=FACE_BOUND('',#3018,.T.);
#3227=FACE_BOUND('',#3019,.T.);
#3228=FACE_BOUND('',#3020,.T.);
#3229=FACE_BOUND('',#3021,.T.);
#3230=FACE_BOUND('',#3022,.T.);
#3231=FACE_BOUND('',#3023,.T.);
#3232=FACE_BOUND('',#3024,.T.);
#3233=FACE_BOUND('',#3025,.T.);
#3234=FACE_BOUND('',#3026,.T.);
#3235=FACE_BOUND('',#3027,.T.);
#3236=FACE_BOUND('',#3028,.T.);
#3237=FACE_BOUND('',#3029,.T.);
#3238=FACE_BOUND('',#3030,.T.);
#3239=FACE_BOUND('',#3031,.T.);
#3240=FACE_BOUND('',#3032,.T.);
#3241=FACE_BOUND('',#3033,.T.);
#3242=FACE_BOUND('',#3034,.T.);
#3243=FACE_BOUND('',#3035,.T.);
#3244=FACE_BOUND('',#3036,.T.);
#3245=FACE_BOUND('',#3037,.T.);
#3246=FACE_BOUND('',#3038,.T.);
#3247=FACE_BOUND('',#3039,.T.);
#3248=FACE_BOUND('',#3040,.T.);
#3249=FACE_BOUND('',#3041,.T.);
#3250=FACE_BOUND('',#3042,.T.);
#3251=FACE_BOUND('',#3043,.T.);
#3252=FACE_BOUND('',#3044,.T.);
#3253=FACE_BOUND('',#3045,.T.);
#3254=FACE_BOUND('',#3046,.T.);
#3255=FACE_BOUND('',#3047,.T.);
#3256=FACE_BOUND('',#3048,.T.);
#3257=FACE_BOUND('',#3049,.T.);
#3258=FACE_BOUND('',#3050,.T.);
#3259=FACE_BOUND('',#3051,.T.);
#3260=FACE_BOUND('',#3052,.T.);
#3261=FACE_BOUND('',#3053,.T.);
#3262=FACE_BOUND('',#3054,.T.);
#3263=FACE_BOUND('',#3055,.T.);
#3264=FACE_BOUND('',#3056,.T.);
#3265=FACE_BOUND('',#3057,.T.);
#3266=FACE_BOUND('',#3058,.T.);
#3267=FACE_BOUND('',#3059,.T.);
#3268=FACE_BOUND('',#3060,.T.);
#3269=FACE_BOUND('',#3061,.T.);
#3270=FACE_BOUND('',#3062,.T.);
#3271=FACE_BOUND('',#3063,.T.);
#3272=FACE_BOUND('',#3064,.T.);
#3273=FACE_BOUND('',#3065,.T.);
#3274=FACE_BOUND('',#3066,.T.);
#3275=FACE_BOUND('',#3067,.T.);
#3276=FACE_BOUND('',#3068,.T.);
#3277=FACE_BOUND('',#3069,.T.);
#3278=FACE_BOUND('',#3070,.T.);
#3279=FACE_BOUND('',#3071,.T.);
#3280=FACE_BOUND('',#3072,.T.);
#3281=FACE_BOUND('',#3073,.T.);
#3282=FACE_BOUND('',#3074,.T.);
#3283=FACE_BOUND('',#3075,.T.);
#3284=FACE_BOUND('',#3076,.T.);
#3285=FACE_BOUND('',#3077,.T.);
#3286=FACE_BOUND('',#3078,.T.);
#3287=FACE_BOUND('',#3079,.T.);
#3288=FACE_BOUND('',#3080,.T.);
#3289=FACE_BOUND('',#3081,.T.);
#3290=FACE_BOUND('',#3082,.T.);
#3291=FACE_BOUND('',#3083,.T.);
#3292=FACE_BOUND('',#3084,.T.);
#3293=FACE_BOUND('',#3085,.T.);
#3294=FACE_BOUND('',#3086,.T.);
#3295=FACE_BOUND('',#3087,.T.);
#3296=FACE_BOUND('',#3088,.T.);
#3297=FACE_BOUND('',#3089,.T.);
#3298=FACE_BOUND('',#3090,.T.);
#3299=FACE_BOUND('',#3091,.T.);
#3300=FACE_BOUND('',#3092,.T.);
#3301=FACE_BOUND('',#3093,.T.);
#3302=FACE_BOUND('',#3094,.T.);
#3303=FACE_BOUND('',#3095,.T.);
#3304=FACE_BOUND('',#3096,.T.);
#3305=FACE_BOUND('',#3097,.T.);
#3306=FACE_BOUND('',#3098,.T.);
#3307=FACE_BOUND('',#3099,.T.);
#3308=FACE_BOUND('',#3100,.T.);
#3309=FACE_BOUND('',#3101,.T.);
#3310=FACE_BOUND('',#3102,.T.);
#3311=FACE_BOUND('',#3103,.T.);
#3312=FACE_BOUND('',#3104,.T.);
#3313=FACE_BOUND('',#3105,.T.);
#3314=FACE_BOUND('',#3106,.T.);
#3315=FACE_BOUND('',#3107,.T.);
#3316=FACE_BOUND('',#3108,.T.);
#3317=FACE_BOUND('',#3109,.T.);
#3318=FACE_BOUND('',#3110,.T.);
#3319=FACE_BOUND('',#3111,.T.);
#3320=FACE_BOUND('',#3112,.T.);
#3321=FACE_BOUND('',#3113,.T.);
#3322=FACE_BOUND('',#3114,.T.);
#3323=FACE_BOUND('',#3115,.T.);
#3324=FACE_BOUND('',#3116,.T.);
#3325=FACE_BOUND('',#3117,.T.);
#3326=FACE_BOUND('',#3118,.T.);
#3327=FACE_BOUND('',#3119,.T.);
#3328=FACE_BOUND('',#3120,.T.);
#3329=FACE_BOUND('',#3121,.T.);
#3330=FACE_BOUND('',#3122,.T.);
#3331=FACE_BOUND('',#3123,.T.);
#3332=FACE_BOUND('',#3124,.T.);
#3333=FACE_BOUND('',#3125,.T.);
#3334=FACE_BOUND('',#3126,.T.);
#3335=FACE_BOUND('',#3127,.T.);
#3336=FACE_BOUND('',#3128,.T.);
#3337=FACE_BOUND('',#3129,.T.);
#3338=FACE_BOUND('',#3130,.T.);
#3339=FACE_BOUND('',#3131,.T.);
#3340=FACE_BOUND('',#3132,.T.);
#3341=FACE_BOUND('',#3133,.T.);
#3342=FACE_BOUND('',#3134,.T.);
#3343=FACE_BOUND('',#3135,.T.);
#3344=FACE_BOUND('',#3136,.T.);
#3345=FACE_BOUND('',#3137,.T.);
#3346=FACE_BOUND('',#3138,.T.);
#3347=FACE_BOUND('',#3139,.T.);
#3348=FACE_BOUND('',#3140,.T.);
#3349=FACE_BOUND('',#3141,.T.);
#3350=FACE_BOUND('',#3142,.T.);
#3351=FACE_BOUND('',#3143,.T.);
#3352=FACE_BOUND('',#3144,.T.);
#3353=FACE_BOUND('',#3145,.T.);
#3354=FACE_BOUND('',#3146,.T.);
#3355=FACE_BOUND('',#3147,.T.);
#3356=FACE_BOUND('',#3148,.T.);
#3357=FACE_BOUND('',#3149,.T.);
#3358=FACE_BOUND('',#3150,.T.);
#3359=FACE_BOUND('',#3151,.T.);
#3360=FACE_BOUND('',#3152,.T.);
#3361=FACE_BOUND('',#3153,.T.);
#3362=FACE_BOUND('',#3154,.T.);
#3363=FACE_BOUND('',#3155,.T.);
#3364=FACE_BOUND('',#3156,.T.);
#3365=FACE_BOUND('',#3157,.T.);
#3366=FACE_BOUND('',#3158,.T.);
#3367=FACE_BOUND('',#3159,.T.);
#3368=FACE_BOUND('',#3160,.T.);
#3369=FACE_BOUND('',#3161,.T.);
#3370=FACE_BOUND('',#3162,.T.);
#3371=FACE_BOUND('',#3163,.T.);
#3372=FACE_BOUND('',#3164,.T.);
#3373=FACE_BOUND('',#3165,.T.);
#3374=FACE_BOUND('',#3166,.T.);
#3375=FACE_BOUND('',#3167,.T.);
#3376=FACE_BOUND('',#3168,.T.);
#3377=FACE_BOUND('',#3169,.T.);
#3378=CYLINDRICAL_SURFACE('',#4908,1.);
#3379=CYLINDRICAL_SURFACE('',#4917,14.7041150036791);
#3380=CYLINDRICAL_SURFACE('',#5096,9.12568087815424);
#3381=CYLINDRICAL_SURFACE('',#5102,0.198351562500004);
#3382=CYLINDRICAL_SURFACE('',#5108,0.198351562500004);
#3383=CYLINDRICAL_SURFACE('',#5113,0.198351562500004);
#3384=CYLINDRICAL_SURFACE('',#5119,0.198351562500004);
#3385=CYLINDRICAL_SURFACE('',#5123,0.198351562500004);
#3386=CYLINDRICAL_SURFACE('',#5126,0.198351562500004);
#3387=CYLINDRICAL_SURFACE('',#5130,0.198351562500004);
#3388=CYLINDRICAL_SURFACE('',#5134,0.198351562500004);
#3389=CYLINDRICAL_SURFACE('',#5137,0.218186718750004);
#3390=CYLINDRICAL_SURFACE('',#5142,0.218186718750004);
#3391=CYLINDRICAL_SURFACE('',#5145,0.218186718750004);
#3392=CYLINDRICAL_SURFACE('',#5146,0.218186718750004);
#3393=CYLINDRICAL_SURFACE('',#5147,0.218186718750004);
#3394=CYLINDRICAL_SURFACE('',#5148,0.218186718750004);
#3395=CYLINDRICAL_SURFACE('',#5149,0.250914726562505);
#3396=CYLINDRICAL_SURFACE('',#5150,0.250914726562505);
#3397=CYLINDRICAL_SURFACE('',#5151,0.250914726562505);
#3398=CYLINDRICAL_SURFACE('',#5152,0.250914726562505);
#3399=CYLINDRICAL_SURFACE('',#5153,0.670258793088266);
#3400=CYLINDRICAL_SURFACE('',#5156,0.670258793088266);
#3401=CYLINDRICAL_SURFACE('',#5159,14.7241150036791);
#3402=CYLINDRICAL_SURFACE('',#5160,14.7241150036791);
#3403=CYLINDRICAL_SURFACE('',#5161,14.7041150036791);
#3404=CYLINDRICAL_SURFACE('',#5162,0.8);
#3405=STYLED_ITEM('',(#3592),#4716);
#3406=STYLED_ITEM('',(#3593),#4717);
#3407=STYLED_ITEM('',(#3594),#4718);
#3408=STYLED_ITEM('',(#3595),#4719);
#3409=STYLED_ITEM('',(#3596),#4720);
#3410=STYLED_ITEM('',(#3597),#4721);
#3411=STYLED_ITEM('',(#3598),#4722);
#3412=STYLED_ITEM('',(#3599),#4723);
#3413=STYLED_ITEM('',(#3600),#4724);
#3414=STYLED_ITEM('',(#3601),#4725);
#3415=STYLED_ITEM('',(#3602),#4726);
#3416=STYLED_ITEM('',(#3603),#4727);
#3417=STYLED_ITEM('',(#3604),#4728);
#3418=STYLED_ITEM('',(#3605),#4729);
#3419=STYLED_ITEM('',(#3606),#4730);
#3420=STYLED_ITEM('',(#3607),#4731);
#3421=STYLED_ITEM('',(#3608),#4732);
#3422=STYLED_ITEM('',(#3609),#4733);
#3423=STYLED_ITEM('',(#3610),#4734);
#3424=STYLED_ITEM('',(#3611),#4735);
#3425=STYLED_ITEM('',(#3612),#4736);
#3426=STYLED_ITEM('',(#3613),#4737);
#3427=STYLED_ITEM('',(#3614),#4738);
#3428=STYLED_ITEM('',(#3615),#4739);
#3429=STYLED_ITEM('',(#3616),#4740);
#3430=STYLED_ITEM('',(#3617),#4741);
#3431=STYLED_ITEM('',(#3618),#4742);
#3432=STYLED_ITEM('',(#3619),#4743);
#3433=STYLED_ITEM('',(#3620),#4744);
#3434=STYLED_ITEM('',(#3621),#4745);
#3435=STYLED_ITEM('',(#3622),#4746);
#3436=STYLED_ITEM('',(#3623),#4747);
#3437=STYLED_ITEM('',(#3624),#4748);
#3438=STYLED_ITEM('',(#3625),#4749);
#3439=STYLED_ITEM('',(#3626),#4750);
#3440=STYLED_ITEM('',(#3627),#4751);
#3441=STYLED_ITEM('',(#3628),#4752);
#3442=STYLED_ITEM('',(#3629),#4753);
#3443=STYLED_ITEM('',(#3630),#4754);
#3444=STYLED_ITEM('',(#3631),#4755);
#3445=STYLED_ITEM('',(#3632),#4756);
#3446=STYLED_ITEM('',(#3633),#4757);
#3447=STYLED_ITEM('',(#3634),#4758);
#3448=STYLED_ITEM('',(#3635),#4759);
#3449=STYLED_ITEM('',(#3636),#4760);
#3450=STYLED_ITEM('',(#3637),#4761);
#3451=STYLED_ITEM('',(#3638),#4762);
#3452=STYLED_ITEM('',(#3639),#4763);
#3453=STYLED_ITEM('',(#3640),#4764);
#3454=STYLED_ITEM('',(#3641),#4765);
#3455=STYLED_ITEM('',(#3642),#4766);
#3456=STYLED_ITEM('',(#3643),#4767);
#3457=STYLED_ITEM('',(#3644),#4768);
#3458=STYLED_ITEM('',(#3645),#4769);
#3459=STYLED_ITEM('',(#3646),#4770);
#3460=STYLED_ITEM('',(#3647),#4771);
#3461=STYLED_ITEM('',(#3648),#4772);
#3462=STYLED_ITEM('',(#3649),#4773);
#3463=STYLED_ITEM('',(#3650),#4774);
#3464=STYLED_ITEM('',(#3651),#4775);
#3465=STYLED_ITEM('',(#3652),#4776);
#3466=STYLED_ITEM('',(#3653),#4777);
#3467=STYLED_ITEM('',(#3654),#4778);
#3468=STYLED_ITEM('',(#3655),#4779);
#3469=STYLED_ITEM('',(#3656),#4780);
#3470=STYLED_ITEM('',(#3657),#4781);
#3471=STYLED_ITEM('',(#3658),#4782);
#3472=STYLED_ITEM('',(#3659),#4783);
#3473=STYLED_ITEM('',(#3660),#4784);
#3474=STYLED_ITEM('',(#3661),#4785);
#3475=STYLED_ITEM('',(#3662),#4786);
#3476=STYLED_ITEM('',(#3663),#4787);
#3477=STYLED_ITEM('',(#3664),#4788);
#3478=STYLED_ITEM('',(#3665),#4789);
#3479=STYLED_ITEM('',(#3666),#4790);
#3480=STYLED_ITEM('',(#3667),#4791);
#3481=STYLED_ITEM('',(#3668),#4792);
#3482=STYLED_ITEM('',(#3669),#4793);
#3483=STYLED_ITEM('',(#3670),#4794);
#3484=STYLED_ITEM('',(#3671),#4795);
#3485=STYLED_ITEM('',(#3672),#4796);
#3486=STYLED_ITEM('',(#3673),#4797);
#3487=STYLED_ITEM('',(#3674),#4798);
#3488=STYLED_ITEM('',(#3675),#4799);
#3489=STYLED_ITEM('',(#3676),#4800);
#3490=STYLED_ITEM('',(#3677),#4801);
#3491=STYLED_ITEM('',(#3678),#4802);
#3492=STYLED_ITEM('',(#3679),#4803);
#3493=STYLED_ITEM('',(#3680),#4804);
#3494=STYLED_ITEM('',(#3681),#4805);
#3495=STYLED_ITEM('',(#3682),#4806);
#3496=STYLED_ITEM('',(#3683),#4807);
#3497=STYLED_ITEM('',(#3684),#4808);
#3498=STYLED_ITEM('',(#3685),#4809);
#3499=STYLED_ITEM('',(#3686),#4810);
#3500=STYLED_ITEM('',(#3687),#4811);
#3501=STYLED_ITEM('',(#3688),#4812);
#3502=STYLED_ITEM('',(#3689),#4813);
#3503=STYLED_ITEM('',(#3690),#4814);
#3504=STYLED_ITEM('',(#3691),#4815);
#3505=STYLED_ITEM('',(#3692),#4816);
#3506=STYLED_ITEM('',(#3693),#4817);
#3507=STYLED_ITEM('',(#3694),#4818);
#3508=STYLED_ITEM('',(#3695),#4819);
#3509=STYLED_ITEM('',(#3696),#4820);
#3510=STYLED_ITEM('',(#3697),#4821);
#3511=STYLED_ITEM('',(#3698),#4822);
#3512=STYLED_ITEM('',(#3699),#4823);
#3513=STYLED_ITEM('',(#3700),#4824);
#3514=STYLED_ITEM('',(#3701),#4825);
#3515=STYLED_ITEM('',(#3702),#4826);
#3516=STYLED_ITEM('',(#3703),#4827);
#3517=STYLED_ITEM('',(#3704),#4828);
#3518=STYLED_ITEM('',(#3705),#4829);
#3519=STYLED_ITEM('',(#3706),#4830);
#3520=STYLED_ITEM('',(#3707),#4831);
#3521=STYLED_ITEM('',(#3708),#4832);
#3522=STYLED_ITEM('',(#3709),#4833);
#3523=STYLED_ITEM('',(#3710),#4834);
#3524=STYLED_ITEM('',(#3711),#4835);
#3525=STYLED_ITEM('',(#3712),#4836);
#3526=STYLED_ITEM('',(#3713),#4837);
#3527=STYLED_ITEM('',(#3714),#4838);
#3528=STYLED_ITEM('',(#3715),#4839);
#3529=STYLED_ITEM('',(#3716),#4840);
#3530=STYLED_ITEM('',(#3717),#4841);
#3531=STYLED_ITEM('',(#3718),#4842);
#3532=STYLED_ITEM('',(#3719),#4843);
#3533=STYLED_ITEM('',(#3720),#4844);
#3534=STYLED_ITEM('',(#3721),#4845);
#3535=STYLED_ITEM('',(#3722),#4846);
#3536=STYLED_ITEM('',(#3723),#4847);
#3537=STYLED_ITEM('',(#3724),#4848);
#3538=STYLED_ITEM('',(#3725),#4849);
#3539=STYLED_ITEM('',(#3726),#4850);
#3540=STYLED_ITEM('',(#3727),#4851);
#3541=STYLED_ITEM('',(#3728),#4852);
#3542=STYLED_ITEM('',(#3729),#4853);
#3543=STYLED_ITEM('',(#3730),#4854);
#3544=STYLED_ITEM('',(#3731),#4855);
#3545=STYLED_ITEM('',(#3732),#4856);
#3546=STYLED_ITEM('',(#3733),#4857);
#3547=STYLED_ITEM('',(#3734),#4858);
#3548=STYLED_ITEM('',(#3735),#4859);
#3549=STYLED_ITEM('',(#3736),#4860);
#3550=STYLED_ITEM('',(#3737),#4861);
#3551=STYLED_ITEM('',(#3738),#4862);
#3552=STYLED_ITEM('',(#3739),#4863);
#3553=STYLED_ITEM('',(#3740),#4864);
#3554=STYLED_ITEM('',(#3741),#4865);
#3555=STYLED_ITEM('',(#3742),#4866);
#3556=STYLED_ITEM('',(#3743),#4867);
#3557=STYLED_ITEM('',(#3744),#4868);
#3558=STYLED_ITEM('',(#3745),#4869);
#3559=STYLED_ITEM('',(#3746),#4870);
#3560=STYLED_ITEM('',(#3747),#4871);
#3561=STYLED_ITEM('',(#3748),#4872);
#3562=STYLED_ITEM('',(#3749),#4873);
#3563=STYLED_ITEM('',(#3750),#4874);
#3564=STYLED_ITEM('',(#3751),#4875);
#3565=STYLED_ITEM('',(#3752),#4876);
#3566=STYLED_ITEM('',(#3753),#4877);
#3567=STYLED_ITEM('',(#3754),#4878);
#3568=STYLED_ITEM('',(#3755),#4879);
#3569=STYLED_ITEM('',(#3756),#4880);
#3570=STYLED_ITEM('',(#3757),#4881);
#3571=STYLED_ITEM('',(#3758),#4882);
#3572=STYLED_ITEM('',(#3759),#4883);
#3573=STYLED_ITEM('',(#3760),#4884);
#3574=STYLED_ITEM('',(#3761),#4885);
#3575=STYLED_ITEM('',(#3762),#4886);
#3576=STYLED_ITEM('',(#3763),#4887);
#3577=STYLED_ITEM('',(#3764),#4888);
#3578=STYLED_ITEM('',(#3765),#4889);
#3579=STYLED_ITEM('',(#3766),#4890);
#3580=STYLED_ITEM('',(#3767),#4891);
#3581=STYLED_ITEM('',(#3768),#4892);
#3582=STYLED_ITEM('',(#3769),#4893);
#3583=STYLED_ITEM('',(#3770),#4894);
#3584=STYLED_ITEM('',(#3771),#4895);
#3585=STYLED_ITEM('',(#3772),#4896);
#3586=STYLED_ITEM('',(#3773),#4897);
#3587=STYLED_ITEM('',(#3774),#4898);
#3588=STYLED_ITEM('',(#3775),#4899);
#3589=STYLED_ITEM('',(#3776),#4900);
#3590=STYLED_ITEM('',(#3777),#4901);
#3591=STYLED_ITEM('',(#3778),#4902);
#3592=PRESENTATION_STYLE_ASSIGNMENT((#3779));
#3593=PRESENTATION_STYLE_ASSIGNMENT((#3780));
#3594=PRESENTATION_STYLE_ASSIGNMENT((#3781));
#3595=PRESENTATION_STYLE_ASSIGNMENT((#3782));
#3596=PRESENTATION_STYLE_ASSIGNMENT((#3783));
#3597=PRESENTATION_STYLE_ASSIGNMENT((#3784));
#3598=PRESENTATION_STYLE_ASSIGNMENT((#3785));
#3599=PRESENTATION_STYLE_ASSIGNMENT((#3786));
#3600=PRESENTATION_STYLE_ASSIGNMENT((#3787));
#3601=PRESENTATION_STYLE_ASSIGNMENT((#3788));
#3602=PRESENTATION_STYLE_ASSIGNMENT((#3789));
#3603=PRESENTATION_STYLE_ASSIGNMENT((#3790));
#3604=PRESENTATION_STYLE_ASSIGNMENT((#3791));
#3605=PRESENTATION_STYLE_ASSIGNMENT((#3792));
#3606=PRESENTATION_STYLE_ASSIGNMENT((#3793));
#3607=PRESENTATION_STYLE_ASSIGNMENT((#3794));
#3608=PRESENTATION_STYLE_ASSIGNMENT((#3795));
#3609=PRESENTATION_STYLE_ASSIGNMENT((#3796));
#3610=PRESENTATION_STYLE_ASSIGNMENT((#3797));
#3611=PRESENTATION_STYLE_ASSIGNMENT((#3798));
#3612=PRESENTATION_STYLE_ASSIGNMENT((#3799));
#3613=PRESENTATION_STYLE_ASSIGNMENT((#3800));
#3614=PRESENTATION_STYLE_ASSIGNMENT((#3801));
#3615=PRESENTATION_STYLE_ASSIGNMENT((#3802));
#3616=PRESENTATION_STYLE_ASSIGNMENT((#3803));
#3617=PRESENTATION_STYLE_ASSIGNMENT((#3804));
#3618=PRESENTATION_STYLE_ASSIGNMENT((#3805));
#3619=PRESENTATION_STYLE_ASSIGNMENT((#3806));
#3620=PRESENTATION_STYLE_ASSIGNMENT((#3807));
#3621=PRESENTATION_STYLE_ASSIGNMENT((#3808));
#3622=PRESENTATION_STYLE_ASSIGNMENT((#3809));
#3623=PRESENTATION_STYLE_ASSIGNMENT((#3810));
#3624=PRESENTATION_STYLE_ASSIGNMENT((#3811));
#3625=PRESENTATION_STYLE_ASSIGNMENT((#3812));
#3626=PRESENTATION_STYLE_ASSIGNMENT((#3813));
#3627=PRESENTATION_STYLE_ASSIGNMENT((#3814));
#3628=PRESENTATION_STYLE_ASSIGNMENT((#3815));
#3629=PRESENTATION_STYLE_ASSIGNMENT((#3816));
#3630=PRESENTATION_STYLE_ASSIGNMENT((#3817));
#3631=PRESENTATION_STYLE_ASSIGNMENT((#3818));
#3632=PRESENTATION_STYLE_ASSIGNMENT((#3819));
#3633=PRESENTATION_STYLE_ASSIGNMENT((#3820));
#3634=PRESENTATION_STYLE_ASSIGNMENT((#3821));
#3635=PRESENTATION_STYLE_ASSIGNMENT((#3822));
#3636=PRESENTATION_STYLE_ASSIGNMENT((#3823));
#3637=PRESENTATION_STYLE_ASSIGNMENT((#3824));
#3638=PRESENTATION_STYLE_ASSIGNMENT((#3825));
#3639=PRESENTATION_STYLE_ASSIGNMENT((#3826));
#3640=PRESENTATION_STYLE_ASSIGNMENT((#3827));
#3641=PRESENTATION_STYLE_ASSIGNMENT((#3828));
#3642=PRESENTATION_STYLE_ASSIGNMENT((#3829));
#3643=PRESENTATION_STYLE_ASSIGNMENT((#3830));
#3644=PRESENTATION_STYLE_ASSIGNMENT((#3831));
#3645=PRESENTATION_STYLE_ASSIGNMENT((#3832));
#3646=PRESENTATION_STYLE_ASSIGNMENT((#3833));
#3647=PRESENTATION_STYLE_ASSIGNMENT((#3834));
#3648=PRESENTATION_STYLE_ASSIGNMENT((#3835));
#3649=PRESENTATION_STYLE_ASSIGNMENT((#3836));
#3650=PRESENTATION_STYLE_ASSIGNMENT((#3837));
#3651=PRESENTATION_STYLE_ASSIGNMENT((#3838));
#3652=PRESENTATION_STYLE_ASSIGNMENT((#3839));
#3653=PRESENTATION_STYLE_ASSIGNMENT((#3840));
#3654=PRESENTATION_STYLE_ASSIGNMENT((#3841));
#3655=PRESENTATION_STYLE_ASSIGNMENT((#3842));
#3656=PRESENTATION_STYLE_ASSIGNMENT((#3843));
#3657=PRESENTATION_STYLE_ASSIGNMENT((#3844));
#3658=PRESENTATION_STYLE_ASSIGNMENT((#3845));
#3659=PRESENTATION_STYLE_ASSIGNMENT((#3846));
#3660=PRESENTATION_STYLE_ASSIGNMENT((#3847));
#3661=PRESENTATION_STYLE_ASSIGNMENT((#3848));
#3662=PRESENTATION_STYLE_ASSIGNMENT((#3849));
#3663=PRESENTATION_STYLE_ASSIGNMENT((#3850));
#3664=PRESENTATION_STYLE_ASSIGNMENT((#3851));
#3665=PRESENTATION_STYLE_ASSIGNMENT((#3852));
#3666=PRESENTATION_STYLE_ASSIGNMENT((#3853));
#3667=PRESENTATION_STYLE_ASSIGNMENT((#3854));
#3668=PRESENTATION_STYLE_ASSIGNMENT((#3855));
#3669=PRESENTATION_STYLE_ASSIGNMENT((#3856));
#3670=PRESENTATION_STYLE_ASSIGNMENT((#3857));
#3671=PRESENTATION_STYLE_ASSIGNMENT((#3858));
#3672=PRESENTATION_STYLE_ASSIGNMENT((#3859));
#3673=PRESENTATION_STYLE_ASSIGNMENT((#3860));
#3674=PRESENTATION_STYLE_ASSIGNMENT((#3861));
#3675=PRESENTATION_STYLE_ASSIGNMENT((#3862));
#3676=PRESENTATION_STYLE_ASSIGNMENT((#3863));
#3677=PRESENTATION_STYLE_ASSIGNMENT((#3864));
#3678=PRESENTATION_STYLE_ASSIGNMENT((#3865));
#3679=PRESENTATION_STYLE_ASSIGNMENT((#3866));
#3680=PRESENTATION_STYLE_ASSIGNMENT((#3867));
#3681=PRESENTATION_STYLE_ASSIGNMENT((#3868));
#3682=PRESENTATION_STYLE_ASSIGNMENT((#3869));
#3683=PRESENTATION_STYLE_ASSIGNMENT((#3870));
#3684=PRESENTATION_STYLE_ASSIGNMENT((#3871));
#3685=PRESENTATION_STYLE_ASSIGNMENT((#3872));
#3686=PRESENTATION_STYLE_ASSIGNMENT((#3873));
#3687=PRESENTATION_STYLE_ASSIGNMENT((#3874));
#3688=PRESENTATION_STYLE_ASSIGNMENT((#3875));
#3689=PRESENTATION_STYLE_ASSIGNMENT((#3876));
#3690=PRESENTATION_STYLE_ASSIGNMENT((#3877));
#3691=PRESENTATION_STYLE_ASSIGNMENT((#3878));
#3692=PRESENTATION_STYLE_ASSIGNMENT((#3879));
#3693=PRESENTATION_STYLE_ASSIGNMENT((#3880));
#3694=PRESENTATION_STYLE_ASSIGNMENT((#3881));
#3695=PRESENTATION_STYLE_ASSIGNMENT((#3882));
#3696=PRESENTATION_STYLE_ASSIGNMENT((#3883));
#3697=PRESENTATION_STYLE_ASSIGNMENT((#3884));
#3698=PRESENTATION_STYLE_ASSIGNMENT((#3885));
#3699=PRESENTATION_STYLE_ASSIGNMENT((#3886));
#3700=PRESENTATION_STYLE_ASSIGNMENT((#3887));
#3701=PRESENTATION_STYLE_ASSIGNMENT((#3888));
#3702=PRESENTATION_STYLE_ASSIGNMENT((#3889));
#3703=PRESENTATION_STYLE_ASSIGNMENT((#3890));
#3704=PRESENTATION_STYLE_ASSIGNMENT((#3891));
#3705=PRESENTATION_STYLE_ASSIGNMENT((#3892));
#3706=PRESENTATION_STYLE_ASSIGNMENT((#3893));
#3707=PRESENTATION_STYLE_ASSIGNMENT((#3894));
#3708=PRESENTATION_STYLE_ASSIGNMENT((#3895));
#3709=PRESENTATION_STYLE_ASSIGNMENT((#3896));
#3710=PRESENTATION_STYLE_ASSIGNMENT((#3897));
#3711=PRESENTATION_STYLE_ASSIGNMENT((#3898));
#3712=PRESENTATION_STYLE_ASSIGNMENT((#3899));
#3713=PRESENTATION_STYLE_ASSIGNMENT((#3900));
#3714=PRESENTATION_STYLE_ASSIGNMENT((#3901));
#3715=PRESENTATION_STYLE_ASSIGNMENT((#3902));
#3716=PRESENTATION_STYLE_ASSIGNMENT((#3903));
#3717=PRESENTATION_STYLE_ASSIGNMENT((#3904));
#3718=PRESENTATION_STYLE_ASSIGNMENT((#3905));
#3719=PRESENTATION_STYLE_ASSIGNMENT((#3906));
#3720=PRESENTATION_STYLE_ASSIGNMENT((#3907));
#3721=PRESENTATION_STYLE_ASSIGNMENT((#3908));
#3722=PRESENTATION_STYLE_ASSIGNMENT((#3909));
#3723=PRESENTATION_STYLE_ASSIGNMENT((#3910));
#3724=PRESENTATION_STYLE_ASSIGNMENT((#3911));
#3725=PRESENTATION_STYLE_ASSIGNMENT((#3912));
#3726=PRESENTATION_STYLE_ASSIGNMENT((#3913));
#3727=PRESENTATION_STYLE_ASSIGNMENT((#3914));
#3728=PRESENTATION_STYLE_ASSIGNMENT((#3915));
#3729=PRESENTATION_STYLE_ASSIGNMENT((#3916));
#3730=PRESENTATION_STYLE_ASSIGNMENT((#3917));
#3731=PRESENTATION_STYLE_ASSIGNMENT((#3918));
#3732=PRESENTATION_STYLE_ASSIGNMENT((#3919));
#3733=PRESENTATION_STYLE_ASSIGNMENT((#3920));
#3734=PRESENTATION_STYLE_ASSIGNMENT((#3921));
#3735=PRESENTATION_STYLE_ASSIGNMENT((#3922));
#3736=PRESENTATION_STYLE_ASSIGNMENT((#3923));
#3737=PRESENTATION_STYLE_ASSIGNMENT((#3924));
#3738=PRESENTATION_STYLE_ASSIGNMENT((#3925));
#3739=PRESENTATION_STYLE_ASSIGNMENT((#3926));
#3740=PRESENTATION_STYLE_ASSIGNMENT((#3927));
#3741=PRESENTATION_STYLE_ASSIGNMENT((#3928));
#3742=PRESENTATION_STYLE_ASSIGNMENT((#3929));
#3743=PRESENTATION_STYLE_ASSIGNMENT((#3930));
#3744=PRESENTATION_STYLE_ASSIGNMENT((#3931));
#3745=PRESENTATION_STYLE_ASSIGNMENT((#3932));
#3746=PRESENTATION_STYLE_ASSIGNMENT((#3933));
#3747=PRESENTATION_STYLE_ASSIGNMENT((#3934));
#3748=PRESENTATION_STYLE_ASSIGNMENT((#3935));
#3749=PRESENTATION_STYLE_ASSIGNMENT((#3936));
#3750=PRESENTATION_STYLE_ASSIGNMENT((#3937));
#3751=PRESENTATION_STYLE_ASSIGNMENT((#3938));
#3752=PRESENTATION_STYLE_ASSIGNMENT((#3939));
#3753=PRESENTATION_STYLE_ASSIGNMENT((#3940));
#3754=PRESENTATION_STYLE_ASSIGNMENT((#3941));
#3755=PRESENTATION_STYLE_ASSIGNMENT((#3942));
#3756=PRESENTATION_STYLE_ASSIGNMENT((#3943));
#3757=PRESENTATION_STYLE_ASSIGNMENT((#3944));
#3758=PRESENTATION_STYLE_ASSIGNMENT((#3945));
#3759=PRESENTATION_STYLE_ASSIGNMENT((#3946));
#3760=PRESENTATION_STYLE_ASSIGNMENT((#3947));
#3761=PRESENTATION_STYLE_ASSIGNMENT((#3948));
#3762=PRESENTATION_STYLE_ASSIGNMENT((#3949));
#3763=PRESENTATION_STYLE_ASSIGNMENT((#3950));
#3764=PRESENTATION_STYLE_ASSIGNMENT((#3951));
#3765=PRESENTATION_STYLE_ASSIGNMENT((#3952));
#3766=PRESENTATION_STYLE_ASSIGNMENT((#3953));
#3767=PRESENTATION_STYLE_ASSIGNMENT((#3954));
#3768=PRESENTATION_STYLE_ASSIGNMENT((#3955));
#3769=PRESENTATION_STYLE_ASSIGNMENT((#3956));
#3770=PRESENTATION_STYLE_ASSIGNMENT((#3957));
#3771=PRESENTATION_STYLE_ASSIGNMENT((#3958));
#3772=PRESENTATION_STYLE_ASSIGNMENT((#3959));
#3773=PRESENTATION_STYLE_ASSIGNMENT((#3960));
#3774=PRESENTATION_STYLE_ASSIGNMENT((#3961));
#3775=PRESENTATION_STYLE_ASSIGNMENT((#3962));
#3776=PRESENTATION_STYLE_ASSIGNMENT((#3963));
#3777=PRESENTATION_STYLE_ASSIGNMENT((#3964));
#3778=PRESENTATION_STYLE_ASSIGNMENT((#3965));
#3779=SURFACE_STYLE_USAGE(.BOTH.,#3966);
#3780=SURFACE_STYLE_USAGE(.BOTH.,#3967);
#3781=SURFACE_STYLE_USAGE(.BOTH.,#3968);
#3782=SURFACE_STYLE_USAGE(.BOTH.,#3969);
#3783=SURFACE_STYLE_USAGE(.BOTH.,#3970);
#3784=SURFACE_STYLE_USAGE(.BOTH.,#3971);
#3785=SURFACE_STYLE_USAGE(.BOTH.,#3972);
#3786=SURFACE_STYLE_USAGE(.BOTH.,#3973);
#3787=SURFACE_STYLE_USAGE(.BOTH.,#3974);
#3788=SURFACE_STYLE_USAGE(.BOTH.,#3975);
#3789=SURFACE_STYLE_USAGE(.BOTH.,#3976);
#3790=SURFACE_STYLE_USAGE(.BOTH.,#3977);
#3791=SURFACE_STYLE_USAGE(.BOTH.,#3978);
#3792=SURFACE_STYLE_USAGE(.BOTH.,#3979);
#3793=SURFACE_STYLE_USAGE(.BOTH.,#3980);
#3794=SURFACE_STYLE_USAGE(.BOTH.,#3981);
#3795=SURFACE_STYLE_USAGE(.BOTH.,#3982);
#3796=SURFACE_STYLE_USAGE(.BOTH.,#3983);
#3797=SURFACE_STYLE_USAGE(.BOTH.,#3984);
#3798=SURFACE_STYLE_USAGE(.BOTH.,#3985);
#3799=SURFACE_STYLE_USAGE(.BOTH.,#3986);
#3800=SURFACE_STYLE_USAGE(.BOTH.,#3987);
#3801=SURFACE_STYLE_USAGE(.BOTH.,#3988);
#3802=SURFACE_STYLE_USAGE(.BOTH.,#3989);
#3803=SURFACE_STYLE_USAGE(.BOTH.,#3990);
#3804=SURFACE_STYLE_USAGE(.BOTH.,#3991);
#3805=SURFACE_STYLE_USAGE(.BOTH.,#3992);
#3806=SURFACE_STYLE_USAGE(.BOTH.,#3993);
#3807=SURFACE_STYLE_USAGE(.BOTH.,#3994);
#3808=SURFACE_STYLE_USAGE(.BOTH.,#3995);
#3809=SURFACE_STYLE_USAGE(.BOTH.,#3996);
#3810=SURFACE_STYLE_USAGE(.BOTH.,#3997);
#3811=SURFACE_STYLE_USAGE(.BOTH.,#3998);
#3812=SURFACE_STYLE_USAGE(.BOTH.,#3999);
#3813=SURFACE_STYLE_USAGE(.BOTH.,#4000);
#3814=SURFACE_STYLE_USAGE(.BOTH.,#4001);
#3815=SURFACE_STYLE_USAGE(.BOTH.,#4002);
#3816=SURFACE_STYLE_USAGE(.BOTH.,#4003);
#3817=SURFACE_STYLE_USAGE(.BOTH.,#4004);
#3818=SURFACE_STYLE_USAGE(.BOTH.,#4005);
#3819=SURFACE_STYLE_USAGE(.BOTH.,#4006);
#3820=SURFACE_STYLE_USAGE(.BOTH.,#4007);
#3821=SURFACE_STYLE_USAGE(.BOTH.,#4008);
#3822=SURFACE_STYLE_USAGE(.BOTH.,#4009);
#3823=SURFACE_STYLE_USAGE(.BOTH.,#4010);
#3824=SURFACE_STYLE_USAGE(.BOTH.,#4011);
#3825=SURFACE_STYLE_USAGE(.BOTH.,#4012);
#3826=SURFACE_STYLE_USAGE(.BOTH.,#4013);
#3827=SURFACE_STYLE_USAGE(.BOTH.,#4014);
#3828=SURFACE_STYLE_USAGE(.BOTH.,#4015);
#3829=SURFACE_STYLE_USAGE(.BOTH.,#4016);
#3830=SURFACE_STYLE_USAGE(.BOTH.,#4017);
#3831=SURFACE_STYLE_USAGE(.BOTH.,#4018);
#3832=SURFACE_STYLE_USAGE(.BOTH.,#4019);
#3833=SURFACE_STYLE_USAGE(.BOTH.,#4020);
#3834=SURFACE_STYLE_USAGE(.BOTH.,#4021);
#3835=SURFACE_STYLE_USAGE(.BOTH.,#4022);
#3836=SURFACE_STYLE_USAGE(.BOTH.,#4023);
#3837=SURFACE_STYLE_USAGE(.BOTH.,#4024);
#3838=SURFACE_STYLE_USAGE(.BOTH.,#4025);
#3839=SURFACE_STYLE_USAGE(.BOTH.,#4026);
#3840=SURFACE_STYLE_USAGE(.BOTH.,#4027);
#3841=SURFACE_STYLE_USAGE(.BOTH.,#4028);
#3842=SURFACE_STYLE_USAGE(.BOTH.,#4029);
#3843=SURFACE_STYLE_USAGE(.BOTH.,#4030);
#3844=SURFACE_STYLE_USAGE(.BOTH.,#4031);
#3845=SURFACE_STYLE_USAGE(.BOTH.,#4032);
#3846=SURFACE_STYLE_USAGE(.BOTH.,#4033);
#3847=SURFACE_STYLE_USAGE(.BOTH.,#4034);
#3848=SURFACE_STYLE_USAGE(.BOTH.,#4035);
#3849=SURFACE_STYLE_USAGE(.BOTH.,#4036);
#3850=SURFACE_STYLE_USAGE(.BOTH.,#4037);
#3851=SURFACE_STYLE_USAGE(.BOTH.,#4038);
#3852=SURFACE_STYLE_USAGE(.BOTH.,#4039);
#3853=SURFACE_STYLE_USAGE(.BOTH.,#4040);
#3854=SURFACE_STYLE_USAGE(.BOTH.,#4041);
#3855=SURFACE_STYLE_USAGE(.BOTH.,#4042);
#3856=SURFACE_STYLE_USAGE(.BOTH.,#4043);
#3857=SURFACE_STYLE_USAGE(.BOTH.,#4044);
#3858=SURFACE_STYLE_USAGE(.BOTH.,#4045);
#3859=SURFACE_STYLE_USAGE(.BOTH.,#4046);
#3860=SURFACE_STYLE_USAGE(.BOTH.,#4047);
#3861=SURFACE_STYLE_USAGE(.BOTH.,#4048);
#3862=SURFACE_STYLE_USAGE(.BOTH.,#4049);
#3863=SURFACE_STYLE_USAGE(.BOTH.,#4050);
#3864=SURFACE_STYLE_USAGE(.BOTH.,#4051);
#3865=SURFACE_STYLE_USAGE(.BOTH.,#4052);
#3866=SURFACE_STYLE_USAGE(.BOTH.,#4053);
#3867=SURFACE_STYLE_USAGE(.BOTH.,#4054);
#3868=SURFACE_STYLE_USAGE(.BOTH.,#4055);
#3869=SURFACE_STYLE_USAGE(.BOTH.,#4056);
#3870=SURFACE_STYLE_USAGE(.BOTH.,#4057);
#3871=SURFACE_STYLE_USAGE(.BOTH.,#4058);
#3872=SURFACE_STYLE_USAGE(.BOTH.,#4059);
#3873=SURFACE_STYLE_USAGE(.BOTH.,#4060);
#3874=SURFACE_STYLE_USAGE(.BOTH.,#4061);
#3875=SURFACE_STYLE_USAGE(.BOTH.,#4062);
#3876=SURFACE_STYLE_USAGE(.BOTH.,#4063);
#3877=SURFACE_STYLE_USAGE(.BOTH.,#4064);
#3878=SURFACE_STYLE_USAGE(.BOTH.,#4065);
#3879=SURFACE_STYLE_USAGE(.BOTH.,#4066);
#3880=SURFACE_STYLE_USAGE(.BOTH.,#4067);
#3881=SURFACE_STYLE_USAGE(.BOTH.,#4068);
#3882=SURFACE_STYLE_USAGE(.BOTH.,#4069);
#3883=SURFACE_STYLE_USAGE(.BOTH.,#4070);
#3884=SURFACE_STYLE_USAGE(.BOTH.,#4071);
#3885=SURFACE_STYLE_USAGE(.BOTH.,#4072);
#3886=SURFACE_STYLE_USAGE(.BOTH.,#4073);
#3887=SURFACE_STYLE_USAGE(.BOTH.,#4074);
#3888=SURFACE_STYLE_USAGE(.BOTH.,#4075);
#3889=SURFACE_STYLE_USAGE(.BOTH.,#4076);
#3890=SURFACE_STYLE_USAGE(.BOTH.,#4077);
#3891=SURFACE_STYLE_USAGE(.BOTH.,#4078);
#3892=SURFACE_STYLE_USAGE(.BOTH.,#4079);
#3893=SURFACE_STYLE_USAGE(.BOTH.,#4080);
#3894=SURFACE_STYLE_USAGE(.BOTH.,#4081);
#3895=SURFACE_STYLE_USAGE(.BOTH.,#4082);
#3896=SURFACE_STYLE_USAGE(.BOTH.,#4083);
#3897=SURFACE_STYLE_USAGE(.BOTH.,#4084);
#3898=SURFACE_STYLE_USAGE(.BOTH.,#4085);
#3899=SURFACE_STYLE_USAGE(.BOTH.,#4086);
#3900=SURFACE_STYLE_USAGE(.BOTH.,#4087);
#3901=SURFACE_STYLE_USAGE(.BOTH.,#4088);
#3902=SURFACE_STYLE_USAGE(.BOTH.,#4089);
#3903=SURFACE_STYLE_USAGE(.BOTH.,#4090);
#3904=SURFACE_STYLE_USAGE(.BOTH.,#4091);
#3905=SURFACE_STYLE_USAGE(.BOTH.,#4092);
#3906=SURFACE_STYLE_USAGE(.BOTH.,#4093);
#3907=SURFACE_STYLE_USAGE(.BOTH.,#4094);
#3908=SURFACE_STYLE_USAGE(.BOTH.,#4095);
#3909=SURFACE_STYLE_USAGE(.BOTH.,#4096);
#3910=SURFACE_STYLE_USAGE(.BOTH.,#4097);
#3911=SURFACE_STYLE_USAGE(.BOTH.,#4098);
#3912=SURFACE_STYLE_USAGE(.BOTH.,#4099);
#3913=SURFACE_STYLE_USAGE(.BOTH.,#4100);
#3914=SURFACE_STYLE_USAGE(.BOTH.,#4101);
#3915=SURFACE_STYLE_USAGE(.BOTH.,#4102);
#3916=SURFACE_STYLE_USAGE(.BOTH.,#4103);
#3917=SURFACE_STYLE_USAGE(.BOTH.,#4104);
#3918=SURFACE_STYLE_USAGE(.BOTH.,#4105);
#3919=SURFACE_STYLE_USAGE(.BOTH.,#4106);
#3920=SURFACE_STYLE_USAGE(.BOTH.,#4107);
#3921=SURFACE_STYLE_USAGE(.BOTH.,#4108);
#3922=SURFACE_STYLE_USAGE(.BOTH.,#4109);
#3923=SURFACE_STYLE_USAGE(.BOTH.,#4110);
#3924=SURFACE_STYLE_USAGE(.BOTH.,#4111);
#3925=SURFACE_STYLE_USAGE(.BOTH.,#4112);
#3926=SURFACE_STYLE_USAGE(.BOTH.,#4113);
#3927=SURFACE_STYLE_USAGE(.BOTH.,#4114);
#3928=SURFACE_STYLE_USAGE(.BOTH.,#4115);
#3929=SURFACE_STYLE_USAGE(.BOTH.,#4116);
#3930=SURFACE_STYLE_USAGE(.BOTH.,#4117);
#3931=SURFACE_STYLE_USAGE(.BOTH.,#4118);
#3932=SURFACE_STYLE_USAGE(.BOTH.,#4119);
#3933=SURFACE_STYLE_USAGE(.BOTH.,#4120);
#3934=SURFACE_STYLE_USAGE(.BOTH.,#4121);
#3935=SURFACE_STYLE_USAGE(.BOTH.,#4122);
#3936=SURFACE_STYLE_USAGE(.BOTH.,#4123);
#3937=SURFACE_STYLE_USAGE(.BOTH.,#4124);
#3938=SURFACE_STYLE_USAGE(.BOTH.,#4125);
#3939=SURFACE_STYLE_USAGE(.BOTH.,#4126);
#3940=SURFACE_STYLE_USAGE(.BOTH.,#4127);
#3941=SURFACE_STYLE_USAGE(.BOTH.,#4128);
#3942=SURFACE_STYLE_USAGE(.BOTH.,#4129);
#3943=SURFACE_STYLE_USAGE(.BOTH.,#4130);
#3944=SURFACE_STYLE_USAGE(.BOTH.,#4131);
#3945=SURFACE_STYLE_USAGE(.BOTH.,#4132);
#3946=SURFACE_STYLE_USAGE(.BOTH.,#4133);
#3947=SURFACE_STYLE_USAGE(.BOTH.,#4134);
#3948=SURFACE_STYLE_USAGE(.BOTH.,#4135);
#3949=SURFACE_STYLE_USAGE(.BOTH.,#4136);
#3950=SURFACE_STYLE_USAGE(.BOTH.,#4137);
#3951=SURFACE_STYLE_USAGE(.BOTH.,#4138);
#3952=SURFACE_STYLE_USAGE(.BOTH.,#4139);
#3953=SURFACE_STYLE_USAGE(.BOTH.,#4140);
#3954=SURFACE_STYLE_USAGE(.BOTH.,#4141);
#3955=SURFACE_STYLE_USAGE(.BOTH.,#4142);
#3956=SURFACE_STYLE_USAGE(.BOTH.,#4143);
#3957=SURFACE_STYLE_USAGE(.BOTH.,#4144);
#3958=SURFACE_STYLE_USAGE(.BOTH.,#4145);
#3959=SURFACE_STYLE_USAGE(.BOTH.,#4146);
#3960=SURFACE_STYLE_USAGE(.BOTH.,#4147);
#3961=SURFACE_STYLE_USAGE(.BOTH.,#4148);
#3962=SURFACE_STYLE_USAGE(.BOTH.,#4149);
#3963=SURFACE_STYLE_USAGE(.BOTH.,#4150);
#3964=SURFACE_STYLE_USAGE(.BOTH.,#4151);
#3965=SURFACE_STYLE_USAGE(.BOTH.,#4152);
#3966=SURFACE_SIDE_STYLE('',(#4153));
#3967=SURFACE_SIDE_STYLE('',(#4154));
#3968=SURFACE_SIDE_STYLE('',(#4155));
#3969=SURFACE_SIDE_STYLE('',(#4156));
#3970=SURFACE_SIDE_STYLE('',(#4157));
#3971=SURFACE_SIDE_STYLE('',(#4158));
#3972=SURFACE_SIDE_STYLE('',(#4159));
#3973=SURFACE_SIDE_STYLE('',(#4160));
#3974=SURFACE_SIDE_STYLE('',(#4161));
#3975=SURFACE_SIDE_STYLE('',(#4162));
#3976=SURFACE_SIDE_STYLE('',(#4163));
#3977=SURFACE_SIDE_STYLE('',(#4164));
#3978=SURFACE_SIDE_STYLE('',(#4165));
#3979=SURFACE_SIDE_STYLE('',(#4166));
#3980=SURFACE_SIDE_STYLE('',(#4167));
#3981=SURFACE_SIDE_STYLE('',(#4168));
#3982=SURFACE_SIDE_STYLE('',(#4169));
#3983=SURFACE_SIDE_STYLE('',(#4170));
#3984=SURFACE_SIDE_STYLE('',(#4171));
#3985=SURFACE_SIDE_STYLE('',(#4172));
#3986=SURFACE_SIDE_STYLE('',(#4173));
#3987=SURFACE_SIDE_STYLE('',(#4174));
#3988=SURFACE_SIDE_STYLE('',(#4175));
#3989=SURFACE_SIDE_STYLE('',(#4176));
#3990=SURFACE_SIDE_STYLE('',(#4177));
#3991=SURFACE_SIDE_STYLE('',(#4178));
#3992=SURFACE_SIDE_STYLE('',(#4179));
#3993=SURFACE_SIDE_STYLE('',(#4180));
#3994=SURFACE_SIDE_STYLE('',(#4181));
#3995=SURFACE_SIDE_STYLE('',(#4182));
#3996=SURFACE_SIDE_STYLE('',(#4183));
#3997=SURFACE_SIDE_STYLE('',(#4184));
#3998=SURFACE_SIDE_STYLE('',(#4185));
#3999=SURFACE_SIDE_STYLE('',(#4186));
#4000=SURFACE_SIDE_STYLE('',(#4187));
#4001=SURFACE_SIDE_STYLE('',(#4188));
#4002=SURFACE_SIDE_STYLE('',(#4189));
#4003=SURFACE_SIDE_STYLE('',(#4190));
#4004=SURFACE_SIDE_STYLE('',(#4191));
#4005=SURFACE_SIDE_STYLE('',(#4192));
#4006=SURFACE_SIDE_STYLE('',(#4193));
#4007=SURFACE_SIDE_STYLE('',(#4194));
#4008=SURFACE_SIDE_STYLE('',(#4195));
#4009=SURFACE_SIDE_STYLE('',(#4196));
#4010=SURFACE_SIDE_STYLE('',(#4197));
#4011=SURFACE_SIDE_STYLE('',(#4198));
#4012=SURFACE_SIDE_STYLE('',(#4199));
#4013=SURFACE_SIDE_STYLE('',(#4200));
#4014=SURFACE_SIDE_STYLE('',(#4201));
#4015=SURFACE_SIDE_STYLE('',(#4202));
#4016=SURFACE_SIDE_STYLE('',(#4203));
#4017=SURFACE_SIDE_STYLE('',(#4204));
#4018=SURFACE_SIDE_STYLE('',(#4205));
#4019=SURFACE_SIDE_STYLE('',(#4206));
#4020=SURFACE_SIDE_STYLE('',(#4207));
#4021=SURFACE_SIDE_STYLE('',(#4208));
#4022=SURFACE_SIDE_STYLE('',(#4209));
#4023=SURFACE_SIDE_STYLE('',(#4210));
#4024=SURFACE_SIDE_STYLE('',(#4211));
#4025=SURFACE_SIDE_STYLE('',(#4212));
#4026=SURFACE_SIDE_STYLE('',(#4213));
#4027=SURFACE_SIDE_STYLE('',(#4214));
#4028=SURFACE_SIDE_STYLE('',(#4215));
#4029=SURFACE_SIDE_STYLE('',(#4216));
#4030=SURFACE_SIDE_STYLE('',(#4217));
#4031=SURFACE_SIDE_STYLE('',(#4218));
#4032=SURFACE_SIDE_STYLE('',(#4219));
#4033=SURFACE_SIDE_STYLE('',(#4220));
#4034=SURFACE_SIDE_STYLE('',(#4221));
#4035=SURFACE_SIDE_STYLE('',(#4222));
#4036=SURFACE_SIDE_STYLE('',(#4223));
#4037=SURFACE_SIDE_STYLE('',(#4224));
#4038=SURFACE_SIDE_STYLE('',(#4225));
#4039=SURFACE_SIDE_STYLE('',(#4226));
#4040=SURFACE_SIDE_STYLE('',(#4227));
#4041=SURFACE_SIDE_STYLE('',(#4228));
#4042=SURFACE_SIDE_STYLE('',(#4229));
#4043=SURFACE_SIDE_STYLE('',(#4230));
#4044=SURFACE_SIDE_STYLE('',(#4231));
#4045=SURFACE_SIDE_STYLE('',(#4232));
#4046=SURFACE_SIDE_STYLE('',(#4233));
#4047=SURFACE_SIDE_STYLE('',(#4234));
#4048=SURFACE_SIDE_STYLE('',(#4235));
#4049=SURFACE_SIDE_STYLE('',(#4236));
#4050=SURFACE_SIDE_STYLE('',(#4237));
#4051=SURFACE_SIDE_STYLE('',(#4238));
#4052=SURFACE_SIDE_STYLE('',(#4239));
#4053=SURFACE_SIDE_STYLE('',(#4240));
#4054=SURFACE_SIDE_STYLE('',(#4241));
#4055=SURFACE_SIDE_STYLE('',(#4242));
#4056=SURFACE_SIDE_STYLE('',(#4243));
#4057=SURFACE_SIDE_STYLE('',(#4244));
#4058=SURFACE_SIDE_STYLE('',(#4245));
#4059=SURFACE_SIDE_STYLE('',(#4246));
#4060=SURFACE_SIDE_STYLE('',(#4247));
#4061=SURFACE_SIDE_STYLE('',(#4248));
#4062=SURFACE_SIDE_STYLE('',(#4249));
#4063=SURFACE_SIDE_STYLE('',(#4250));
#4064=SURFACE_SIDE_STYLE('',(#4251));
#4065=SURFACE_SIDE_STYLE('',(#4252));
#4066=SURFACE_SIDE_STYLE('',(#4253));
#4067=SURFACE_SIDE_STYLE('',(#4254));
#4068=SURFACE_SIDE_STYLE('',(#4255));
#4069=SURFACE_SIDE_STYLE('',(#4256));
#4070=SURFACE_SIDE_STYLE('',(#4257));
#4071=SURFACE_SIDE_STYLE('',(#4258));
#4072=SURFACE_SIDE_STYLE('',(#4259));
#4073=SURFACE_SIDE_STYLE('',(#4260));
#4074=SURFACE_SIDE_STYLE('',(#4261));
#4075=SURFACE_SIDE_STYLE('',(#4262));
#4076=SURFACE_SIDE_STYLE('',(#4263));
#4077=SURFACE_SIDE_STYLE('',(#4264));
#4078=SURFACE_SIDE_STYLE('',(#4265));
#4079=SURFACE_SIDE_STYLE('',(#4266));
#4080=SURFACE_SIDE_STYLE('',(#4267));
#4081=SURFACE_SIDE_STYLE('',(#4268));
#4082=SURFACE_SIDE_STYLE('',(#4269));
#4083=SURFACE_SIDE_STYLE('',(#4270));
#4084=SURFACE_SIDE_STYLE('',(#4271));
#4085=SURFACE_SIDE_STYLE('',(#4272));
#4086=SURFACE_SIDE_STYLE('',(#4273));
#4087=SURFACE_SIDE_STYLE('',(#4274));
#4088=SURFACE_SIDE_STYLE('',(#4275));
#4089=SURFACE_SIDE_STYLE('',(#4276));
#4090=SURFACE_SIDE_STYLE('',(#4277));
#4091=SURFACE_SIDE_STYLE('',(#4278));
#4092=SURFACE_SIDE_STYLE('',(#4279));
#4093=SURFACE_SIDE_STYLE('',(#4280));
#4094=SURFACE_SIDE_STYLE('',(#4281));
#4095=SURFACE_SIDE_STYLE('',(#4282));
#4096=SURFACE_SIDE_STYLE('',(#4283));
#4097=SURFACE_SIDE_STYLE('',(#4284));
#4098=SURFACE_SIDE_STYLE('',(#4285));
#4099=SURFACE_SIDE_STYLE('',(#4286));
#4100=SURFACE_SIDE_STYLE('',(#4287));
#4101=SURFACE_SIDE_STYLE('',(#4288));
#4102=SURFACE_SIDE_STYLE('',(#4289));
#4103=SURFACE_SIDE_STYLE('',(#4290));
#4104=SURFACE_SIDE_STYLE('',(#4291));
#4105=SURFACE_SIDE_STYLE('',(#4292));
#4106=SURFACE_SIDE_STYLE('',(#4293));
#4107=SURFACE_SIDE_STYLE('',(#4294));
#4108=SURFACE_SIDE_STYLE('',(#4295));
#4109=SURFACE_SIDE_STYLE('',(#4296));
#4110=SURFACE_SIDE_STYLE('',(#4297));
#4111=SURFACE_SIDE_STYLE('',(#4298));
#4112=SURFACE_SIDE_STYLE('',(#4299));
#4113=SURFACE_SIDE_STYLE('',(#4300));
#4114=SURFACE_SIDE_STYLE('',(#4301));
#4115=SURFACE_SIDE_STYLE('',(#4302));
#4116=SURFACE_SIDE_STYLE('',(#4303));
#4117=SURFACE_SIDE_STYLE('',(#4304));
#4118=SURFACE_SIDE_STYLE('',(#4305));
#4119=SURFACE_SIDE_STYLE('',(#4306));
#4120=SURFACE_SIDE_STYLE('',(#4307));
#4121=SURFACE_SIDE_STYLE('',(#4308));
#4122=SURFACE_SIDE_STYLE('',(#4309));
#4123=SURFACE_SIDE_STYLE('',(#4310));
#4124=SURFACE_SIDE_STYLE('',(#4311));
#4125=SURFACE_SIDE_STYLE('',(#4312));
#4126=SURFACE_SIDE_STYLE('',(#4313));
#4127=SURFACE_SIDE_STYLE('',(#4314));
#4128=SURFACE_SIDE_STYLE('',(#4315));
#4129=SURFACE_SIDE_STYLE('',(#4316));
#4130=SURFACE_SIDE_STYLE('',(#4317));
#4131=SURFACE_SIDE_STYLE('',(#4318));
#4132=SURFACE_SIDE_STYLE('',(#4319));
#4133=SURFACE_SIDE_STYLE('',(#4320));
#4134=SURFACE_SIDE_STYLE('',(#4321));
#4135=SURFACE_SIDE_STYLE('',(#4322));
#4136=SURFACE_SIDE_STYLE('',(#4323));
#4137=SURFACE_SIDE_STYLE('',(#4324));
#4138=SURFACE_SIDE_STYLE('',(#4325));
#4139=SURFACE_SIDE_STYLE('',(#4326));
#4140=SURFACE_SIDE_STYLE('',(#4327));
#4141=SURFACE_SIDE_STYLE('',(#4328));
#4142=SURFACE_SIDE_STYLE('',(#4329));
#4143=SURFACE_SIDE_STYLE('',(#4330));
#4144=SURFACE_SIDE_STYLE('',(#4331));
#4145=SURFACE_SIDE_STYLE('',(#4332));
#4146=SURFACE_SIDE_STYLE('',(#4333));
#4147=SURFACE_SIDE_STYLE('',(#4334));
#4148=SURFACE_SIDE_STYLE('',(#4335));
#4149=SURFACE_SIDE_STYLE('',(#4336));
#4150=SURFACE_SIDE_STYLE('',(#4337));
#4151=SURFACE_SIDE_STYLE('',(#4338));
#4152=SURFACE_SIDE_STYLE('',(#4339));
#4153=SURFACE_STYLE_FILL_AREA(#4340);
#4154=SURFACE_STYLE_FILL_AREA(#4341);
#4155=SURFACE_STYLE_FILL_AREA(#4342);
#4156=SURFACE_STYLE_FILL_AREA(#4343);
#4157=SURFACE_STYLE_FILL_AREA(#4344);
#4158=SURFACE_STYLE_FILL_AREA(#4345);
#4159=SURFACE_STYLE_FILL_AREA(#4346);
#4160=SURFACE_STYLE_FILL_AREA(#4347);
#4161=SURFACE_STYLE_FILL_AREA(#4348);
#4162=SURFACE_STYLE_FILL_AREA(#4349);
#4163=SURFACE_STYLE_FILL_AREA(#4350);
#4164=SURFACE_STYLE_FILL_AREA(#4351);
#4165=SURFACE_STYLE_FILL_AREA(#4352);
#4166=SURFACE_STYLE_FILL_AREA(#4353);
#4167=SURFACE_STYLE_FILL_AREA(#4354);
#4168=SURFACE_STYLE_FILL_AREA(#4355);
#4169=SURFACE_STYLE_FILL_AREA(#4356);
#4170=SURFACE_STYLE_FILL_AREA(#4357);
#4171=SURFACE_STYLE_FILL_AREA(#4358);
#4172=SURFACE_STYLE_FILL_AREA(#4359);
#4173=SURFACE_STYLE_FILL_AREA(#4360);
#4174=SURFACE_STYLE_FILL_AREA(#4361);
#4175=SURFACE_STYLE_FILL_AREA(#4362);
#4176=SURFACE_STYLE_FILL_AREA(#4363);
#4177=SURFACE_STYLE_FILL_AREA(#4364);
#4178=SURFACE_STYLE_FILL_AREA(#4365);
#4179=SURFACE_STYLE_FILL_AREA(#4366);
#4180=SURFACE_STYLE_FILL_AREA(#4367);
#4181=SURFACE_STYLE_FILL_AREA(#4368);
#4182=SURFACE_STYLE_FILL_AREA(#4369);
#4183=SURFACE_STYLE_FILL_AREA(#4370);
#4184=SURFACE_STYLE_FILL_AREA(#4371);
#4185=SURFACE_STYLE_FILL_AREA(#4372);
#4186=SURFACE_STYLE_FILL_AREA(#4373);
#4187=SURFACE_STYLE_FILL_AREA(#4374);
#4188=SURFACE_STYLE_FILL_AREA(#4375);
#4189=SURFACE_STYLE_FILL_AREA(#4376);
#4190=SURFACE_STYLE_FILL_AREA(#4377);
#4191=SURFACE_STYLE_FILL_AREA(#4378);
#4192=SURFACE_STYLE_FILL_AREA(#4379);
#4193=SURFACE_STYLE_FILL_AREA(#4380);
#4194=SURFACE_STYLE_FILL_AREA(#4381);
#4195=SURFACE_STYLE_FILL_AREA(#4382);
#4196=SURFACE_STYLE_FILL_AREA(#4383);
#4197=SURFACE_STYLE_FILL_AREA(#4384);
#4198=SURFACE_STYLE_FILL_AREA(#4385);
#4199=SURFACE_STYLE_FILL_AREA(#4386);
#4200=SURFACE_STYLE_FILL_AREA(#4387);
#4201=SURFACE_STYLE_FILL_AREA(#4388);
#4202=SURFACE_STYLE_FILL_AREA(#4389);
#4203=SURFACE_STYLE_FILL_AREA(#4390);
#4204=SURFACE_STYLE_FILL_AREA(#4391);
#4205=SURFACE_STYLE_FILL_AREA(#4392);
#4206=SURFACE_STYLE_FILL_AREA(#4393);
#4207=SURFACE_STYLE_FILL_AREA(#4394);
#4208=SURFACE_STYLE_FILL_AREA(#4395);
#4209=SURFACE_STYLE_FILL_AREA(#4396);
#4210=SURFACE_STYLE_FILL_AREA(#4397);
#4211=SURFACE_STYLE_FILL_AREA(#4398);
#4212=SURFACE_STYLE_FILL_AREA(#4399);
#4213=SURFACE_STYLE_FILL_AREA(#4400);
#4214=SURFACE_STYLE_FILL_AREA(#4401);
#4215=SURFACE_STYLE_FILL_AREA(#4402);
#4216=SURFACE_STYLE_FILL_AREA(#4403);
#4217=SURFACE_STYLE_FILL_AREA(#4404);
#4218=SURFACE_STYLE_FILL_AREA(#4405);
#4219=SURFACE_STYLE_FILL_AREA(#4406);
#4220=SURFACE_STYLE_FILL_AREA(#4407);
#4221=SURFACE_STYLE_FILL_AREA(#4408);
#4222=SURFACE_STYLE_FILL_AREA(#4409);
#4223=SURFACE_STYLE_FILL_AREA(#4410);
#4224=SURFACE_STYLE_FILL_AREA(#4411);
#4225=SURFACE_STYLE_FILL_AREA(#4412);
#4226=SURFACE_STYLE_FILL_AREA(#4413);
#4227=SURFACE_STYLE_FILL_AREA(#4414);
#4228=SURFACE_STYLE_FILL_AREA(#4415);
#4229=SURFACE_STYLE_FILL_AREA(#4416);
#4230=SURFACE_STYLE_FILL_AREA(#4417);
#4231=SURFACE_STYLE_FILL_AREA(#4418);
#4232=SURFACE_STYLE_FILL_AREA(#4419);
#4233=SURFACE_STYLE_FILL_AREA(#4420);
#4234=SURFACE_STYLE_FILL_AREA(#4421);
#4235=SURFACE_STYLE_FILL_AREA(#4422);
#4236=SURFACE_STYLE_FILL_AREA(#4423);
#4237=SURFACE_STYLE_FILL_AREA(#4424);
#4238=SURFACE_STYLE_FILL_AREA(#4425);
#4239=SURFACE_STYLE_FILL_AREA(#4426);
#4240=SURFACE_STYLE_FILL_AREA(#4427);
#4241=SURFACE_STYLE_FILL_AREA(#4428);
#4242=SURFACE_STYLE_FILL_AREA(#4429);
#4243=SURFACE_STYLE_FILL_AREA(#4430);
#4244=SURFACE_STYLE_FILL_AREA(#4431);
#4245=SURFACE_STYLE_FILL_AREA(#4432);
#4246=SURFACE_STYLE_FILL_AREA(#4433);
#4247=SURFACE_STYLE_FILL_AREA(#4434);
#4248=SURFACE_STYLE_FILL_AREA(#4435);
#4249=SURFACE_STYLE_FILL_AREA(#4436);
#4250=SURFACE_STYLE_FILL_AREA(#4437);
#4251=SURFACE_STYLE_FILL_AREA(#4438);
#4252=SURFACE_STYLE_FILL_AREA(#4439);
#4253=SURFACE_STYLE_FILL_AREA(#4440);
#4254=SURFACE_STYLE_FILL_AREA(#4441);
#4255=SURFACE_STYLE_FILL_AREA(#4442);
#4256=SURFACE_STYLE_FILL_AREA(#4443);
#4257=SURFACE_STYLE_FILL_AREA(#4444);
#4258=SURFACE_STYLE_FILL_AREA(#4445);
#4259=SURFACE_STYLE_FILL_AREA(#4446);
#4260=SURFACE_STYLE_FILL_AREA(#4447);
#4261=SURFACE_STYLE_FILL_AREA(#4448);
#4262=SURFACE_STYLE_FILL_AREA(#4449);
#4263=SURFACE_STYLE_FILL_AREA(#4450);
#4264=SURFACE_STYLE_FILL_AREA(#4451);
#4265=SURFACE_STYLE_FILL_AREA(#4452);
#4266=SURFACE_STYLE_FILL_AREA(#4453);
#4267=SURFACE_STYLE_FILL_AREA(#4454);
#4268=SURFACE_STYLE_FILL_AREA(#4455);
#4269=SURFACE_STYLE_FILL_AREA(#4456);
#4270=SURFACE_STYLE_FILL_AREA(#4457);
#4271=SURFACE_STYLE_FILL_AREA(#4458);
#4272=SURFACE_STYLE_FILL_AREA(#4459);
#4273=SURFACE_STYLE_FILL_AREA(#4460);
#4274=SURFACE_STYLE_FILL_AREA(#4461);
#4275=SURFACE_STYLE_FILL_AREA(#4462);
#4276=SURFACE_STYLE_FILL_AREA(#4463);
#4277=SURFACE_STYLE_FILL_AREA(#4464);
#4278=SURFACE_STYLE_FILL_AREA(#4465);
#4279=SURFACE_STYLE_FILL_AREA(#4466);
#4280=SURFACE_STYLE_FILL_AREA(#4467);
#4281=SURFACE_STYLE_FILL_AREA(#4468);
#4282=SURFACE_STYLE_FILL_AREA(#4469);
#4283=SURFACE_STYLE_FILL_AREA(#4470);
#4284=SURFACE_STYLE_FILL_AREA(#4471);
#4285=SURFACE_STYLE_FILL_AREA(#4472);
#4286=SURFACE_STYLE_FILL_AREA(#4473);
#4287=SURFACE_STYLE_FILL_AREA(#4474);
#4288=SURFACE_STYLE_FILL_AREA(#4475);
#4289=SURFACE_STYLE_FILL_AREA(#4476);
#4290=SURFACE_STYLE_FILL_AREA(#4477);
#4291=SURFACE_STYLE_FILL_AREA(#4478);
#4292=SURFACE_STYLE_FILL_AREA(#4479);
#4293=SURFACE_STYLE_FILL_AREA(#4480);
#4294=SURFACE_STYLE_FILL_AREA(#4481);
#4295=SURFACE_STYLE_FILL_AREA(#4482);
#4296=SURFACE_STYLE_FILL_AREA(#4483);
#4297=SURFACE_STYLE_FILL_AREA(#4484);
#4298=SURFACE_STYLE_FILL_AREA(#4485);
#4299=SURFACE_STYLE_FILL_AREA(#4486);
#4300=SURFACE_STYLE_FILL_AREA(#4487);
#4301=SURFACE_STYLE_FILL_AREA(#4488);
#4302=SURFACE_STYLE_FILL_AREA(#4489);
#4303=SURFACE_STYLE_FILL_AREA(#4490);
#4304=SURFACE_STYLE_FILL_AREA(#4491);
#4305=SURFACE_STYLE_FILL_AREA(#4492);
#4306=SURFACE_STYLE_FILL_AREA(#4493);
#4307=SURFACE_STYLE_FILL_AREA(#4494);
#4308=SURFACE_STYLE_FILL_AREA(#4495);
#4309=SURFACE_STYLE_FILL_AREA(#4496);
#4310=SURFACE_STYLE_FILL_AREA(#4497);
#4311=SURFACE_STYLE_FILL_AREA(#4498);
#4312=SURFACE_STYLE_FILL_AREA(#4499);
#4313=SURFACE_STYLE_FILL_AREA(#4500);
#4314=SURFACE_STYLE_FILL_AREA(#4501);
#4315=SURFACE_STYLE_FILL_AREA(#4502);
#4316=SURFACE_STYLE_FILL_AREA(#4503);
#4317=SURFACE_STYLE_FILL_AREA(#4504);
#4318=SURFACE_STYLE_FILL_AREA(#4505);
#4319=SURFACE_STYLE_FILL_AREA(#4506);
#4320=SURFACE_STYLE_FILL_AREA(#4507);
#4321=SURFACE_STYLE_FILL_AREA(#4508);
#4322=SURFACE_STYLE_FILL_AREA(#4509);
#4323=SURFACE_STYLE_FILL_AREA(#4510);
#4324=SURFACE_STYLE_FILL_AREA(#4511);
#4325=SURFACE_STYLE_FILL_AREA(#4512);
#4326=SURFACE_STYLE_FILL_AREA(#4513);
#4327=SURFACE_STYLE_FILL_AREA(#4514);
#4328=SURFACE_STYLE_FILL_AREA(#4515);
#4329=SURFACE_STYLE_FILL_AREA(#4516);
#4330=SURFACE_STYLE_FILL_AREA(#4517);
#4331=SURFACE_STYLE_FILL_AREA(#4518);
#4332=SURFACE_STYLE_FILL_AREA(#4519);
#4333=SURFACE_STYLE_FILL_AREA(#4520);
#4334=SURFACE_STYLE_FILL_AREA(#4521);
#4335=SURFACE_STYLE_FILL_AREA(#4522);
#4336=SURFACE_STYLE_FILL_AREA(#4523);
#4337=SURFACE_STYLE_FILL_AREA(#4524);
#4338=SURFACE_STYLE_FILL_AREA(#4525);
#4339=SURFACE_STYLE_FILL_AREA(#4526);
#4340=FILL_AREA_STYLE('',(#4527));
#4341=FILL_AREA_STYLE('',(#4528));
#4342=FILL_AREA_STYLE('',(#4529));
#4343=FILL_AREA_STYLE('',(#4530));
#4344=FILL_AREA_STYLE('',(#4531));
#4345=FILL_AREA_STYLE('',(#4532));
#4346=FILL_AREA_STYLE('',(#4533));
#4347=FILL_AREA_STYLE('',(#4534));
#4348=FILL_AREA_STYLE('',(#4535));
#4349=FILL_AREA_STYLE('',(#4536));
#4350=FILL_AREA_STYLE('',(#4537));
#4351=FILL_AREA_STYLE('',(#4538));
#4352=FILL_AREA_STYLE('',(#4539));
#4353=FILL_AREA_STYLE('',(#4540));
#4354=FILL_AREA_STYLE('',(#4541));
#4355=FILL_AREA_STYLE('',(#4542));
#4356=FILL_AREA_STYLE('',(#4543));
#4357=FILL_AREA_STYLE('',(#4544));
#4358=FILL_AREA_STYLE('',(#4545));
#4359=FILL_AREA_STYLE('',(#4546));
#4360=FILL_AREA_STYLE('',(#4547));
#4361=FILL_AREA_STYLE('',(#4548));
#4362=FILL_AREA_STYLE('',(#4549));
#4363=FILL_AREA_STYLE('',(#4550));
#4364=FILL_AREA_STYLE('',(#4551));
#4365=FILL_AREA_STYLE('',(#4552));
#4366=FILL_AREA_STYLE('',(#4553));
#4367=FILL_AREA_STYLE('',(#4554));
#4368=FILL_AREA_STYLE('',(#4555));
#4369=FILL_AREA_STYLE('',(#4556));
#4370=FILL_AREA_STYLE('',(#4557));
#4371=FILL_AREA_STYLE('',(#4558));
#4372=FILL_AREA_STYLE('',(#4559));
#4373=FILL_AREA_STYLE('',(#4560));
#4374=FILL_AREA_STYLE('',(#4561));
#4375=FILL_AREA_STYLE('',(#4562));
#4376=FILL_AREA_STYLE('',(#4563));
#4377=FILL_AREA_STYLE('',(#4564));
#4378=FILL_AREA_STYLE('',(#4565));
#4379=FILL_AREA_STYLE('',(#4566));
#4380=FILL_AREA_STYLE('',(#4567));
#4381=FILL_AREA_STYLE('',(#4568));
#4382=FILL_AREA_STYLE('',(#4569));
#4383=FILL_AREA_STYLE('',(#4570));
#4384=FILL_AREA_STYLE('',(#4571));
#4385=FILL_AREA_STYLE('',(#4572));
#4386=FILL_AREA_STYLE('',(#4573));
#4387=FILL_AREA_STYLE('',(#4574));
#4388=FILL_AREA_STYLE('',(#4575));
#4389=FILL_AREA_STYLE('',(#4576));
#4390=FILL_AREA_STYLE('',(#4577));
#4391=FILL_AREA_STYLE('',(#4578));
#4392=FILL_AREA_STYLE('',(#4579));
#4393=FILL_AREA_STYLE('',(#4580));
#4394=FILL_AREA_STYLE('',(#4581));
#4395=FILL_AREA_STYLE('',(#4582));
#4396=FILL_AREA_STYLE('',(#4583));
#4397=FILL_AREA_STYLE('',(#4584));
#4398=FILL_AREA_STYLE('',(#4585));
#4399=FILL_AREA_STYLE('',(#4586));
#4400=FILL_AREA_STYLE('',(#4587));
#4401=FILL_AREA_STYLE('',(#4588));
#4402=FILL_AREA_STYLE('',(#4589));
#4403=FILL_AREA_STYLE('',(#4590));
#4404=FILL_AREA_STYLE('',(#4591));
#4405=FILL_AREA_STYLE('',(#4592));
#4406=FILL_AREA_STYLE('',(#4593));
#4407=FILL_AREA_STYLE('',(#4594));
#4408=FILL_AREA_STYLE('',(#4595));
#4409=FILL_AREA_STYLE('',(#4596));
#4410=FILL_AREA_STYLE('',(#4597));
#4411=FILL_AREA_STYLE('',(#4598));
#4412=FILL_AREA_STYLE('',(#4599));
#4413=FILL_AREA_STYLE('',(#4600));
#4414=FILL_AREA_STYLE('',(#4601));
#4415=FILL_AREA_STYLE('',(#4602));
#4416=FILL_AREA_STYLE('',(#4603));
#4417=FILL_AREA_STYLE('',(#4604));
#4418=FILL_AREA_STYLE('',(#4605));
#4419=FILL_AREA_STYLE('',(#4606));
#4420=FILL_AREA_STYLE('',(#4607));
#4421=FILL_AREA_STYLE('',(#4608));
#4422=FILL_AREA_STYLE('',(#4609));
#4423=FILL_AREA_STYLE('',(#4610));
#4424=FILL_AREA_STYLE('',(#4611));
#4425=FILL_AREA_STYLE('',(#4612));
#4426=FILL_AREA_STYLE('',(#4613));
#4427=FILL_AREA_STYLE('',(#4614));
#4428=FILL_AREA_STYLE('',(#4615));
#4429=FILL_AREA_STYLE('',(#4616));
#4430=FILL_AREA_STYLE('',(#4617));
#4431=FILL_AREA_STYLE('',(#4618));
#4432=FILL_AREA_STYLE('',(#4619));
#4433=FILL_AREA_STYLE('',(#4620));
#4434=FILL_AREA_STYLE('',(#4621));
#4435=FILL_AREA_STYLE('',(#4622));
#4436=FILL_AREA_STYLE('',(#4623));
#4437=FILL_AREA_STYLE('',(#4624));
#4438=FILL_AREA_STYLE('',(#4625));
#4439=FILL_AREA_STYLE('',(#4626));
#4440=FILL_AREA_STYLE('',(#4627));
#4441=FILL_AREA_STYLE('',(#4628));
#4442=FILL_AREA_STYLE('',(#4629));
#4443=FILL_AREA_STYLE('',(#4630));
#4444=FILL_AREA_STYLE('',(#4631));
#4445=FILL_AREA_STYLE('',(#4632));
#4446=FILL_AREA_STYLE('',(#4633));
#4447=FILL_AREA_STYLE('',(#4634));
#4448=FILL_AREA_STYLE('',(#4635));
#4449=FILL_AREA_STYLE('',(#4636));
#4450=FILL_AREA_STYLE('',(#4637));
#4451=FILL_AREA_STYLE('',(#4638));
#4452=FILL_AREA_STYLE('',(#4639));
#4453=FILL_AREA_STYLE('',(#4640));
#4454=FILL_AREA_STYLE('',(#4641));
#4455=FILL_AREA_STYLE('',(#4642));
#4456=FILL_AREA_STYLE('',(#4643));
#4457=FILL_AREA_STYLE('',(#4644));
#4458=FILL_AREA_STYLE('',(#4645));
#4459=FILL_AREA_STYLE('',(#4646));
#4460=FILL_AREA_STYLE('',(#4647));
#4461=FILL_AREA_STYLE('',(#4648));
#4462=FILL_AREA_STYLE('',(#4649));
#4463=FILL_AREA_STYLE('',(#4650));
#4464=FILL_AREA_STYLE('',(#4651));
#4465=FILL_AREA_STYLE('',(#4652));
#4466=FILL_AREA_STYLE('',(#4653));
#4467=FILL_AREA_STYLE('',(#4654));
#4468=FILL_AREA_STYLE('',(#4655));
#4469=FILL_AREA_STYLE('',(#4656));
#4470=FILL_AREA_STYLE('',(#4657));
#4471=FILL_AREA_STYLE('',(#4658));
#4472=FILL_AREA_STYLE('',(#4659));
#4473=FILL_AREA_STYLE('',(#4660));
#4474=FILL_AREA_STYLE('',(#4661));
#4475=FILL_AREA_STYLE('',(#4662));
#4476=FILL_AREA_STYLE('',(#4663));
#4477=FILL_AREA_STYLE('',(#4664));
#4478=FILL_AREA_STYLE('',(#4665));
#4479=FILL_AREA_STYLE('',(#4666));
#4480=FILL_AREA_STYLE('',(#4667));
#4481=FILL_AREA_STYLE('',(#4668));
#4482=FILL_AREA_STYLE('',(#4669));
#4483=FILL_AREA_STYLE('',(#4670));
#4484=FILL_AREA_STYLE('',(#4671));
#4485=FILL_AREA_STYLE('',(#4672));
#4486=FILL_AREA_STYLE('',(#4673));
#4487=FILL_AREA_STYLE('',(#4674));
#4488=FILL_AREA_STYLE('',(#4675));
#4489=FILL_AREA_STYLE('',(#4676));
#4490=FILL_AREA_STYLE('',(#4677));
#4491=FILL_AREA_STYLE('',(#4678));
#4492=FILL_AREA_STYLE('',(#4679));
#4493=FILL_AREA_STYLE('',(#4680));
#4494=FILL_AREA_STYLE('',(#4681));
#4495=FILL_AREA_STYLE('',(#4682));
#4496=FILL_AREA_STYLE('',(#4683));
#4497=FILL_AREA_STYLE('',(#4684));
#4498=FILL_AREA_STYLE('',(#4685));
#4499=FILL_AREA_STYLE('',(#4686));
#4500=FILL_AREA_STYLE('',(#4687));
#4501=FILL_AREA_STYLE('',(#4688));
#4502=FILL_AREA_STYLE('',(#4689));
#4503=FILL_AREA_STYLE('',(#4690));
#4504=FILL_AREA_STYLE('',(#4691));
#4505=FILL_AREA_STYLE('',(#4692));
#4506=FILL_AREA_STYLE('',(#4693));
#4507=FILL_AREA_STYLE('',(#4694));
#4508=FILL_AREA_STYLE('',(#4695));
#4509=FILL_AREA_STYLE('',(#4696));
#4510=FILL_AREA_STYLE('',(#4697));
#4511=FILL_AREA_STYLE('',(#4698));
#4512=FILL_AREA_STYLE('',(#4699));
#4513=FILL_AREA_STYLE('',(#4700));
#4514=FILL_AREA_STYLE('',(#4701));
#4515=FILL_AREA_STYLE('',(#4702));
#4516=FILL_AREA_STYLE('',(#4703));
#4517=FILL_AREA_STYLE('',(#4704));
#4518=FILL_AREA_STYLE('',(#4705));
#4519=FILL_AREA_STYLE('',(#4706));
#4520=FILL_AREA_STYLE('',(#4707));
#4521=FILL_AREA_STYLE('',(#4708));
#4522=FILL_AREA_STYLE('',(#4709));
#4523=FILL_AREA_STYLE('',(#4710));
#4524=FILL_AREA_STYLE('',(#4711));
#4525=FILL_AREA_STYLE('',(#4712));
#4526=FILL_AREA_STYLE('',(#4713));
#4527=FILL_AREA_STYLE_COLOUR('',#4714);
#4528=FILL_AREA_STYLE_COLOUR('',#4714);
#4529=FILL_AREA_STYLE_COLOUR('',#4714);
#4530=FILL_AREA_STYLE_COLOUR('',#4714);
#4531=FILL_AREA_STYLE_COLOUR('',#4714);
#4532=FILL_AREA_STYLE_COLOUR('',#4714);
#4533=FILL_AREA_STYLE_COLOUR('',#4714);
#4534=FILL_AREA_STYLE_COLOUR('',#4714);
#4535=FILL_AREA_STYLE_COLOUR('',#40);
#4536=FILL_AREA_STYLE_COLOUR('',#4714);
#4537=FILL_AREA_STYLE_COLOUR('',#4714);
#4538=FILL_AREA_STYLE_COLOUR('',#4714);
#4539=FILL_AREA_STYLE_COLOUR('',#4714);
#4540=FILL_AREA_STYLE_COLOUR('',#4714);
#4541=FILL_AREA_STYLE_COLOUR('',#4714);
#4542=FILL_AREA_STYLE_COLOUR('',#4714);
#4543=FILL_AREA_STYLE_COLOUR('',#4714);
#4544=FILL_AREA_STYLE_COLOUR('',#4714);
#4545=FILL_AREA_STYLE_COLOUR('',#4714);
#4546=FILL_AREA_STYLE_COLOUR('',#4714);
#4547=FILL_AREA_STYLE_COLOUR('',#4714);
#4548=FILL_AREA_STYLE_COLOUR('',#4714);
#4549=FILL_AREA_STYLE_COLOUR('',#4714);
#4550=FILL_AREA_STYLE_COLOUR('',#4714);
#4551=FILL_AREA_STYLE_COLOUR('',#4714);
#4552=FILL_AREA_STYLE_COLOUR('',#4714);
#4553=FILL_AREA_STYLE_COLOUR('',#4714);
#4554=FILL_AREA_STYLE_COLOUR('',#4714);
#4555=FILL_AREA_STYLE_COLOUR('',#4714);
#4556=FILL_AREA_STYLE_COLOUR('',#4714);
#4557=FILL_AREA_STYLE_COLOUR('',#4714);
#4558=FILL_AREA_STYLE_COLOUR('',#4714);
#4559=FILL_AREA_STYLE_COLOUR('',#4714);
#4560=FILL_AREA_STYLE_COLOUR('',#4714);
#4561=FILL_AREA_STYLE_COLOUR('',#4714);
#4562=FILL_AREA_STYLE_COLOUR('',#4714);
#4563=FILL_AREA_STYLE_COLOUR('',#4714);
#4564=FILL_AREA_STYLE_COLOUR('',#4714);
#4565=FILL_AREA_STYLE_COLOUR('',#4714);
#4566=FILL_AREA_STYLE_COLOUR('',#4714);
#4567=FILL_AREA_STYLE_COLOUR('',#4714);
#4568=FILL_AREA_STYLE_COLOUR('',#4714);
#4569=FILL_AREA_STYLE_COLOUR('',#4714);
#4570=FILL_AREA_STYLE_COLOUR('',#4714);
#4571=FILL_AREA_STYLE_COLOUR('',#4714);
#4572=FILL_AREA_STYLE_COLOUR('',#4714);
#4573=FILL_AREA_STYLE_COLOUR('',#4714);
#4574=FILL_AREA_STYLE_COLOUR('',#4714);
#4575=FILL_AREA_STYLE_COLOUR('',#4714);
#4576=FILL_AREA_STYLE_COLOUR('',#4714);
#4577=FILL_AREA_STYLE_COLOUR('',#4714);
#4578=FILL_AREA_STYLE_COLOUR('',#4714);
#4579=FILL_AREA_STYLE_COLOUR('',#4714);
#4580=FILL_AREA_STYLE_COLOUR('',#4714);
#4581=FILL_AREA_STYLE_COLOUR('',#4714);
#4582=FILL_AREA_STYLE_COLOUR('',#4714);
#4583=FILL_AREA_STYLE_COLOUR('',#4714);
#4584=FILL_AREA_STYLE_COLOUR('',#4714);
#4585=FILL_AREA_STYLE_COLOUR('',#4714);
#4586=FILL_AREA_STYLE_COLOUR('',#4714);
#4587=FILL_AREA_STYLE_COLOUR('',#4714);
#4588=FILL_AREA_STYLE_COLOUR('',#4714);
#4589=FILL_AREA_STYLE_COLOUR('',#4714);
#4590=FILL_AREA_STYLE_COLOUR('',#4715);
#4591=FILL_AREA_STYLE_COLOUR('',#4715);
#4592=FILL_AREA_STYLE_COLOUR('',#4715);
#4593=FILL_AREA_STYLE_COLOUR('',#4715);
#4594=FILL_AREA_STYLE_COLOUR('',#4714);
#4595=FILL_AREA_STYLE_COLOUR('',#4714);
#4596=FILL_AREA_STYLE_COLOUR('',#4714);
#4597=FILL_AREA_STYLE_COLOUR('',#4714);
#4598=FILL_AREA_STYLE_COLOUR('',#4714);
#4599=FILL_AREA_STYLE_COLOUR('',#4714);
#4600=FILL_AREA_STYLE_COLOUR('',#4714);
#4601=FILL_AREA_STYLE_COLOUR('',#4714);
#4602=FILL_AREA_STYLE_COLOUR('',#4714);
#4603=FILL_AREA_STYLE_COLOUR('',#4714);
#4604=FILL_AREA_STYLE_COLOUR('',#4714);
#4605=FILL_AREA_STYLE_COLOUR('',#4714);
#4606=FILL_AREA_STYLE_COLOUR('',#4714);
#4607=FILL_AREA_STYLE_COLOUR('',#4714);
#4608=FILL_AREA_STYLE_COLOUR('',#4714);
#4609=FILL_AREA_STYLE_COLOUR('',#4714);
#4610=FILL_AREA_STYLE_COLOUR('',#4714);
#4611=FILL_AREA_STYLE_COLOUR('',#4714);
#4612=FILL_AREA_STYLE_COLOUR('',#4714);
#4613=FILL_AREA_STYLE_COLOUR('',#4714);
#4614=FILL_AREA_STYLE_COLOUR('',#4714);
#4615=FILL_AREA_STYLE_COLOUR('',#4714);
#4616=FILL_AREA_STYLE_COLOUR('',#4714);
#4617=FILL_AREA_STYLE_COLOUR('',#4714);
#4618=FILL_AREA_STYLE_COLOUR('',#4714);
#4619=FILL_AREA_STYLE_COLOUR('',#4714);
#4620=FILL_AREA_STYLE_COLOUR('',#4714);
#4621=FILL_AREA_STYLE_COLOUR('',#4715);
#4622=FILL_AREA_STYLE_COLOUR('',#4715);
#4623=FILL_AREA_STYLE_COLOUR('',#4715);
#4624=FILL_AREA_STYLE_COLOUR('',#4715);
#4625=FILL_AREA_STYLE_COLOUR('',#4715);
#4626=FILL_AREA_STYLE_COLOUR('',#4715);
#4627=FILL_AREA_STYLE_COLOUR('',#4714);
#4628=FILL_AREA_STYLE_COLOUR('',#4714);
#4629=FILL_AREA_STYLE_COLOUR('',#4714);
#4630=FILL_AREA_STYLE_COLOUR('',#4714);
#4631=FILL_AREA_STYLE_COLOUR('',#40);
#4632=FILL_AREA_STYLE_COLOUR('',#4715);
#4633=FILL_AREA_STYLE_COLOUR('',#4715);
#4634=FILL_AREA_STYLE_COLOUR('',#4715);
#4635=FILL_AREA_STYLE_COLOUR('',#4715);
#4636=FILL_AREA_STYLE_COLOUR('',#4715);
#4637=FILL_AREA_STYLE_COLOUR('',#4715);
#4638=FILL_AREA_STYLE_COLOUR('',#4715);
#4639=FILL_AREA_STYLE_COLOUR('',#4715);
#4640=FILL_AREA_STYLE_COLOUR('',#4715);
#4641=FILL_AREA_STYLE_COLOUR('',#4715);
#4642=FILL_AREA_STYLE_COLOUR('',#4715);
#4643=FILL_AREA_STYLE_COLOUR('',#4715);
#4644=FILL_AREA_STYLE_COLOUR('',#4715);
#4645=FILL_AREA_STYLE_COLOUR('',#4715);
#4646=FILL_AREA_STYLE_COLOUR('',#4715);
#4647=FILL_AREA_STYLE_COLOUR('',#4715);
#4648=FILL_AREA_STYLE_COLOUR('',#4714);
#4649=FILL_AREA_STYLE_COLOUR('',#4714);
#4650=FILL_AREA_STYLE_COLOUR('',#4714);
#4651=FILL_AREA_STYLE_COLOUR('',#4714);
#4652=FILL_AREA_STYLE_COLOUR('',#4714);
#4653=FILL_AREA_STYLE_COLOUR('',#4714);
#4654=FILL_AREA_STYLE_COLOUR('',#4714);
#4655=FILL_AREA_STYLE_COLOUR('',#4714);
#4656=FILL_AREA_STYLE_COLOUR('',#4714);
#4657=FILL_AREA_STYLE_COLOUR('',#4714);
#4658=FILL_AREA_STYLE_COLOUR('',#4714);
#4659=FILL_AREA_STYLE_COLOUR('',#4714);
#4660=FILL_AREA_STYLE_COLOUR('',#4714);
#4661=FILL_AREA_STYLE_COLOUR('',#4714);
#4662=FILL_AREA_STYLE_COLOUR('',#4714);
#4663=FILL_AREA_STYLE_COLOUR('',#4714);
#4664=FILL_AREA_STYLE_COLOUR('',#4714);
#4665=FILL_AREA_STYLE_COLOUR('',#4714);
#4666=FILL_AREA_STYLE_COLOUR('',#4714);
#4667=FILL_AREA_STYLE_COLOUR('',#4714);
#4668=FILL_AREA_STYLE_COLOUR('',#40);
#4669=FILL_AREA_STYLE_COLOUR('',#40);
#4670=FILL_AREA_STYLE_COLOUR('',#40);
#4671=FILL_AREA_STYLE_COLOUR('',#40);
#4672=FILL_AREA_STYLE_COLOUR('',#4714);
#4673=FILL_AREA_STYLE_COLOUR('',#4714);
#4674=FILL_AREA_STYLE_COLOUR('',#4714);
#4675=FILL_AREA_STYLE_COLOUR('',#4714);
#4676=FILL_AREA_STYLE_COLOUR('',#4714);
#4677=FILL_AREA_STYLE_COLOUR('',#4714);
#4678=FILL_AREA_STYLE_COLOUR('',#4714);
#4679=FILL_AREA_STYLE_COLOUR('',#4714);
#4680=FILL_AREA_STYLE_COLOUR('',#4714);
#4681=FILL_AREA_STYLE_COLOUR('',#4714);
#4682=FILL_AREA_STYLE_COLOUR('',#4714);
#4683=FILL_AREA_STYLE_COLOUR('',#4714);
#4684=FILL_AREA_STYLE_COLOUR('',#4714);
#4685=FILL_AREA_STYLE_COLOUR('',#4714);
#4686=FILL_AREA_STYLE_COLOUR('',#4714);
#4687=FILL_AREA_STYLE_COLOUR('',#4714);
#4688=FILL_AREA_STYLE_COLOUR('',#4714);
#4689=FILL_AREA_STYLE_COLOUR('',#4714);
#4690=FILL_AREA_STYLE_COLOUR('',#4714);
#4691=FILL_AREA_STYLE_COLOUR('',#4714);
#4692=FILL_AREA_STYLE_COLOUR('',#4714);
#4693=FILL_AREA_STYLE_COLOUR('',#4714);
#4694=FILL_AREA_STYLE_COLOUR('',#4714);
#4695=FILL_AREA_STYLE_COLOUR('',#4714);
#4696=FILL_AREA_STYLE_COLOUR('',#4714);
#4697=FILL_AREA_STYLE_COLOUR('',#4714);
#4698=FILL_AREA_STYLE_COLOUR('',#40);
#4699=FILL_AREA_STYLE_COLOUR('',#40);
#4700=FILL_AREA_STYLE_COLOUR('',#40);
#4701=FILL_AREA_STYLE_COLOUR('',#40);
#4702=FILL_AREA_STYLE_COLOUR('',#4714);
#4703=FILL_AREA_STYLE_COLOUR('',#4714);
#4704=FILL_AREA_STYLE_COLOUR('',#4714);
#4705=FILL_AREA_STYLE_COLOUR('',#4714);
#4706=FILL_AREA_STYLE_COLOUR('',#4714);
#4707=FILL_AREA_STYLE_COLOUR('',#40);
#4708=FILL_AREA_STYLE_COLOUR('',#4714);
#4709=FILL_AREA_STYLE_COLOUR('',#40);
#4710=FILL_AREA_STYLE_COLOUR('',#41);
#4711=FILL_AREA_STYLE_COLOUR('',#41);
#4712=FILL_AREA_STYLE_COLOUR('',#4714);
#4713=FILL_AREA_STYLE_COLOUR('',#4714);
#4714=COLOUR_RGB('',0.200000002980232,0.200000002980232,0.200000002980232);
#4715=COLOUR_RGB('',0.699999988079071,0.699999988079071,0.699999988079071);
#4716=ADVANCED_FACE('',(#3170,#3171),#3378,.F.);
#4717=ADVANCED_FACE('',(#3172),#966,.F.);
#4718=ADVANCED_FACE('',(#3173),#967,.F.);
#4719=ADVANCED_FACE('',(#3174),#968,.F.);
#4720=ADVANCED_FACE('',(#3175),#969,.F.);
#4721=ADVANCED_FACE('',(#3176,#3177,#3178),#3379,.F.);
#4722=ADVANCED_FACE('',(#3179),#970,.T.);
#4723=ADVANCED_FACE('',(#3180),#971,.F.);
#4724=ADVANCED_FACE('',(#3181,#3182),#972,.T.);
#4725=ADVANCED_FACE('',(#3183),#973,.T.);
#4726=ADVANCED_FACE('',(#3184),#974,.T.);
#4727=ADVANCED_FACE('',(#3185),#975,.T.);
#4728=ADVANCED_FACE('',(#3186),#976,.T.);
#4729=ADVANCED_FACE('',(#3187),#977,.T.);
#4730=ADVANCED_FACE('',(#3188),#978,.T.);
#4731=ADVANCED_FACE('',(#3189),#979,.T.);
#4732=ADVANCED_FACE('',(#3190),#980,.T.);
#4733=ADVANCED_FACE('',(#3191),#981,.T.);
#4734=ADVANCED_FACE('',(#3192),#982,.T.);
#4735=ADVANCED_FACE('',(#3193),#983,.T.);
#4736=ADVANCED_FACE('',(#3194),#984,.T.);
#4737=ADVANCED_FACE('',(#3195),#985,.T.);
#4738=ADVANCED_FACE('',(#3196),#986,.T.);
#4739=ADVANCED_FACE('',(#3197),#987,.T.);
#4740=ADVANCED_FACE('',(#3198),#988,.T.);
#4741=ADVANCED_FACE('',(#3199),#989,.T.);
#4742=ADVANCED_FACE('',(#3200),#990,.T.);
#4743=ADVANCED_FACE('',(#3201),#991,.T.);
#4744=ADVANCED_FACE('',(#3202),#992,.T.);
#4745=ADVANCED_FACE('',(#3203),#993,.T.);
#4746=ADVANCED_FACE('',(#3204),#994,.T.);
#4747=ADVANCED_FACE('',(#3205),#995,.T.);
#4748=ADVANCED_FACE('',(#3206),#996,.T.);
#4749=ADVANCED_FACE('',(#3207),#997,.T.);
#4750=ADVANCED_FACE('',(#3208),#998,.F.);
#4751=ADVANCED_FACE('',(#3209),#999,.F.);
#4752=ADVANCED_FACE('',(#3210),#1000,.T.);
#4753=ADVANCED_FACE('',(#3211),#1001,.F.);
#4754=ADVANCED_FACE('',(#3212),#1002,.F.);
#4755=ADVANCED_FACE('',(#3213),#1003,.T.);
#4756=ADVANCED_FACE('',(#3214),#1004,.F.);
#4757=ADVANCED_FACE('',(#3215),#1005,.F.);
#4758=ADVANCED_FACE('',(#3216),#1006,.T.);
#4759=ADVANCED_FACE('',(#3217),#1007,.F.);
#4760=ADVANCED_FACE('',(#3218),#1008,.F.);
#4761=ADVANCED_FACE('',(#3219),#1009,.T.);
#4762=ADVANCED_FACE('',(#3220),#1010,.F.);
#4763=ADVANCED_FACE('',(#3221),#1011,.F.);
#4764=ADVANCED_FACE('',(#3222),#1012,.T.);
#4765=ADVANCED_FACE('',(#3223),#1013,.F.);
#4766=ADVANCED_FACE('',(#3224),#1014,.F.);
#4767=ADVANCED_FACE('',(#3225),#1015,.T.);
#4768=ADVANCED_FACE('',(#3226),#1016,.F.);
#4769=ADVANCED_FACE('',(#3227),#1017,.F.);
#4770=ADVANCED_FACE('',(#3228),#1018,.T.);
#4771=ADVANCED_FACE('',(#3229),#1019,.F.);
#4772=ADVANCED_FACE('',(#3230),#1020,.F.);
#4773=ADVANCED_FACE('',(#3231),#1021,.T.);
#4774=ADVANCED_FACE('',(#3232),#1022,.T.);
#4775=ADVANCED_FACE('',(#3233),#1023,.T.);
#4776=ADVANCED_FACE('',(#3234),#1024,.F.);
#4777=ADVANCED_FACE('',(#3235),#1025,.T.);
#4778=ADVANCED_FACE('',(#3236,#3237,#3238,#3239),#1026,.F.);
#4779=ADVANCED_FACE('',(#3240,#3241),#1027,.T.);
#4780=ADVANCED_FACE('',(#3242,#3243),#1028,.T.);
#4781=ADVANCED_FACE('',(#3244,#3245),#1029,.T.);
#4782=ADVANCED_FACE('',(#3246,#3247),#1030,.T.);
#4783=ADVANCED_FACE('',(#3248),#1031,.T.);
#4784=ADVANCED_FACE('',(#3249),#1032,.T.);
#4785=ADVANCED_FACE('',(#3250),#1033,.F.);
#4786=ADVANCED_FACE('',(#3251),#1034,.F.);
#4787=ADVANCED_FACE('',(#3252),#1035,.F.);
#4788=ADVANCED_FACE('',(#3253),#1036,.F.);
#4789=ADVANCED_FACE('',(#3254),#1037,.F.);
#4790=ADVANCED_FACE('',(#3255),#1038,.F.);
#4791=ADVANCED_FACE('',(#3256,#3257),#1039,.T.);
#4792=ADVANCED_FACE('',(#3258,#3259,#3260,#3261),#1040,.T.);
#4793=ADVANCED_FACE('',(#3262,#3263),#1041,.F.);
#4794=ADVANCED_FACE('',(#3264,#3265),#1042,.T.);
#4795=ADVANCED_FACE('',(#3266),#1043,.T.);
#4796=ADVANCED_FACE('',(#3267),#1044,.T.);
#4797=ADVANCED_FACE('',(#3268),#1045,.T.);
#4798=ADVANCED_FACE('',(#3269),#1046,.T.);
#4799=ADVANCED_FACE('',(#3270),#1047,.F.);
#4800=ADVANCED_FACE('',(#3271),#1048,.F.);
#4801=ADVANCED_FACE('',(#3272),#1049,.F.);
#4802=ADVANCED_FACE('',(#3273),#1050,.T.);
#4803=ADVANCED_FACE('',(#3274),#1051,.T.);
#4804=ADVANCED_FACE('',(#3275),#1052,.T.);
#4805=ADVANCED_FACE('',(#3276),#1053,.T.);
#4806=ADVANCED_FACE('',(#3277),#1054,.T.);
#4807=ADVANCED_FACE('',(#3278),#1055,.T.);
#4808=ADVANCED_FACE('',(#3279),#1056,.T.);
#4809=ADVANCED_FACE('',(#3280),#1057,.T.);
#4810=ADVANCED_FACE('',(#3281),#1058,.F.);
#4811=ADVANCED_FACE('',(#3282),#1059,.T.);
#4812=ADVANCED_FACE('',(#3283),#1060,.T.);
#4813=ADVANCED_FACE('',(#3284),#1061,.F.);
#4814=ADVANCED_FACE('',(#3285),#1062,.T.);
#4815=ADVANCED_FACE('',(#3286),#1063,.T.);
#4816=ADVANCED_FACE('',(#3287),#1064,.F.);
#4817=ADVANCED_FACE('',(#3288),#1065,.F.);
#4818=ADVANCED_FACE('',(#3289),#1066,.F.);
#4819=ADVANCED_FACE('',(#3290),#1067,.F.);
#4820=ADVANCED_FACE('',(#3291),#1068,.F.);
#4821=ADVANCED_FACE('',(#3292),#1069,.F.);
#4822=ADVANCED_FACE('',(#3293),#1070,.T.);
#4823=ADVANCED_FACE('',(#3294),#1071,.T.);
#4824=ADVANCED_FACE('',(#3295),#1072,.F.);
#4825=ADVANCED_FACE('',(#3296),#1073,.F.);
#4826=ADVANCED_FACE('',(#3297),#1074,.F.);
#4827=ADVANCED_FACE('',(#3298),#1075,.F.);
#4828=ADVANCED_FACE('',(#3299),#1076,.F.);
#4829=ADVANCED_FACE('',(#3300),#1077,.T.);
#4830=ADVANCED_FACE('',(#3301),#1078,.T.);
#4831=ADVANCED_FACE('',(#3302),#1079,.T.);
#4832=ADVANCED_FACE('',(#3303),#1080,.T.);
#4833=ADVANCED_FACE('',(#3304),#1081,.T.);
#4834=ADVANCED_FACE('',(#3305),#1082,.T.);
#4835=ADVANCED_FACE('',(#3306),#1083,.T.);
#4836=ADVANCED_FACE('',(#3307),#1084,.T.);
#4837=ADVANCED_FACE('',(#3308),#1085,.F.);
#4838=ADVANCED_FACE('',(#3309),#1086,.T.);
#4839=ADVANCED_FACE('',(#3310),#1087,.T.);
#4840=ADVANCED_FACE('',(#3311),#1088,.F.);
#4841=ADVANCED_FACE('',(#3312),#1089,.T.);
#4842=ADVANCED_FACE('',(#3313),#1090,.T.);
#4843=ADVANCED_FACE('',(#3314),#1091,.T.);
#4844=ADVANCED_FACE('',(#3315),#1092,.F.);
#4845=ADVANCED_FACE('',(#3316),#1093,.F.);
#4846=ADVANCED_FACE('',(#3317),#1094,.T.);
#4847=ADVANCED_FACE('',(#3318),#1095,.F.);
#4848=ADVANCED_FACE('',(#3319),#1096,.F.);
#4849=ADVANCED_FACE('',(#3320),#1097,.T.);
#4850=ADVANCED_FACE('',(#3321),#1098,.T.);
#4851=ADVANCED_FACE('',(#3322),#1099,.T.);
#4852=ADVANCED_FACE('',(#3323),#1100,.T.);
#4853=ADVANCED_FACE('',(#3324),#1101,.F.);
#4854=ADVANCED_FACE('',(#3325),#1102,.F.);
#4855=ADVANCED_FACE('',(#3326),#1103,.T.);
#4856=ADVANCED_FACE('',(#3327),#1104,.T.);
#4857=ADVANCED_FACE('',(#3328),#1105,.F.);
#4858=ADVANCED_FACE('',(#3329),#1106,.F.);
#4859=ADVANCED_FACE('',(#3330),#1107,.F.);
#4860=ADVANCED_FACE('',(#3331),#1108,.F.);
#4861=ADVANCED_FACE('',(#3332),#1109,.T.);
#4862=ADVANCED_FACE('',(#3333),#1110,.T.);
#4863=ADVANCED_FACE('',(#3334),#1111,.T.);
#4864=ADVANCED_FACE('',(#3335),#3380,.T.);
#4865=ADVANCED_FACE('',(#3336),#28,.T.);
#4866=ADVANCED_FACE('',(#3337),#3381,.T.);
#4867=ADVANCED_FACE('',(#3338),#29,.T.);
#4868=ADVANCED_FACE('',(#3339),#3382,.T.);
#4869=ADVANCED_FACE('',(#3340),#30,.T.);
#4870=ADVANCED_FACE('',(#3341),#3383,.T.);
#4871=ADVANCED_FACE('',(#3342),#31,.T.);
#4872=ADVANCED_FACE('',(#3343),#3384,.T.);
#4873=ADVANCED_FACE('',(#3344),#24,.T.);
#4874=ADVANCED_FACE('',(#3345),#3385,.T.);
#4875=ADVANCED_FACE('',(#3346),#25,.T.);
#4876=ADVANCED_FACE('',(#3347),#3386,.T.);
#4877=ADVANCED_FACE('',(#3348),#26,.T.);
#4878=ADVANCED_FACE('',(#3349),#3387,.T.);
#4879=ADVANCED_FACE('',(#3350),#27,.T.);
#4880=ADVANCED_FACE('',(#3351),#3388,.T.);
#4881=ADVANCED_FACE('',(#3352),#20,.T.);
#4882=ADVANCED_FACE('',(#3353),#3389,.T.);
#4883=ADVANCED_FACE('',(#3354),#21,.T.);
#4884=ADVANCED_FACE('',(#3355),#22,.T.);
#4885=ADVANCED_FACE('',(#3356),#3390,.T.);
#4886=ADVANCED_FACE('',(#3357),#23,.T.);
#4887=ADVANCED_FACE('',(#3358),#3391,.F.);
#4888=ADVANCED_FACE('',(#3359),#3392,.F.);
#4889=ADVANCED_FACE('',(#3360),#3393,.F.);
#4890=ADVANCED_FACE('',(#3361),#3394,.F.);
#4891=ADVANCED_FACE('',(#3362),#3395,.T.);
#4892=ADVANCED_FACE('',(#3363),#3396,.T.);
#4893=ADVANCED_FACE('',(#3364),#3397,.T.);
#4894=ADVANCED_FACE('',(#3365),#3398,.T.);
#4895=ADVANCED_FACE('',(#3366,#3367),#3399,.F.);
#4896=ADVANCED_FACE('',(#3368),#1112,.F.);
#4897=ADVANCED_FACE('',(#3369,#3370),#3400,.F.);
#4898=ADVANCED_FACE('',(#3371),#1113,.T.);
#4899=ADVANCED_FACE('',(#3372),#3401,.F.);
#4900=ADVANCED_FACE('',(#3373,#3374),#3402,.F.);
#4901=ADVANCED_FACE('',(#3375),#3403,.F.);
#4902=ADVANCED_FACE('',(#3376,#3377),#3404,.T.);
#4903=CLOSED_SHELL('',(#4716,#4717,#4718,#4719,#4720,#4721,#4722,#4723,
#4724,#4725,#4726,#4727,#4728,#4729,#4730,#4731,#4732,#4733,#4734,#4735,
#4736,#4737,#4738,#4739,#4740,#4741,#4742,#4743,#4744,#4745,#4746,#4747,
#4748,#4749,#4750,#4751,#4752,#4753,#4754,#4755,#4756,#4757,#4758,#4759,
#4760,#4761,#4762,#4763,#4764,#4765,#4766,#4767,#4768,#4769,#4770,#4771,
#4772,#4773,#4774,#4775,#4776,#4777,#4778,#4779,#4780,#4781,#4782,#4783,
#4784,#4785,#4786,#4787,#4788,#4789,#4790,#4791,#4792,#4793,#4794,#4795,
#4796,#4797,#4798,#4799,#4800,#4801,#4802,#4803,#4804,#4805,#4806,#4807,
#4808,#4809,#4810,#4811,#4812,#4813,#4814,#4815,#4816,#4817,#4818,#4819,
#4820,#4821,#4822,#4823,#4824,#4825,#4826,#4827,#4828,#4829,#4830,#4831,
#4832,#4833,#4834,#4835,#4836,#4837,#4838,#4839,#4840,#4841,#4842,#4843,
#4844,#4845,#4846,#4847,#4848,#4849,#4850,#4851,#4852,#4853,#4854,#4855,
#4856,#4857,#4858,#4859,#4860,#4861,#4862,#4863,#4864,#4865,#4866,#4867,
#4868,#4869,#4870,#4871,#4872,#4873,#4874,#4875,#4876,#4877,#4878,#4879,
#4880,#4881,#4882,#4883,#4884,#4885,#4886,#4887,#4888,#4889,#4890,#4891,
#4892,#4893,#4894,#4895,#4896,#4897,#4898,#4899,#4900,#4901,#4902));
#4904=MANIFOLD_SOLID_BREP('',#4903);
#4905=SHAPE_DEFINITION_REPRESENTATION(#7177,#4906);
#4906=SHAPE_REPRESENTATION('MCMRA-1-KKFTC',(#4907),#7172);
#4907=AXIS2_PLACEMENT_3D('',#6107,#5163,#5164);
#4908=AXIS2_PLACEMENT_3D('',#6108,#5165,#5166);
#4909=AXIS2_PLACEMENT_3D('',#6133,#5167,#5168);
#4910=AXIS2_PLACEMENT_3D('',#6142,#5173,#5174);
#4911=AXIS2_PLACEMENT_3D('',#6143,#5175,#5176);
#4912=AXIS2_PLACEMENT_3D('',#6145,#5177,#5178);
#4913=AXIS2_PLACEMENT_3D('',#6148,#5180,#5181);
#4914=AXIS2_PLACEMENT_3D('',#6154,#5185,#5186);
#4915=AXIS2_PLACEMENT_3D('',#6155,#5187,#5188);
#4916=AXIS2_PLACEMENT_3D('',#6156,#5189,#5190);
#4917=AXIS2_PLACEMENT_3D('',#6157,#5191,#5192);
#4918=AXIS2_PLACEMENT_3D('',#6158,#5193,#5194);
#4919=AXIS2_PLACEMENT_3D('',#6163,#5196,#5197);
#4920=AXIS2_PLACEMENT_3D('',#6166,#5199,#5200);
#4921=AXIS2_PLACEMENT_3D('',#6167,#5201,#5202);
#4922=AXIS2_PLACEMENT_3D('',#6172,#5204,#5205);
#4923=AXIS2_PLACEMENT_3D('',#6174,#5206,#5207);
#4924=AXIS2_PLACEMENT_3D('',#6182,#5211,#5212);
#4925=AXIS2_PLACEMENT_3D('',#6183,#5213,#5214);
#4926=AXIS2_PLACEMENT_3D('',#6184,#5215,#5216);
#4927=AXIS2_PLACEMENT_3D('',#6187,#5217,#5218);
#4928=AXIS2_PLACEMENT_3D('',#6195,#5222,#5223);
#4929=AXIS2_PLACEMENT_3D('',#6197,#5224,#5225);
#4930=AXIS2_PLACEMENT_3D('',#6200,#5227,#5228);
#4931=AXIS2_PLACEMENT_3D('',#6204,#5230,#5231);
#4932=AXIS2_PLACEMENT_3D('',#6208,#5233,#5234);
#4933=AXIS2_PLACEMENT_3D('',#6212,#5236,#5237);
#4934=AXIS2_PLACEMENT_3D('',#6216,#5239,#5240);
#4935=AXIS2_PLACEMENT_3D('',#6220,#5242,#5243);
#4936=AXIS2_PLACEMENT_3D('',#6221,#5244,#5245);
#4937=AXIS2_PLACEMENT_3D('',#6225,#5247,#5248);
#4938=AXIS2_PLACEMENT_3D('',#6226,#5249,#5250);
#4939=AXIS2_PLACEMENT_3D('',#6227,#5251,#5252);
#4940=AXIS2_PLACEMENT_3D('',#6236,#5257,#5258);
#4941=AXIS2_PLACEMENT_3D('',#6245,#5263,#5264);
#4942=AXIS2_PLACEMENT_3D('',#6248,#5267,#5268);
#4943=AXIS2_PLACEMENT_3D('',#6257,#5273,#5274);
#4944=AXIS2_PLACEMENT_3D('',#6266,#5279,#5280);
#4945=AXIS2_PLACEMENT_3D('',#6269,#5283,#5284);
#4946=AXIS2_PLACEMENT_3D('',#6278,#5289,#5290);
#4947=AXIS2_PLACEMENT_3D('',#6284,#5294,#5295);
#4948=AXIS2_PLACEMENT_3D('',#6287,#5298,#5299);
#4949=AXIS2_PLACEMENT_3D('',#6293,#5303,#5304);
#4950=AXIS2_PLACEMENT_3D('',#6302,#5309,#5310);
#4951=AXIS2_PLACEMENT_3D('',#6305,#5313,#5314);
#4952=AXIS2_PLACEMENT_3D('',#6314,#5319,#5320);
#4953=AXIS2_PLACEMENT_3D('',#6320,#5324,#5325);
#4954=AXIS2_PLACEMENT_3D('',#6323,#5328,#5329);
#4955=AXIS2_PLACEMENT_3D('',#6329,#5333,#5334);
#4956=AXIS2_PLACEMENT_3D('',#6338,#5339,#5340);
#4957=AXIS2_PLACEMENT_3D('',#6341,#5343,#5344);
#4958=AXIS2_PLACEMENT_3D('',#6350,#5349,#5350);
#4959=AXIS2_PLACEMENT_3D('',#6356,#5354,#5355);
#4960=AXIS2_PLACEMENT_3D('',#6359,#5358,#5359);
#4961=AXIS2_PLACEMENT_3D('',#6365,#5363,#5364);
#4962=AXIS2_PLACEMENT_3D('',#6374,#5369,#5370);
#4963=AXIS2_PLACEMENT_3D('',#6377,#5373,#5374);
#4964=AXIS2_PLACEMENT_3D('',#6386,#5379,#5380);
#4965=AXIS2_PLACEMENT_3D('',#6392,#5384,#5385);
#4966=AXIS2_PLACEMENT_3D('',#6398,#5389,#5390);
#4967=AXIS2_PLACEMENT_3D('',#6407,#5395,#5396);
#4968=AXIS2_PLACEMENT_3D('',#6413,#5400,#5401);
#4969=AXIS2_PLACEMENT_3D('',#6419,#5405,#5406);
#4970=AXIS2_PLACEMENT_3D('',#6428,#5411,#5412);
#4971=AXIS2_PLACEMENT_3D('',#6434,#5416,#5417);
#4972=AXIS2_PLACEMENT_3D('',#6437,#5420,#5421);
#4973=AXIS2_PLACEMENT_3D('',#6443,#5425,#5426);
#4974=AXIS2_PLACEMENT_3D('',#6449,#5430,#5431);
#4975=AXIS2_PLACEMENT_3D('',#6455,#5435,#5436);
#4976=AXIS2_PLACEMENT_3D('',#6464,#5441,#5442);
#4977=AXIS2_PLACEMENT_3D('',#6470,#5446,#5447);
#4978=AXIS2_PLACEMENT_3D('',#6473,#5450,#5451);
#4979=AXIS2_PLACEMENT_3D('',#6479,#5455,#5456);
#4980=AXIS2_PLACEMENT_3D('',#6485,#5460,#5461);
#4981=AXIS2_PLACEMENT_3D('',#6491,#5465,#5466);
#4982=AXIS2_PLACEMENT_3D('',#6500,#5471,#5472);
#4983=AXIS2_PLACEMENT_3D('',#6506,#5476,#5477);
#4984=AXIS2_PLACEMENT_3D('',#6509,#5480,#5481);
#4985=AXIS2_PLACEMENT_3D('',#6515,#5485,#5486);
#4986=AXIS2_PLACEMENT_3D('',#6521,#5490,#5491);
#4987=AXIS2_PLACEMENT_3D('',#6527,#5495,#5496);
#4988=AXIS2_PLACEMENT_3D('',#6533,#5500,#5501);
#4989=AXIS2_PLACEMENT_3D('',#6539,#5505,#5506);
#4990=AXIS2_PLACEMENT_3D('',#6554,#5515,#5516);
#4991=AXIS2_PLACEMENT_3D('',#6573,#5527,#5528);
#4992=AXIS2_PLACEMENT_3D('',#6577,#5531,#5532);
#4993=AXIS2_PLACEMENT_3D('',#6584,#5536,#5537);
#4994=AXIS2_PLACEMENT_3D('',#6588,#5539,#5540);
#4995=AXIS2_PLACEMENT_3D('',#6592,#5542,#5543);
#4996=AXIS2_PLACEMENT_3D('',#6596,#5545,#5546);
#4997=AXIS2_PLACEMENT_3D('',#6640,#5569,#5570);
#4998=AXIS2_PLACEMENT_3D('',#6661,#5581,#5582);
#4999=AXIS2_PLACEMENT_3D('',#6682,#5593,#5594);
#5000=AXIS2_PLACEMENT_3D('',#6703,#5605,#5606);
#5001=AXIS2_PLACEMENT_3D('',#6724,#5617,#5618);
#5002=AXIS2_PLACEMENT_3D('',#6738,#5626,#5627);
#5003=AXIS2_PLACEMENT_3D('',#6752,#5635,#5636);
#5004=AXIS2_PLACEMENT_3D('',#6761,#5642,#5643);
#5005=AXIS2_PLACEMENT_3D('',#6770,#5649,#5650);
#5006=AXIS2_PLACEMENT_3D('',#6776,#5654,#5655);
#5007=AXIS2_PLACEMENT_3D('',#6782,#5659,#5660);
#5008=AXIS2_PLACEMENT_3D('',#6788,#5664,#5665);
#5009=AXIS2_PLACEMENT_3D('',#6794,#5669,#5670);
#5010=AXIS2_PLACEMENT_3D('',#6798,#5672,#5673);
#5011=AXIS2_PLACEMENT_3D('',#6802,#5675,#5676);
#5012=AXIS2_PLACEMENT_3D('',#6806,#5678,#5679);
#5013=AXIS2_PLACEMENT_3D('',#6810,#5681,#5682);
#5014=AXIS2_PLACEMENT_3D('',#6819,#5687,#5688);
#5015=AXIS2_PLACEMENT_3D('',#6834,#5699,#5700);
#5016=AXIS2_PLACEMENT_3D('',#6835,#5701,#5702);
#5017=AXIS2_PLACEMENT_3D('',#6849,#5711,#5712);
#5018=AXIS2_PLACEMENT_3D('',#6850,#5713,#5714);
#5019=AXIS2_PLACEMENT_3D('',#6864,#5723,#5724);
#5020=AXIS2_PLACEMENT_3D('',#6867,#5726,#5727);
#5021=AXIS2_PLACEMENT_3D('',#6868,#5728,#5729);
#5022=AXIS2_PLACEMENT_3D('',#6871,#5731,#5732);
#5023=AXIS2_PLACEMENT_3D('',#6872,#5733,#5734);
#5024=AXIS2_PLACEMENT_3D('',#6873,#5735,#5736);
#5025=AXIS2_PLACEMENT_3D('',#6876,#5738,#5739);
#5026=AXIS2_PLACEMENT_3D('',#6877,#5740,#5741);
#5027=AXIS2_PLACEMENT_3D('',#6880,#5743,#5744);
#5028=AXIS2_PLACEMENT_3D('',#6881,#5745,#5746);
#5029=AXIS2_PLACEMENT_3D('',#6882,#5747,#5748);
#5030=AXIS2_PLACEMENT_3D('',#6883,#5749,#5750);
#5031=AXIS2_PLACEMENT_3D('',#6884,#5751,#5752);
#5032=AXIS2_PLACEMENT_3D('',#6885,#5753,#5754);
#5033=AXIS2_PLACEMENT_3D('',#6886,#5755,#5756);
#5034=AXIS2_PLACEMENT_3D('',#6894,#5762,#5763);
#5035=AXIS2_PLACEMENT_3D('',#6896,#5765,#5766);
#5036=AXIS2_PLACEMENT_3D('',#6897,#5767,#5768);
#5037=AXIS2_PLACEMENT_3D('',#6898,#5769,#5770);
#5038=AXIS2_PLACEMENT_3D('',#6908,#5777,#5778);
#5039=AXIS2_PLACEMENT_3D('',#6910,#5780,#5781);
#5040=AXIS2_PLACEMENT_3D('',#6911,#5782,#5783);
#5041=AXIS2_PLACEMENT_3D('',#6913,#5785,#5786);
#5042=AXIS2_PLACEMENT_3D('',#6914,#5787,#5788);
#5043=AXIS2_PLACEMENT_3D('',#6916,#5790,#5791);
#5044=AXIS2_PLACEMENT_3D('',#6925,#5796,#5797);
#5045=AXIS2_PLACEMENT_3D('',#6927,#5799,#5800);
#5046=AXIS2_PLACEMENT_3D('',#6929,#5802,#5803);
#5047=AXIS2_PLACEMENT_3D('',#6931,#5805,#5806);
#5048=AXIS2_PLACEMENT_3D('',#6940,#5811,#5812);
#5049=AXIS2_PLACEMENT_3D('',#6946,#5816,#5817);
#5050=AXIS2_PLACEMENT_3D('',#6950,#5820,#5821);
#5051=AXIS2_PLACEMENT_3D('',#6954,#5824,#5825);
#5052=AXIS2_PLACEMENT_3D('',#6956,#5827,#5828);
#5053=AXIS2_PLACEMENT_3D('',#6957,#5829,#5830);
#5054=AXIS2_PLACEMENT_3D('',#6960,#5833,#5834);
#5055=AXIS2_PLACEMENT_3D('',#6963,#5837,#5838);
#5056=AXIS2_PLACEMENT_3D('',#6966,#5841,#5842);
#5057=AXIS2_PLACEMENT_3D('',#6969,#5845,#5846);
#5058=AXIS2_PLACEMENT_3D('',#6970,#5847,#5848);
#5059=AXIS2_PLACEMENT_3D('',#6971,#5849,#5850);
#5060=AXIS2_PLACEMENT_3D('',#6972,#5851,#5852);
#5061=AXIS2_PLACEMENT_3D('',#6973,#5853,#5854);
#5062=AXIS2_PLACEMENT_3D('',#6976,#5857,#5858);
#5063=AXIS2_PLACEMENT_3D('',#6978,#5860,#5861);
#5064=AXIS2_PLACEMENT_3D('',#6980,#5863,#5864);
#5065=AXIS2_PLACEMENT_3D('',#6981,#5865,#5866);
#5066=AXIS2_PLACEMENT_3D('',#6984,#5869,#5870);
#5067=AXIS2_PLACEMENT_3D('',#6986,#5872,#5873);
#5068=AXIS2_PLACEMENT_3D('',#6988,#5875,#5876);
#5069=AXIS2_PLACEMENT_3D('',#6989,#5877,#5878);
#5070=AXIS2_PLACEMENT_3D('',#6995,#5882,#5883);
#5071=AXIS2_PLACEMENT_3D('',#6997,#5885,#5886);
#5072=AXIS2_PLACEMENT_3D('',#6999,#5888,#5889);
#5073=AXIS2_PLACEMENT_3D('',#7005,#5893,#5894);
#5074=AXIS2_PLACEMENT_3D('',#7007,#5896,#5897);
#5075=AXIS2_PLACEMENT_3D('',#7009,#5899,#5900);
#5076=AXIS2_PLACEMENT_3D('',#7015,#5904,#5905);
#5077=AXIS2_PLACEMENT_3D('',#7017,#5907,#5908);
#5078=AXIS2_PLACEMENT_3D('',#7019,#5910,#5911);
#5079=AXIS2_PLACEMENT_3D('',#7025,#5915,#5916);
#5080=AXIS2_PLACEMENT_3D('',#7027,#5918,#5919);
#5081=AXIS2_PLACEMENT_3D('',#7029,#5921,#5922);
#5082=AXIS2_PLACEMENT_3D('',#7030,#5923,#5924);
#5083=AXIS2_PLACEMENT_3D('',#7031,#5925,#5926);
#5084=AXIS2_PLACEMENT_3D('',#7032,#5927,#5928);
#5085=AXIS2_PLACEMENT_3D('',#7033,#5929,#5930);
#5086=AXIS2_PLACEMENT_3D('',#7035,#5932,#5933);
#5087=AXIS2_PLACEMENT_3D('',#7036,#5934,#5935);
#5088=AXIS2_PLACEMENT_3D('',#7038,#5937,#5938);
#5089=AXIS2_PLACEMENT_3D('',#7039,#5939,#5940);
#5090=AXIS2_PLACEMENT_3D('',#7042,#5943,#5944);
#5091=AXIS2_PLACEMENT_3D('',#7045,#5947,#5948);
#5092=AXIS2_PLACEMENT_3D('',#7048,#5951,#5952);
#5093=AXIS2_PLACEMENT_3D('',#7051,#5955,#5956);
#5094=AXIS2_PLACEMENT_3D('',#7060,#5961,#5962);
#5095=AXIS2_PLACEMENT_3D('',#7066,#5966,#5967);
#5096=AXIS2_PLACEMENT_3D('',#7072,#5971,#5972);
#5097=AXIS2_PLACEMENT_3D('',#7073,#5973,#5974);
#5098=AXIS2_PLACEMENT_3D('',#7078,#5976,#5977);
#5099=AXIS2_PLACEMENT_3D('',#7081,#5979,#5980);
#5100=AXIS2_PLACEMENT_3D('',#7082,#5981,#5982);
#5101=AXIS2_PLACEMENT_3D('',#7083,#5983,#5984);
#5102=AXIS2_PLACEMENT_3D('',#7084,#5985,#5986);
#5103=AXIS2_PLACEMENT_3D('',#7085,#5987,#5988);
#5104=AXIS2_PLACEMENT_3D('',#7086,#5989,#5990);
#5105=AXIS2_PLACEMENT_3D('',#7087,#5991,#5992);
#5106=AXIS2_PLACEMENT_3D('',#7088,#5993,#5994);
#5107=AXIS2_PLACEMENT_3D('',#7089,#5995,#5996);
#5108=AXIS2_PLACEMENT_3D('',#7090,#5997,#5998);
#5109=AXIS2_PLACEMENT_3D('',#7091,#5999,#6000);
#5110=AXIS2_PLACEMENT_3D('',#7092,#6001,#6002);
#5111=AXIS2_PLACEMENT_3D('',#7093,#6003,#6004);
#5112=AXIS2_PLACEMENT_3D('',#7094,#6005,#6006);
#5113=AXIS2_PLACEMENT_3D('',#7095,#6007,#6008);
#5114=AXIS2_PLACEMENT_3D('',#7096,#6009,#6010);
#5115=AXIS2_PLACEMENT_3D('',#7097,#6011,#6012);
#5116=AXIS2_PLACEMENT_3D('',#7098,#6013,#6014);
#5117=AXIS2_PLACEMENT_3D('',#7099,#6015,#6016);
#5118=AXIS2_PLACEMENT_3D('',#7100,#6017,#6018);
#5119=AXIS2_PLACEMENT_3D('',#7101,#6019,#6020);
#5120=AXIS2_PLACEMENT_3D('',#7102,#6021,#6022);
#5121=AXIS2_PLACEMENT_3D('',#7103,#6023,#6024);
#5122=AXIS2_PLACEMENT_3D('',#7104,#6025,#6026);
#5123=AXIS2_PLACEMENT_3D('',#7105,#6027,#6028);
#5124=AXIS2_PLACEMENT_3D('',#7106,#6029,#6030);
#5125=AXIS2_PLACEMENT_3D('',#7107,#6031,#6032);
#5126=AXIS2_PLACEMENT_3D('',#7108,#6033,#6034);
#5127=AXIS2_PLACEMENT_3D('',#7109,#6035,#6036);
#5128=AXIS2_PLACEMENT_3D('',#7110,#6037,#6038);
#5129=AXIS2_PLACEMENT_3D('',#7111,#6039,#6040);
#5130=AXIS2_PLACEMENT_3D('',#7112,#6041,#6042);
#5131=AXIS2_PLACEMENT_3D('',#7113,#6043,#6044);
#5132=AXIS2_PLACEMENT_3D('',#7114,#6045,#6046);
#5133=AXIS2_PLACEMENT_3D('',#7115,#6047,#6048);
#5134=AXIS2_PLACEMENT_3D('',#7116,#6049,#6050);
#5135=AXIS2_PLACEMENT_3D('',#7117,#6051,#6052);
#5136=AXIS2_PLACEMENT_3D('',#7118,#6053,#6054);
#5137=AXIS2_PLACEMENT_3D('',#7119,#6055,#6056);
#5138=AXIS2_PLACEMENT_3D('',#7120,#6057,#6058);
#5139=AXIS2_PLACEMENT_3D('',#7121,#6059,#6060);
#5140=AXIS2_PLACEMENT_3D('',#7122,#6061,#6062);
#5141=AXIS2_PLACEMENT_3D('',#7123,#6063,#6064);
#5142=AXIS2_PLACEMENT_3D('',#7124,#6065,#6066);
#5143=AXIS2_PLACEMENT_3D('',#7125,#6067,#6068);
#5144=AXIS2_PLACEMENT_3D('',#7126,#6069,#6070);
#5145=AXIS2_PLACEMENT_3D('',#7127,#6071,#6072);
#5146=AXIS2_PLACEMENT_3D('',#7128,#6073,#6074);
#5147=AXIS2_PLACEMENT_3D('',#7129,#6075,#6076);
#5148=AXIS2_PLACEMENT_3D('',#7130,#6077,#6078);
#5149=AXIS2_PLACEMENT_3D('',#7131,#6079,#6080);
#5150=AXIS2_PLACEMENT_3D('',#7132,#6081,#6082);
#5151=AXIS2_PLACEMENT_3D('',#7133,#6083,#6084);
#5152=AXIS2_PLACEMENT_3D('',#7134,#6085,#6086);
#5153=AXIS2_PLACEMENT_3D('',#7135,#6087,#6088);
#5154=AXIS2_PLACEMENT_3D('',#7136,#6089,#6090);
#5155=AXIS2_PLACEMENT_3D('',#7138,#6091,#6092);
#5156=AXIS2_PLACEMENT_3D('',#7139,#6093,#6094);
#5157=AXIS2_PLACEMENT_3D('',#7140,#6095,#6096);
#5158=AXIS2_PLACEMENT_3D('',#7142,#6097,#6098);
#5159=AXIS2_PLACEMENT_3D('',#7143,#6099,#6100);
#5160=AXIS2_PLACEMENT_3D('',#7144,#6101,#6102);
#5161=AXIS2_PLACEMENT_3D('',#7157,#6103,#6104);
#5162=AXIS2_PLACEMENT_3D('',#7170,#6105,#6106);
#5163=DIRECTION('',(0.,0.,1.));
#5164=DIRECTION('',(1.,0.,0.));
#5165=DIRECTION('',(0.,0.,1.));
#5166=DIRECTION('',(1.,0.,0.));
#5167=DIRECTION('',(1.,0.,0.));
#5168=DIRECTION('',(0.,0.,-1.));
#5169=DIRECTION('',(0.,1.,0.));
#5170=DIRECTION('',(0.,0.,1.));
#5171=DIRECTION('',(0.,1.,0.));
#5172=DIRECTION('',(0.,0.,1.));
#5173=DIRECTION('',(0.,1.,0.));
#5174=DIRECTION('',(0.,0.,1.));
#5175=DIRECTION('',(0.,1.,0.));
#5176=DIRECTION('',(0.,0.,1.));
#5177=DIRECTION('',(0.,1.,0.));
#5178=DIRECTION('',(0.,0.,1.));
#5179=DIRECTION('',(0.,0.,1.));
#5180=DIRECTION('',(-1.,0.,0.));
#5181=DIRECTION('',(0.,0.,1.));
#5182=DIRECTION('',(0.,1.,0.));
#5183=DIRECTION('',(0.,1.,0.));
#5184=DIRECTION('',(0.,0.,1.));
#5185=DIRECTION('',(0.,-1.,0.));
#5186=DIRECTION('',(0.,0.,-1.));
#5187=DIRECTION('',(0.,-1.,0.));
#5188=DIRECTION('',(0.,0.,-1.));
#5189=DIRECTION('',(0.,-1.,0.));
#5190=DIRECTION('',(0.,0.,-1.));
#5191=DIRECTION('',(0.,1.,0.));
#5192=DIRECTION('',(0.,0.,1.));
#5193=DIRECTION('',(0.,1.,0.));
#5194=DIRECTION('',(0.,0.,1.));
#5195=DIRECTION('',(0.,1.,0.));
#5196=DIRECTION('',(0.,1.,0.));
#5197=DIRECTION('',(0.,0.,1.));
#5198=DIRECTION('',(0.,1.,0.));
#5199=DIRECTION('',(0.,1.,0.));
#5200=DIRECTION('',(0.,0.,1.));
#5201=DIRECTION('',(0.,1.,0.));
#5202=DIRECTION('',(0.,0.,1.));
#5203=DIRECTION('',(1.,0.,-3.94724722258736E-15));
#5204=DIRECTION('',(0.,1.,0.));
#5205=DIRECTION('',(0.,0.,1.));
#5206=DIRECTION('',(0.,1.,0.));
#5207=DIRECTION('',(0.,0.,1.));
#5208=DIRECTION('',(0.,0.,-1.));
#5209=DIRECTION('',(-1.,0.,0.));
#5210=DIRECTION('',(0.,0.,1.));
#5211=DIRECTION('',(0.,1.,0.));
#5212=DIRECTION('',(0.,0.,1.));
#5213=DIRECTION('',(0.,1.,0.));
#5214=DIRECTION('',(0.,0.,1.));
#5215=DIRECTION('',(0.,1.,0.));
#5216=DIRECTION('',(0.,0.,1.));
#5217=DIRECTION('',(0.,1.,0.));
#5218=DIRECTION('',(0.,0.,1.));
#5219=DIRECTION('',(0.,0.,1.));
#5220=DIRECTION('',(-1.,0.,0.));
#5221=DIRECTION('',(0.,0.,-1.));
#5222=DIRECTION('',(0.,1.,0.));
#5223=DIRECTION('',(0.,0.,1.));
#5224=DIRECTION('',(0.,1.,0.));
#5225=DIRECTION('',(0.,0.,1.));
#5226=DIRECTION('',(1.,0.,-3.94724722258736E-15));
#5227=DIRECTION('',(0.,0.,1.));
#5228=DIRECTION('',(1.,0.,0.));
#5229=DIRECTION('',(0.,-1.,0.));
#5230=DIRECTION('',(0.,0.,1.));
#5231=DIRECTION('',(1.,0.,0.));
#5232=DIRECTION('',(1.,0.,0.));
#5233=DIRECTION('',(0.,0.,1.));
#5234=DIRECTION('',(1.,0.,0.));
#5235=DIRECTION('',(0.,1.,0.));
#5236=DIRECTION('',(0.,0.,1.));
#5237=DIRECTION('',(1.,0.,0.));
#5238=DIRECTION('',(-1.,0.,0.));
#5239=DIRECTION('',(0.,0.,1.));
#5240=DIRECTION('',(1.,0.,0.));
#5241=DIRECTION('',(0.,1.,0.));
#5242=DIRECTION('',(0.,0.,1.));
#5243=DIRECTION('',(1.,0.,0.));
#5244=DIRECTION('',(0.,0.,1.));
#5245=DIRECTION('',(1.,0.,0.));
#5246=DIRECTION('',(0.,1.,0.));
#5247=DIRECTION('',(0.,0.,1.));
#5248=DIRECTION('',(1.,0.,0.));
#5249=DIRECTION('',(0.,0.,1.));
#5250=DIRECTION('',(1.,0.,0.));
#5251=DIRECTION('',(0.965925826289068,0.,0.258819045102521));
#5252=DIRECTION('',(0.258819045102521,0.,-0.965925826289068));
#5253=DIRECTION('',(0.258819045102521,0.,-0.965925826289068));
#5254=DIRECTION('',(0.,1.,0.));
#5255=DIRECTION('',(0.258819045102521,0.,-0.965925826289068));
#5256=DIRECTION('',(0.,-1.,0.));
#5257=DIRECTION('',(0.70710678118654,0.,-0.707106781186555));
#5258=DIRECTION('',(-0.707106781186555,0.,-0.70710678118654));
#5259=DIRECTION('',(0.707106781186555,0.,0.70710678118654));
#5260=DIRECTION('',(0.,-1.,0.));
#5261=DIRECTION('',(-0.707106781186555,0.,-0.70710678118654));
#5262=DIRECTION('',(0.,1.,0.));
#5263=DIRECTION('',(0.258819045102521,0.,0.965925826289068));
#5264=DIRECTION('',(0.965925826289068,0.,-0.258819045102521));
#5265=DIRECTION('',(0.965925826289068,0.,-0.258819045102521));
#5266=DIRECTION('',(-0.965925826289068,0.,0.258819045102521));
#5267=DIRECTION('',(0.965925826289068,0.,0.258819045102521));
#5268=DIRECTION('',(0.258819045102521,0.,-0.965925826289068));
#5269=DIRECTION('',(0.258819045102521,0.,-0.965925826289068));
#5270=DIRECTION('',(0.,1.,0.));
#5271=DIRECTION('',(0.258819045102521,0.,-0.965925826289068));
#5272=DIRECTION('',(0.,-1.,0.));
#5273=DIRECTION('',(0.70710678118654,0.,-0.707106781186555));
#5274=DIRECTION('',(-0.707106781186555,0.,-0.70710678118654));
#5275=DIRECTION('',(0.707106781186555,0.,0.70710678118654));
#5276=DIRECTION('',(0.,-1.,0.));
#5277=DIRECTION('',(-0.707106781186555,0.,-0.70710678118654));
#5278=DIRECTION('',(0.,1.,0.));
#5279=DIRECTION('',(0.258819045102521,0.,0.965925826289068));
#5280=DIRECTION('',(0.965925826289068,0.,-0.258819045102521));
#5281=DIRECTION('',(0.965925826289068,0.,-0.258819045102521));
#5282=DIRECTION('',(-0.965925826289068,0.,0.258819045102521));
#5283=DIRECTION('',(0.965925826289068,0.,0.258819045102521));
#5284=DIRECTION('',(0.258819045102521,0.,-0.965925826289068));
#5285=DIRECTION('',(0.258819045102521,0.,-0.965925826289068));
#5286=DIRECTION('',(0.,1.,0.));
#5287=DIRECTION('',(0.258819045102521,0.,-0.965925826289068));
#5288=DIRECTION('',(0.,-1.,0.));
#5289=DIRECTION('',(0.70710678118654,0.,-0.707106781186555));
#5290=DIRECTION('',(-0.707106781186555,0.,-0.70710678118654));
#5291=DIRECTION('',(0.707106781186555,0.,0.70710678118654));
#5292=DIRECTION('',(0.,-1.,0.));
#5293=DIRECTION('',(-0.707106781186555,0.,-0.70710678118654));
#5294=DIRECTION('',(0.258819045102521,0.,0.965925826289068));
#5295=DIRECTION('',(0.965925826289068,0.,-0.258819045102521));
#5296=DIRECTION('',(0.965925826289068,0.,-0.258819045102521));
#5297=DIRECTION('',(-0.965925826289068,0.,0.258819045102521));
#5298=DIRECTION('',(0.965925826289068,0.,0.258819045102521));
#5299=DIRECTION('',(0.258819045102521,0.,-0.965925826289068));
#5300=DIRECTION('',(0.258819045102521,0.,-0.965925826289068));
#5301=DIRECTION('',(0.258819045102521,0.,-0.965925826289068));
#5302=DIRECTION('',(0.,-1.,0.));
#5303=DIRECTION('',(0.70710678118654,0.,-0.707106781186555));
#5304=DIRECTION('',(-0.707106781186555,0.,-0.70710678118654));
#5305=DIRECTION('',(0.707106781186555,0.,0.70710678118654));
#5306=DIRECTION('',(0.,-1.,0.));
#5307=DIRECTION('',(-0.707106781186555,0.,-0.70710678118654));
#5308=DIRECTION('',(0.,1.,0.));
#5309=DIRECTION('',(0.258819045102521,0.,0.965925826289068));
#5310=DIRECTION('',(0.965925826289068,0.,-0.258819045102521));
#5311=DIRECTION('',(0.965925826289068,0.,-0.258819045102521));
#5312=DIRECTION('',(-0.965925826289068,0.,0.258819045102521));
#5313=DIRECTION('',(0.965925826289068,0.,0.258819045102521));
#5314=DIRECTION('',(0.258819045102521,0.,-0.965925826289068));
#5315=DIRECTION('',(0.258819045102521,0.,-0.965925826289068));
#5316=DIRECTION('',(0.,1.,0.));
#5317=DIRECTION('',(0.258819045102521,0.,-0.965925826289068));
#5318=DIRECTION('',(0.,-1.,0.));
#5319=DIRECTION('',(0.70710678118654,0.,-0.707106781186555));
#5320=DIRECTION('',(-0.707106781186555,0.,-0.70710678118654));
#5321=DIRECTION('',(0.707106781186555,0.,0.70710678118654));
#5322=DIRECTION('',(0.,-1.,0.));
#5323=DIRECTION('',(-0.707106781186555,0.,-0.70710678118654));
#5324=DIRECTION('',(0.258819045102521,0.,0.965925826289068));
#5325=DIRECTION('',(0.965925826289068,0.,-0.258819045102521));
#5326=DIRECTION('',(0.965925826289068,0.,-0.258819045102521));
#5327=DIRECTION('',(-0.965925826289068,0.,0.258819045102521));
#5328=DIRECTION('',(0.965925826289068,0.,0.258819045102521));
#5329=DIRECTION('',(0.258819045102521,0.,-0.965925826289068));
#5330=DIRECTION('',(0.258819045102521,0.,-0.965925826289068));
#5331=DIRECTION('',(0.258819045102521,0.,-0.965925826289068));
#5332=DIRECTION('',(0.,-1.,0.));
#5333=DIRECTION('',(0.70710678118654,0.,-0.707106781186555));
#5334=DIRECTION('',(-0.707106781186555,0.,-0.70710678118654));
#5335=DIRECTION('',(0.707106781186555,0.,0.70710678118654));
#5336=DIRECTION('',(0.,-1.,0.));
#5337=DIRECTION('',(-0.707106781186555,0.,-0.70710678118654));
#5338=DIRECTION('',(0.,1.,0.));
#5339=DIRECTION('',(0.258819045102521,0.,0.965925826289068));
#5340=DIRECTION('',(0.965925826289068,0.,-0.258819045102521));
#5341=DIRECTION('',(0.965925826289068,0.,-0.258819045102521));
#5342=DIRECTION('',(-0.965925826289068,0.,0.258819045102521));
#5343=DIRECTION('',(0.965925826289068,0.,0.258819045102521));
#5344=DIRECTION('',(0.258819045102521,0.,-0.965925826289068));
#5345=DIRECTION('',(0.258819045102521,0.,-0.965925826289068));
#5346=DIRECTION('',(0.,1.,0.));
#5347=DIRECTION('',(0.258819045102521,0.,-0.965925826289068));
#5348=DIRECTION('',(0.,-1.,0.));
#5349=DIRECTION('',(0.70710678118654,0.,-0.707106781186555));
#5350=DIRECTION('',(-0.707106781186555,0.,-0.70710678118654));
#5351=DIRECTION('',(0.707106781186555,0.,0.70710678118654));
#5352=DIRECTION('',(0.,-1.,0.));
#5353=DIRECTION('',(-0.707106781186555,0.,-0.70710678118654));
#5354=DIRECTION('',(0.258819045102521,0.,0.965925826289068));
#5355=DIRECTION('',(0.965925826289068,0.,-0.258819045102521));
#5356=DIRECTION('',(0.965925826289068,0.,-0.258819045102521));
#5357=DIRECTION('',(-0.965925826289068,0.,0.258819045102521));
#5358=DIRECTION('',(0.965925826289068,0.,0.258819045102521));
#5359=DIRECTION('',(0.258819045102521,0.,-0.965925826289068));
#5360=DIRECTION('',(0.258819045102521,0.,-0.965925826289068));
#5361=DIRECTION('',(0.258819045102521,0.,-0.965925826289068));
#5362=DIRECTION('',(0.,-1.,0.));
#5363=DIRECTION('',(0.70710678118654,0.,-0.707106781186555));
#5364=DIRECTION('',(-0.707106781186555,0.,-0.70710678118654));
#5365=DIRECTION('',(0.707106781186555,0.,0.70710678118654));
#5366=DIRECTION('',(0.,-1.,0.));
#5367=DIRECTION('',(-0.707106781186555,0.,-0.70710678118654));
#5368=DIRECTION('',(0.,1.,0.));
#5369=DIRECTION('',(0.258819045102521,0.,0.965925826289068));
#5370=DIRECTION('',(0.965925826289068,0.,-0.258819045102521));
#5371=DIRECTION('',(0.965925826289068,0.,-0.258819045102521));
#5372=DIRECTION('',(-0.965925826289068,0.,0.258819045102521));
#5373=DIRECTION('',(-0.965925826289068,0.,0.258819045102521));
#5374=DIRECTION('',(0.258819045102521,0.,0.965925826289068));
#5375=DIRECTION('',(0.258819045102521,0.,0.965925826289068));
#5376=DIRECTION('',(0.,1.,0.));
#5377=DIRECTION('',(0.258819045102521,0.,0.965925826289068));
#5378=DIRECTION('',(0.,-1.,0.));
#5379=DIRECTION('',(0.707106781186543,0.,0.707106781186552));
#5380=DIRECTION('',(0.707106781186552,0.,-0.707106781186543));
#5381=DIRECTION('',(0.707106781186552,0.,-0.707106781186543));
#5382=DIRECTION('',(0.,-1.,0.));
#5383=DIRECTION('',(-0.707106781186552,0.,0.707106781186543));
#5384=DIRECTION('',(0.25881904510252,0.,-0.965925826289068));
#5385=DIRECTION('',(-0.965925826289068,0.,-0.25881904510252));
#5386=DIRECTION('',(-0.965925826289069,0.,-0.25881904510252));
#5387=DIRECTION('',(0.,-1.,0.));
#5388=DIRECTION('',(0.965925826289068,0.,0.25881904510252));
#5389=DIRECTION('',(-0.965925826289068,0.,0.258819045102521));
#5390=DIRECTION('',(0.258819045102521,0.,0.965925826289068));
#5391=DIRECTION('',(0.258819045102521,0.,0.965925826289068));
#5392=DIRECTION('',(0.,1.,0.));
#5393=DIRECTION('',(0.258819045102521,0.,0.965925826289068));
#5394=DIRECTION('',(0.,1.,0.));
#5395=DIRECTION('',(0.707106781186543,0.,0.707106781186552));
#5396=DIRECTION('',(0.707106781186552,0.,-0.707106781186543));
#5397=DIRECTION('',(0.707106781186552,0.,-0.707106781186543));
#5398=DIRECTION('',(0.,-1.,0.));
#5399=DIRECTION('',(-0.707106781186552,0.,0.707106781186543));
#5400=DIRECTION('',(0.25881904510252,0.,-0.965925826289068));
#5401=DIRECTION('',(-0.965925826289068,0.,-0.25881904510252));
#5402=DIRECTION('',(-0.965925826289069,0.,-0.25881904510252));
#5403=DIRECTION('',(0.,-1.,0.));
#5404=DIRECTION('',(0.965925826289068,0.,0.25881904510252));
#5405=DIRECTION('',(-0.965925826289068,0.,0.258819045102521));
#5406=DIRECTION('',(0.258819045102521,0.,0.965925826289068));
#5407=DIRECTION('',(0.258819045102521,0.,0.965925826289068));
#5408=DIRECTION('',(0.,1.,0.));
#5409=DIRECTION('',(0.258819045102521,0.,0.965925826289068));
#5410=DIRECTION('',(0.,-1.,0.));
#5411=DIRECTION('',(0.707106781186543,0.,0.707106781186552));
#5412=DIRECTION('',(0.707106781186552,0.,-0.707106781186543));
#5413=DIRECTION('',(0.707106781186552,0.,-0.707106781186543));
#5414=DIRECTION('',(0.,-1.,0.));
#5415=DIRECTION('',(-0.707106781186552,0.,0.707106781186543));
#5416=DIRECTION('',(0.25881904510252,0.,-0.965925826289068));
#5417=DIRECTION('',(-0.965925826289068,0.,-0.25881904510252));
#5418=DIRECTION('',(-0.965925826289069,0.,-0.25881904510252));
#5419=DIRECTION('',(0.965925826289068,0.,0.25881904510252));
#5420=DIRECTION('',(-0.965925826289068,0.,0.258819045102521));
#5421=DIRECTION('',(0.258819045102521,0.,0.965925826289068));
#5422=DIRECTION('',(0.258819045102521,0.,0.965925826289068));
#5423=DIRECTION('',(0.,1.,0.));
#5424=DIRECTION('',(0.258819045102521,0.,0.965925826289068));
#5425=DIRECTION('',(0.707106781186543,0.,0.707106781186552));
#5426=DIRECTION('',(0.707106781186552,0.,-0.707106781186543));
#5427=DIRECTION('',(0.707106781186552,0.,-0.707106781186543));
#5428=DIRECTION('',(0.,-1.,0.));
#5429=DIRECTION('',(-0.707106781186552,0.,0.707106781186543));
#5430=DIRECTION('',(0.25881904510252,0.,-0.965925826289068));
#5431=DIRECTION('',(-0.965925826289068,0.,-0.25881904510252));
#5432=DIRECTION('',(-0.965925826289069,0.,-0.25881904510252));
#5433=DIRECTION('',(0.,-1.,0.));
#5434=DIRECTION('',(0.965925826289068,0.,0.25881904510252));
#5435=DIRECTION('',(-0.965925826289068,0.,0.258819045102521));
#5436=DIRECTION('',(0.258819045102521,0.,0.965925826289068));
#5437=DIRECTION('',(0.258819045102521,0.,0.965925826289068));
#5438=DIRECTION('',(0.,1.,0.));
#5439=DIRECTION('',(0.258819045102521,0.,0.965925826289068));
#5440=DIRECTION('',(0.,-1.,0.));
#5441=DIRECTION('',(0.707106781186543,0.,0.707106781186552));
#5442=DIRECTION('',(0.707106781186552,0.,-0.707106781186543));
#5443=DIRECTION('',(0.707106781186552,0.,-0.707106781186543));
#5444=DIRECTION('',(0.,-1.,0.));
#5445=DIRECTION('',(-0.707106781186552,0.,0.707106781186543));
#5446=DIRECTION('',(0.25881904510252,0.,-0.965925826289068));
#5447=DIRECTION('',(-0.965925826289068,0.,-0.25881904510252));
#5448=DIRECTION('',(-0.965925826289069,0.,-0.25881904510252));
#5449=DIRECTION('',(0.965925826289068,0.,0.25881904510252));
#5450=DIRECTION('',(-0.965925826289068,0.,0.258819045102521));
#5451=DIRECTION('',(0.258819045102521,0.,0.965925826289068));
#5452=DIRECTION('',(0.258819045102521,0.,0.965925826289068));
#5453=DIRECTION('',(0.,1.,0.));
#5454=DIRECTION('',(0.258819045102521,0.,0.965925826289068));
#5455=DIRECTION('',(0.707106781186543,0.,0.707106781186552));
#5456=DIRECTION('',(0.707106781186552,0.,-0.707106781186543));
#5457=DIRECTION('',(0.707106781186552,0.,-0.707106781186543));
#5458=DIRECTION('',(0.,-1.,0.));
#5459=DIRECTION('',(-0.707106781186552,0.,0.707106781186543));
#5460=DIRECTION('',(0.25881904510252,0.,-0.965925826289068));
#5461=DIRECTION('',(-0.965925826289068,0.,-0.25881904510252));
#5462=DIRECTION('',(-0.965925826289069,0.,-0.25881904510252));
#5463=DIRECTION('',(0.,-1.,0.));
#5464=DIRECTION('',(0.965925826289068,0.,0.25881904510252));
#5465=DIRECTION('',(-0.965925826289068,0.,0.258819045102521));
#5466=DIRECTION('',(0.258819045102521,0.,0.965925826289068));
#5467=DIRECTION('',(0.258819045102521,0.,0.965925826289068));
#5468=DIRECTION('',(0.,1.,0.));
#5469=DIRECTION('',(0.258819045102521,0.,0.965925826289068));
#5470=DIRECTION('',(0.,-1.,0.));
#5471=DIRECTION('',(0.707106781186543,0.,0.707106781186552));
#5472=DIRECTION('',(0.707106781186552,0.,-0.707106781186543));
#5473=DIRECTION('',(0.707106781186552,0.,-0.707106781186543));
#5474=DIRECTION('',(0.,-1.,0.));
#5475=DIRECTION('',(-0.707106781186552,0.,0.707106781186543));
#5476=DIRECTION('',(0.25881904510252,0.,-0.965925826289068));
#5477=DIRECTION('',(-0.965925826289068,0.,-0.25881904510252));
#5478=DIRECTION('',(-0.965925826289069,0.,-0.25881904510252));
#5479=DIRECTION('',(0.965925826289068,0.,0.25881904510252));
#5480=DIRECTION('',(-0.965925826289068,0.,0.258819045102521));
#5481=DIRECTION('',(0.258819045102521,0.,0.965925826289068));
#5482=DIRECTION('',(0.258819045102521,0.,0.965925826289068));
#5483=DIRECTION('',(0.,1.,0.));
#5484=DIRECTION('',(0.258819045102521,0.,0.965925826289068));
#5485=DIRECTION('',(0.707106781186543,0.,0.707106781186552));
#5486=DIRECTION('',(0.707106781186552,0.,-0.707106781186543));
#5487=DIRECTION('',(0.707106781186552,0.,-0.707106781186543));
#5488=DIRECTION('',(0.,-1.,0.));
#5489=DIRECTION('',(-0.707106781186552,0.,0.707106781186543));
#5490=DIRECTION('',(0.25881904510252,0.,-0.965925826289068));
#5491=DIRECTION('',(-0.965925826289068,0.,-0.25881904510252));
#5492=DIRECTION('',(-0.965925826289069,0.,-0.25881904510252));
#5493=DIRECTION('',(0.,-1.,0.));
#5494=DIRECTION('',(0.965925826289068,0.,0.25881904510252));
#5495=DIRECTION('',(0.965925826289068,0.,0.258819045102521));
#5496=DIRECTION('',(0.258819045102521,0.,-0.965925826289068));
#5497=DIRECTION('',(0.258819045102521,0.,-0.965925826289068));
#5498=DIRECTION('',(0.258819045102521,0.,-0.965925826289068));
#5499=DIRECTION('',(0.,1.,0.));
#5500=DIRECTION('',(0.965925826289068,0.,0.258819045102521));
#5501=DIRECTION('',(0.258819045102521,0.,-0.965925826289068));
#5502=DIRECTION('',(0.258819045102521,0.,-0.965925826289068));
#5503=DIRECTION('',(0.258819045102521,0.,-0.965925826289068));
#5504=DIRECTION('',(0.,-1.,0.));
#5505=DIRECTION('',(0.,1.,0.));
#5506=DIRECTION('',(0.,0.,1.));
#5507=DIRECTION('',(-0.707106781186555,0.,-0.70710678118654));
#5508=DIRECTION('',(0.965925826289068,0.,-0.258819045102521));
#5509=DIRECTION('',(-0.216439613938103,0.,-0.976296007119933));
#5510=DIRECTION('',(9.969675149292E-17,0.,1.));
#5511=DIRECTION('',(1.,0.,1.31418445149758E-16));
#5512=DIRECTION('',(0.216439613938103,0.,0.976296007119933));
#5513=DIRECTION('',(-0.258819045102521,0.,0.965925826289068));
#5514=DIRECTION('',(1.,0.,-8.37807103457971E-16));
#5515=DIRECTION('',(0.,1.,0.));
#5516=DIRECTION('',(0.,0.,1.));
#5517=DIRECTION('',(0.258819045102521,0.,0.965925826289068));
#5518=DIRECTION('',(-0.216439613938103,0.,0.976296007119933));
#5519=DIRECTION('',(2.9909025447876E-16,0.,-1.));
#5520=DIRECTION('',(1.,0.,1.31418445149758E-16));
#5521=DIRECTION('',(0.216439613938103,0.,-0.976296007119933));
#5522=DIRECTION('',(-0.258819045102521,0.,-0.965925826289068));
#5523=DIRECTION('',(1.,0.,8.37807103457971E-16));
#5524=DIRECTION('',(0.258819045102521,0.,0.965925826289068));
#5525=DIRECTION('',(-0.707106781186552,0.,0.707106781186543));
#5526=DIRECTION('',(0.965925826289068,0.,0.25881904510252));
#5527=DIRECTION('',(-0.965925826289068,0.,0.258819045102521));
#5528=DIRECTION('',(0.258819045102521,0.,0.965925826289068));
#5529=DIRECTION('',(0.258819045102521,0.,0.965925826289068));
#5530=DIRECTION('',(0.,1.,0.));
#5531=DIRECTION('',(0.,0.,1.));
#5532=DIRECTION('',(1.,0.,0.));
#5533=DIRECTION('',(1.,0.,-8.37807103457971E-16));
#5534=DIRECTION('',(0.,1.,0.));
#5535=DIRECTION('',(0.,1.,0.));
#5536=DIRECTION('',(0.,0.,1.));
#5537=DIRECTION('',(1.,0.,0.));
#5538=DIRECTION('',(1.,0.,0.));
#5539=DIRECTION('',(0.,0.,1.));
#5540=DIRECTION('',(1.,0.,0.));
#5541=DIRECTION('',(0.,-1.,0.));
#5542=DIRECTION('',(0.,0.,1.));
#5543=DIRECTION('',(1.,0.,0.));
#5544=DIRECTION('',(-1.,0.,0.));
#5545=DIRECTION('',(0.,0.,1.));
#5546=DIRECTION('',(1.,0.,0.));
#5547=DIRECTION('',(0.,1.,0.));
#5548=DIRECTION('',(1.,0.,8.37807103457971E-16));
#5549=DIRECTION('',(0.,-1.,0.));
#5550=DIRECTION('',(1.,0.,-1.20298422867856E-15));
#5551=DIRECTION('',(0.,-1.,0.));
#5552=DIRECTION('',(1.,0.,0.));
#5553=DIRECTION('',(0.,-1.,0.));
#5554=DIRECTION('',(1.,0.,1.31418445149758E-16));
#5555=DIRECTION('',(0.,-1.,0.));
#5556=DIRECTION('',(1.,0.,0.));
#5557=DIRECTION('',(0.,1.,0.));
#5558=DIRECTION('',(1.,0.,2.46126355248146E-16));
#5559=DIRECTION('',(0.,1.,0.));
#5560=DIRECTION('',(1.,0.,1.31418445149758E-16));
#5561=DIRECTION('',(0.,1.,0.));
#5562=DIRECTION('',(1.,0.,2.46126355248146E-16));
#5563=DIRECTION('',(0.,1.,0.));
#5564=DIRECTION('',(1.,0.,1.31418445149758E-16));
#5565=DIRECTION('',(0.,1.,0.));
#5566=DIRECTION('',(1.,0.,2.46126355248146E-16));
#5567=DIRECTION('',(0.,1.,0.));
#5568=DIRECTION('',(1.,0.,0.));
#5569=DIRECTION('',(1.,0.,1.33440267382831E-16));
#5570=DIRECTION('',(1.33440267382831E-16,0.,-1.));
#5571=DIRECTION('',(9.43565179497461E-17,0.707106781186547,-0.707106781186548));
#5572=DIRECTION('',(0.,1.,0.));
#5573=DIRECTION('',(9.43565179497461E-17,-0.707106781186547,-0.707106781186548));
#5574=DIRECTION('',(1.33440267382831E-16,0.,-1.));
#5575=DIRECTION('',(0.,1.,0.));
#5576=DIRECTION('',(1.33440267382831E-16,0.,-1.));
#5577=DIRECTION('',(1.33440267382831E-16,0.,-1.));
#5578=DIRECTION('',(0.,-1.,0.));
#5579=DIRECTION('',(-1.33440267382831E-16,0.,1.));
#5580=DIRECTION('',(0.,1.,0.));
#5581=DIRECTION('',(-1.,0.,0.));
#5582=DIRECTION('',(0.,0.,1.));
#5583=DIRECTION('',(0.,0.707106781186547,0.707106781186548));
#5584=DIRECTION('',(0.,-1.,0.));
#5585=DIRECTION('',(0.,-0.707106781186547,0.707106781186548));
#5586=DIRECTION('',(0.,0.,1.));
#5587=DIRECTION('',(0.,1.,0.));
#5588=DIRECTION('',(0.,0.,1.));
#5589=DIRECTION('',(0.,0.,-1.));
#5590=DIRECTION('',(0.,1.,0.));
#5591=DIRECTION('',(0.,0.,1.));
#5592=DIRECTION('',(0.,-1.,0.));
#5593=DIRECTION('',(-1.,0.,0.));
#5594=DIRECTION('',(0.,0.,1.));
#5595=DIRECTION('',(0.,0.707106781186547,0.707106781186548));
#5596=DIRECTION('',(0.,-1.,0.));
#5597=DIRECTION('',(0.,-0.707106781186547,0.707106781186548));
#5598=DIRECTION('',(0.,0.,1.));
#5599=DIRECTION('',(0.,1.,0.));
#5600=DIRECTION('',(0.,0.,1.));
#5601=DIRECTION('',(0.,0.,-1.));
#5602=DIRECTION('',(0.,1.,0.));
#5603=DIRECTION('',(0.,0.,1.));
#5604=DIRECTION('',(0.,-1.,0.));
#5605=DIRECTION('',(1.,0.,0.));
#5606=DIRECTION('',(0.,0.,-1.));
#5607=DIRECTION('',(0.,0.707106781186547,-0.707106781186548));
#5608=DIRECTION('',(0.,1.,0.));
#5609=DIRECTION('',(0.,-0.707106781186547,-0.707106781186548));
#5610=DIRECTION('',(0.,0.,-1.));
#5611=DIRECTION('',(0.,1.,0.));
#5612=DIRECTION('',(0.,0.,-1.));
#5613=DIRECTION('',(0.,0.,-1.));
#5614=DIRECTION('',(0.,-1.,0.));
#5615=DIRECTION('',(0.,0.,1.));
#5616=DIRECTION('',(0.,1.,0.));
#5617=DIRECTION('',(-1.,0.,-2.9909025447876E-16));
#5618=DIRECTION('',(-2.9909025447876E-16,0.,1.));
#5619=DIRECTION('',(0.,-1.,0.));
#5620=DIRECTION('',(0.,1.,0.));
#5621=DIRECTION('',(2.9909025447876E-16,0.,-1.));
#5622=DIRECTION('',(0.,-1.,0.));
#5623=DIRECTION('',(-2.9909025447876E-16,0.,1.));
#5624=DIRECTION('',(0.,1.,0.));
#5625=DIRECTION('',(-2.9909025447876E-16,0.,1.));
#5626=DIRECTION('',(1.,0.,-9.969675149292E-17));
#5627=DIRECTION('',(-9.969675149292E-17,0.,-1.));
#5628=DIRECTION('',(0.,1.,0.));
#5629=DIRECTION('',(9.969675149292E-17,0.,1.));
#5630=DIRECTION('',(0.,1.,0.));
#5631=DIRECTION('',(-9.969675149292E-17,0.,-1.));
#5632=DIRECTION('',(0.,1.,0.));
#5633=DIRECTION('',(-9.969675149292E-17,0.,-1.));
#5634=DIRECTION('',(0.,1.,0.));
#5635=DIRECTION('',(1.31418445149758E-16,0.,-1.));
#5636=DIRECTION('',(-1.,0.,-1.31418445149758E-16));
#5637=DIRECTION('',(-1.,0.,-1.31418445149758E-16));
#5638=DIRECTION('',(0.,1.,0.));
#5639=DIRECTION('',(-1.,0.,-1.31418445149758E-16));
#5640=DIRECTION('',(1.,0.,1.31418445149758E-16));
#5641=DIRECTION('',(0.,1.,0.));
#5642=DIRECTION('',(1.31418445149758E-16,0.,-1.));
#5643=DIRECTION('',(-1.,0.,-1.31418445149758E-16));
#5644=DIRECTION('',(1.,0.,1.31418445149758E-16));
#5645=DIRECTION('',(0.,1.,0.));
#5646=DIRECTION('',(-1.,0.,-1.31418445149758E-16));
#5647=DIRECTION('',(0.,1.,0.));
#5648=DIRECTION('',(-1.,0.,-1.31418445149758E-16));
#5649=DIRECTION('',(0.,1.,0.));
#5650=DIRECTION('',(0.,0.,1.));
#5651=DIRECTION('',(0.,0.,-1.));
#5652=DIRECTION('',(-1.,0.,0.));
#5653=DIRECTION('',(0.,0.,-1.));
#5654=DIRECTION('',(-1.,0.,0.));
#5655=DIRECTION('',(0.,0.,1.));
#5656=DIRECTION('',(0.,-1.,0.));
#5657=DIRECTION('',(0.,0.,-1.));
#5658=DIRECTION('',(0.,0.,-1.));
#5659=DIRECTION('',(0.,-1.,0.));
#5660=DIRECTION('',(0.,0.,-1.));
#5661=DIRECTION('',(1.,0.,0.));
#5662=DIRECTION('',(0.,0.,-1.));
#5663=DIRECTION('',(0.,0.,-1.));
#5664=DIRECTION('',(1.,0.,0.));
#5665=DIRECTION('',(0.,0.,-1.));
#5666=DIRECTION('',(0.,1.,0.));
#5667=DIRECTION('',(0.,0.,-1.));
#5668=DIRECTION('',(0.,0.,-1.));
#5669=DIRECTION('',(0.,0.,1.));
#5670=DIRECTION('',(1.,0.,0.));
#5671=DIRECTION('',(1.,0.,0.));
#5672=DIRECTION('',(0.,0.,1.));
#5673=DIRECTION('',(1.,0.,0.));
#5674=DIRECTION('',(0.,-1.,0.));
#5675=DIRECTION('',(0.,0.,1.));
#5676=DIRECTION('',(1.,0.,0.));
#5677=DIRECTION('',(-1.,0.,0.));
#5678=DIRECTION('',(0.,0.,1.));
#5679=DIRECTION('',(1.,0.,0.));
#5680=DIRECTION('',(0.,1.,0.));
#5681=DIRECTION('',(0.,0.,1.));
#5682=DIRECTION('',(1.,0.,0.));
#5683=DIRECTION('',(-1.,0.,0.));
#5684=DIRECTION('',(0.,-1.,0.));
#5685=DIRECTION('',(1.,0.,0.));
#5686=DIRECTION('',(0.,1.,0.));
#5687=DIRECTION('',(0.,0.,-1.));
#5688=DIRECTION('',(-1.,0.,0.));
#5689=DIRECTION('',(1.,0.,0.));
#5690=DIRECTION('',(0.,1.,0.));
#5691=DIRECTION('',(1.,0.,0.));
#5692=DIRECTION('',(0.,1.,0.));
#5693=DIRECTION('',(1.,0.,0.));
#5694=DIRECTION('',(1.,0.,0.));
#5695=DIRECTION('',(1.,0.,0.));
#5696=DIRECTION('',(1.,0.,0.));
#5697=DIRECTION('',(-1.,0.,0.));
#5698=DIRECTION('',(-1.,0.,0.));
#5699=DIRECTION('',(0.,1.,0.));
#5700=DIRECTION('',(0.,0.,1.));
#5701=DIRECTION('',(0.,1.,0.));
#5702=DIRECTION('',(1.,0.,1.31418445149758E-16));
#5703=DIRECTION('',(1.31418445149758E-16,0.,-1.));
#5704=DIRECTION('',(-1.,0.,5.35782891764398E-16));
#5705=DIRECTION('',(-1.31418445149758E-16,0.,1.));
#5706=DIRECTION('',(1.31418445149758E-16,0.,-1.));
#5707=DIRECTION('',(-1.,0.,-1.31418445149758E-16));
#5708=DIRECTION('',(-4.20539024479226E-16,0.,1.));
#5709=DIRECTION('',(-1.70272594150556E-16,0.,-1.));
#5710=DIRECTION('',(-1.31418445149758E-16,0.,1.));
#5711=DIRECTION('',(0.,1.,0.));
#5712=DIRECTION('',(0.,0.,1.));
#5713=DIRECTION('',(0.,1.,0.));
#5714=DIRECTION('',(-1.,0.,-1.31418445149758E-16));
#5715=DIRECTION('',(1.31418445149758E-16,0.,-1.));
#5716=DIRECTION('',(-1.31418445149758E-16,0.,1.));
#5717=DIRECTION('',(-1.70272594150556E-16,0.,-1.));
#5718=DIRECTION('',(-9.98780183138162E-16,0.,1.));
#5719=DIRECTION('',(-1.,0.,-1.31418445149758E-16));
#5720=DIRECTION('',(4.20539024479226E-16,0.,-1.));
#5721=DIRECTION('',(-4.20539024479226E-16,0.,1.));
#5722=DIRECTION('',(-1.,0.,5.357828917644E-16));
#5723=DIRECTION('',(0.707106781186548,0.,0.707106781186547));
#5724=DIRECTION('',(0.,-1.,0.));
#5725=DIRECTION('',(-0.577350269189626,0.577350269189626,0.577350269189626));
#5726=DIRECTION('',(0.707106781186548,0.,0.707106781186547));
#5727=DIRECTION('',(0.707106781186547,0.,-0.707106781186548));
#5728=DIRECTION('',(0.707106781186548,0.,0.707106781186547));
#5729=DIRECTION('',(0.707106781186547,0.,-0.707106781186548));
#5730=DIRECTION('',(-0.577350269189626,-0.577350269189626,0.577350269189626));
#5731=DIRECTION('',(0.,0.707106781186548,0.707106781186547));
#5732=DIRECTION('',(1.,0.,0.));
#5733=DIRECTION('',(0.,0.707106781186548,0.707106781186547));
#5734=DIRECTION('',(0.,0.707106781186547,-0.707106781186548));
#5735=DIRECTION('',(0.,0.707106781186548,0.707106781186547));
#5736=DIRECTION('',(0.,0.707106781186547,-0.707106781186548));
#5737=DIRECTION('',(0.577350269189626,-0.577350269189626,0.577350269189626));
#5738=DIRECTION('',(0.,-0.707106781186548,0.707106781186547));
#5739=DIRECTION('',(-1.,0.,0.));
#5740=DIRECTION('',(0.,-0.707106781186548,0.707106781186547));
#5741=DIRECTION('',(0.,-0.707106781186547,-0.707106781186548));
#5742=DIRECTION('',(-0.577350269189626,-0.577350269189626,-0.577350269189626));
#5743=DIRECTION('',(0.,-0.707106781186548,0.707106781186547));
#5744=DIRECTION('',(0.,-0.707106781186547,-0.707106781186548));
#5745=DIRECTION('',(-0.707106781186548,0.,0.707106781186547));
#5746=DIRECTION('',(0.,1.,0.));
#5747=DIRECTION('',(-0.707106781186548,0.,0.707106781186547));
#5748=DIRECTION('',(-0.707106781186547,0.,-0.707106781186548));
#5749=DIRECTION('',(-0.707106781186548,0.,0.707106781186547));
#5750=DIRECTION('',(-0.707106781186547,0.,-0.707106781186548));
#5751=DIRECTION('',(1.,0.,-1.70272594150556E-16));
#5752=DIRECTION('',(-1.70272594150556E-16,0.,-1.));
#5753=DIRECTION('',(-1.,0.,-1.31418445149758E-16));
#5754=DIRECTION('',(-1.31418445149758E-16,0.,1.));
#5755=DIRECTION('',(0.,1.,0.));
#5756=DIRECTION('',(0.,0.,1.));
#5757=DIRECTION('',(-0.258819045102521,0.,0.965925826289068));
#5758=DIRECTION('',(0.216439613938103,0.,0.976296007119933));
#5759=DIRECTION('',(-0.216439613938103,0.,-0.976296007119933));
#5760=DIRECTION('',(-0.965925826289068,0.,0.258819045102521));
#5761=DIRECTION('',(0.707106781186555,0.,0.70710678118654));
#5762=DIRECTION('',(-0.976296007119933,0.,0.216439613938103));
#5763=DIRECTION('',(0.216439613938103,0.,0.976296007119933));
#5764=DIRECTION('',(0.,1.,0.));
#5765=DIRECTION('',(-0.965925826289068,0.,-0.258819045102521));
#5766=DIRECTION('',(-0.258819045102521,0.,0.965925826289068));
#5767=DIRECTION('',(0.976296007119934,0.,-0.216439613938103));
#5768=DIRECTION('',(-0.216439613938103,0.,-0.976296007119934));
#5769=DIRECTION('',(0.,1.,0.));
#5770=DIRECTION('',(0.,0.,1.));
#5771=DIRECTION('',(-0.965925826289069,0.,-0.25881904510252));
#5772=DIRECTION('',(0.707106781186552,0.,-0.707106781186543));
#5773=DIRECTION('',(0.258819045102521,0.,0.965925826289068));
#5774=DIRECTION('',(-0.258819045102521,0.,-0.965925826289068));
#5775=DIRECTION('',(0.216439613938103,0.,-0.976296007119933));
#5776=DIRECTION('',(-0.216439613938103,0.,0.976296007119933));
#5777=DIRECTION('',(0.976296007119933,0.,0.216439613938103));
#5778=DIRECTION('',(0.216439613938103,0.,-0.976296007119933));
#5779=DIRECTION('',(0.,1.,0.));
#5780=DIRECTION('',(-0.976296007119933,0.,-0.216439613938103));
#5781=DIRECTION('',(-0.216439613938103,0.,0.976296007119933));
#5782=DIRECTION('',(-0.965925826289068,0.,0.258819045102521));
#5783=DIRECTION('',(0.258819045102521,0.,0.965925826289068));
#5784=DIRECTION('',(0.,1.,0.));
#5785=DIRECTION('',(0.965925826289068,0.,-0.258819045102521));
#5786=DIRECTION('',(-0.258819045102521,0.,-0.965925826289068));
#5787=DIRECTION('',(0.,1.,0.));
#5788=DIRECTION('',(0.,0.,1.));
#5789=DIRECTION('',(1.,0.,0.));
#5790=DIRECTION('',(0.,0.,-1.));
#5791=DIRECTION('',(-1.,0.,0.));
#5792=DIRECTION('',(-1.,0.,0.));
#5793=DIRECTION('',(0.,1.,0.));
#5794=DIRECTION('',(1.,0.,0.));
#5795=DIRECTION('',(0.,-1.,0.));
#5796=DIRECTION('',(0.,1.,0.));
#5797=DIRECTION('',(0.,0.,1.));
#5798=DIRECTION('',(-1.,0.,0.));
#5799=DIRECTION('',(0.,1.,0.));
#5800=DIRECTION('',(0.,0.,1.));
#5801=DIRECTION('',(1.,0.,0.));
#5802=DIRECTION('',(0.,1.,0.));
#5803=DIRECTION('',(0.,0.,1.));
#5804=DIRECTION('',(-1.,0.,0.));
#5805=DIRECTION('',(0.,0.,-1.));
#5806=DIRECTION('',(-1.,0.,0.));
#5807=DIRECTION('',(-1.,0.,0.));
#5808=DIRECTION('',(0.,1.,0.));
#5809=DIRECTION('',(1.,0.,0.));
#5810=DIRECTION('',(0.,-1.,0.));
#5811=DIRECTION('',(1.,0.,0.));
#5812=DIRECTION('',(0.,0.,-1.));
#5813=DIRECTION('',(0.,0.,1.));
#5814=DIRECTION('',(0.,1.,0.));
#5815=DIRECTION('',(0.,0.,1.));
#5816=DIRECTION('',(0.,1.,0.));
#5817=DIRECTION('',(0.,0.,1.));
#5818=DIRECTION('',(-1.,0.,0.));
#5819=DIRECTION('',(0.,0.,1.));
#5820=DIRECTION('',(-1.,0.,0.));
#5821=DIRECTION('',(0.,0.,1.));
#5822=DIRECTION('',(0.,-1.,0.));
#5823=DIRECTION('',(0.,0.,1.));
#5824=DIRECTION('',(0.,-1.,0.));
#5825=DIRECTION('',(0.,0.,-1.));
#5826=DIRECTION('',(1.,0.,0.));
#5827=DIRECTION('',(0.,0.,1.));
#5828=DIRECTION('',(1.,0.,0.));
#5829=DIRECTION('',(0.,-0.707106781186548,0.707106781186547));
#5830=DIRECTION('',(-1.,0.,0.));
#5831=DIRECTION('',(-0.0705345615858594,0.705345615858598,0.705345615858599));
#5832=DIRECTION('',(-0.0705345615858594,-0.705345615858598,-0.705345615858599));
#5833=DIRECTION('',(0.,-0.707106781186548,-0.707106781186547));
#5834=DIRECTION('',(1.,0.,0.));
#5835=DIRECTION('',(-0.0705345615858594,-0.705345615858598,0.705345615858599));
#5836=DIRECTION('',(-0.0705345615858594,0.705345615858598,-0.705345615858599));
#5837=DIRECTION('',(0.,-0.707106781186548,-0.707106781186547));
#5838=DIRECTION('',(1.,0.,0.));
#5839=DIRECTION('',(-0.0705345615858598,-0.705345615858598,0.705345615858598));
#5840=DIRECTION('',(-0.0705345615858597,0.705345615858598,-0.705345615858598));
#5841=DIRECTION('',(0.,-0.707106781186548,0.707106781186547));
#5842=DIRECTION('',(-1.,0.,0.));
#5843=DIRECTION('',(-0.0705345615858598,0.705345615858598,0.705345615858598));
#5844=DIRECTION('',(-0.0705345615858597,-0.705345615858598,-0.705345615858598));
#5845=DIRECTION('',(0.995037190209989,0.,0.0995037190209988));
#5846=DIRECTION('',(0.,1.,0.));
#5847=DIRECTION('',(-0.995037190209989,0.,0.0995037190209988));
#5848=DIRECTION('',(0.,1.,0.));
#5849=DIRECTION('',(0.995037190209989,0.,0.0995037190209982));
#5850=DIRECTION('',(0.,1.,0.));
#5851=DIRECTION('',(-0.995037190209989,0.,0.0995037190209982));
#5852=DIRECTION('',(0.,1.,0.));
#5853=DIRECTION('',(0.,1.,0.));
#5854=DIRECTION('',(0.,0.,1.));
#5855=DIRECTION('',(-1.,0.,0.));
#5856=DIRECTION('',(-1.,0.,0.));
#5857=DIRECTION('',(0.,0.,-1.));
#5858=DIRECTION('',(-1.,0.,0.));
#5859=DIRECTION('',(-1.,0.,0.));
#5860=DIRECTION('',(0.,-1.,0.));
#5861=DIRECTION('',(0.,0.,-1.));
#5862=DIRECTION('',(-1.,0.,0.));
#5863=DIRECTION('',(0.,0.,1.));
#5864=DIRECTION('',(1.,0.,0.));
#5865=DIRECTION('',(0.,0.,1.));
#5866=DIRECTION('',(1.,0.,0.));
#5867=DIRECTION('',(-1.,0.,0.));
#5868=DIRECTION('',(-1.,0.,0.));
#5869=DIRECTION('',(0.,-1.,0.));
#5870=DIRECTION('',(0.,0.,-1.));
#5871=DIRECTION('',(-1.,0.,0.));
#5872=DIRECTION('',(0.,0.,-1.));
#5873=DIRECTION('',(-1.,0.,0.));
#5874=DIRECTION('',(-1.,0.,0.));
#5875=DIRECTION('',(0.,1.,0.));
#5876=DIRECTION('',(0.,0.,1.));
#5877=DIRECTION('',(0.,1.,0.));
#5878=DIRECTION('',(0.,0.,1.));
#5879=DIRECTION('',(-1.31418445149758E-16,0.,1.));
#5880=DIRECTION('',(1.,0.,-5.35782891764398E-16));
#5881=DIRECTION('',(1.31418445149758E-16,0.,-1.));
#5882=DIRECTION('',(1.,0.,1.31418445149758E-16));
#5883=DIRECTION('',(1.31418445149758E-16,0.,-1.));
#5884=DIRECTION('',(9.29268737383864E-17,0.707106781186547,-0.707106781186548));
#5885=DIRECTION('',(-1.,0.,-1.31418445149758E-16));
#5886=DIRECTION('',(-1.31418445149758E-16,0.,1.));
#5887=DIRECTION('',(-9.29268737383864E-17,-0.707106781186547,0.707106781186548));
#5888=DIRECTION('',(0.,1.,0.));
#5889=DIRECTION('',(0.,0.,1.));
#5890=DIRECTION('',(-4.20539024479226E-16,0.,1.));
#5891=DIRECTION('',(1.,0.,1.31418445149758E-16));
#5892=DIRECTION('',(1.31418445149758E-16,0.,-1.));
#5893=DIRECTION('',(-1.,0.,-4.20539024479226E-16));
#5894=DIRECTION('',(-4.20539024479226E-16,0.,1.));
#5895=DIRECTION('',(-2.97365995962836E-16,-0.707106781186547,0.707106781186548));
#5896=DIRECTION('',(1.,0.,1.31418445149758E-16));
#5897=DIRECTION('',(1.31418445149758E-16,0.,-1.));
#5898=DIRECTION('',(9.29268737383864E-17,0.707106781186547,-0.707106781186548));
#5899=DIRECTION('',(0.,1.,0.));
#5900=DIRECTION('',(0.,0.,1.));
#5901=DIRECTION('',(4.20539024479226E-16,0.,-1.));
#5902=DIRECTION('',(-1.,0.,-1.31418445149758E-16));
#5903=DIRECTION('',(-9.98780183138162E-16,0.,1.));
#5904=DIRECTION('',(-1.,0.,-4.20539024479226E-16));
#5905=DIRECTION('',(-4.20539024479226E-16,0.,1.));
#5906=DIRECTION('',(-2.97365995962837E-16,0.707106781186547,0.707106781186548));
#5907=DIRECTION('',(1.,0.,9.98780183138162E-16));
#5908=DIRECTION('',(9.98780183138162E-16,0.,-1.));
#5909=DIRECTION('',(7.06244240411737E-16,-0.707106781186547,-0.707106781186548));
#5910=DIRECTION('',(0.,1.,0.));
#5911=DIRECTION('',(0.,0.,1.));
#5912=DIRECTION('',(1.31418445149758E-16,0.,-1.));
#5913=DIRECTION('',(-1.,0.,5.357828917644E-16));
#5914=DIRECTION('',(-4.20539024479226E-16,0.,1.));
#5915=DIRECTION('',(1.,0.,4.20539024479226E-16));
#5916=DIRECTION('',(4.20539024479226E-16,0.,-1.));
#5917=DIRECTION('',(2.97365995962836E-16,-0.707106781186547,-0.707106781186548));
#5918=DIRECTION('',(-1.,0.,-1.31418445149758E-16));
#5919=DIRECTION('',(-1.31418445149758E-16,0.,1.));
#5920=DIRECTION('',(-9.29268737383864E-17,0.707106781186547,0.707106781186548));
#5921=DIRECTION('',(9.29268737383862E-17,0.707106781186548,-0.707106781186547));
#5922=DIRECTION('',(1.,0.,1.31418445149758E-16));
#5923=DIRECTION('',(-3.78855716010345E-16,0.707106781186548,-0.707106781186547));
#5924=DIRECTION('',(1.,0.,-5.357828917644E-16));
#5925=DIRECTION('',(9.29268737383863E-17,-0.707106781186548,-0.707106781186547));
#5926=DIRECTION('',(1.,0.,1.31418445149758E-16));
#5927=DIRECTION('',(-3.78855716010344E-16,-0.707106781186548,-0.707106781186547));
#5928=DIRECTION('',(1.,0.,-5.35782891764398E-16));
#5929=DIRECTION('',(0.25881904510252,0.,-0.965925826289068));
#5930=DIRECTION('',(-0.965925826289068,0.,-0.25881904510252));
#5931=DIRECTION('',(0.,-1.,0.));
#5932=DIRECTION('',(0.707106781186543,0.,0.707106781186552));
#5933=DIRECTION('',(0.707106781186552,0.,-0.707106781186543));
#5934=DIRECTION('',(0.70710678118654,0.,-0.707106781186555));
#5935=DIRECTION('',(-0.707106781186555,0.,-0.70710678118654));
#5936=DIRECTION('',(0.,-1.,0.));
#5937=DIRECTION('',(0.258819045102521,0.,0.965925826289068));
#5938=DIRECTION('',(0.965925826289068,0.,-0.258819045102521));
#5939=DIRECTION('',(0.,-1.,0.));
#5940=DIRECTION('',(0.,0.,-1.));
#5941=DIRECTION('',(0.,0.,1.));
#5942=DIRECTION('',(0.,0.,1.));
#5943=DIRECTION('',(1.,0.,0.));
#5944=DIRECTION('',(0.,0.,-1.));
#5945=DIRECTION('',(0.,0.,1.));
#5946=DIRECTION('',(0.,0.,1.));
#5947=DIRECTION('',(0.,1.,0.));
#5948=DIRECTION('',(0.,0.,1.));
#5949=DIRECTION('',(0.,0.,1.));
#5950=DIRECTION('',(0.,0.,1.));
#5951=DIRECTION('',(-1.,0.,0.));
#5952=DIRECTION('',(0.,0.,1.));
#5953=DIRECTION('',(0.,0.,1.));
#5954=DIRECTION('',(0.,0.,1.));
#5955=DIRECTION('',(3.94724722258736E-15,0.,1.));
#5956=DIRECTION('',(1.,0.,-3.94724722258736E-15));
#5957=DIRECTION('',(1.,0.,-3.94724722258736E-15));
#5958=DIRECTION('',(0.,1.,0.));
#5959=DIRECTION('',(1.,0.,-3.94724722258736E-15));
#5960=DIRECTION('',(0.,1.,0.));
#5961=DIRECTION('',(1.,0.,0.));
#5962=DIRECTION('',(0.,0.,-1.));
#5963=DIRECTION('',(0.,0.,-1.));
#5964=DIRECTION('',(0.,1.,0.));
#5965=DIRECTION('',(0.,0.,-1.));
#5966=DIRECTION('',(-1.,0.,0.));
#5967=DIRECTION('',(0.,0.,1.));
#5968=DIRECTION('',(0.,1.,0.));
#5969=DIRECTION('',(0.,0.,1.));
#5970=DIRECTION('',(0.,0.,1.));
#5971=DIRECTION('',(0.,1.,0.));
#5972=DIRECTION('',(0.,0.,1.));
#5973=DIRECTION('',(0.,1.,0.));
#5974=DIRECTION('',(0.,0.,1.));
#5975=DIRECTION('',(0.,1.,0.));
#5976=DIRECTION('',(0.,1.,0.));
#5977=DIRECTION('',(0.,0.,1.));
#5978=DIRECTION('',(0.,1.,0.));
#5979=DIRECTION('',(0.,1.,0.));
#5980=DIRECTION('',(0.,0.,1.));
#5981=DIRECTION('',(-0.660203204545569,0.,-0.75108703138036));
#5982=DIRECTION('',(-0.75108703138036,0.,0.660203204545569));
#5983=DIRECTION('',(0.211929707595275,0.,0.977284911905725));
#5984=DIRECTION('',(0.977284911905725,0.,-0.211929707595275));
#5985=DIRECTION('',(-1.,0.,3.94724722258736E-15));
#5986=DIRECTION('',(3.94724722258736E-15,0.,1.));
#5987=DIRECTION('',(1.,0.,-4.37285054403535E-15));
#5988=DIRECTION('',(-4.37285054403535E-15,0.,-1.));
#5989=DIRECTION('',(-1.,0.,4.37285054403535E-15));
#5990=DIRECTION('',(4.37285054403535E-15,0.,1.));
#5991=DIRECTION('',(0.,1.,0.));
#5992=DIRECTION('',(0.,0.,1.));
#5993=DIRECTION('',(0.849721917573806,0.,-0.527231128438651));
#5994=DIRECTION('',(-0.527231128438651,0.,-0.849721917573807));
#5995=DIRECTION('',(-0.999867872631595,0.,-0.0162553769309585));
#5996=DIRECTION('',(-0.0162553769309585,0.,0.999867872631596));
#5997=DIRECTION('',(0.,0.,1.));
#5998=DIRECTION('',(1.,0.,0.));
#5999=DIRECTION('',(0.,0.,1.));
#6000=DIRECTION('',(1.,0.,0.));
#6001=DIRECTION('',(0.,1.,0.));
#6002=DIRECTION('',(0.,0.,1.));
#6003=DIRECTION('',(-0.660203204545569,0.,-0.75108703138036));
#6004=DIRECTION('',(-0.75108703138036,0.,0.660203204545569));
#6005=DIRECTION('',(0.211929707595275,0.,0.977284911905725));
#6006=DIRECTION('',(0.977284911905725,0.,-0.211929707595275));
#6007=DIRECTION('',(1.,0.,-3.94724722258736E-15));
#6008=DIRECTION('',(-3.94724722258736E-15,0.,-1.));
#6009=DIRECTION('',(1.,0.,-4.37285054403534E-15));
#6010=DIRECTION('',(-4.37285054403534E-15,0.,-1.));
#6011=DIRECTION('',(-1.,1.91218218804703E-29,4.37285054403535E-15));
#6012=DIRECTION('',(4.37285054403535E-15,0.,1.));
#6013=DIRECTION('',(0.,1.,0.));
#6014=DIRECTION('',(0.,0.,1.));
#6015=DIRECTION('',(0.849721917573806,0.,-0.527231128438651));
#6016=DIRECTION('',(-0.527231128438651,0.,-0.849721917573807));
#6017=DIRECTION('',(-0.999867872631595,0.,-0.0162553769309585));
#6018=DIRECTION('',(-0.0162553769309585,0.,0.999867872631596));
#6019=DIRECTION('',(0.,0.,-1.));
#6020=DIRECTION('',(-1.,0.,0.));
#6021=DIRECTION('',(0.,0.,-1.));
#6022=DIRECTION('',(-1.,0.,0.));
#6023=DIRECTION('',(0.,0.,1.));
#6024=DIRECTION('',(1.,0.,0.));
#6025=DIRECTION('',(0.,1.,0.));
#6026=DIRECTION('',(0.,0.,1.));
#6027=DIRECTION('',(0.,1.,0.));
#6028=DIRECTION('',(0.,0.,1.));
#6029=DIRECTION('',(0.,1.,0.));
#6030=DIRECTION('',(0.,0.,1.));
#6031=DIRECTION('',(0.,0.,1.));
#6032=DIRECTION('',(1.,0.,0.));
#6033=DIRECTION('',(0.,0.,-1.));
#6034=DIRECTION('',(-1.,0.,0.));
#6035=DIRECTION('',(0.,0.,1.));
#6036=DIRECTION('',(1.,0.,0.));
#6037=DIRECTION('',(-1.,0.,0.));
#6038=DIRECTION('',(0.,0.,1.));
#6039=DIRECTION('',(0.,1.,0.));
#6040=DIRECTION('',(0.,0.,1.));
#6041=DIRECTION('',(0.,1.,0.));
#6042=DIRECTION('',(0.,0.,1.));
#6043=DIRECTION('',(0.,1.,0.));
#6044=DIRECTION('',(0.,0.,1.));
#6045=DIRECTION('',(-1.,0.,0.));
#6046=DIRECTION('',(0.,0.,1.));
#6047=DIRECTION('',(0.,-1.63981895401326E-15,-1.));
#6048=DIRECTION('',(0.,1.,-1.63981895401326E-15));
#6049=DIRECTION('',(0.,0.,1.));
#6050=DIRECTION('',(1.,0.,0.));
#6051=DIRECTION('',(0.,1.,0.));
#6052=DIRECTION('',(0.,0.,1.));
#6053=DIRECTION('',(0.,1.,0.));
#6054=DIRECTION('',(0.,0.,1.));
#6055=DIRECTION('',(0.,1.,0.));
#6056=DIRECTION('',(0.,0.,1.));
#6057=DIRECTION('',(0.,1.,0.));
#6058=DIRECTION('',(0.,0.,1.));
#6059=DIRECTION('',(0.,1.,0.));
#6060=DIRECTION('',(0.,0.,1.));
#6061=DIRECTION('',(0.,1.,0.));
#6062=DIRECTION('',(0.,0.,1.));
#6063=DIRECTION('',(0.,1.,0.));
#6064=DIRECTION('',(0.,0.,1.));
#6065=DIRECTION('',(0.,1.,0.));
#6066=DIRECTION('',(0.,0.,1.));
#6067=DIRECTION('',(0.,1.,0.));
#6068=DIRECTION('',(0.,0.,1.));
#6069=DIRECTION('',(0.,1.,0.));
#6070=DIRECTION('',(0.,0.,1.));
#6071=DIRECTION('',(0.,0.,-1.));
#6072=DIRECTION('',(-1.,0.,0.));
#6073=DIRECTION('',(0.,0.,-1.));
#6074=DIRECTION('',(-1.,0.,0.));
#6075=DIRECTION('',(0.,0.,-1.));
#6076=DIRECTION('',(-1.,0.,0.));
#6077=DIRECTION('',(0.,0.,-1.));
#6078=DIRECTION('',(-1.,0.,0.));
#6079=DIRECTION('',(0.,0.,-1.));
#6080=DIRECTION('',(-1.,0.,0.));
#6081=DIRECTION('',(0.,0.,-1.));
#6082=DIRECTION('',(-1.,0.,0.));
#6083=DIRECTION('',(0.,0.,-1.));
#6084=DIRECTION('',(-1.,0.,0.));
#6085=DIRECTION('',(0.,0.,-1.));
#6086=DIRECTION('',(-1.,0.,0.));
#6087=DIRECTION('',(0.,-1.,0.));
#6088=DIRECTION('',(0.,0.,-1.));
#6089=DIRECTION('',(0.,1.,0.));
#6090=DIRECTION('',(1.,0.,1.31418445149758E-16));
#6091=DIRECTION('',(0.,1.,0.));
#6092=DIRECTION('',(0.,0.,1.));
#6093=DIRECTION('',(0.,1.,0.));
#6094=DIRECTION('',(0.,0.,1.));
#6095=DIRECTION('',(0.,1.,0.));
#6096=DIRECTION('',(-1.,0.,-1.31418445149758E-16));
#6097=DIRECTION('',(0.,1.,0.));
#6098=DIRECTION('',(0.,0.,1.));
#6099=DIRECTION('',(0.,1.,0.));
#6100=DIRECTION('',(0.,0.,1.));
#6101=DIRECTION('',(0.,1.,0.));
#6102=DIRECTION('',(0.,0.,1.));
#6103=DIRECTION('',(0.,1.,0.));
#6104=DIRECTION('',(0.,0.,1.));
#6105=DIRECTION('',(0.,0.,1.));
#6106=DIRECTION('',(1.,0.,0.));
#6107=CARTESIAN_POINT('',(0.,0.,0.));
#6108=CARTESIAN_POINT('',(-1.49092731829574,4.33680868994202E-16,0.629931831982723));
#6109=CARTESIAN_POINT('',(-0.741612260631291,0.82114106703066,2.76076626373277));
#6110=CARTESIAN_POINT('',(-0.365929361455136,-0.000333873261706231,2.61794693659914));
#6111=CARTESIAN_POINT('',(-0.740234203322605,-0.819805573983834,2.76017111936389));
#6112=CARTESIAN_POINT('',(-1.50951246509959,-1.0924681236695,3.0980337298023));
#6113=CARTESIAN_POINT('',(-2.24218601510279,-0.80985433527084,3.48049842994108));
#6114=CARTESIAN_POINT('',(-2.61439301811651,-0.00420502617232522,3.69898565131464));
#6115=CARTESIAN_POINT('',(-2.24577877797348,0.808659722236722,3.48245982950663));
#6116=CARTESIAN_POINT('',(-1.50893257844317,1.09242448167922,3.09771275331795));
#6117=CARTESIAN_POINT('',(-0.741612260631291,0.82114106703066,2.76076626373277));
#6118=CARTESIAN_POINT('',(-0.365929361455136,-0.000333873261706231,2.61794693659914));
#6119=CARTESIAN_POINT('',(-0.740234203322605,-0.819805573983834,2.76017111936389));
#6120=CARTESIAN_POINT('',(-0.49092731829574,4.33680868994202E-16,2.66545418824887));
#6121=CARTESIAN_POINT('',(-0.741504496920689,0.821024875018356,2.73910588193448));
#6122=CARTESIAN_POINT('',(-0.365981716458354,-0.00033208746740304,2.59657177560445));
#6123=CARTESIAN_POINT('',(-0.740132547020334,-0.81969652514874,2.73851427211101));
#6124=CARTESIAN_POINT('',(-1.50945015135089,-1.09251452782004,3.07583790204403));
#6125=CARTESIAN_POINT('',(-2.24228372384687,-0.809780923478493,3.4577305438636));
#6126=CARTESIAN_POINT('',(-2.61434828141573,-0.00418083670114695,3.67574225589884));
#6127=CARTESIAN_POINT('',(-2.24586031544919,0.808589553693507,3.45967961284332));
#6128=CARTESIAN_POINT('',(-1.50886826999886,1.09247198623834,3.07551673273722));
#6129=CARTESIAN_POINT('',(-0.741504496920689,0.821024875018356,2.73910588193448));
#6130=CARTESIAN_POINT('',(-0.365981716458354,-0.00033208746740304,2.59657177560445));
#6131=CARTESIAN_POINT('',(-0.740132547020334,-0.81969652514874,2.73851427211101));
#6132=CARTESIAN_POINT('',(-0.49092731829574,4.33680868994202E-16,2.64398454274388));
#6133=CARTESIAN_POINT('',(4.87163941854637,-0.1,0.629931831982723));
#6134=CARTESIAN_POINT('',(4.87163941854637,-1.06819647272688,1.63751019609515));
#6135=CARTESIAN_POINT('',(4.87163941854637,-0.1,1.63751019609515));
#6136=CARTESIAN_POINT('',(4.87163941854637,0.1,1.63751019609515));
#6137=CARTESIAN_POINT('',(4.87163941854637,-0.1,0.629931831982723));
#6138=CARTESIAN_POINT('',(4.87163941854637,-0.0999999999999998,1.65751020301066));
#6139=CARTESIAN_POINT('',(4.87163941854637,-3.2,1.65751020301066));
#6140=CARTESIAN_POINT('',(4.87163941854637,0.0999999999999998,1.65751020301066));
#6141=CARTESIAN_POINT('',(4.87163941854637,0.1,0.629931831982723));
#6142=CARTESIAN_POINT('',(4.87163941854637,0.1,0.629931831982723));
#6143=CARTESIAN_POINT('',(4.85940322626576,0.1,16.3616201154474));
#6144=CARTESIAN_POINT('',(2.87163941854637,0.1,1.77229670117319));
#6145=CARTESIAN_POINT('',(4.85940322626575,0.0999999999999998,16.3616201154473));
#6146=CARTESIAN_POINT('',(2.87163941854637,0.1,1.79248173714436));
#6147=CARTESIAN_POINT('',(2.87163941854637,0.1,0.629931831982723));
#6148=CARTESIAN_POINT('',(2.87163941854637,0.1,0.629931831982723));
#6149=CARTESIAN_POINT('',(2.87163941854637,-1.06819647272688,1.77229670117319));
#6150=CARTESIAN_POINT('',(2.87163941854637,-0.1,1.77229670117319));
#6151=CARTESIAN_POINT('',(2.87163941854637,-3.2,1.79248173714436));
#6152=CARTESIAN_POINT('',(2.87163941854637,-0.0999999999999998,1.79248173714436));
#6153=CARTESIAN_POINT('',(2.87163941854637,-0.1,0.629931831982723));
#6154=CARTESIAN_POINT('',(2.87163941854637,-0.1,0.629931831982723));
#6155=CARTESIAN_POINT('',(4.85940322626576,-0.1,16.3616201154474));
#6156=CARTESIAN_POINT('',(4.85940322626575,-0.0999999999999998,16.3616201154473));
#6157=CARTESIAN_POINT('',(4.85940322626575,-3.2,16.3616201154473));
#6158=CARTESIAN_POINT('',(4.85940322626575,3.0016484375,16.3616201154473));
#6159=CARTESIAN_POINT('',(5.09842415808672,3.0016484375,1.65944792778842));
#6160=CARTESIAN_POINT('',(-2.89306391981567,3.0016484375,3.86721131829539));
#6161=CARTESIAN_POINT('',(-2.89306391981567,-3.2,3.86721131829538));
#6162=CARTESIAN_POINT('',(-2.89306391981567,-3.0016484375,3.86721131829539));
#6163=CARTESIAN_POINT('',(4.85940322626575,-3.0016484375,16.3616201154473));
#6164=CARTESIAN_POINT('',(5.09842415808672,-3.0016484375,1.65944792778842));
#6165=CARTESIAN_POINT('',(5.09842415808672,-3.2,1.65944792778842));
#6166=CARTESIAN_POINT('',(3.62289580630256,3.2,-2.19894290725962));
#6167=CARTESIAN_POINT('',(-3.06740753892226,3.2,3.68181328124999));
#6168=CARTESIAN_POINT('',(-3.06740753892226,3.2,3.70164843749999));
#6169=CARTESIAN_POINT('',(-3.08230546754704,3.2,3.69490851496891));
#6170=CARTESIAN_POINT('',(3.62289580630259,3.2,3.70164843749997));
#6171=CARTESIAN_POINT('',(-3.00809874975256,3.2,3.70164843749999));
#6172=CARTESIAN_POINT('',(-3.00809874975256,3.2,3.68181328124999));
#6173=CARTESIAN_POINT('',(-2.99764103794012,3.2,3.69866764825412));
#6174=CARTESIAN_POINT('',(4.85940322626575,3.2,16.3616201154473));
#6175=CARTESIAN_POINT('',(5.1016484375,3.2,1.46112257295839));
#6176=CARTESIAN_POINT('',(5.1016484375,3.2,-2.19894290725962));
#6177=CARTESIAN_POINT('',(5.1016484375,3.2,-2.));
#6178=CARTESIAN_POINT('',(-5.3,3.2,-2.));
#6179=CARTESIAN_POINT('',(-5.10164843749999,3.2,-2.));
#6180=CARTESIAN_POINT('',(-5.10164843749999,3.2,-2.19894290725962));
#6181=CARTESIAN_POINT('',(-5.10164843749999,3.2,-0.306976615786297));
#6182=CARTESIAN_POINT('',(3.62289580630256,3.2,-2.19894290725962));
#6183=CARTESIAN_POINT('',(3.62289580630256,-3.2,-2.19894290725962));
#6184=CARTESIAN_POINT('',(-3.06740753892226,-3.2,3.68181328124999));
#6185=CARTESIAN_POINT('',(-3.08230546754704,-3.2,3.69490851496891));
#6186=CARTESIAN_POINT('',(-3.06740753892226,-3.2,3.70164843749999));
#6187=CARTESIAN_POINT('',(3.62289580630256,-3.2,-2.19894290725962));
#6188=CARTESIAN_POINT('',(-5.10164843749999,-3.2,-0.306976615786297));
#6189=CARTESIAN_POINT('',(-5.10164843749999,-3.2,-2.));
#6190=CARTESIAN_POINT('',(-5.10164843749999,-3.2,-2.));
#6191=CARTESIAN_POINT('',(3.46944695195361E-15,-3.2,-2.));
#6192=CARTESIAN_POINT('',(5.1016484375,-3.2,-2.));
#6193=CARTESIAN_POINT('',(5.1016484375,-3.2,1.66410765502075));
#6194=CARTESIAN_POINT('',(5.1016484375,-3.2,1.46112257295839));
#6195=CARTESIAN_POINT('',(4.85940322626575,-3.2,16.3616201154473));
#6196=CARTESIAN_POINT('',(-2.99764103794012,-3.2,3.69866764825412));
#6197=CARTESIAN_POINT('',(-3.00809874975256,-3.2,3.68181328124999));
#6198=CARTESIAN_POINT('',(-3.00809874975256,-3.2,3.70164843749999));
#6199=CARTESIAN_POINT('',(-3.16539903878907,-3.2,3.70164843749999));
#6200=CARTESIAN_POINT('',(0.,0.,-2.));
#6201=CARTESIAN_POINT('',(-5.35,3.25,-2.));
#6202=CARTESIAN_POINT('',(-5.35,3.03181328124999,-2.));
#6203=CARTESIAN_POINT('',(-5.35,-3.03181328125,-2.));
#6204=CARTESIAN_POINT('',(-5.13181328124999,-3.03181328125,-2.));
#6205=CARTESIAN_POINT('',(-5.13181328124999,-3.25,-2.));
#6206=CARTESIAN_POINT('',(-5.29999999999999,-3.25,-2.));
#6207=CARTESIAN_POINT('',(5.13181328125,-3.25,-2.));
#6208=CARTESIAN_POINT('',(5.13181328125,-3.03181328125,-2.));
#6209=CARTESIAN_POINT('',(5.35,-3.03181328125,-2.));
#6210=CARTESIAN_POINT('',(5.35,-3.25,-2.));
#6211=CARTESIAN_POINT('',(5.35,3.03181328124999,-2.));
#6212=CARTESIAN_POINT('',(5.13181328125,3.03181328124999,-2.));
#6213=CARTESIAN_POINT('',(5.13181328125,3.25,-2.));
#6214=CARTESIAN_POINT('',(5.3,3.25,-2.));
#6215=CARTESIAN_POINT('',(-5.13181328124999,3.25,-2.));
#6216=CARTESIAN_POINT('',(-5.13181328124999,3.03181328124999,-2.));
#6217=CARTESIAN_POINT('',(5.3,-3.2,-2.));
#6218=CARTESIAN_POINT('',(5.3,-3.0016484375,-2.));
#6219=CARTESIAN_POINT('',(5.3,3.0016484375,-2.));
#6220=CARTESIAN_POINT('',(5.1016484375,-3.0016484375,-2.));
#6221=CARTESIAN_POINT('',(-5.10164843749999,-3.0016484375,-2.));
#6222=CARTESIAN_POINT('',(-5.3,-3.0016484375,-2.));
#6223=CARTESIAN_POINT('',(-5.3,-3.2,-2.));
#6224=CARTESIAN_POINT('',(-5.3,3.0016484375,-2.));
#6225=CARTESIAN_POINT('',(-5.10164843749999,3.0016484375,-2.));
#6226=CARTESIAN_POINT('',(5.1016484375,3.0016484375,-2.));
#6227=CARTESIAN_POINT('',(7.51544788086476,-2.5,-2.57758206569798));
#6228=CARTESIAN_POINT('',(7.51544788086476,-2.5,-2.57758206569798));
#6229=CARTESIAN_POINT('',(6.88194889708157,-2.50000000000001,-0.213331671675887));
#6230=CARTESIAN_POINT('',(6.91476583700392,-2.50000000000001,-0.33580615881505));
#6231=CARTESIAN_POINT('',(6.91476583700392,-2.50000000000001,-0.33580615881505));
#6232=CARTESIAN_POINT('',(6.91476583700392,2.49999999999999,-0.33580615881505));
#6233=CARTESIAN_POINT('',(7.51544788086476,2.5,-2.57758206569798));
#6234=CARTESIAN_POINT('',(6.88194889708157,2.49999999999999,-0.213331671675889));
#6235=CARTESIAN_POINT('',(6.88194889708157,-2.50000000000001,-0.213331671675887));
#6236=CARTESIAN_POINT('',(6.83712012347317,4.10135753822604,-0.0460284109283296));
#6237=CARTESIAN_POINT('',(6.83712012347317,-2.50000000000001,-0.0460284109283296));
#6238=CARTESIAN_POINT('',(6.71464563633401,-2.50000000000001,-0.168502898067485));
#6239=CARTESIAN_POINT('',(6.83712012347317,-2.50000000000001,-0.0460284109283287));
#6240=CARTESIAN_POINT('',(6.71464563633401,4.10135753822604,-0.168502898067485));
#6241=CARTESIAN_POINT('',(6.71464563633401,2.49999999999999,-0.168502898067485));
#6242=CARTESIAN_POINT('',(3.8658383359126,2.49999999999999,-3.01731019848883));
#6243=CARTESIAN_POINT('',(6.83712012347317,2.49999999999999,-0.0460284109283294));
#6244=CARTESIAN_POINT('',(6.83712012347317,-2.50000000000001,-0.0460284109283287));
#6245=CARTESIAN_POINT('',(6.88194889708157,4.10135753822604,-0.213331671675887));
#6246=CARTESIAN_POINT('',(-0.171885251361099,2.49999999999999,1.6767374919424));
#6247=CARTESIAN_POINT('',(6.88194889708157,-2.50000000000001,-0.213331671675887));
#6248=CARTESIAN_POINT('',(7.51544788086476,-2.5,-2.57758206569798));
#6249=CARTESIAN_POINT('',(7.51544788086476,-2.5,-2.57758206569798));
#6250=CARTESIAN_POINT('',(7.50311460532762,-2.5,-2.53155365476965));
#6251=CARTESIAN_POINT('',(7.51544788086476,-2.5,-2.57758206569798));
#6252=CARTESIAN_POINT('',(7.51544788086476,-2.5,-2.57758206569798));
#6253=CARTESIAN_POINT('',(7.51544788086476,2.5,-2.57758206569798));
#6254=CARTESIAN_POINT('',(7.51544788086476,2.5,-2.57758206569798));
#6255=CARTESIAN_POINT('',(7.50311460532762,2.5,-2.53155365476965));
#6256=CARTESIAN_POINT('',(7.50311460532762,-2.5,-2.53155365476965));
#6257=CARTESIAN_POINT('',(7.45828583171922,4.10135753822604,-2.36425039402209));
#6258=CARTESIAN_POINT('',(7.45828583171922,-2.5,-2.36425039402209));
#6259=CARTESIAN_POINT('',(7.33581134458006,-2.5,-2.48672488116125));
#6260=CARTESIAN_POINT('',(7.45828583171922,-2.5,-2.36425039402209));
#6261=CARTESIAN_POINT('',(7.33581134458006,4.10135753822604,-2.48672488116125));
#6262=CARTESIAN_POINT('',(7.33581134458006,2.5,-2.48672488116125));
#6263=CARTESIAN_POINT('',(4.48700404415865,2.5,-5.3355321815826));
#6264=CARTESIAN_POINT('',(7.45828583171922,2.5,-2.36425039402209));
#6265=CARTESIAN_POINT('',(7.45828583171922,-2.5,-2.36425039402209));
#6266=CARTESIAN_POINT('',(7.50311460532762,4.10135753822604,-2.53155365476965));
#6267=CARTESIAN_POINT('',(0.449280456884953,2.5,-0.641484491151362));
#6268=CARTESIAN_POINT('',(7.50311460532762,-2.5,-2.53155365476965));
#6269=CARTESIAN_POINT('',(7.51544788086476,-2.5,-2.57758206569798));
#6270=CARTESIAN_POINT('',(7.51544788086476,-2.5,-2.57758206569798));
#6271=CARTESIAN_POINT('',(6.95959461061233,-2.50000000000001,-0.503109419562608));
#6272=CARTESIAN_POINT('',(6.99241155053468,-2.5,-0.62558390670177));
#6273=CARTESIAN_POINT('',(6.99241155053468,-2.5,-0.62558390670177));
#6274=CARTESIAN_POINT('',(6.99241155053468,2.5,-0.625583906701771));
#6275=CARTESIAN_POINT('',(7.51544788086476,2.5,-2.57758206569798));
#6276=CARTESIAN_POINT('',(6.95959461061233,2.49999999999999,-0.50310941956261));
#6277=CARTESIAN_POINT('',(6.95959461061233,-2.50000000000001,-0.503109419562608));
#6278=CARTESIAN_POINT('',(6.91476583700392,4.10135753822604,-0.335806158815051));
#6279=CARTESIAN_POINT('',(6.91476583700392,-2.50000000000001,-0.335806158815051));
#6280=CARTESIAN_POINT('',(6.79229134986477,-2.50000000000001,-0.458280645954206));
#6281=CARTESIAN_POINT('',(6.79229134986477,4.10135753822604,-0.458280645954206));
#6282=CARTESIAN_POINT('',(6.79229134986477,2.49999999999999,-0.458280645954206));
#6283=CARTESIAN_POINT('',(3.94348404944336,2.49999999999999,-3.30708794637555));
#6284=CARTESIAN_POINT('',(6.95959461061233,4.10135753822604,-0.503109419562608));
#6285=CARTESIAN_POINT('',(-0.0942395378303427,2.49999999999999,1.38695974405568));
#6286=CARTESIAN_POINT('',(6.95959461061233,-2.50000000000001,-0.503109419562608));
#6287=CARTESIAN_POINT('',(7.51544788086476,-2.5,-2.57758206569798));
#6288=CARTESIAN_POINT('',(7.51544788086476,-2.5,-2.57758206569798));
#6289=CARTESIAN_POINT('',(7.42546889179687,-2.5,-2.24177590688293));
#6290=CARTESIAN_POINT('',(7.51544788086476,2.5,-2.57758206569798));
#6291=CARTESIAN_POINT('',(7.42546889179687,2.5,-2.24177590688293));
#6292=CARTESIAN_POINT('',(7.42546889179687,-2.5,-2.24177590688293));
#6293=CARTESIAN_POINT('',(7.38064011818846,4.10135753822604,-2.07447264613537));
#6294=CARTESIAN_POINT('',(7.38064011818846,-2.5,-2.07447264613537));
#6295=CARTESIAN_POINT('',(7.25816563104931,-2.5,-2.19694713327453));
#6296=CARTESIAN_POINT('',(7.38064011818846,-2.5,-2.07447264613537));
#6297=CARTESIAN_POINT('',(7.25816563104931,4.10135753822604,-2.19694713327453));
#6298=CARTESIAN_POINT('',(7.25816563104931,2.5,-2.19694713327453));
#6299=CARTESIAN_POINT('',(4.4093583306279,2.5,-5.04575443369588));
#6300=CARTESIAN_POINT('',(7.38064011818846,2.5,-2.07447264613537));
#6301=CARTESIAN_POINT('',(7.38064011818846,-2.5,-2.07447264613537));
#6302=CARTESIAN_POINT('',(7.42546889179687,4.10135753822604,-2.24177590688293));
#6303=CARTESIAN_POINT('',(0.371634743354196,2.5,-0.351706743264642));
#6304=CARTESIAN_POINT('',(7.42546889179687,-2.5,-2.24177590688293));
#6305=CARTESIAN_POINT('',(7.51544788086476,-2.5,-2.57758206569798));
#6306=CARTESIAN_POINT('',(7.51544788086476,-2.5,-2.57758206569798));
#6307=CARTESIAN_POINT('',(7.03724032414308,-2.5,-0.792887167449329));
#6308=CARTESIAN_POINT('',(7.07005726406544,-2.5,-0.91536165458849));
#6309=CARTESIAN_POINT('',(7.07005726406544,-2.5,-0.91536165458849));
#6310=CARTESIAN_POINT('',(7.07005726406544,2.5,-0.915361654588491));
#6311=CARTESIAN_POINT('',(7.51544788086476,2.5,-2.57758206569798));
#6312=CARTESIAN_POINT('',(7.03724032414308,2.5,-0.79288716744933));
#6313=CARTESIAN_POINT('',(7.03724032414308,-2.5,-0.792887167449329));
#6314=CARTESIAN_POINT('',(6.99241155053468,4.10135753822604,-0.625583906701771));
#6315=CARTESIAN_POINT('',(6.99241155053468,-2.5,-0.625583906701771));
#6316=CARTESIAN_POINT('',(6.86993706339553,-2.5,-0.748058393840927));
#6317=CARTESIAN_POINT('',(6.86993706339553,4.10135753822604,-0.748058393840927));
#6318=CARTESIAN_POINT('',(6.86993706339553,2.5,-0.748058393840927));
#6319=CARTESIAN_POINT('',(4.02112976297412,2.5,-3.59686569426227));
#6320=CARTESIAN_POINT('',(7.03724032414308,4.10135753822604,-0.792887167449329));
#6321=CARTESIAN_POINT('',(-0.0165938242995862,2.5,1.09718199616896));
#6322=CARTESIAN_POINT('',(7.03724032414308,-2.5,-0.792887167449329));
#6323=CARTESIAN_POINT('',(7.51544788086476,-2.5,-2.57758206569798));
#6324=CARTESIAN_POINT('',(7.51544788086476,-2.5,-2.57758206569798));
#6325=CARTESIAN_POINT('',(7.34782317826611,-2.5,-1.95199815899621));
#6326=CARTESIAN_POINT('',(7.51544788086476,2.5,-2.57758206569798));
#6327=CARTESIAN_POINT('',(7.34782317826611,2.5,-1.95199815899621));
#6328=CARTESIAN_POINT('',(7.34782317826611,-2.5,-1.95199815899621));
#6329=CARTESIAN_POINT('',(7.30299440465771,4.10135753822604,-1.78469489824865));
#6330=CARTESIAN_POINT('',(7.30299440465771,-2.5,-1.78469489824865));
#6331=CARTESIAN_POINT('',(7.18051991751855,-2.5,-1.90716938538781));
#6332=CARTESIAN_POINT('',(7.30299440465771,-2.5,-1.78469489824865));
#6333=CARTESIAN_POINT('',(7.18051991751855,4.10135753822604,-1.90716938538781));
#6334=CARTESIAN_POINT('',(7.18051991751855,2.5,-1.90716938538781));
#6335=CARTESIAN_POINT('',(4.33171261709714,2.5,-4.75597668580916));
#6336=CARTESIAN_POINT('',(7.30299440465771,2.5,-1.78469489824865));
#6337=CARTESIAN_POINT('',(7.30299440465771,-2.5,-1.78469489824865));
#6338=CARTESIAN_POINT('',(7.34782317826611,4.10135753822604,-1.95199815899621));
#6339=CARTESIAN_POINT('',(0.29398902982344,2.5,-0.0619289953779211));
#6340=CARTESIAN_POINT('',(7.34782317826611,-2.5,-1.95199815899621));
#6341=CARTESIAN_POINT('',(7.51544788086476,-2.5,-2.57758206569798));
#6342=CARTESIAN_POINT('',(7.51544788086476,-2.5,-2.57758206569798));
#6343=CARTESIAN_POINT('',(7.11488603767384,-2.5,-1.08266491533605));
#6344=CARTESIAN_POINT('',(7.1477029775962,-2.5,-1.20513940247521));
#6345=CARTESIAN_POINT('',(7.1477029775962,-2.5,-1.20513940247521));
#6346=CARTESIAN_POINT('',(7.1477029775962,2.5,-1.20513940247521));
#6347=CARTESIAN_POINT('',(7.51544788086476,2.5,-2.57758206569798));
#6348=CARTESIAN_POINT('',(7.11488603767384,2.5,-1.08266491533605));
#6349=CARTESIAN_POINT('',(7.11488603767384,-2.5,-1.08266491533605));
#6350=CARTESIAN_POINT('',(7.07005726406544,4.10135753822604,-0.915361654588491));
#6351=CARTESIAN_POINT('',(7.07005726406544,-2.5,-0.915361654588491));
#6352=CARTESIAN_POINT('',(6.94758277692628,-2.5,-1.03783614172765));
#6353=CARTESIAN_POINT('',(6.94758277692628,4.10135753822604,-1.03783614172765));
#6354=CARTESIAN_POINT('',(6.94758277692628,2.5,-1.03783614172765));
#6355=CARTESIAN_POINT('',(4.09877547650487,2.5,-3.886643442149));
#6356=CARTESIAN_POINT('',(7.11488603767384,4.10135753822604,-1.08266491533605));
#6357=CARTESIAN_POINT('',(0.0610518892311712,2.5,0.80740424828224));
#6358=CARTESIAN_POINT('',(7.11488603767384,-2.5,-1.08266491533605));
#6359=CARTESIAN_POINT('',(7.51544788086476,-2.5,-2.57758206569798));
#6360=CARTESIAN_POINT('',(7.51544788086476,-2.5,-2.57758206569798));
#6361=CARTESIAN_POINT('',(7.27017746473535,-2.5,-1.66222041110949));
#6362=CARTESIAN_POINT('',(7.51544788086476,2.5,-2.57758206569798));
#6363=CARTESIAN_POINT('',(7.27017746473536,2.5,-1.66222041110949));
#6364=CARTESIAN_POINT('',(7.27017746473535,-2.5,-1.66222041110949));
#6365=CARTESIAN_POINT('',(7.22534869112695,4.10135753822604,-1.49491715036193));
#6366=CARTESIAN_POINT('',(7.22534869112695,-2.5,-1.49491715036193));
#6367=CARTESIAN_POINT('',(7.1028742039878,-2.5,-1.61739163750109));
#6368=CARTESIAN_POINT('',(7.22534869112695,-2.5,-1.49491715036193));
#6369=CARTESIAN_POINT('',(7.1028742039878,4.10135753822604,-1.61739163750109));
#6370=CARTESIAN_POINT('',(7.1028742039878,2.5,-1.61739163750109));
#6371=CARTESIAN_POINT('',(4.25406690356639,2.5,-4.46619893792244));
#6372=CARTESIAN_POINT('',(7.22534869112695,2.5,-1.49491715036193));
#6373=CARTESIAN_POINT('',(7.22534869112695,-2.5,-1.49491715036193));
#6374=CARTESIAN_POINT('',(7.27017746473535,4.10135753822604,-1.66222041110949));
#6375=CARTESIAN_POINT('',(0.216343316292684,2.5,0.227848752508799));
#6376=CARTESIAN_POINT('',(7.27017746473535,-2.5,-1.66222041110949));
#6377=CARTESIAN_POINT('',(-7.51544788086476,-2.5,-2.57758206569798));
#6378=CARTESIAN_POINT('',(-7.51544788086476,2.5,-2.57758206569798));
#6379=CARTESIAN_POINT('',(-7.45828583171922,2.49999999999999,-2.36425039402209));
#6380=CARTESIAN_POINT('',(-7.42546889179687,2.49999999999999,-2.24177590688293));
#6381=CARTESIAN_POINT('',(-7.45828583171922,-2.50000000000001,-2.36425039402209));
#6382=CARTESIAN_POINT('',(-7.45828583171922,-2.50000000000001,-2.36425039402209));
#6383=CARTESIAN_POINT('',(-7.51544788086476,-2.5,-2.57758206569798));
#6384=CARTESIAN_POINT('',(-7.42546889179687,-2.50000000000001,-2.24177590688293));
#6385=CARTESIAN_POINT('',(-7.42546889179687,-2.50000000000001,-2.24177590688293));
#6386=CARTESIAN_POINT('',(-7.45828583171922,4.10135753822604,-2.36425039402209));
#6387=CARTESIAN_POINT('',(-4.48700404415869,2.49999999999999,-5.33553218158259));
#6388=CARTESIAN_POINT('',(-7.33581134458006,2.49999999999999,-2.48672488116125));
#6389=CARTESIAN_POINT('',(-7.33581134458006,4.10135753822604,-2.48672488116125));
#6390=CARTESIAN_POINT('',(-7.33581134458006,-2.50000000000001,-2.48672488116125));
#6391=CARTESIAN_POINT('',(-7.45828583171922,-2.50000000000001,-2.36425039402209));
#6392=CARTESIAN_POINT('',(-7.50311460532762,4.10135753822604,-2.53155365476965));
#6393=CARTESIAN_POINT('',(-0.449280456884953,2.49999999999999,-0.641484491151366));
#6394=CARTESIAN_POINT('',(-7.50311460532762,2.49999999999999,-2.53155365476965));
#6395=CARTESIAN_POINT('',(-7.50311460532762,-2.50000000000001,-2.53155365476965));
#6396=CARTESIAN_POINT('',(-7.50311460532762,-2.50000000000001,-2.53155365476965));
#6397=CARTESIAN_POINT('',(-7.50311460532762,-2.50000000000001,-2.53155365476965));
#6398=CARTESIAN_POINT('',(-7.51544788086476,-2.5,-2.57758206569798));
#6399=CARTESIAN_POINT('',(-7.51544788086476,2.5,-2.57758206569798));
#6400=CARTESIAN_POINT('',(-6.83712012347317,2.5,-0.0460284109283253));
#6401=CARTESIAN_POINT('',(-6.82478684793604,2.5,-4.33680868994202E-16));
#6402=CARTESIAN_POINT('',(-6.83712012347317,-2.5,-0.0460284109283253));
#6403=CARTESIAN_POINT('',(-6.83712012347317,-2.5,-0.0460284109283253));
#6404=CARTESIAN_POINT('',(-7.51544788086476,-2.5,-2.57758206569798));
#6405=CARTESIAN_POINT('',(-6.82478684793604,-2.5,-4.33680868994202E-16));
#6406=CARTESIAN_POINT('',(-6.82478684793604,-2.5,-4.33680868994202E-16));
#6407=CARTESIAN_POINT('',(-6.83712012347317,4.10135753822604,-0.0460284109283263));
#6408=CARTESIAN_POINT('',(-3.86583833591264,2.5,-3.01731019848883));
#6409=CARTESIAN_POINT('',(-6.71464563633401,2.5,-0.168502898067485));
#6410=CARTESIAN_POINT('',(-6.71464563633401,4.10135753822604,-0.168502898067485));
#6411=CARTESIAN_POINT('',(-6.71464563633401,-2.5,-0.168502898067485));
#6412=CARTESIAN_POINT('',(-6.83712012347317,-2.5,-0.0460284109283263));
#6413=CARTESIAN_POINT('',(-6.88194889708157,4.10135753822604,-0.213331671675888));
#6414=CARTESIAN_POINT('',(0.171885251361099,2.5,1.6767374919424));
#6415=CARTESIAN_POINT('',(-6.88194889708157,2.5,-0.213331671675888));
#6416=CARTESIAN_POINT('',(-6.88194889708157,-2.5,-0.213331671675888));
#6417=CARTESIAN_POINT('',(-6.88194889708157,-2.5,-0.213331671675888));
#6418=CARTESIAN_POINT('',(-6.88194889708157,-2.5,-0.213331671675888));
#6419=CARTESIAN_POINT('',(-7.51544788086476,-2.5,-2.57758206569798));
#6420=CARTESIAN_POINT('',(-7.51544788086476,2.5,-2.57758206569798));
#6421=CARTESIAN_POINT('',(-7.38064011818846,2.49999999999999,-2.07447264613537));
#6422=CARTESIAN_POINT('',(-7.34782317826611,2.5,-1.95199815899621));
#6423=CARTESIAN_POINT('',(-7.38064011818846,-2.50000000000001,-2.07447264613537));
#6424=CARTESIAN_POINT('',(-7.38064011818846,-2.50000000000001,-2.07447264613537));
#6425=CARTESIAN_POINT('',(-7.51544788086476,-2.5,-2.57758206569798));
#6426=CARTESIAN_POINT('',(-7.34782317826611,-2.5,-1.95199815899621));
#6427=CARTESIAN_POINT('',(-7.34782317826611,-2.5,-1.95199815899621));
#6428=CARTESIAN_POINT('',(-7.38064011818846,4.10135753822604,-2.07447264613537));
#6429=CARTESIAN_POINT('',(-4.40935833062793,2.49999999999999,-5.04575443369587));
#6430=CARTESIAN_POINT('',(-7.25816563104931,2.49999999999999,-2.19694713327453));
#6431=CARTESIAN_POINT('',(-7.25816563104931,4.10135753822604,-2.19694713327453));
#6432=CARTESIAN_POINT('',(-7.25816563104931,-2.50000000000001,-2.19694713327453));
#6433=CARTESIAN_POINT('',(-7.38064011818846,-2.50000000000001,-2.07447264613537));
#6434=CARTESIAN_POINT('',(-7.42546889179687,4.10135753822604,-2.24177590688293));
#6435=CARTESIAN_POINT('',(-0.371634743354197,2.49999999999999,-0.351706743264645));
#6436=CARTESIAN_POINT('',(-7.42546889179687,-2.50000000000001,-2.24177590688293));
#6437=CARTESIAN_POINT('',(-7.51544788086476,-2.5,-2.57758206569798));
#6438=CARTESIAN_POINT('',(-7.51544788086476,2.5,-2.57758206569798));
#6439=CARTESIAN_POINT('',(-6.91476583700393,2.5,-0.335806158815046));
#6440=CARTESIAN_POINT('',(-6.91476583700393,-2.5,-0.335806158815046));
#6441=CARTESIAN_POINT('',(-6.91476583700393,-2.5,-0.335806158815046));
#6442=CARTESIAN_POINT('',(-7.51544788086476,-2.5,-2.57758206569798));
#6443=CARTESIAN_POINT('',(-6.91476583700392,4.10135753822604,-0.335806158815047));
#6444=CARTESIAN_POINT('',(-3.94348404944339,2.5,-3.30708794637555));
#6445=CARTESIAN_POINT('',(-6.79229134986477,2.5,-0.458280645954205));
#6446=CARTESIAN_POINT('',(-6.79229134986477,4.10135753822604,-0.458280645954205));
#6447=CARTESIAN_POINT('',(-6.79229134986477,-2.5,-0.458280645954205));
#6448=CARTESIAN_POINT('',(-6.91476583700392,-2.5,-0.335806158815047));
#6449=CARTESIAN_POINT('',(-6.95959461061233,4.10135753822604,-0.503109419562608));
#6450=CARTESIAN_POINT('',(0.0942395378303421,2.5,1.38695974405568));
#6451=CARTESIAN_POINT('',(-6.95959461061233,2.5,-0.503109419562608));
#6452=CARTESIAN_POINT('',(-6.95959461061233,-2.5,-0.503109419562608));
#6453=CARTESIAN_POINT('',(-6.95959461061233,-2.5,-0.503109419562608));
#6454=CARTESIAN_POINT('',(-6.95959461061233,-2.5,-0.503109419562608));
#6455=CARTESIAN_POINT('',(-7.51544788086476,-2.5,-2.57758206569798));
#6456=CARTESIAN_POINT('',(-7.51544788086476,2.5,-2.57758206569798));
#6457=CARTESIAN_POINT('',(-7.30299440465771,2.5,-1.78469489824865));
#6458=CARTESIAN_POINT('',(-7.27017746473535,2.5,-1.66222041110949));
#6459=CARTESIAN_POINT('',(-7.30299440465771,-2.5,-1.78469489824865));
#6460=CARTESIAN_POINT('',(-7.30299440465771,-2.5,-1.78469489824865));
#6461=CARTESIAN_POINT('',(-7.51544788086476,-2.5,-2.57758206569798));
#6462=CARTESIAN_POINT('',(-7.27017746473535,-2.5,-1.66222041110949));
#6463=CARTESIAN_POINT('',(-7.27017746473535,-2.5,-1.66222041110949));
#6464=CARTESIAN_POINT('',(-7.30299440465771,4.10135753822604,-1.78469489824865));
#6465=CARTESIAN_POINT('',(-4.33171261709717,2.5,-4.75597668580915));
#6466=CARTESIAN_POINT('',(-7.18051991751855,2.5,-1.90716938538781));
#6467=CARTESIAN_POINT('',(-7.18051991751855,4.10135753822604,-1.90716938538781));
#6468=CARTESIAN_POINT('',(-7.18051991751855,-2.5,-1.90716938538781));
#6469=CARTESIAN_POINT('',(-7.30299440465771,-2.5,-1.78469489824865));
#6470=CARTESIAN_POINT('',(-7.34782317826611,4.10135753822604,-1.95199815899621));
#6471=CARTESIAN_POINT('',(-0.29398902982344,2.5,-0.0619289953779243));
#6472=CARTESIAN_POINT('',(-7.34782317826611,-2.5,-1.95199815899621));
#6473=CARTESIAN_POINT('',(-7.51544788086476,-2.5,-2.57758206569798));
#6474=CARTESIAN_POINT('',(-7.51544788086476,2.5,-2.57758206569798));
#6475=CARTESIAN_POINT('',(-6.99241155053468,2.5,-0.625583906701766));
#6476=CARTESIAN_POINT('',(-6.99241155053468,-2.5,-0.625583906701766));
#6477=CARTESIAN_POINT('',(-6.99241155053468,-2.5,-0.625583906701766));
#6478=CARTESIAN_POINT('',(-7.51544788086476,-2.5,-2.57758206569798));
#6479=CARTESIAN_POINT('',(-6.99241155053468,4.10135753822604,-0.625583906701767));
#6480=CARTESIAN_POINT('',(-4.02112976297415,2.5,-3.59686569426227));
#6481=CARTESIAN_POINT('',(-6.86993706339552,2.5,-0.748058393840926));
#6482=CARTESIAN_POINT('',(-6.86993706339552,4.10135753822604,-0.748058393840926));
#6483=CARTESIAN_POINT('',(-6.86993706339552,-2.5,-0.748058393840926));
#6484=CARTESIAN_POINT('',(-6.99241155053468,-2.5,-0.625583906701767));
#6485=CARTESIAN_POINT('',(-7.03724032414308,4.10135753822604,-0.792887167449329));
#6486=CARTESIAN_POINT('',(0.0165938242995856,2.5,1.09718199616896));
#6487=CARTESIAN_POINT('',(-7.03724032414309,2.5,-0.792887167449329));
#6488=CARTESIAN_POINT('',(-7.03724032414309,-2.5,-0.792887167449329));
#6489=CARTESIAN_POINT('',(-7.03724032414309,-2.5,-0.792887167449329));
#6490=CARTESIAN_POINT('',(-7.03724032414308,-2.5,-0.792887167449329));
#6491=CARTESIAN_POINT('',(-7.51544788086476,-2.5,-2.57758206569798));
#6492=CARTESIAN_POINT('',(-7.51544788086476,2.5,-2.57758206569798));
#6493=CARTESIAN_POINT('',(-7.22534869112695,2.5,-1.49491715036193));
#6494=CARTESIAN_POINT('',(-7.1925317512046,2.5,-1.37244266322277));
#6495=CARTESIAN_POINT('',(-7.22534869112695,-2.5,-1.49491715036193));
#6496=CARTESIAN_POINT('',(-7.22534869112695,-2.5,-1.49491715036193));
#6497=CARTESIAN_POINT('',(-7.51544788086476,-2.5,-2.57758206569798));
#6498=CARTESIAN_POINT('',(-7.1925317512046,-2.5,-1.37244266322277));
#6499=CARTESIAN_POINT('',(-7.1925317512046,-2.5,-1.37244266322277));
#6500=CARTESIAN_POINT('',(-7.22534869112695,4.10135753822604,-1.49491715036193));
#6501=CARTESIAN_POINT('',(-4.25406690356642,2.5,-4.46619893792243));
#6502=CARTESIAN_POINT('',(-7.10287420398779,2.5,-1.61739163750109));
#6503=CARTESIAN_POINT('',(-7.10287420398779,4.10135753822604,-1.61739163750109));
#6504=CARTESIAN_POINT('',(-7.10287420398779,-2.5,-1.61739163750109));
#6505=CARTESIAN_POINT('',(-7.22534869112695,-2.5,-1.49491715036193));
#6506=CARTESIAN_POINT('',(-7.27017746473535,4.10135753822604,-1.66222041110949));
#6507=CARTESIAN_POINT('',(-0.216343316292683,2.5,0.227848752508796));
#6508=CARTESIAN_POINT('',(-7.27017746473535,-2.5,-1.66222041110949));
#6509=CARTESIAN_POINT('',(-7.51544788086476,-2.5,-2.57758206569798));
#6510=CARTESIAN_POINT('',(-7.51544788086476,2.5,-2.57758206569798));
#6511=CARTESIAN_POINT('',(-7.07005726406544,2.5,-0.915361654588487));
#6512=CARTESIAN_POINT('',(-7.07005726406544,-2.5,-0.915361654588487));
#6513=CARTESIAN_POINT('',(-7.07005726406544,-2.5,-0.915361654588487));
#6514=CARTESIAN_POINT('',(-7.51544788086476,-2.5,-2.57758206569798));
#6515=CARTESIAN_POINT('',(-7.07005726406544,4.10135753822604,-0.915361654588488));
#6516=CARTESIAN_POINT('',(-4.0987754765049,2.5,-3.88664344214899));
#6517=CARTESIAN_POINT('',(-6.94758277692628,2.5,-1.03783614172765));
#6518=CARTESIAN_POINT('',(-6.94758277692628,4.10135753822604,-1.03783614172765));
#6519=CARTESIAN_POINT('',(-6.94758277692628,-2.5,-1.03783614172765));
#6520=CARTESIAN_POINT('',(-7.07005726406544,-2.5,-0.915361654588488));
#6521=CARTESIAN_POINT('',(-7.11488603767384,4.10135753822604,-1.08266491533605));
#6522=CARTESIAN_POINT('',(-0.06105188923117,2.5,0.807404248282237));
#6523=CARTESIAN_POINT('',(-7.11488603767384,2.5,-1.08266491533605));
#6524=CARTESIAN_POINT('',(-7.11488603767384,-2.5,-1.08266491533605));
#6525=CARTESIAN_POINT('',(-7.11488603767384,-2.5,-1.08266491533605));
#6526=CARTESIAN_POINT('',(-7.11488603767384,-2.5,-1.08266491533605));
#6527=CARTESIAN_POINT('',(7.51544788086476,-2.5,-2.57758206569798));
#6528=CARTESIAN_POINT('',(7.51544788086476,-2.5,-2.57758206569798));
#6529=CARTESIAN_POINT('',(6.82478684793604,-2.5,-4.33680868994202E-16));
#6530=CARTESIAN_POINT('',(7.51544788086476,2.5,-2.57758206569798));
#6531=CARTESIAN_POINT('',(6.82478684793604,2.5,-4.33680868994202E-16));
#6532=CARTESIAN_POINT('',(6.82478684793604,-2.5,-4.33680868994202E-16));
#6533=CARTESIAN_POINT('',(7.51544788086476,-2.5,-2.57758206569798));
#6534=CARTESIAN_POINT('',(7.51544788086476,-2.5,-2.57758206569798));
#6535=CARTESIAN_POINT('',(7.1925317512046,-2.5,-1.37244266322277));
#6536=CARTESIAN_POINT('',(7.51544788086476,2.5,-2.57758206569798));
#6537=CARTESIAN_POINT('',(7.1925317512046,2.5,-1.37244266322277));
#6538=CARTESIAN_POINT('',(7.1925317512046,-2.5,-1.37244266322277));
#6539=CARTESIAN_POINT('',(0.,2.5,0.));
#6540=CARTESIAN_POINT('',(4.17642119003563,2.5,-4.17642119003572));
#6541=CARTESIAN_POINT('',(7.02522849045704,2.5,-1.32761388961437));
#6542=CARTESIAN_POINT('',(0.138697602761928,2.5,0.51762650039552));
#6543=CARTESIAN_POINT('',(6.78814800355997,2.5,-5.85821980696905));
#6544=CARTESIAN_POINT('',(6.6,2.5,-6.70690060657404));
#6545=CARTESIAN_POINT('',(6.6,2.5,-8.7));
#6546=CARTESIAN_POINT('',(6.6,2.5,-5.75));
#6547=CARTESIAN_POINT('',(6.,2.5,-5.75));
#6548=CARTESIAN_POINT('',(6.3,2.5,-5.75));
#6549=CARTESIAN_POINT('',(6.3,2.5,-5.75));
#6550=CARTESIAN_POINT('',(7.00081865901292,2.5,-2.58881131526541));
#6551=CARTESIAN_POINT('',(7.00081865901292,2.5,-2.58881131526541));
#6552=CARTESIAN_POINT('',(6.307148757731,2.5,2.16840434497101E-16));
#6553=CARTESIAN_POINT('',(6.307148757731,2.5,0.));
#6554=CARTESIAN_POINT('',(0.,-2.5,0.));
#6555=CARTESIAN_POINT('',(-7.51544788086476,-2.5,-2.57758206569798));
#6556=CARTESIAN_POINT('',(-7.51544788086476,-2.5,-2.57758206569798));
#6557=CARTESIAN_POINT('',(-6.78814800355997,-2.5,-5.85821980696905));
#6558=CARTESIAN_POINT('',(-6.6,-2.5,-6.70690060657404));
#6559=CARTESIAN_POINT('',(-6.6,-2.5,-8.7));
#6560=CARTESIAN_POINT('',(-6.6,-2.5,-5.75));
#6561=CARTESIAN_POINT('',(-6.6,-2.5,-5.75));
#6562=CARTESIAN_POINT('',(-6.3,-2.5,-5.75));
#6563=CARTESIAN_POINT('',(-6.3,-2.5,-5.75));
#6564=CARTESIAN_POINT('',(-7.00081865901292,-2.5,-2.58881131526541));
#6565=CARTESIAN_POINT('',(-7.00081865901292,-2.5,-2.58881131526541));
#6566=CARTESIAN_POINT('',(-6.307148757731,-2.5,0.));
#6567=CARTESIAN_POINT('',(-6.307148757731,-2.5,0.));
#6568=CARTESIAN_POINT('',(-7.51544788086476,-2.5,-2.57758206569798));
#6569=CARTESIAN_POINT('',(-7.14770297759619,-2.5,-1.20513940247521));
#6570=CARTESIAN_POINT('',(-7.14770297759619,-2.5,-1.20513940247521));
#6571=CARTESIAN_POINT('',(-7.02522849045704,-2.5,-1.32761388961437));
#6572=CARTESIAN_POINT('',(-7.1925317512046,-2.5,-1.37244266322277));
#6573=CARTESIAN_POINT('',(-7.51544788086476,-2.5,-2.57758206569798));
#6574=CARTESIAN_POINT('',(-7.51544788086476,2.5,-2.57758206569798));
#6575=CARTESIAN_POINT('',(-7.51544788086476,2.5,-2.57758206569798));
#6576=CARTESIAN_POINT('',(-7.51544788086476,-2.5,-2.57758206569798));
#6577=CARTESIAN_POINT('',(0.,0.,0.));
#6578=CARTESIAN_POINT('',(6.307148757731,-2.5,0.));
#6579=CARTESIAN_POINT('',(6.307148757731,-2.5,0.));
#6580=CARTESIAN_POINT('',(6.307148757731,-2.5,0.));
#6581=CARTESIAN_POINT('',(7.5,-5.2,0.));
#6582=CARTESIAN_POINT('',(7.5,-4.9490852734375,0.));
#6583=CARTESIAN_POINT('',(7.5,4.9490852734375,0.));
#6584=CARTESIAN_POINT('',(7.2490852734375,-4.9490852734375,0.));
#6585=CARTESIAN_POINT('',(7.2490852734375,-5.2,0.));
#6586=CARTESIAN_POINT('',(-7.5,-5.2,0.));
#6587=CARTESIAN_POINT('',(-7.24908527343749,-5.2,0.));
#6588=CARTESIAN_POINT('',(-7.24908527343749,-4.9490852734375,0.));
#6589=CARTESIAN_POINT('',(-7.5,-4.9490852734375,0.));
#6590=CARTESIAN_POINT('',(-7.5,5.2,0.));
#6591=CARTESIAN_POINT('',(-7.5,4.9490852734375,0.));
#6592=CARTESIAN_POINT('',(-7.24908527343749,4.9490852734375,0.));
#6593=CARTESIAN_POINT('',(-7.24908527343749,5.2,0.));
#6594=CARTESIAN_POINT('',(7.5,5.2,0.));
#6595=CARTESIAN_POINT('',(7.2490852734375,5.2,0.));
#6596=CARTESIAN_POINT('',(7.2490852734375,4.9490852734375,0.));
#6597=CARTESIAN_POINT('',(-6.307148757731,-2.5,0.));
#6598=CARTESIAN_POINT('',(-6.307148757731,2.5,0.));
#6599=CARTESIAN_POINT('',(-6.307148757731,2.5,0.));
#6600=CARTESIAN_POINT('',(4.8361228653403,4.5,9.52783727335747E-16));
#6601=CARTESIAN_POINT('',(4.8361228653403,4.5,9.52783727335747E-16));
#6602=CARTESIAN_POINT('',(4.8361228653403,4.3,9.52783727335747E-16));
#6603=CARTESIAN_POINT('',(4.1861228653403,4.5,1.73472347597681E-15));
#6604=CARTESIAN_POINT('',(4.1861228653403,4.5,1.73472347597681E-15));
#6605=CARTESIAN_POINT('',(4.1861228653403,4.5,1.73472347597681E-15));
#6606=CARTESIAN_POINT('',(4.1861228653403,4.3,1.73472347597681E-15));
#6607=CARTESIAN_POINT('',(6.6,4.3,0.));
#6608=CARTESIAN_POINT('',(-4.18612286534029,4.3,8.54219893473429E-17));
#6609=CARTESIAN_POINT('',(-4.18612286534029,4.5,8.54219893473429E-17));
#6610=CARTESIAN_POINT('',(-4.18612286534029,4.5,8.54219893473429E-17));
#6611=CARTESIAN_POINT('',(-4.8361228653403,4.5,0.));
#6612=CARTESIAN_POINT('',(-4.8361228653403,4.5,4.33680868994202E-16));
#6613=CARTESIAN_POINT('',(-4.8361228653403,4.5,4.33680868994202E-16));
#6614=CARTESIAN_POINT('',(-4.8361228653403,4.3,4.33680868994202E-16));
#6615=CARTESIAN_POINT('',(6.6,4.3,0.));
#6616=CARTESIAN_POINT('',(-6.,4.3,0.));
#6617=CARTESIAN_POINT('',(-6.,-14.4324462874987,7.88510670898547E-17));
#6618=CARTESIAN_POINT('',(-6.,-4.3,7.88510670898547E-17));
#6619=CARTESIAN_POINT('',(-6.6,-4.3,-1.62443394463776E-15));
#6620=CARTESIAN_POINT('',(-4.8361228653403,-4.3,0.));
#6621=CARTESIAN_POINT('',(-4.8361228653403,-4.5,0.));
#6622=CARTESIAN_POINT('',(-4.8361228653403,-4.5,0.));
#6623=CARTESIAN_POINT('',(-4.8361228653403,-4.5,0.));
#6624=CARTESIAN_POINT('',(-4.18612286534029,-4.5,8.54219893473429E-17));
#6625=CARTESIAN_POINT('',(-4.18612286534029,-4.5,8.54219893473429E-17));
#6626=CARTESIAN_POINT('',(-4.18612286534029,-4.3,8.54219893473429E-17));
#6627=CARTESIAN_POINT('',(-6.6,-4.3,-1.62443394463776E-15));
#6628=CARTESIAN_POINT('',(4.1861228653403,-4.3,1.73472347597681E-15));
#6629=CARTESIAN_POINT('',(4.1861228653403,-4.5,1.73472347597681E-15));
#6630=CARTESIAN_POINT('',(4.1861228653403,-4.5,1.73472347597681E-15));
#6631=CARTESIAN_POINT('',(4.18612286534029,-4.5,8.67361737988404E-16));
#6632=CARTESIAN_POINT('',(4.8361228653403,-4.5,8.67361737988404E-16));
#6633=CARTESIAN_POINT('',(4.8361228653403,-4.5,8.67361737988404E-16));
#6634=CARTESIAN_POINT('',(4.8361228653403,-4.3,8.67361737988404E-16));
#6635=CARTESIAN_POINT('',(-6.6,-4.3,-1.62443394463776E-15));
#6636=CARTESIAN_POINT('',(6.,-4.3,0.));
#6637=CARTESIAN_POINT('',(6.,-14.4324462874987,0.));
#6638=CARTESIAN_POINT('',(6.,4.3,0.));
#6639=CARTESIAN_POINT('',(6.6,4.3,0.));
#6640=CARTESIAN_POINT('',(-4.8,-1.875,-15.2));
#6641=CARTESIAN_POINT('',(-4.8,-1.592679,-14.917679));
#6642=CARTESIAN_POINT('',(-4.8,-1.875,-14.635358));
#6643=CARTESIAN_POINT('',(-4.8,-1.810358,-14.7));
#6644=CARTESIAN_POINT('',(-4.8,-1.875,-14.7));
#6645=CARTESIAN_POINT('',(-4.8,1.810358,-14.7));
#6646=CARTESIAN_POINT('',(-4.8,-0.282320999999999,-16.792679));
#6647=CARTESIAN_POINT('',(-4.8,1.875,-14.635358));
#6648=CARTESIAN_POINT('',(-4.8,1.875,-15.2));
#6649=CARTESIAN_POINT('',(-4.8,1.875,-8.7));
#6650=CARTESIAN_POINT('',(-4.8,-1.875,-8.7));
#6651=CARTESIAN_POINT('',(-4.8,-1.875,-8.7));
#6652=CARTESIAN_POINT('',(-4.8,-1.875,-15.2));
#6653=CARTESIAN_POINT('',(-4.8,0.500000000000001,-15.2));
#6654=CARTESIAN_POINT('',(-4.8,0.500000000000001,-11.3863292805571));
#6655=CARTESIAN_POINT('',(-4.8,0.500000000000001,-13.8863292805571));
#6656=CARTESIAN_POINT('',(-4.8,-1.875,-13.8863292805571));
#6657=CARTESIAN_POINT('',(-4.8,-0.499999999999999,-13.8863292805571));
#6658=CARTESIAN_POINT('',(-4.8,-0.499999999999999,-15.2));
#6659=CARTESIAN_POINT('',(-4.8,-0.499999999999999,-11.3863292805571));
#6660=CARTESIAN_POINT('',(-4.8,-1.875,-11.3863292805571));
#6661=CARTESIAN_POINT('',(-5.2,-1.875,-8.7));
#6662=CARTESIAN_POINT('',(-5.2,2.967679,-13.542679));
#6663=CARTESIAN_POINT('',(-5.2,1.875,-14.635358));
#6664=CARTESIAN_POINT('',(-5.2,1.810358,-14.7));
#6665=CARTESIAN_POINT('',(-5.2,-1.875,-14.7));
#6666=CARTESIAN_POINT('',(-5.2,-1.810358,-14.7));
#6667=CARTESIAN_POINT('',(-5.2,-4.842679,-11.667679));
#6668=CARTESIAN_POINT('',(-5.2,-1.875,-14.635358));
#6669=CARTESIAN_POINT('',(-5.2,-1.875,-8.7));
#6670=CARTESIAN_POINT('',(-5.2,-1.875,-8.7));
#6671=CARTESIAN_POINT('',(-5.2,-1.875,-8.7));
#6672=CARTESIAN_POINT('',(-5.2,1.875,-8.7));
#6673=CARTESIAN_POINT('',(-5.2,1.875,-8.7));
#6674=CARTESIAN_POINT('',(-5.2,-0.499999999999999,-8.7));
#6675=CARTESIAN_POINT('',(-5.2,-0.499999999999999,-11.3863292805571));
#6676=CARTESIAN_POINT('',(-5.2,-0.499999999999999,-13.8863292805571));
#6677=CARTESIAN_POINT('',(-5.2,-1.875,-13.8863292805571));
#6678=CARTESIAN_POINT('',(-5.2,0.500000000000001,-13.8863292805571));
#6679=CARTESIAN_POINT('',(-5.2,0.500000000000001,-8.7));
#6680=CARTESIAN_POINT('',(-5.2,0.500000000000001,-11.3863292805571));
#6681=CARTESIAN_POINT('',(-5.2,-1.875,-11.3863292805571));
#6682=CARTESIAN_POINT('',(-0.199999999999999,-1.875,-8.7));
#6683=CARTESIAN_POINT('',(-0.199999999999999,2.967679,-13.542679));
#6684=CARTESIAN_POINT('',(-0.199999999999999,1.875,-14.635358));
#6685=CARTESIAN_POINT('',(-0.199999999999999,1.810358,-14.7));
#6686=CARTESIAN_POINT('',(-0.199999999999999,-1.875,-14.7));
#6687=CARTESIAN_POINT('',(-0.199999999999999,-1.810358,-14.7));
#6688=CARTESIAN_POINT('',(-0.199999999999999,-4.842679,-11.667679));
#6689=CARTESIAN_POINT('',(-0.199999999999999,-1.875,-14.635358));
#6690=CARTESIAN_POINT('',(-0.199999999999999,-1.875,-8.7));
#6691=CARTESIAN_POINT('',(-0.199999999999999,-1.875,-8.7));
#6692=CARTESIAN_POINT('',(-0.199999999999999,-1.875,-8.7));
#6693=CARTESIAN_POINT('',(-0.199999999999999,1.875,-8.7));
#6694=CARTESIAN_POINT('',(-0.199999999999999,1.875,-8.7));
#6695=CARTESIAN_POINT('',(-0.199999999999999,-0.499999999999999,-8.7));
#6696=CARTESIAN_POINT('',(-0.199999999999999,-0.499999999999999,-11.3863292805571));
#6697=CARTESIAN_POINT('',(-0.199999999999999,-0.499999999999999,-13.8863292805571));
#6698=CARTESIAN_POINT('',(-0.199999999999999,-1.875,-13.8863292805571));
#6699=CARTESIAN_POINT('',(-0.199999999999999,0.500000000000001,-13.8863292805571));
#6700=CARTESIAN_POINT('',(-0.199999999999999,0.500000000000001,-8.7));
#6701=CARTESIAN_POINT('',(-0.199999999999999,0.500000000000001,-11.3863292805571));
#6702=CARTESIAN_POINT('',(-0.199999999999999,-1.875,-11.3863292805571));
#6703=CARTESIAN_POINT('',(0.200000000000001,-1.875,-15.2));
#6704=CARTESIAN_POINT('',(0.200000000000001,-1.592679,-14.917679));
#6705=CARTESIAN_POINT('',(0.200000000000001,-1.875,-14.635358));
#6706=CARTESIAN_POINT('',(0.200000000000001,-1.810358,-14.7));
#6707=CARTESIAN_POINT('',(0.200000000000001,-1.875,-14.7));
#6708=CARTESIAN_POINT('',(0.200000000000001,1.810358,-14.7));
#6709=CARTESIAN_POINT('',(0.200000000000001,-0.282320999999999,-16.792679));
#6710=CARTESIAN_POINT('',(0.200000000000001,1.875,-14.635358));
#6711=CARTESIAN_POINT('',(0.200000000000001,1.875,-15.2));
#6712=CARTESIAN_POINT('',(0.200000000000001,1.875,-8.7));
#6713=CARTESIAN_POINT('',(0.200000000000001,-1.875,-8.7));
#6714=CARTESIAN_POINT('',(0.200000000000001,-1.875,-8.7));
#6715=CARTESIAN_POINT('',(0.200000000000001,-1.875,-15.2));
#6716=CARTESIAN_POINT('',(0.200000000000001,0.500000000000001,-15.2));
#6717=CARTESIAN_POINT('',(0.200000000000001,0.500000000000001,-11.3863292805571));
#6718=CARTESIAN_POINT('',(0.200000000000001,0.500000000000001,-13.8863292805571));
#6719=CARTESIAN_POINT('',(0.200000000000001,-1.875,-13.8863292805571));
#6720=CARTESIAN_POINT('',(0.200000000000001,-0.499999999999999,-13.8863292805571));
#6721=CARTESIAN_POINT('',(0.200000000000001,-0.499999999999999,-15.2));
#6722=CARTESIAN_POINT('',(0.200000000000001,-0.499999999999999,-11.3863292805571));
#6723=CARTESIAN_POINT('',(0.200000000000001,-1.875,-11.3863292805571));
#6724=CARTESIAN_POINT('',(-6.6,-4.3,-8.7));
#6725=CARTESIAN_POINT('',(-6.6,-4.3,-5.75));
#6726=CARTESIAN_POINT('',(-6.6,-4.3,-5.75));
#6727=CARTESIAN_POINT('',(-6.6,-2.5,-6.70690060657404));
#6728=CARTESIAN_POINT('',(-6.6,2.5,-6.70690060657404));
#6729=CARTESIAN_POINT('',(-6.6,2.5,-8.7));
#6730=CARTESIAN_POINT('',(-6.6,2.5,-5.75));
#6731=CARTESIAN_POINT('',(-6.6,-4.3,-5.75));
#6732=CARTESIAN_POINT('',(-6.6,4.3,-5.75));
#6733=CARTESIAN_POINT('',(-6.6,4.3,-8.7));
#6734=CARTESIAN_POINT('',(-6.6,4.3,-8.7));
#6735=CARTESIAN_POINT('',(-6.6,-4.3,-8.7));
#6736=CARTESIAN_POINT('',(-6.6,-4.3,-8.7));
#6737=CARTESIAN_POINT('',(-6.6,-4.3,-8.7));
#6738=CARTESIAN_POINT('',(6.6,-4.3,-8.7));
#6739=CARTESIAN_POINT('',(6.6,-2.5,-6.70690060657404));
#6740=CARTESIAN_POINT('',(6.6,-2.5,-6.70690060657404));
#6741=CARTESIAN_POINT('',(6.6,-2.5,-8.7));
#6742=CARTESIAN_POINT('',(6.6,-2.5,-5.75));
#6743=CARTESIAN_POINT('',(6.6,-4.3,-5.75));
#6744=CARTESIAN_POINT('',(6.6,-4.3,-5.75));
#6745=CARTESIAN_POINT('',(6.6,-4.3,-8.7));
#6746=CARTESIAN_POINT('',(6.6,-4.3,-8.7));
#6747=CARTESIAN_POINT('',(6.6,-4.3,-8.7));
#6748=CARTESIAN_POINT('',(6.6,4.3,-8.7));
#6749=CARTESIAN_POINT('',(6.6,4.3,-8.7));
#6750=CARTESIAN_POINT('',(6.6,4.3,-5.75));
#6751=CARTESIAN_POINT('',(6.6,-4.3,-5.75));
#6752=CARTESIAN_POINT('',(-6.6,-14.4324462874987,-5.75));
#6753=CARTESIAN_POINT('',(7.55656059611109E-16,-4.3,-5.75));
#6754=CARTESIAN_POINT('',(-6.,-4.3,-5.75));
#6755=CARTESIAN_POINT('',(-6.,-14.4324462874987,-5.75));
#6756=CARTESIAN_POINT('',(-6.,4.3,-5.75));
#6757=CARTESIAN_POINT('',(7.55656059611109E-16,4.3,-5.75));
#6758=CARTESIAN_POINT('',(-6.6,2.5,-5.75));
#6759=CARTESIAN_POINT('',(-6.3,2.5,-5.75));
#6760=CARTESIAN_POINT('',(-6.3,-2.5,-5.75));
#6761=CARTESIAN_POINT('',(6.,-14.4324462874987,-5.75));
#6762=CARTESIAN_POINT('',(6.,-2.5,-5.75));
#6763=CARTESIAN_POINT('',(6.3,-2.5,-5.75));
#6764=CARTESIAN_POINT('',(6.3,-2.5,-5.75));
#6765=CARTESIAN_POINT('',(7.55656059611109E-16,4.3,-5.75));
#6766=CARTESIAN_POINT('',(6.,4.3,-5.75));
#6767=CARTESIAN_POINT('',(6.,-14.4324462874987,-5.75));
#6768=CARTESIAN_POINT('',(6.,-4.3,-5.75));
#6769=CARTESIAN_POINT('',(7.55656059611109E-16,-4.3,-5.75));
#6770=CARTESIAN_POINT('',(-7.5,-5.2,1.6));
#6771=CARTESIAN_POINT('',(7.2490852734375,-5.2,1.6));
#6772=CARTESIAN_POINT('',(7.2490852734375,-5.2,0.847144));
#6773=CARTESIAN_POINT('',(-7.5,-5.2,0.847144));
#6774=CARTESIAN_POINT('',(-7.24908527343749,-5.2,0.847144));
#6775=CARTESIAN_POINT('',(-7.24908527343749,-5.2,1.6));
#6776=CARTESIAN_POINT('',(7.5,-5.2,1.6));
#6777=CARTESIAN_POINT('',(7.5,-5.2,0.847144));
#6778=CARTESIAN_POINT('',(7.5,4.9490852734375,0.847144));
#6779=CARTESIAN_POINT('',(7.5,-4.9490852734375,0.847144));
#6780=CARTESIAN_POINT('',(7.5,-4.9490852734375,1.6));
#6781=CARTESIAN_POINT('',(7.5,4.9490852734375,1.6));
#6782=CARTESIAN_POINT('',(7.5,5.2,1.6));
#6783=CARTESIAN_POINT('',(7.5,5.2,0.847144));
#6784=CARTESIAN_POINT('',(-7.24908527343749,5.2,0.847144));
#6785=CARTESIAN_POINT('',(7.2490852734375,5.2,0.847144));
#6786=CARTESIAN_POINT('',(7.2490852734375,5.2,1.6));
#6787=CARTESIAN_POINT('',(-7.24908527343749,5.2,1.6));
#6788=CARTESIAN_POINT('',(-7.5,5.2,1.6));
#6789=CARTESIAN_POINT('',(-7.5,5.2,0.847144));
#6790=CARTESIAN_POINT('',(-7.5,-4.9490852734375,0.847144));
#6791=CARTESIAN_POINT('',(-7.5,4.9490852734375,0.847144));
#6792=CARTESIAN_POINT('',(-7.5,4.9490852734375,1.6));
#6793=CARTESIAN_POINT('',(-7.5,-4.9490852734375,1.6));
#6794=CARTESIAN_POINT('',(0.,0.,1.6));
#6795=CARTESIAN_POINT('',(-5.29999999999999,-3.25,1.6));
#6796=CARTESIAN_POINT('',(-5.13181328124999,-3.25,1.6));
#6797=CARTESIAN_POINT('',(5.13181328125,-3.25,1.6));
#6798=CARTESIAN_POINT('',(-5.13181328124999,-3.03181328125,1.6));
#6799=CARTESIAN_POINT('',(-5.35,-3.03181328125,1.6));
#6800=CARTESIAN_POINT('',(-5.35,3.25,1.6));
#6801=CARTESIAN_POINT('',(-5.35,3.03181328124999,1.6));
#6802=CARTESIAN_POINT('',(-5.13181328124999,3.03181328124999,1.6));
#6803=CARTESIAN_POINT('',(-5.13181328124999,3.25,1.6));
#6804=CARTESIAN_POINT('',(5.3,3.25,1.6));
#6805=CARTESIAN_POINT('',(5.13181328125,3.25,1.6));
#6806=CARTESIAN_POINT('',(5.13181328125,3.03181328124999,1.6));
#6807=CARTESIAN_POINT('',(5.35,3.03181328124999,1.6));
#6808=CARTESIAN_POINT('',(5.35,-3.25,1.6));
#6809=CARTESIAN_POINT('',(5.35,-3.03181328125,1.6));
#6810=CARTESIAN_POINT('',(5.13181328125,-3.03181328125,1.6));
#6811=CARTESIAN_POINT('',(-7.5,4.447144,1.6));
#6812=CARTESIAN_POINT('',(6.747144,4.447144,1.6));
#6813=CARTESIAN_POINT('',(-6.747144,4.447144,1.6));
#6814=CARTESIAN_POINT('',(-6.747144,-5.2,1.6));
#6815=CARTESIAN_POINT('',(-6.747144,-4.447144,1.6));
#6816=CARTESIAN_POINT('',(7.5,-4.447144,1.6));
#6817=CARTESIAN_POINT('',(6.747144,-4.447144,1.6));
#6818=CARTESIAN_POINT('',(6.747144,5.2,1.6));
#6819=CARTESIAN_POINT('',(1.07064964532944E-15,-4.3,-8.7));
#6820=CARTESIAN_POINT('',(5.2,1.875,-8.7));
#6821=CARTESIAN_POINT('',(4.8,1.875,-8.7));
#6822=CARTESIAN_POINT('',(5.2,1.875,-8.7));
#6823=CARTESIAN_POINT('',(4.8,-1.875,-8.7));
#6824=CARTESIAN_POINT('',(4.8,-1.875,-8.7));
#6825=CARTESIAN_POINT('',(5.2,-1.875,-8.7));
#6826=CARTESIAN_POINT('',(5.2,-1.875,-8.7));
#6827=CARTESIAN_POINT('',(5.2,-1.875,-8.7));
#6828=CARTESIAN_POINT('',(-0.199999999999999,1.875,-8.7));
#6829=CARTESIAN_POINT('',(-0.199999999999999,-1.875,-8.7));
#6830=CARTESIAN_POINT('',(-5.2,1.875,-8.7));
#6831=CARTESIAN_POINT('',(-5.2,-1.875,-8.7));
#6832=CARTESIAN_POINT('',(1.07064964532944E-15,4.3,-8.7));
#6833=CARTESIAN_POINT('',(1.07064964532944E-15,-4.3,-8.7));
#6834=CARTESIAN_POINT('',(0.,-4.3,0.));
#6835=CARTESIAN_POINT('',(1.07951266155051E-16,-4.3,-0.877202005012534));
#6836=CARTESIAN_POINT('',(0.670258793088266,-4.3,-0.877202005012534));
#6837=CARTESIAN_POINT('',(4.8361228653403,-4.3,8.67361737988404E-16));
#6838=CARTESIAN_POINT('',(4.8361228653403,-4.3,-3.));
#6839=CARTESIAN_POINT('',(4.8361228653403,-4.3,-3.));
#6840=CARTESIAN_POINT('',(4.1861228653403,-4.3,-3.));
#6841=CARTESIAN_POINT('',(4.1861228653403,-4.3,-3.));
#6842=CARTESIAN_POINT('',(-4.18612286534029,-4.3,-3.));
#6843=CARTESIAN_POINT('',(-4.18612286534029,-4.3,-3.));
#6844=CARTESIAN_POINT('',(-4.83612286534029,-4.3,-3.));
#6845=CARTESIAN_POINT('',(-4.83612286534029,-4.3,-3.));
#6846=CARTESIAN_POINT('',(-4.8361228653403,-4.3,0.));
#6847=CARTESIAN_POINT('',(-6.,-4.3,1.02163556490334E-15));
#6848=CARTESIAN_POINT('',(6.,-4.3,7.88510670898549E-16));
#6849=CARTESIAN_POINT('',(0.,4.3,0.));
#6850=CARTESIAN_POINT('',(1.0795126615505E-16,4.3,-0.877202005012534));
#6851=CARTESIAN_POINT('',(-0.670258793088266,4.3,-0.877202005012534));
#6852=CARTESIAN_POINT('',(4.8361228653403,4.3,8.67361737988404E-16));
#6853=CARTESIAN_POINT('',(4.8361228653403,4.3,-3.));
#6854=CARTESIAN_POINT('',(6.,4.3,7.88510670898549E-16));
#6855=CARTESIAN_POINT('',(-6.,4.3,1.02163556490334E-15));
#6856=CARTESIAN_POINT('',(-4.83612286534029,4.3,-3.));
#6857=CARTESIAN_POINT('',(-4.83612286534029,4.3,-3.));
#6858=CARTESIAN_POINT('',(-4.18612286534029,4.3,-3.));
#6859=CARTESIAN_POINT('',(-4.18612286534029,4.3,-3.));
#6860=CARTESIAN_POINT('',(-4.18612286534029,4.3,0.));
#6861=CARTESIAN_POINT('',(4.1861228653403,4.3,-3.));
#6862=CARTESIAN_POINT('',(4.1861228653403,4.3,-3.));
#6863=CARTESIAN_POINT('',(4.8361228653403,4.3,-3.));
#6864=CARTESIAN_POINT('',(6.747144,0.,1.6));
#6865=CARTESIAN_POINT('',(4.498096,-2.198096,3.849048));
#6866=CARTESIAN_POINT('',(7.42650877808941,-5.12650877808941,0.920635221910591));
#6867=CARTESIAN_POINT('',(7.2490852734375,-4.9490852734375,1.09805872656251));
#6868=CARTESIAN_POINT('',(7.2490852734375,4.9490852734375,1.09805872656251));
#6869=CARTESIAN_POINT('',(7.42650877808941,5.12650877808941,0.920635221910591));
#6870=CARTESIAN_POINT('',(5.26476266666667,2.96476266666667,3.08238133333333));
#6871=CARTESIAN_POINT('',(0.,4.447144,1.6));
#6872=CARTESIAN_POINT('',(7.2490852734375,4.9490852734375,1.09805872656251));
#6873=CARTESIAN_POINT('',(-7.24908527343749,4.9490852734375,1.09805872656251));
#6874=CARTESIAN_POINT('',(-7.42650877808941,5.12650877808941,0.92063522191059));
#6875=CARTESIAN_POINT('',(-4.498096,2.198096,3.849048));
#6876=CARTESIAN_POINT('',(0.,-4.447144,1.6));
#6877=CARTESIAN_POINT('',(7.2490852734375,-4.9490852734375,1.09805872656251));
#6878=CARTESIAN_POINT('',(-4.498096,-2.198096,3.849048));
#6879=CARTESIAN_POINT('',(-7.42650877808941,-5.12650877808941,0.92063522191059));
#6880=CARTESIAN_POINT('',(-7.24908527343749,-4.9490852734375,1.09805872656251));
#6881=CARTESIAN_POINT('',(-6.747144,0.,1.6));
#6882=CARTESIAN_POINT('',(-7.24908527343749,4.9490852734375,1.09805872656251));
#6883=CARTESIAN_POINT('',(-7.24908527343749,-4.9490852734375,1.09805872656251));
#6884=CARTESIAN_POINT('',(-6.,-14.4324462874987,0.));
#6885=CARTESIAN_POINT('',(6.,-14.4324462874987,0.));
#6886=CARTESIAN_POINT('',(0.,-2.5,0.));
#6887=CARTESIAN_POINT('',(7.00081865901292,-2.5,-2.58881131526541));
#6888=CARTESIAN_POINT('',(7.00081865901292,-2.5,-2.58881131526541));
#6889=CARTESIAN_POINT('',(6.3,-2.5,-5.75));
#6890=CARTESIAN_POINT('',(6.78814800355997,-2.5,-5.85821980696905));
#6891=CARTESIAN_POINT('',(7.1925317512046,-2.5,-1.37244266322277));
#6892=CARTESIAN_POINT('',(7.02522849045704,-2.5,-1.32761388961437));
#6893=CARTESIAN_POINT('',(7.14770297759619,-2.5,-1.20513940247521));
#6894=CARTESIAN_POINT('',(6.3,-2.5,-5.75));
#6895=CARTESIAN_POINT('',(7.00081865901292,-2.5,-2.58881131526541));
#6896=CARTESIAN_POINT('',(7.00081865901292,-2.5,-2.58881131526541));
#6897=CARTESIAN_POINT('',(6.78814800355997,-2.5,-5.85821980696905));
#6898=CARTESIAN_POINT('',(0.,2.5,0.));
#6899=CARTESIAN_POINT('',(-0.138697602761927,2.5,0.517626500395516));
#6900=CARTESIAN_POINT('',(-7.02522849045704,2.5,-1.32761388961437));
#6901=CARTESIAN_POINT('',(-4.17642119003566,2.5,-4.17642119003571));
#6902=CARTESIAN_POINT('',(-7.14770297759619,2.5,-1.20513940247521));
#6903=CARTESIAN_POINT('',(-7.51544788086476,2.5,-2.57758206569798));
#6904=CARTESIAN_POINT('',(-7.00081865901292,2.5,-2.58881131526541));
#6905=CARTESIAN_POINT('',(-7.00081865901292,2.5,-2.58881131526541));
#6906=CARTESIAN_POINT('',(-6.3,2.5,-5.75));
#6907=CARTESIAN_POINT('',(-6.78814800355997,2.5,-5.85821980696905));
#6908=CARTESIAN_POINT('',(-6.3,-2.5,-5.75));
#6909=CARTESIAN_POINT('',(-7.00081865901292,-2.5,-2.58881131526541));
#6910=CARTESIAN_POINT('',(-6.78814800355997,-2.5,-5.85821980696905));
#6911=CARTESIAN_POINT('',(-7.51544788086476,-2.5,-2.57758206569798));
#6912=CARTESIAN_POINT('',(-7.14770297759619,-2.5,-1.20513940247521));
#6913=CARTESIAN_POINT('',(-7.00081865901292,-2.5,-2.58881131526541));
#6914=CARTESIAN_POINT('',(0.,-1.875,0.));
#6915=CARTESIAN_POINT('',(-4.8,-1.875,-14.635358));
#6916=CARTESIAN_POINT('',(-5.2,-1.875,-15.2));
#6917=CARTESIAN_POINT('',(-5.2,-1.310358,-15.2));
#6918=CARTESIAN_POINT('',(-4.85,-1.310358,-15.2));
#6919=CARTESIAN_POINT('',(-5.15,-1.310358,-15.2));
#6920=CARTESIAN_POINT('',(-5.15,-1.875,-15.2));
#6921=CARTESIAN_POINT('',(-5.15,1.310358,-15.2));
#6922=CARTESIAN_POINT('',(-5.2,1.310358,-15.2));
#6923=CARTESIAN_POINT('',(-4.85,1.310358,-15.2));
#6924=CARTESIAN_POINT('',(-4.85,-1.875,-15.2));
#6925=CARTESIAN_POINT('',(0.,1.875,0.));
#6926=CARTESIAN_POINT('',(0.,1.875,-14.635358));
#6927=CARTESIAN_POINT('',(0.,-1.875,0.));
#6928=CARTESIAN_POINT('',(0.200000000000001,-1.875,-14.635358));
#6929=CARTESIAN_POINT('',(0.,1.875,0.));
#6930=CARTESIAN_POINT('',(0.,1.875,-14.635358));
#6931=CARTESIAN_POINT('',(-0.199999999999999,-1.875,-15.2));
#6932=CARTESIAN_POINT('',(-0.199999999999999,-1.310358,-15.2));
#6933=CARTESIAN_POINT('',(0.150000000000001,-1.310358,-15.2));
#6934=CARTESIAN_POINT('',(-0.149999999999999,-1.310358,-15.2));
#6935=CARTESIAN_POINT('',(-0.149999999999999,-1.875,-15.2));
#6936=CARTESIAN_POINT('',(-0.149999999999999,1.310358,-15.2));
#6937=CARTESIAN_POINT('',(-0.199999999999999,1.310358,-15.2));
#6938=CARTESIAN_POINT('',(0.150000000000001,1.310358,-15.2));
#6939=CARTESIAN_POINT('',(0.150000000000001,-1.875,-15.2));
#6940=CARTESIAN_POINT('',(5.2,-1.875,-21.8573093680558));
#6941=CARTESIAN_POINT('',(5.2,-1.875,-21.8573093680558));
#6942=CARTESIAN_POINT('',(5.2,-1.875,-8.54269063194423));
#6943=CARTESIAN_POINT('',(5.2,-1.875,-8.54269063194423));
#6944=CARTESIAN_POINT('',(5.2,1.875,-8.54269063194423));
#6945=CARTESIAN_POINT('',(5.2,1.875,-21.8573093680558));
#6946=CARTESIAN_POINT('',(5.2,1.875,-21.8573093680558));
#6947=CARTESIAN_POINT('',(5.2,1.875,-8.54269063194423));
#6948=CARTESIAN_POINT('',(4.8,1.875,-8.54269063194423));
#6949=CARTESIAN_POINT('',(4.8,1.875,-21.8573093680558));
#6950=CARTESIAN_POINT('',(4.8,-1.875,-21.8573093680558));
#6951=CARTESIAN_POINT('',(4.8,-1.875,-8.54269063194423));
#6952=CARTESIAN_POINT('',(4.8,-1.875,-8.54269063194423));
#6953=CARTESIAN_POINT('',(4.8,-1.875,-21.8573093680558));
#6954=CARTESIAN_POINT('',(5.2,-1.875,-21.8573093680558));
#6955=CARTESIAN_POINT('',(5.2,-1.875,-8.54269063194423));
#6956=CARTESIAN_POINT('',(0.,0.,-8.54269063194423));
#6957=CARTESIAN_POINT('',(0.,1.875,-14.635358));
#6958=CARTESIAN_POINT('',(-5.18056139303483,1.61597193034826,-14.8943860696517));
#6959=CARTESIAN_POINT('',(-4.76968736318408,2.1134843681592,-14.3968736318408));
#6960=CARTESIAN_POINT('',(-5.2,-1.310358,-15.2));
#6961=CARTESIAN_POINT('',(-5.1502487562189,-1.31284556218905,-15.1975124378109));
#6962=CARTESIAN_POINT('',(-4.85174129353234,-1.29294506467662,-15.2174129353234));
#6963=CARTESIAN_POINT('',(-0.199999999999999,-1.310358,-15.2));
#6964=CARTESIAN_POINT('',(-0.150248756218905,-1.31284556218905,-15.1975124378109));
#6965=CARTESIAN_POINT('',(0.148258706467663,-1.29294506467662,-15.2174129353234));
#6966=CARTESIAN_POINT('',(0.,1.875,-14.635358));
#6967=CARTESIAN_POINT('',(-0.205437014925372,1.86472814925373,-14.6456298507463));
#6968=CARTESIAN_POINT('',(0.205437014925374,1.86472814925373,-14.6456298507463));
#6969=CARTESIAN_POINT('',(-0.149999999999999,-1.875,-15.2));
#6970=CARTESIAN_POINT('',(0.200000000000001,-1.875,-14.7));
#6971=CARTESIAN_POINT('',(-5.15,-1.875,-15.2));
#6972=CARTESIAN_POINT('',(-4.8,-1.875,-14.7));
#6973=CARTESIAN_POINT('',(13.3332109945816,-0.499999999999999,-11.3863292805571));
#6974=CARTESIAN_POINT('',(13.3332109945816,-0.499999999999999,-11.3863292805571));
#6975=CARTESIAN_POINT('',(13.3332109945816,-0.499999999999999,-13.8863292805571));
#6976=CARTESIAN_POINT('',(13.3332109945816,0.500000000000001,-11.3863292805571));
#6977=CARTESIAN_POINT('',(13.3332109945816,0.500000000000001,-11.3863292805571));
#6978=CARTESIAN_POINT('',(13.3332109945816,0.500000000000001,-13.8863292805571));
#6979=CARTESIAN_POINT('',(13.3332109945816,0.500000000000001,-13.8863292805571));
#6980=CARTESIAN_POINT('',(13.3332109945816,-0.499999999999999,-13.8863292805571));
#6981=CARTESIAN_POINT('',(13.3332109945816,-0.499999999999999,-13.8863292805571));
#6982=CARTESIAN_POINT('',(13.3332109945816,0.500000000000001,-13.8863292805571));
#6983=CARTESIAN_POINT('',(13.3332109945816,-0.499999999999999,-13.8863292805571));
#6984=CARTESIAN_POINT('',(13.3332109945816,0.500000000000001,-13.8863292805571));
#6985=CARTESIAN_POINT('',(13.3332109945816,0.500000000000001,-11.3863292805571));
#6986=CARTESIAN_POINT('',(13.3332109945816,0.500000000000001,-11.3863292805571));
#6987=CARTESIAN_POINT('',(13.3332109945816,-0.499999999999999,-11.3863292805571));
#6988=CARTESIAN_POINT('',(13.3332109945816,-0.499999999999999,-11.3863292805571));
#6989=CARTESIAN_POINT('',(0.,-4.5,0.));
#6990=CARTESIAN_POINT('',(4.1861228653403,-4.5,-3.));
#6991=CARTESIAN_POINT('',(4.1861228653403,-4.5,-2.8));
#6992=CARTESIAN_POINT('',(4.8361228653403,-4.5,-2.8));
#6993=CARTESIAN_POINT('',(4.8361228653403,-4.5,-2.8));
#6994=CARTESIAN_POINT('',(4.8361228653403,-4.5,8.67361737988404E-16));
#6995=CARTESIAN_POINT('',(4.8361228653403,-4.5,8.67361737988404E-16));
#6996=CARTESIAN_POINT('',(4.8361228653403,-5.9,-1.4));
#6997=CARTESIAN_POINT('',(4.1861228653403,-4.5,-3.));
#6998=CARTESIAN_POINT('',(4.1861228653403,-4.4,-2.9));
#6999=CARTESIAN_POINT('',(0.,-4.5,0.));
#7000=CARTESIAN_POINT('',(-4.8361228653403,-4.5,0.));
#7001=CARTESIAN_POINT('',(-4.8361228653403,-4.5,-2.8));
#7002=CARTESIAN_POINT('',(-4.18612286534029,-4.5,-2.8));
#7003=CARTESIAN_POINT('',(-4.18612286534029,-4.5,-2.8));
#7004=CARTESIAN_POINT('',(-4.18612286534029,-4.5,-3.));
#7005=CARTESIAN_POINT('',(-4.8361228653403,-4.5,0.));
#7006=CARTESIAN_POINT('',(-4.8361228653403,-5.9,-1.4));
#7007=CARTESIAN_POINT('',(-4.18612286534029,-4.5,-3.));
#7008=CARTESIAN_POINT('',(-4.18612286534029,-4.4,-2.9));
#7009=CARTESIAN_POINT('',(0.,4.5,0.));
#7010=CARTESIAN_POINT('',(-4.18612286534029,4.5,0.));
#7011=CARTESIAN_POINT('',(-4.18612286534029,4.5,-2.8));
#7012=CARTESIAN_POINT('',(-4.83612286534029,4.5,-2.8));
#7013=CARTESIAN_POINT('',(-4.83612286534029,4.5,-2.8));
#7014=CARTESIAN_POINT('',(-4.83612286534029,4.5,-3.));
#7015=CARTESIAN_POINT('',(-4.18612286534029,4.5,0.));
#7016=CARTESIAN_POINT('',(-4.18612286534029,4.5,-2.8));
#7017=CARTESIAN_POINT('',(-4.83612286534029,4.5,-3.));
#7018=CARTESIAN_POINT('',(-4.83612286534029,4.5,-2.8));
#7019=CARTESIAN_POINT('',(0.,4.5,0.));
#7020=CARTESIAN_POINT('',(4.8361228653403,4.5,8.67361737988404E-16));
#7021=CARTESIAN_POINT('',(4.8361228653403,4.5,-2.8));
#7022=CARTESIAN_POINT('',(4.1861228653403,4.5,-2.8));
#7023=CARTESIAN_POINT('',(4.1861228653403,4.5,-2.8));
#7024=CARTESIAN_POINT('',(4.1861228653403,4.5,-3.));
#7025=CARTESIAN_POINT('',(4.1861228653403,4.5,-3.));
#7026=CARTESIAN_POINT('',(4.1861228653403,4.5,-2.8));
#7027=CARTESIAN_POINT('',(4.8361228653403,4.5,8.67361737988404E-16));
#7028=CARTESIAN_POINT('',(4.8361228653403,4.5,-2.8));
#7029=CARTESIAN_POINT('',(3.67971646419323E-16,4.5,-2.8));
#7030=CARTESIAN_POINT('',(-1.50019209694032E-15,4.5,-2.8));
#7031=CARTESIAN_POINT('',(-4.83612286534029,-4.3,-3.));
#7032=CARTESIAN_POINT('',(4.8361228653403,-4.3,-3.));
#7033=CARTESIAN_POINT('',(-7.1925317512046,4.10135753822604,-1.37244266322277));
#7034=CARTESIAN_POINT('',(-7.02522849045704,4.10135753822604,-1.32761388961437));
#7035=CARTESIAN_POINT('',(-7.14770297759619,4.10135753822604,-1.20513940247521));
#7036=CARTESIAN_POINT('',(7.14770297759619,4.10135753822604,-1.20513940247521));
#7037=CARTESIAN_POINT('',(7.02522849045704,4.10135753822604,-1.32761388961437));
#7038=CARTESIAN_POINT('',(7.1925317512046,4.10135753822604,-1.37244266322277));
#7039=CARTESIAN_POINT('',(-5.29999999999999,-3.25,-2.));
#7040=CARTESIAN_POINT('',(-5.13181328124999,-3.25,1.6));
#7041=CARTESIAN_POINT('',(5.13181328125,-3.25,-2.));
#7042=CARTESIAN_POINT('',(5.35,-3.25,-2.));
#7043=CARTESIAN_POINT('',(5.35,-3.03181328125,1.6));
#7044=CARTESIAN_POINT('',(5.35,3.03181328124999,-2.));
#7045=CARTESIAN_POINT('',(5.3,3.25,-2.));
#7046=CARTESIAN_POINT('',(5.13181328125,3.25,1.6));
#7047=CARTESIAN_POINT('',(-5.13181328124999,3.25,-2.));
#7048=CARTESIAN_POINT('',(-5.35,3.25,-2.));
#7049=CARTESIAN_POINT('',(-5.35,-3.03181328125,-2.));
#7050=CARTESIAN_POINT('',(-5.35,3.03181328124999,1.6));
#7051=CARTESIAN_POINT('',(-3.16539903878906,-3.2,3.9));
#7052=CARTESIAN_POINT('',(-3.16539903878906,3.0016484375,3.9));
#7053=CARTESIAN_POINT('',(-3.00809874975256,3.0016484375,3.9));
#7054=CARTESIAN_POINT('',(-3.06740753892226,3.0016484375,3.9));
#7055=CARTESIAN_POINT('',(-3.06740753892226,-3.2,3.9));
#7056=CARTESIAN_POINT('',(-3.06740753892226,-3.0016484375,3.9));
#7057=CARTESIAN_POINT('',(-2.94566065173667,-3.0016484375,3.9));
#7058=CARTESIAN_POINT('',(-3.00809874975256,-3.0016484375,3.9));
#7059=CARTESIAN_POINT('',(-3.00809874975256,-3.2,3.9));
#7060=CARTESIAN_POINT('',(5.3,-3.2,-2.));
#7061=CARTESIAN_POINT('',(5.3,3.0016484375,-2.));
#7062=CARTESIAN_POINT('',(5.3,3.0016484375,1.46112257295839));
#7063=CARTESIAN_POINT('',(5.3,-3.2,1.46112257295839));
#7064=CARTESIAN_POINT('',(5.3,-3.0016484375,1.46112257295839));
#7065=CARTESIAN_POINT('',(5.3,-3.0016484375,-2.));
#7066=CARTESIAN_POINT('',(-5.3,-3.2,-0.285834985636218));
#7067=CARTESIAN_POINT('',(-5.3,-3.2,-0.306976615786297));
#7068=CARTESIAN_POINT('',(-5.3,-3.0016484375,-0.306976615786298));
#7069=CARTESIAN_POINT('',(-5.3,3.0016484375,-0.306976615786297));
#7070=CARTESIAN_POINT('',(-5.3,3.0016484375,-0.285834985636218));
#7071=CARTESIAN_POINT('',(-5.3,-3.0016484375,-1.9176261107333));
#7072=CARTESIAN_POINT('',(3.62289580630256,-3.2,-2.19894290725962));
#7073=CARTESIAN_POINT('',(3.62289580630256,-3.0016484375,-2.19894290725962));
#7074=CARTESIAN_POINT('',(-5.29549442678417,-3.0016484375,-0.264940027144605));
#7075=CARTESIAN_POINT('',(-3.23128475379482,-3.0016484375,3.82586085215803));
#7076=CARTESIAN_POINT('',(-3.23128475379482,-3.2,3.82586085215803));
#7077=CARTESIAN_POINT('',(-3.23128475379482,3.0016484375,3.82586085215803));
#7078=CARTESIAN_POINT('',(3.62289580630256,3.0016484375,-2.19894290725962));
#7079=CARTESIAN_POINT('',(-5.29549442678417,3.0016484375,-0.264940027144605));
#7080=CARTESIAN_POINT('',(-5.29549442678417,-3.2,-0.264940027144606));
#7081=CARTESIAN_POINT('',(3.62289580630256,-3.0016484375,-2.19894290725962));
#7082=CARTESIAN_POINT('',(-3.08230546754704,-3.0016484375,3.69490851496891));
#7083=CARTESIAN_POINT('',(-5.10164843749999,-3.0016484375,-0.306976615786297));
#7084=CARTESIAN_POINT('',(-3.16539903878907,-3.0016484375,3.70164843749999));
#7085=CARTESIAN_POINT('',(-3.06740753892226,-3.0016484375,3.70164843749999));
#7086=CARTESIAN_POINT('',(-3.00809874975256,-3.0016484375,3.70164843749999));
#7087=CARTESIAN_POINT('',(4.85940322626575,-3.0016484375,16.3616201154473));
#7088=CARTESIAN_POINT('',(-2.99764103794012,-3.0016484375,3.69866764825412));
#7089=CARTESIAN_POINT('',(5.1016484375,-3.0016484375,1.46112257295839));
#7090=CARTESIAN_POINT('',(5.1016484375,-3.0016484375,-2.));
#7091=CARTESIAN_POINT('',(5.1016484375,-3.0016484375,1.46112257295839));
#7092=CARTESIAN_POINT('',(3.62289580630256,3.0016484375,-2.19894290725962));
#7093=CARTESIAN_POINT('',(-3.08230546754704,3.0016484375,3.69490851496891));
#7094=CARTESIAN_POINT('',(-5.10164843749999,3.0016484375,-0.306976615786297));
#7095=CARTESIAN_POINT('',(3.62289580630259,3.0016484375,3.70164843749997));
#7096=CARTESIAN_POINT('',(-3.06740753892226,3.0016484375,3.70164843749999));
#7097=CARTESIAN_POINT('',(-3.00809874975256,3.0016484375,3.70164843749999));
#7098=CARTESIAN_POINT('',(4.85940322626575,3.0016484375,16.3616201154473));
#7099=CARTESIAN_POINT('',(-2.99764103794012,3.0016484375,3.69866764825412));
#7100=CARTESIAN_POINT('',(5.1016484375,3.0016484375,1.46112257295839));
#7101=CARTESIAN_POINT('',(5.1016484375,3.0016484375,-2.19894290725962));
#7102=CARTESIAN_POINT('',(5.1016484375,3.0016484375,1.46112257295839));
#7103=CARTESIAN_POINT('',(5.1016484375,-3.0016484375,1.46112257295839));
#7104=CARTESIAN_POINT('',(5.1016484375,-3.0016484375,1.46112257295839));
#7105=CARTESIAN_POINT('',(5.1016484375,-3.2,1.46112257295839));
#7106=CARTESIAN_POINT('',(5.1016484375,3.0016484375,1.46112257295839));
#7107=CARTESIAN_POINT('',(5.1016484375,3.0016484375,1.46112257295839));
#7108=CARTESIAN_POINT('',(-5.10164843749999,-3.0016484375,-0.285834985636218));
#7109=CARTESIAN_POINT('',(-5.10164843749999,-3.0016484375,-0.306976615786298));
#7110=CARTESIAN_POINT('',(-5.10164843749999,-3.0016484375,-0.306976615786297));
#7111=CARTESIAN_POINT('',(-5.10164843749999,-3.0016484375,-0.306976615786297));
#7112=CARTESIAN_POINT('',(-5.10164843749999,-3.2,-0.306976615786297));
#7113=CARTESIAN_POINT('',(-5.10164843749999,3.0016484375,-0.306976615786297));
#7114=CARTESIAN_POINT('',(-5.10164843749999,3.0016484375,-0.306976615786297));
#7115=CARTESIAN_POINT('',(-5.10164843749999,3.0016484375,-0.306976615786297));
#7116=CARTESIAN_POINT('',(-5.10164843749999,3.0016484375,-2.19894290725962));
#7117=CARTESIAN_POINT('',(-3.00809874975256,3.0016484375,3.68181328124999));
#7118=CARTESIAN_POINT('',(-3.00809874975256,3.0016484375,3.68181328124999));
#7119=CARTESIAN_POINT('',(-3.00809874975256,-3.2,3.68181328124999));
#7120=CARTESIAN_POINT('',(-3.00809874975256,-3.0016484375,3.68181328124999));
#7121=CARTESIAN_POINT('',(-3.00809874975256,-3.0016484375,3.68181328124999));
#7122=CARTESIAN_POINT('',(-3.06740753892226,3.0016484375,3.68181328124999));
#7123=CARTESIAN_POINT('',(-3.06740753892226,3.0016484375,3.68181328124999));
#7124=CARTESIAN_POINT('',(-3.06740753892226,-3.2,3.68181328124999));
#7125=CARTESIAN_POINT('',(-3.06740753892226,-3.0016484375,3.68181328124999));
#7126=CARTESIAN_POINT('',(-3.06740753892226,-3.0016484375,3.68181328124999));
#7127=CARTESIAN_POINT('',(-5.13181328124999,3.03181328124999,-2.));
#7128=CARTESIAN_POINT('',(5.13181328125,3.03181328124999,-2.));
#7129=CARTESIAN_POINT('',(5.13181328125,-3.03181328125,-2.));
#7130=CARTESIAN_POINT('',(-5.13181328124999,-3.03181328125,-2.));
#7131=CARTESIAN_POINT('',(-7.24908527343749,-4.9490852734375,1.6));
#7132=CARTESIAN_POINT('',(-7.24908527343749,4.9490852734375,1.6));
#7133=CARTESIAN_POINT('',(7.2490852734375,4.9490852734375,1.6));
#7134=CARTESIAN_POINT('',(7.2490852734375,-4.9490852734375,1.6));
#7135=CARTESIAN_POINT('',(1.07951266155051E-16,-4.12261733895249,-0.877202005012534));
#7136=CARTESIAN_POINT('',(1.09336133004439E-16,-4.1,-0.877202005012534));
#7137=CARTESIAN_POINT('',(0.670258793088266,-4.1,-0.877202005012534));
#7138=CARTESIAN_POINT('',(1.09336133004439E-16,-4.1,-0.877202005012534));
#7139=CARTESIAN_POINT('',(1.0795126615505E-16,4.07505999947589,-0.877202005012534));
#7140=CARTESIAN_POINT('',(1.09478350310358E-16,4.1,-0.877202005012534));
#7141=CARTESIAN_POINT('',(-0.670258793088266,4.1,-0.877202005012534));
#7142=CARTESIAN_POINT('',(1.09478350310358E-16,4.1,-0.877202005012534));
#7143=CARTESIAN_POINT('',(4.85940322626576,-1.06819647272688,16.3616201154474));
#7144=CARTESIAN_POINT('',(4.85940322626576,-1.06819647272688,16.3616201154474));
#7145=CARTESIAN_POINT('',(-0.891088281236692,0.655821899314358,2.80348110752943));
#7146=CARTESIAN_POINT('',(-0.591090571136533,-0.000216777519486728,2.68388861181751));
#7147=CARTESIAN_POINT('',(-0.890113343991615,-0.654954789236409,2.80304820783327));
#7148=CARTESIAN_POINT('',(-1.5028906678804,-0.874025880239375,3.07641823307081));
#7149=CARTESIAN_POINT('',(-2.09185321174638,-0.648702030522962,3.37809248919911));
#7150=CARTESIAN_POINT('',(-2.38977354187932,-0.00305346683566149,3.54595265494726));
#7151=CARTESIAN_POINT('',(-2.09459848140433,0.647752649924738,3.37954791832383));
#7152=CARTESIAN_POINT('',(-1.50223484418102,0.874043676095275,3.07607744589952));
#7153=CARTESIAN_POINT('',(-0.891088281236692,0.655821899314358,2.80348110752943));
#7154=CARTESIAN_POINT('',(-0.591090571136533,-0.000216777519486728,2.68388861181751));
#7155=CARTESIAN_POINT('',(-0.890113343991615,-0.654954789236409,2.80304820783327));
#7156=CARTESIAN_POINT('',(-0.69092731829574,4.33680868994202E-16,2.72368062710546));
#7157=CARTESIAN_POINT('',(4.85940322626575,-3.2,16.3616201154473));
#7158=CARTESIAN_POINT('',(-0.891172543554082,0.655910725228389,2.82523710489158));
#7159=CARTESIAN_POINT('',(-0.591049476314024,-0.000217924785974702,2.70540420126617));
#7160=CARTESIAN_POINT('',(-0.89019346096426,-0.655039026084487,2.82480168966085));
#7161=CARTESIAN_POINT('',(-1.50293100442712,-0.873988899096327,3.09860545166375));
#7162=CARTESIAN_POINT('',(-2.09177410526562,-0.648764093026176,3.4007331197862));
#7163=CARTESIAN_POINT('',(-2.38981006813542,-0.00307088633035178,3.56895556465012));
#7164=CARTESIAN_POINT('',(-2.09453128483017,0.647812375525152,3.40219744585039));
#7165=CARTESIAN_POINT('',(-1.50227562398223,0.874006076915988,3.09826416926059));
#7166=CARTESIAN_POINT('',(-0.891172543554082,0.655910725228389,2.82523710489158));
#7167=CARTESIAN_POINT('',(-0.591049476314024,-0.000217924785974702,2.70540420126617));
#7168=CARTESIAN_POINT('',(-0.89019346096426,-0.655039026084487,2.82480168966085));
#7169=CARTESIAN_POINT('',(-0.69092731829574,4.33680868994202E-16,2.74527593326952));
#7170=CARTESIAN_POINT('',(-1.49092731829574,4.33680868994202E-16,0.629931831982723));
#7171=MECHANICAL_DESIGN_GEOMETRIC_PRESENTATION_REPRESENTATION('',(#3405,
#3406,#3407,#3408,#3409,#3410,#3411,#3412,#3413,#3414,#3415,#3416,#3417,
#3418,#3419,#3420,#3421,#3422,#3423,#3424,#3425,#3426,#3427,#3428,#3429,
#3430,#3431,#3432,#3433,#3434,#3435,#3436,#3437,#3438,#3439,#3440,#3441,
#3442,#3443,#3444,#3445,#3446,#3447,#3448,#3449,#3450,#3451,#3452,#3453,
#3454,#3455,#3456,#3457,#3458,#3459,#3460,#3461,#3462,#3463,#3464,#3465,
#3466,#3467,#3468,#3469,#3470,#3471,#3472,#3473,#3474,#3475,#3476,#3477,
#3478,#3479,#3480,#3481,#3482,#3483,#3484,#3485,#3486,#3487,#3488,#3489,
#3490,#3491,#3492,#3493,#3494,#3495,#3496,#3497,#3498,#3499,#3500,#3501,
#3502,#3503,#3504,#3505,#3506,#3507,#3508,#3509,#3510,#3511,#3512,#3513,
#3514,#3515,#3516,#3517,#3518,#3519,#3520,#3521,#3522,#3523,#3524,#3525,
#3526,#3527,#3528,#3529,#3530,#3531,#3532,#3533,#3534,#3535,#3536,#3537,
#3538,#3539,#3540,#3541,#3542,#3543,#3544,#3545,#3546,#3547,#3548,#3549,
#3550,#3551,#3552,#3553,#3554,#3555,#3556,#3557,#3558,#3559,#3560,#3561,
#3562,#3563,#3564,#3565,#3566,#3567,#3568,#3569,#3570,#3571,#3572,#3573,
#3574,#3575,#3576,#3577,#3578,#3579,#3580,#3581,#3582,#3583,#3584,#3585,
#3586,#3587,#3588,#3589,#3590,#3591),#7172);
#7172=(
GEOMETRIC_REPRESENTATION_CONTEXT(3)
GLOBAL_UNCERTAINTY_ASSIGNED_CONTEXT((#7173))
GLOBAL_UNIT_ASSIGNED_CONTEXT((#7176,#7175,#7174))
REPRESENTATION_CONTEXT('MCMRA-1-KKFTC','TOP_LEVEL_ASSEMBLY_PART')
);
#7173=UNCERTAINTY_MEASURE_WITH_UNIT(LENGTH_MEASURE(0.005),#7176,
'DISTANCE_ACCURACY_VALUE','Maximum Tolerance applied to model');
#7174=(
NAMED_UNIT(*)
SI_UNIT($,.STERADIAN.)
SOLID_ANGLE_UNIT()
);
#7175=(
NAMED_UNIT(*)
PLANE_ANGLE_UNIT()
SI_UNIT($,.RADIAN.)
);
#7176=(
LENGTH_UNIT()
NAMED_UNIT(*)
SI_UNIT(.MILLI.,.METRE.)
);
#7177=PRODUCT_DEFINITION_SHAPE('','',#7178);
#7178=PRODUCT_DEFINITION('','',#7180,#7179);
#7179=PRODUCT_DEFINITION_CONTEXT('',#7186,'design');
#7180=PRODUCT_DEFINITION_FORMATION_WITH_SPECIFIED_SOURCE('','',#7182,
 .NOT_KNOWN.);
#7181=PRODUCT_RELATED_PRODUCT_CATEGORY('','',(#7182));
#7182=PRODUCT('MCMRA-1-KKFTC','MCMRA-1-KKFTC','MCMRA-1-KKFTC',(#7184));
#7183=PRODUCT_CATEGORY('','');
#7184=PRODUCT_CONTEXT('',#7186,'mechanical');
#7185=APPLICATION_PROTOCOL_DEFINITION('international standard',
'automotive_design',2010,#7186);
#7186=APPLICATION_CONTEXT(
'core data for automotive mechanical design processes');
ENDSEC;
END-ISO-10303-21;
